MATCH_ID,LEAGUE_ID,LEAGUE_NAME,LEAGUE_YEAR,CLUB_ID,MATCH_DATE,MATCH_DATE_KEY,TEAM_ONE_ID,TEAM_TWO_ID,INNINGS,INNINGS_TEAM,PLAYER,PLAYER_ID,DISMISSAL_TEXT,DISMISSAL_PLAYER_1,DISMISSAL_PLAYER_1_ID,DISMISSAL_PLAYER_2,DISMISSAL_PLAYER_2_ID,DISMISSAL_PLAYER_IDS,RUNS,BALLS,FOURS,SIXES,STRIKE_RATE
8620,949,2025/2026 TITANS SECOND LEAGUE,2025,32995,07/03/2026,20260307,5427,5428,1,IRENE VILLAGERS 3,Stefan Strydom,2985833,c † Dylan H b Burgert K,Dylan H,2936902,Burgert K,4742888,"2936902,4742888",12,25,1,0,48.00
8620,949,2025/2026 TITANS SECOND LEAGUE,2025,32995,07/03/2026,20260307,5427,5428,1,IRENE VILLAGERS 3,Hendré Van Niekerk,3713455,c † Dylan H b Burgert K,Dylan H,2936902,Burgert K,4742888,"2936902,4742888",1,11,0,0,9.09
8620,949,2025/2026 TITANS SECOND LEAGUE,2025,32995,07/03/2026,20260307,5427,5428,1,IRENE VILLAGERS 3,Rohann Rossouw,6355842,lbw b Brian K,Brian K,4688792,,,4688792,14,21,1,0,66.67
8620,949,2025/2026 TITANS SECOND LEAGUE,2025,32995,07/03/2026,20260307,5427,5428,1,IRENE VILLAGERS 3,Jan De Klerk,6654202,c † Dylan H b Marcel C,Dylan H,2936902,Marcel C,6336326,"2936902,6336326",72,86,8,2,83.72
8620,949,2025/2026 TITANS SECOND LEAGUE,2025,32995,07/03/2026,20260307,5427,5428,1,IRENE VILLAGERS 3,Waldemar Bodenstein,6299549,run out ( Dylan H / Burgert K ),Dylan H,2936902,Burgert K,4742888,"2936902,4742888",74,81,5,2,91.36
8620,949,2025/2026 TITANS SECOND LEAGUE,2025,32995,07/03/2026,20260307,5427,5428,1,IRENE VILLAGERS 3,Ciaron Roundtree,6355841,St Dylan H b Hayden V,Dylan H,2936902,Hayden V,6372013,"2936902,6372013",3,5,0,0,60.00
8620,949,2025/2026 TITANS SECOND LEAGUE,2025,32995,07/03/2026,20260307,5427,5428,1,IRENE VILLAGERS 3,Werner Pretorius,4756703,c&b Burgert K,Burgert K,4742888,,,4742888,0,1,0,0,0.00
8620,949,2025/2026 TITANS SECOND LEAGUE,2025,32995,07/03/2026,20260307,5427,5428,1,IRENE VILLAGERS 3,Neil Jansen,4655259,not out,,,,,,11,10,1,0,110.00
8620,949,2025/2026 TITANS SECOND LEAGUE,2025,32995,07/03/2026,20260307,5427,5428,1,IRENE VILLAGERS 3,Kyle Kunneke,2985826,not out,,,,,,2,1,0,0,200.00
8620,949,2025/2026 TITANS SECOND LEAGUE,2025,32995,07/03/2026,20260307,5427,5428,2,PHSOB 3,Hayden Van Den Heever,6372013,c Jan D b Neil J,Jan D,6654202,Neil J,4655259,"6654202,4655259",3,5,0,0,60.00
8620,949,2025/2026 TITANS SECOND LEAGUE,2025,32995,07/03/2026,20260307,5427,5428,2,PHSOB 3,Dylan Howe-Dreyer,2936902,c Barend P b Werner P,Barend P,4854733,Werner P,4756703,"4854733,4756703",1,5,0,0,20.00
8620,949,2025/2026 TITANS SECOND LEAGUE,2025,32995,07/03/2026,20260307,5427,5428,2,PHSOB 3,Liam Armstrong,6358571,c † b Neil J,Neil J,4655259,,,4655259,12,22,1,0,54.55
8620,949,2025/2026 TITANS SECOND LEAGUE,2025,32995,07/03/2026,20260307,5427,5428,2,PHSOB 3,Brian Kershaw,4688792,c&b Jacques V,Jacques V,3795662,,,3795662,73,73,4,4,100.00
8620,949,2025/2026 TITANS SECOND LEAGUE,2025,32995,07/03/2026,20260307,5427,5428,2,PHSOB 3,Emil Rolfes,2936903,c Hendré v b Werner P,Hendré v,3713455,Werner P,4756703,"3713455,4756703",0,3,0,0,0.00
8620,949,2025/2026 TITANS SECOND LEAGUE,2025,32995,07/03/2026,20260307,5427,5428,2,PHSOB 3,Fredrik Strydom,6654203,b Barend P,Barend P,4854733,,,4854733,26,28,3,1,92.86
8620,949,2025/2026 TITANS SECOND LEAGUE,2025,32995,07/03/2026,20260307,5427,5428,2,PHSOB 3,Marcel Cronjé,6336326,c Ciaron R b Kyle K,Ciaron R,6355841,Kyle K,2985826,"6355841,2985826",32,67,0,0,47.76
8620,949,2025/2026 TITANS SECOND LEAGUE,2025,32995,07/03/2026,20260307,5427,5428,2,PHSOB 3,Christopher Bouwer,6654204,b Kyle K,Kyle K,2985826,,,2985826,22,17,0,0,129.41
8620,949,2025/2026 TITANS SECOND LEAGUE,2025,32995,07/03/2026,20260307,5427,5428,2,PHSOB 3,André Duvenhage,6336328,b Barend P,Barend P,4854733,,,4854733,11,11,0,0,100.00
8620,949,2025/2026 TITANS SECOND LEAGUE,2025,32995,07/03/2026,20260307,5427,5428,2,PHSOB 3,Burgert Kloppers,4742888,b Barend P,Barend P,4854733,,,4854733,0,5,0,0,0.00
8556,949,2025/2026 TITANS SECOND LEAGUE,2025,32995,28/02/2026,20260228,5426,5432,1,HARLEQUINS 3,Juan Viljoen,4729877,c Aj A b Jacques V,Aj A,6644508,Jacques V,3745426,"6644508,3745426",36,29,5,0,124.14
8556,949,2025/2026 TITANS SECOND LEAGUE,2025,32995,28/02/2026,20260228,5426,5432,1,HARLEQUINS 3,Kopano Thema,6570617,c Brandon P b Clayton B,Brandon P,6336390,Clayton B,4100291,"6336390,4100291",59,74,6,1,79.73
8556,949,2025/2026 TITANS SECOND LEAGUE,2025,32995,28/02/2026,20260228,5426,5432,1,HARLEQUINS 3,Eddie Stephen,6299173,c&b Clayton B,Clayton B,4100291,,,4100291,95,71,9,7,133.80
8556,949,2025/2026 TITANS SECOND LEAGUE,2025,32995,28/02/2026,20260228,5426,5432,1,HARLEQUINS 3,Ulrich Breytenbach,6592628,not out,,,,,,12,12,1,0,100.00
8556,949,2025/2026 TITANS SECOND LEAGUE,2025,32995,28/02/2026,20260228,5426,5432,1,HARLEQUINS 3,Ruan Coetzer,6336357,not out,,,,,,0,8,0,0,0.00
8553,949,2025/2026 TITANS SECOND LEAGUE,2025,32995,28/02/2026,20260228,5430,5425,1,TUKS 5,Wayne Sadler,6336329,c † b Janro D,Janro D,6299640,,,6299640,11,28,1,0,39.29
8553,949,2025/2026 TITANS SECOND LEAGUE,2025,32995,28/02/2026,20260228,5430,5425,1,TUKS 5,Frits Snyman,2936846,lbw b Altus C,Altus C,6644492,,,6644492,7,10,0,0,70.00
8553,949,2025/2026 TITANS SECOND LEAGUE,2025,32995,28/02/2026,20260228,5430,5425,1,TUKS 5,Johan Nel,4655263,c † b Altus C,Altus C,6644492,,,6644492,0,2,0,0,0.00
8553,949,2025/2026 TITANS SECOND LEAGUE,2025,32995,28/02/2026,20260228,5430,5425,1,TUKS 5,Christian Strydom,2936847,c Substitute b Jean C,Jean C,6644490,,,6644490,4,9,0,0,44.44
8553,949,2025/2026 TITANS SECOND LEAGUE,2025,32995,28/02/2026,20260228,5430,5425,1,TUKS 5,Martin Van Tonder,2840539,c Substitute b Altus C,Altus C,6644492,,,6644492,2,9,0,0,22.22
8553,949,2025/2026 TITANS SECOND LEAGUE,2025,32995,28/02/2026,20260228,5430,5425,1,TUKS 5,Tiaan Engelbrecht,2936837,c Substitute b Duanne C,Duanne C,6644491,,,6644491,18,21,2,0,85.71
8553,949,2025/2026 TITANS SECOND LEAGUE,2025,32995,28/02/2026,20260228,5430,5425,1,TUKS 5,Tihardt Kruger,3242942,c Substitute b Altus C,Altus C,6644492,,,6644492,31,44,5,0,70.45
8553,949,2025/2026 TITANS SECOND LEAGUE,2025,32995,28/02/2026,20260228,5430,5425,1,TUKS 5,Carvel Pillay,6631981,c Substitute b Altus C,Altus C,6644492,,,6644492,8,18,1,0,44.44
8553,949,2025/2026 TITANS SECOND LEAGUE,2025,32995,28/02/2026,20260228,5430,5425,1,TUKS 5,Jan Jones,2936838,b Henry C,Henry C,6442337,,,6442337,0,5,0,0,0.00
8553,949,2025/2026 TITANS SECOND LEAGUE,2025,32995,28/02/2026,20260228,5430,5425,1,TUKS 5,Andre Van Wyk,3266939,c Substitute b Henry C,Henry C,6442337,,,6442337,1,6,0,0,16.67
8553,949,2025/2026 TITANS SECOND LEAGUE,2025,32995,28/02/2026,20260228,5430,5425,1,TUKS 5,Arno La Cock,6631980,not out,,,,,,0,2,0,0,0.00
8553,949,2025/2026 TITANS SECOND LEAGUE,2025,32995,28/02/2026,20260228,5430,5425,2,CBCOB 3,Armin Havenga,3729570,c&b Tiaan E,Tiaan E,2936837,,,2936837,0,2,0,0,0.00
8553,949,2025/2026 TITANS SECOND LEAGUE,2025,32995,28/02/2026,20260228,5430,5425,2,CBCOB 3,Hyman Cbc,6644494,not out,,,,,,11,16,0,0,68.75
8553,949,2025/2026 TITANS SECOND LEAGUE,2025,32995,28/02/2026,20260228,5430,5425,2,CBCOB 3,Werner Cbc,6644488,b Christian S,Christian S,2936847,,,2936847,11,17,0,0,64.71
8553,949,2025/2026 TITANS SECOND LEAGUE,2025,32995,28/02/2026,20260228,5430,5425,2,CBCOB 3,Cullen Els,6629542,c † Johan N b Christian S,Johan N,4655263,Christian S,2936847,"4655263,2936847",0,1,0,0,0.00
8553,949,2025/2026 TITANS SECOND LEAGUE,2025,32995,28/02/2026,20260228,5430,5425,2,CBCOB 3,Henry Cbc,6442337,b Christian S,Christian S,2936847,,,2936847,8,7,1,0,114.29
8553,949,2025/2026 TITANS SECOND LEAGUE,2025,32995,28/02/2026,20260228,5430,5425,2,CBCOB 3,Yaffee Cbc,6644489,not out,,,,,,0,5,0,0,0.00
8500,949,2025/2026 TITANS SECOND LEAGUE,2025,32995,21/02/2026,20260221,5430,5429,1,TUKS 5,Martin Van Tonder,2840539,b Andre S,Andre S,3772084,,,3772084,10,12,2,0,83.33
8500,949,2025/2026 TITANS SECOND LEAGUE,2025,32995,21/02/2026,20260221,5430,5429,1,TUKS 5,Wayne Sadler,6336329,c Substitute b Janu O,Janu O,4973941,,,4973941,14,29,1,0,48.28
8500,949,2025/2026 TITANS SECOND LEAGUE,2025,32995,21/02/2026,20260221,5430,5429,1,TUKS 5,Andrè Smith,6371951,run out ( Janu O ),Janu O,4973941,,,4973941,20,28,3,0,71.43
8500,949,2025/2026 TITANS SECOND LEAGUE,2025,32995,21/02/2026,20260221,5430,5429,1,TUKS 5,Christian Strydom,2936847,lbw b Christo W,Christo W,2588485,,,2588485,6,10,1,0,60.00
8500,949,2025/2026 TITANS SECOND LEAGUE,2025,32995,21/02/2026,20260221,5430,5429,1,TUKS 5,Donovan Du Toit,3713457,c Substitute b James v,James v,5000388,,,5000388,42,48,2,3,87.50
8500,949,2025/2026 TITANS SECOND LEAGUE,2025,32995,21/02/2026,20260221,5430,5429,1,TUKS 5,Carvel Pillay,6631981,b Janu O,Janu O,4973941,,,4973941,2,15,0,0,13.33
8500,949,2025/2026 TITANS SECOND LEAGUE,2025,32995,21/02/2026,20260221,5430,5429,1,TUKS 5,Tihardt Kruger,3242942,St b Christo W,Christo W,2588485,,,2588485,0,2,0,0,0.00
8500,949,2025/2026 TITANS SECOND LEAGUE,2025,32995,21/02/2026,20260221,5430,5429,1,TUKS 5,Jan Jones,2936838,b Christo W,Christo W,2588485,,,2588485,0,1,0,0,0.00
8500,949,2025/2026 TITANS SECOND LEAGUE,2025,32995,21/02/2026,20260221,5430,5429,1,TUKS 5,Mj Maree,6631978,c Substitute b Christo W,Christo W,2588485,,,2588485,3,16,0,0,18.75
8500,949,2025/2026 TITANS SECOND LEAGUE,2025,32995,21/02/2026,20260221,5430,5429,1,TUKS 5,Puseletso Mogofe,6631979,c Substitute b James v,James v,5000388,,,5000388,9,13,1,0,69.23
8500,949,2025/2026 TITANS SECOND LEAGUE,2025,32995,21/02/2026,20260221,5430,5429,1,TUKS 5,Arno La Cock,6631980,not out,,,,,,1,1,0,0,100.00
8500,949,2025/2026 TITANS SECOND LEAGUE,2025,32995,21/02/2026,20260221,5430,5429,2,SINOVILLE 3,James Van Der Merwe,5000388,lbw b Christian S,Christian S,2936847,,,2936847,5,15,0,0,33.33
8500,949,2025/2026 TITANS SECOND LEAGUE,2025,32995,21/02/2026,20260221,5430,5429,2,SINOVILLE 3,Marco Rudolph,3229694,c Wayne S b Christian S,Wayne S,6336329,Christian S,2936847,"6336329,2936847",12,10,2,0,120.00
8500,949,2025/2026 TITANS SECOND LEAGUE,2025,32995,21/02/2026,20260221,5430,5429,2,SINOVILLE 3,Christo Weiss,2588485,lbw b Martin V,Martin V,2840539,,,2840539,15,9,1,1,166.67
8500,949,2025/2026 TITANS SECOND LEAGUE,2025,32995,21/02/2026,20260221,5430,5429,2,SINOVILLE 3,Braam Sinoville,3257329,c Wayne S b Christian S,Wayne S,6336329,Christian S,2936847,"6336329,2936847",7,21,0,0,33.33
8500,949,2025/2026 TITANS SECOND LEAGUE,2025,32995,21/02/2026,20260221,5430,5429,2,SINOVILLE 3,Johannes Oosthuizen,6631976,c Donovan d b Puseletso M,Donovan d,3713457,Puseletso M,6631979,"3713457,6631979",22,51,2,0,43.14
8500,949,2025/2026 TITANS SECOND LEAGUE,2025,32995,21/02/2026,20260221,5430,5429,2,SINOVILLE 3,Andre Schoombee,3772084,c Donovan d b Christian S,Donovan d,3713457,Christian S,2936847,"3713457,2936847",1,4,0,0,25.00
8500,949,2025/2026 TITANS SECOND LEAGUE,2025,32995,21/02/2026,20260221,5430,5429,2,SINOVILLE 3,Pj Richter,6552362,c † Mj M b Christian S,Mj M,6631978,Christian S,2936847,"6631978,2936847",0,4,0,0,0.00
8500,949,2025/2026 TITANS SECOND LEAGUE,2025,32995,21/02/2026,20260221,5430,5429,2,SINOVILLE 3,Jd Van Wyk,4688794,c Andrè S b Arno L,Andrè S,6371951,Arno L,6631980,"6371951,6631980",5,8,1,0,62.50
8500,949,2025/2026 TITANS SECOND LEAGUE,2025,32995,21/02/2026,20260221,5430,5429,2,SINOVILLE 3,Janu Olivier,4973941,c Donovan d b Carvel P,Donovan d,3713457,Carvel P,6631981,"3713457,6631981",18,29,1,1,62.07
8500,949,2025/2026 TITANS SECOND LEAGUE,2025,32995,21/02/2026,20260221,5430,5429,2,SINOVILLE 3,Mika Human,6631977,b Carvel P,Carvel P,6631981,,,6631981,2,2,0,0,100.00
8500,949,2025/2026 TITANS SECOND LEAGUE,2025,32995,21/02/2026,20260221,5430,5429,2,SINOVILLE 3,Ian Dorfling,4063612,not out,,,,,,1,3,0,0,33.33
8483,949,2025/2026 TITANS SECOND LEAGUE,2025,32995,21/02/2026,20260221,5425,5432,1,CBCOB 3,Adriaan Venter,3673677,c † b Brandon P,Brandon P,6336390,,,6336390,12,11,2,0,109.09
8483,949,2025/2026 TITANS SECOND LEAGUE,2025,32995,21/02/2026,20260221,5425,5432,1,CBCOB 3,Armin Havenga,3729570,c Matthew T b Brandon P,Matthew T,2985834,Brandon P,6336390,"2985834,6336390",10,9,2,0,111.11
8483,949,2025/2026 TITANS SECOND LEAGUE,2025,32995,21/02/2026,20260221,5425,5432,1,CBCOB 3,Cullen Els,6629542,c Eugene B b Brandon P,Eugene B,4973974,Brandon P,6336390,"4973974,6336390",0,1,0,0,0.00
8483,949,2025/2026 TITANS SECOND LEAGUE,2025,32995,21/02/2026,20260221,5425,5432,1,CBCOB 3,Dylan Kotze,2987579,b Jacques V,Jacques V,3745426,,,3745426,1,5,0,0,20.00
8483,949,2025/2026 TITANS SECOND LEAGUE,2025,32995,21/02/2026,20260221,5425,5432,1,CBCOB 3,Rykers Voges,6299646,c PJ V b Brandon P,PJ V,4854676,Brandon P,6336390,"4854676,6336390",39,60,3,0,65.00
8483,949,2025/2026 TITANS SECOND LEAGUE,2025,32995,21/02/2026,20260221,5425,5432,1,CBCOB 3,Faf Potgieter,6390079,lbw b Jacques V,Jacques V,3745426,,,3745426,3,7,0,0,42.86
8483,949,2025/2026 TITANS SECOND LEAGUE,2025,32995,21/02/2026,20260221,5425,5432,1,CBCOB 3,Henry Cbc,6442337,c Jacques V b Stiaan H,Jacques V,3745426,Stiaan H,4673670,"3745426,4673670",24,39,3,0,61.54
8483,949,2025/2026 TITANS SECOND LEAGUE,2025,32995,21/02/2026,20260221,5425,5432,1,CBCOB 3,Mark Yafee,6552299,b Jacques V,Jacques V,3745426,,,3745426,9,18,1,0,50.00
8483,949,2025/2026 TITANS SECOND LEAGUE,2025,32995,21/02/2026,20260221,5425,5432,1,CBCOB 3,Janro De Bruin,6299640,not out,,,,,,14,18,3,0,77.78
8483,949,2025/2026 TITANS SECOND LEAGUE,2025,32995,21/02/2026,20260221,5425,5432,1,CBCOB 3,Franco Vd Mescht,6629543,c † b Brandon P,Brandon P,6336390,,,6336390,1,6,0,0,16.67
8483,949,2025/2026 TITANS SECOND LEAGUE,2025,32995,21/02/2026,20260221,5425,5432,1,CBCOB 3,Jandre Lotheringen,6629544,c Brandon P b Stiaan H,Brandon P,6336390,Stiaan H,4673670,"6336390,4673670",16,9,0,2,177.78
8483,949,2025/2026 TITANS SECOND LEAGUE,2025,32995,21/02/2026,20260221,5425,5432,2,IRENE VILLAGERS 4,Stefan Strydom,2985833,c Jandre L b Janro D,Jandre L,6629544,Janro D,6299640,"6629544,6299640",1,4,0,0,25.00
8483,949,2025/2026 TITANS SECOND LEAGUE,2025,32995,21/02/2026,20260221,5425,5432,2,IRENE VILLAGERS 4,Chris Klopper,4673667,c Franco V b Jandre L,Franco V,6629543,Jandre L,6629544,"6629543,6629544",4,4,1,0,100.00
8483,949,2025/2026 TITANS SECOND LEAGUE,2025,32995,21/02/2026,20260221,5425,5432,2,IRENE VILLAGERS 4,Pj Van Der Merwe,4854676,c Jandre L b Janro D,Jandre L,6629544,Janro D,6299640,"6629544,6299640",0,3,0,0,0.00
8483,949,2025/2026 TITANS SECOND LEAGUE,2025,32995,21/02/2026,20260221,5425,5432,2,IRENE VILLAGERS 4,Matthew Thurbon,2985834,c&b Janro D,Janro D,6299640,,,6299640,4,4,1,0,100.00
8483,949,2025/2026 TITANS SECOND LEAGUE,2025,32995,21/02/2026,20260221,5425,5432,2,IRENE VILLAGERS 4,Clayton Brunsdon,4100291,b Faf P,Faf P,6390079,,,6390079,10,30,1,0,33.33
8483,949,2025/2026 TITANS SECOND LEAGUE,2025,32995,21/02/2026,20260221,5425,5432,2,IRENE VILLAGERS 4,Brent Hartley,2985828,lbw b Janro D,Janro D,6299640,,,6299640,4,27,0,0,14.81
8483,949,2025/2026 TITANS SECOND LEAGUE,2025,32995,21/02/2026,20260221,5425,5432,2,IRENE VILLAGERS 4,Ruan Ebersohn,2985830,lbw b Franco V,Franco V,6629543,,,6629543,4,9,1,0,44.44
8483,949,2025/2026 TITANS SECOND LEAGUE,2025,32995,21/02/2026,20260221,5425,5432,2,IRENE VILLAGERS 4,Jacques Van Rooyen,3745426,b Franco V,Franco V,6629543,,,6629543,2,6,0,0,33.33
8483,949,2025/2026 TITANS SECOND LEAGUE,2025,32995,21/02/2026,20260221,5425,5432,2,IRENE VILLAGERS 4,Stiaan Heymans,4673670,c Adriaan V b Franco V,Adriaan V,3673677,Franco V,6629543,"3673677,6629543",0,1,0,0,0.00
8483,949,2025/2026 TITANS SECOND LEAGUE,2025,32995,21/02/2026,20260221,5425,5432,2,IRENE VILLAGERS 4,Eugene Botha,4973974,c † Rykers V b Janro D,Rykers V,6299646,Janro D,6299640,"6299646,6299640",1,3,0,0,33.33
8483,949,2025/2026 TITANS SECOND LEAGUE,2025,32995,21/02/2026,20260221,5425,5432,2,IRENE VILLAGERS 4,Brandon Polyblank,6336390,not out,,,,,,0,0,0,0,0.00
8480,949,2025/2026 TITANS SECOND LEAGUE,2025,32995,21/02/2026,20260221,5427,5431,1,IRENE VILLAGERS 3,Henre Smith,6613612,c&b Divan P,Divan P,4673570,,,4673570,30,66,1,2,45.45
8480,949,2025/2026 TITANS SECOND LEAGUE,2025,32995,21/02/2026,20260221,5427,5431,1,IRENE VILLAGERS 3,Johan Broekman,4756705,c&b Divan P,Divan P,4673570,,,4673570,4,20,0,0,20.00
8480,949,2025/2026 TITANS SECOND LEAGUE,2025,32995,21/02/2026,20260221,5427,5431,1,IRENE VILLAGERS 3,Henco Murphy,3771718,c&b Dewald B,Dewald B,3018234,,,3018234,0,10,0,0,0.00
8480,949,2025/2026 TITANS SECOND LEAGUE,2025,32995,21/02/2026,20260221,5427,5431,1,IRENE VILLAGERS 3,Nicolas Conradie,6552297,b Hendrik F,Hendrik F,4891854,,,4891854,8,34,0,0,23.53
8480,949,2025/2026 TITANS SECOND LEAGUE,2025,32995,21/02/2026,20260221,5427,5431,1,IRENE VILLAGERS 3,Waldemar Bodenstein,6299549,c&b Jean S,Jean S,6592526,,,6592526,35,33,3,2,106.06
8480,949,2025/2026 TITANS SECOND LEAGUE,2025,32995,21/02/2026,20260221,5427,5431,1,IRENE VILLAGERS 3,Ciaron Roundtree,6355841,St b Stefan O,Stefan O,3729935,,,3729935,78,46,0,10,169.57
8480,949,2025/2026 TITANS SECOND LEAGUE,2025,32995,21/02/2026,20260221,5427,5431,1,IRENE VILLAGERS 3,Werner Pretorius,4756703,c&b Jeandre R,Jeandre R,3018228,,,3018228,36,17,1,4,211.76
8480,949,2025/2026 TITANS SECOND LEAGUE,2025,32995,21/02/2026,20260221,5427,5431,1,IRENE VILLAGERS 3,Justin Pretorius,6407259,c Dewet L b Stefan G,Dewet L,6552293,Stefan G,3018230,"6552293,3018230",8,9,0,1,88.89
8480,949,2025/2026 TITANS SECOND LEAGUE,2025,32995,21/02/2026,20260221,5427,5431,1,IRENE VILLAGERS 3,Neil Jansen,6299550,not out,,,,,,11,5,1,1,220.00
8480,949,2025/2026 TITANS SECOND LEAGUE,2025,32995,21/02/2026,20260221,5427,5431,1,IRENE VILLAGERS 3,Kyle Kunneke,2985826,not out,,,,,,1,1,0,0,100.00
8480,949,2025/2026 TITANS SECOND LEAGUE,2025,32995,21/02/2026,20260221,5427,5431,2,TUT 3,Charl Prinsloo,3018226,c † Henco M b Neil J,Henco M,3771718,Neil J,6299550,"3771718,6299550",2,3,0,0,66.67
8480,949,2025/2026 TITANS SECOND LEAGUE,2025,32995,21/02/2026,20260221,5427,5431,2,TUT 3,Stefan Olivier,3729935,c&b Neil J,Neil J,6299550,,,6299550,12,20,1,0,60.00
8480,949,2025/2026 TITANS SECOND LEAGUE,2025,32995,21/02/2026,20260221,5427,5431,2,TUT 3,Niel Coetzee,3018224,run out ( Neil J / Johan B ),Neil J,6299550,Johan B,4756705,"6299550,4756705",42,96,3,0,43.75
8480,949,2025/2026 TITANS SECOND LEAGUE,2025,32995,21/02/2026,20260221,5427,5431,2,TUT 3,Hendrik Ferreira,4891854,lbw b Waldemar B,Waldemar B,6299549,,,6299549,6,9,1,0,66.67
8480,949,2025/2026 TITANS SECOND LEAGUE,2025,32995,21/02/2026,20260221,5427,5431,2,TUT 3,Jeandre Roux,3018228,c Nicolas C b Cj J,Nicolas C,6552297,Cj J,4892048,"6552297,4892048",5,33,0,0,15.15
8480,949,2025/2026 TITANS SECOND LEAGUE,2025,32995,21/02/2026,20260221,5427,5431,2,TUT 3,Dewet Lombaard,6552293,lbw b Kyle K,Kyle K,2985826,,,2985826,0,1,0,0,0.00
8480,949,2025/2026 TITANS SECOND LEAGUE,2025,32995,21/02/2026,20260221,5427,5431,2,TUT 3,Stefan Grobler,3018230,c&b Kyle K,Kyle K,2985826,,,2985826,14,12,1,1,116.67
8480,949,2025/2026 TITANS SECOND LEAGUE,2025,32995,21/02/2026,20260221,5427,5431,2,TUT 3,Gary Van Blerk,4673569,c&b Cj J,Cj J,4892048,,,4892048,7,16,0,0,43.75
8480,949,2025/2026 TITANS SECOND LEAGUE,2025,32995,21/02/2026,20260221,5427,5431,2,TUT 3,Jean Steyn,6592526,c Kyle K b Justin P,Kyle K,2985826,Justin P,6407259,"2985826,6407259",18,27,0,2,66.67
8480,949,2025/2026 TITANS SECOND LEAGUE,2025,32995,21/02/2026,20260221,5427,5431,2,TUT 3,Divan Potgieter,4673570,b Neil J,Neil J,6299550,,,6299550,0,3,0,0,0.00
8480,949,2025/2026 TITANS SECOND LEAGUE,2025,32995,21/02/2026,20260221,5427,5431,2,TUT 3,Dewald Basson,3018234,not out,,,,,,4,4,0,0,100.00
8474,949,2025/2026 TITANS SECOND LEAGUE,2025,32995,21/02/2026,20260221,5426,5428,1,HARLEQUINS 3,Luandre Nell,6336358,c Michael K b André D,Michael K,6297242,André D,6336328,"6297242,6336328",0,10,0,0,0.00
8474,949,2025/2026 TITANS SECOND LEAGUE,2025,32995,21/02/2026,20260221,5426,5428,1,HARLEQUINS 3,Kopano Thema,6570617,lbw b André D,André D,6336328,,,6336328,14,19,3,0,73.68
8474,949,2025/2026 TITANS SECOND LEAGUE,2025,32995,21/02/2026,20260221,5426,5428,1,HARLEQUINS 3,Francke Botha,6390022,c † Stefan V b Christoper B,Stefan V,4742893,Christoper B,6407256,"4742893,6407256",22,32,2,1,68.75
8474,949,2025/2026 TITANS SECOND LEAGUE,2025,32995,21/02/2026,20260221,5426,5428,1,HARLEQUINS 3,Ulrich Breytenbach,6592628,c&b Burgert K,Burgert K,4742888,,,4742888,12,19,2,0,63.16
8474,949,2025/2026 TITANS SECOND LEAGUE,2025,32995,21/02/2026,20260221,5426,5428,1,HARLEQUINS 3,Willem Jacobs,5005715,c André D b Burgert K,André D,6336328,Burgert K,4742888,"6336328,4742888",9,4,2,0,225.00
8474,949,2025/2026 TITANS SECOND LEAGUE,2025,32995,21/02/2026,20260221,5426,5428,1,HARLEQUINS 3,Juan Viljoen,4729877,c Michael K b Christoper B,Michael K,6297242,Christoper B,6407256,"6297242,6407256",30,24,2,3,125.00
8474,949,2025/2026 TITANS SECOND LEAGUE,2025,32995,21/02/2026,20260221,5426,5428,1,HARLEQUINS 3,Michael Flanagan,6613296,c † Stefan V b Christoper B,Stefan V,4742893,Christoper B,6407256,"4742893,6407256",6,5,1,0,120.00
8474,949,2025/2026 TITANS SECOND LEAGUE,2025,32995,21/02/2026,20260221,5426,5428,1,HARLEQUINS 3,Ruan Coetzer,6336357,b Arno K,Arno K,6336327,,,6336327,1,5,0,0,20.00
8474,949,2025/2026 TITANS SECOND LEAGUE,2025,32995,21/02/2026,20260221,5426,5428,1,HARLEQUINS 3,Karel Vd Walt,6355781,c Emil R b Arno K,Emil R,2936903,Arno K,6336327,"2936903,6336327",6,11,1,0,54.55
8474,949,2025/2026 TITANS SECOND LEAGUE,2025,32995,21/02/2026,20260221,5426,5428,1,HARLEQUINS 3,Liam Klackers,6592629,not out,,,,,,0,2,0,0,0.00
8474,949,2025/2026 TITANS SECOND LEAGUE,2025,32995,21/02/2026,20260221,5426,5428,1,HARLEQUINS 3,Henco Erasmus,6629315,b Christoper B,Christoper B,6407256,,,6407256,1,2,0,0,50.00
8474,949,2025/2026 TITANS SECOND LEAGUE,2025,32995,21/02/2026,20260221,5426,5428,2,PHSOB 3,Hayden Van Den Heever,6372013,c Ulrich B b Juan V,Ulrich B,6592628,Juan V,4729877,"6592628,4729877",12,19,1,1,63.16
8474,949,2025/2026 TITANS SECOND LEAGUE,2025,32995,21/02/2026,20260221,5426,5428,2,PHSOB 3,Stefan Van Der Linden,4742893,b Ulrich B,Ulrich B,6592628,,,6592628,3,15,0,0,20.00
8474,949,2025/2026 TITANS SECOND LEAGUE,2025,32995,21/02/2026,20260221,5426,5428,2,PHSOB 3,Dylan Howe-Dreyer,2936902,c Substitute b Willem J,Willem J,5005715,,,5005715,29,42,5,0,69.05
8474,949,2025/2026 TITANS SECOND LEAGUE,2025,32995,21/02/2026,20260221,5426,5428,2,PHSOB 3,Emil Rolfes,2936903,c Substitute b Ulrich B,Ulrich B,6592628,,,6592628,3,4,0,0,75.00
8474,949,2025/2026 TITANS SECOND LEAGUE,2025,32995,21/02/2026,20260221,5426,5428,2,PHSOB 3,Michael Kershaw,6297242,not out,,,,,,57,33,4,6,172.73
8474,949,2025/2026 TITANS SECOND LEAGUE,2025,32995,21/02/2026,20260221,5426,5428,2,PHSOB 3,Arno Kruger,6336327,not out,,,,,,1,1,0,0,100.00
8398,949,2025/2026 TITANS SECOND LEAGUE,2025,32995,14/02/2026,20260214,5425,5426,1,CBCOB 3,Adriaan Venter,3673677,run out ( Juan V / Ulrich B ),Juan V,4729877,Ulrich B,6592628,"4729877,6592628",6,11,1,0,54.55
8398,949,2025/2026 TITANS SECOND LEAGUE,2025,32995,14/02/2026,20260214,5425,5426,1,CBCOB 3,Mike Cbc,6613297,c Willie K b Juan V,Willie K,6299174,Juan V,4729877,"6299174,4729877",2,4,0,0,50.00
8398,949,2025/2026 TITANS SECOND LEAGUE,2025,32995,14/02/2026,20260214,5425,5426,1,CBCOB 3,Henry Cbc,6442337,c Ruan C b Devon H,Ruan C,6336357,Devon H,6613295,"6336357,6613295",30,39,2,2,76.92
8398,949,2025/2026 TITANS SECOND LEAGUE,2025,32995,14/02/2026,20260214,5425,5426,1,CBCOB 3,Rykers Voges,6299646,b Juan V,Juan V,4729877,,,4729877,0,6,0,0,0.00
8398,949,2025/2026 TITANS SECOND LEAGUE,2025,32995,14/02/2026,20260214,5425,5426,1,CBCOB 3,Dylan Kotze,2987579,c Michael F b Willie K,Michael F,6613296,Willie K,6299174,"6613296,6299174",29,41,3,0,70.73
8398,949,2025/2026 TITANS SECOND LEAGUE,2025,32995,14/02/2026,20260214,5425,5426,1,CBCOB 3,Mark Yafee,6552299,c Ruan C b Henry K,Ruan C,6336357,Henry K,6613294,"6336357,6613294",15,23,2,0,65.22
8398,949,2025/2026 TITANS SECOND LEAGUE,2025,32995,14/02/2026,20260214,5425,5426,1,CBCOB 3,Stefan Ferreira,6552300,run out ( Ulrich B ),Ulrich B,6592628,,,6592628,12,17,1,0,70.59
8398,949,2025/2026 TITANS SECOND LEAGUE,2025,32995,14/02/2026,20260214,5425,5426,1,CBCOB 3,Janro De Bruin,6299640,b Juan V,Juan V,4729877,,,4729877,0,3,0,0,0.00
8398,949,2025/2026 TITANS SECOND LEAGUE,2025,32995,14/02/2026,20260214,5425,5426,1,CBCOB 3,Alec Jordaan,4715851,not out,,,,,,49,38,3,5,128.95
8398,949,2025/2026 TITANS SECOND LEAGUE,2025,32995,14/02/2026,20260214,5425,5426,1,CBCOB 3,Altys Cbc,6613298,c Ulrich B b Karel V,Ulrich B,6592628,Karel V,6355781,"6592628,6355781",4,6,0,0,66.67
8398,949,2025/2026 TITANS SECOND LEAGUE,2025,32995,14/02/2026,20260214,5425,5426,1,CBCOB 3,Reghardt Jordaan,6613299,c Ulrich B b Devon H,Ulrich B,6592628,Devon H,6613295,"6592628,6613295",10,7,1,1,142.86
8398,949,2025/2026 TITANS SECOND LEAGUE,2025,32995,14/02/2026,20260214,5425,5426,2,HARLEQUINS 3,Willie Kamffer,6299174,c † Rykers V b Altys C,Rykers V,6299646,Altys C,6613298,"6299646,6613298",0,16,0,0,0.00
8398,949,2025/2026 TITANS SECOND LEAGUE,2025,32995,14/02/2026,20260214,5425,5426,2,HARLEQUINS 3,Karel Vd Walt,6355781,c Henry C b Janro D,Henry C,6442337,Janro D,6299640,"6442337,6299640",7,12,1,0,58.33
8398,949,2025/2026 TITANS SECOND LEAGUE,2025,32995,14/02/2026,20260214,5425,5426,2,HARLEQUINS 3,Michael Flanagan,6613296,c † Rykers V b Alec J,Rykers V,6299646,Alec J,4715851,"6299646,4715851",7,17,1,0,41.18
8398,949,2025/2026 TITANS SECOND LEAGUE,2025,32995,14/02/2026,20260214,5425,5426,2,HARLEQUINS 3,Ulrich Breytenbach,6592628,c † Rykers V b Alec J,Rykers V,6299646,Alec J,4715851,"6299646,4715851",22,27,4,0,81.48
8398,949,2025/2026 TITANS SECOND LEAGUE,2025,32995,14/02/2026,20260214,5425,5426,2,HARLEQUINS 3,Henry Knell,6613294,run out ( Reghardt J ),Reghardt J,6613299,,,6613299,5,9,0,0,55.56
8398,949,2025/2026 TITANS SECOND LEAGUE,2025,32995,14/02/2026,20260214,5425,5426,2,HARLEQUINS 3,Ruan Coetzer,6336357,c † Rykers V b Alec J,Rykers V,6299646,Alec J,4715851,"6299646,4715851",3,5,0,0,60.00
8398,949,2025/2026 TITANS SECOND LEAGUE,2025,32995,14/02/2026,20260214,5425,5426,2,HARLEQUINS 3,Liam Klackers,6592629,b Reghardt J,Reghardt J,6613299,,,6613299,0,10,0,0,0.00
8398,949,2025/2026 TITANS SECOND LEAGUE,2025,32995,14/02/2026,20260214,5425,5426,2,HARLEQUINS 3,Juan Viljoen,4729877,c † Rykers V b Alec J,Rykers V,6299646,Alec J,4715851,"6299646,4715851",4,9,0,0,44.44
8398,949,2025/2026 TITANS SECOND LEAGUE,2025,32995,14/02/2026,20260214,5425,5426,2,HARLEQUINS 3,Willem Jacobs,5005715,run out ( Mark Y ),Mark Y,6552299,,,6552299,10,18,1,0,55.56
8398,949,2025/2026 TITANS SECOND LEAGUE,2025,32995,14/02/2026,20260214,5425,5426,2,HARLEQUINS 3,Devon Horn,6613295,not out,,,,,,9,22,1,0,40.91
8398,949,2025/2026 TITANS SECOND LEAGUE,2025,32995,14/02/2026,20260214,5425,5426,2,HARLEQUINS 3,Kopano Thema,6570617,c Henry C b Mark Y,Henry C,6442337,Mark Y,6552299,"6442337,6552299",4,2,1,0,200.00
8392,949,2025/2026 TITANS SECOND LEAGUE,2025,32995,14/02/2026,20260214,5430,5427,1,TUKS 5,Martin Van Tonder,2840539,c&b Neil J,Neil J,4655259,,,4655259,4,8,0,0,50.00
8392,949,2025/2026 TITANS SECOND LEAGUE,2025,32995,14/02/2026,20260214,5430,5427,1,TUKS 5,Henry Van Der Merwe,6389981,c Substitute b Jacques V,Jacques V,3795662,,,3795662,32,85,0,0,37.65
8392,949,2025/2026 TITANS SECOND LEAGUE,2025,32995,14/02/2026,20260214,5430,5427,1,TUKS 5,Johan Nel,4655263,c Substitute b Neil J,Neil J,4655259,,,4655259,4,17,0,0,23.53
8392,949,2025/2026 TITANS SECOND LEAGUE,2025,32995,14/02/2026,20260214,5430,5427,1,TUKS 5,Reinhardt Hamann,6371950,c Substitute b Barend P,Barend P,4854733,,,4854733,0,9,0,0,0.00
8392,949,2025/2026 TITANS SECOND LEAGUE,2025,32995,14/02/2026,20260214,5430,5427,1,TUKS 5,Wayne Sadler,6336329,c Substitute b Jacques V,Jacques V,3795662,,,3795662,16,33,1,0,48.48
8392,949,2025/2026 TITANS SECOND LEAGUE,2025,32995,14/02/2026,20260214,5430,5427,1,TUKS 5,Donovan Du Toit,3713457,b Jared F,Jared F,3795661,,,3795661,1,4,0,0,25.00
8392,949,2025/2026 TITANS SECOND LEAGUE,2025,32995,14/02/2026,20260214,5430,5427,1,TUKS 5,Tiaan Engelbrecht,2936837,c Substitute b Waldemar B,Waldemar B,6299549,,,6299549,13,18,1,0,72.22
8392,949,2025/2026 TITANS SECOND LEAGUE,2025,32995,14/02/2026,20260214,5430,5427,1,TUKS 5,Jaco De Vos,2936844,b Waldemar B,Waldemar B,6299549,,,6299549,5,14,1,0,35.71
8392,949,2025/2026 TITANS SECOND LEAGUE,2025,32995,14/02/2026,20260214,5430,5427,1,TUKS 5,Frits Snyman,2936846,c&b Waldemar B,Waldemar B,6299549,,,6299549,0,3,0,0,0.00
8392,949,2025/2026 TITANS SECOND LEAGUE,2025,32995,14/02/2026,20260214,5430,5427,1,TUKS 5,Tihardt Kruger,3242942,not out,,,,,,8,17,0,0,47.06
8392,949,2025/2026 TITANS SECOND LEAGUE,2025,32995,14/02/2026,20260214,5430,5427,1,TUKS 5,Andre Van Wyk,3266939,c Kyle K b Waldemar B,Kyle K,2985826,Waldemar B,6299549,"2985826,6299549",2,13,0,0,15.38
8392,949,2025/2026 TITANS SECOND LEAGUE,2025,32995,14/02/2026,20260214,5430,5427,2,IRENE VILLAGERS 3,Johan Broekman,4756705,c Jaco d b Reinhardt H,Jaco d,2936844,Reinhardt H,6371950,"2936844,6371950",16,22,2,0,72.73
8392,949,2025/2026 TITANS SECOND LEAGUE,2025,32995,14/02/2026,20260214,5430,5427,2,IRENE VILLAGERS 3,Henre Smith,6613612,c Wayne S b Johan N,Wayne S,6336329,Johan N,4655263,"6336329,4655263",20,38,3,0,52.63
8392,949,2025/2026 TITANS SECOND LEAGUE,2025,32995,14/02/2026,20260214,5430,5427,2,IRENE VILLAGERS 3,Henco Murphy,3771718,not out,,,,,,44,81,3,2,54.32
8392,949,2025/2026 TITANS SECOND LEAGUE,2025,32995,14/02/2026,20260214,5430,5427,2,IRENE VILLAGERS 3,Nicolas Conradie,6552297,c Martin V b Johan N,Martin V,2840539,Johan N,4655263,"2840539,4655263",1,9,0,0,11.11
8392,949,2025/2026 TITANS SECOND LEAGUE,2025,32995,14/02/2026,20260214,5430,5427,2,IRENE VILLAGERS 3,Waldemar Bodenstein,6299549,not out,,,,,,11,17,0,0,64.71
8318,949,2025/2026 TITANS SECOND LEAGUE,2025,32995,07/02/2026,20260207,5426,5429,1,HARLEQUINS 3,Patrick Mouton,6592627,c&b Lee B,Lee B,6592626,,,6592626,100,94,10,2,106.38
8318,949,2025/2026 TITANS SECOND LEAGUE,2025,32995,07/02/2026,20260207,5426,5429,1,HARLEQUINS 3,Karel Vd Walt,6355781,c Ian D b Hendre D,Ian D,4063612,Hendre D,2987477,"4063612,2987477",24,38,2,0,63.16
8318,949,2025/2026 TITANS SECOND LEAGUE,2025,32995,07/02/2026,20260207,5426,5429,1,HARLEQUINS 3,Ulrich Breytenbach,6592628,b Werner S,Werner S,6592625,,,6592625,3,8,0,0,37.50
8318,949,2025/2026 TITANS SECOND LEAGUE,2025,32995,07/02/2026,20260207,5426,5429,1,HARLEQUINS 3,Ruan Coetzer,6336357,b Rivan S,Rivan S,6352780,,,6352780,37,38,2,2,97.37
8318,949,2025/2026 TITANS SECOND LEAGUE,2025,32995,07/02/2026,20260207,5426,5429,1,HARLEQUINS 3,Liam Klackers,6592629,c Rivan S b Ian D,Rivan S,6352780,Ian D,4063612,"6352780,4063612",2,4,0,0,50.00
8318,949,2025/2026 TITANS SECOND LEAGUE,2025,32995,07/02/2026,20260207,5426,5429,1,HARLEQUINS 3,Juan Viljoen,4729877,c Henk F b Lee B,Henk F,6352771,Lee B,6592626,"6352771,6592626",29,33,2,0,87.88
8318,949,2025/2026 TITANS SECOND LEAGUE,2025,32995,07/02/2026,20260207,5426,5429,1,HARLEQUINS 3,Willem Jacobs,5005715,c Rivan S b Julian O,Rivan S,6352780,Julian O,6352767,"6352780,6352767",14,18,2,0,77.78
8318,949,2025/2026 TITANS SECOND LEAGUE,2025,32995,07/02/2026,20260207,5426,5429,1,HARLEQUINS 3,Kopano Thema,6570617,not out,,,,,,2,3,0,0,66.67
8318,949,2025/2026 TITANS SECOND LEAGUE,2025,32995,07/02/2026,20260207,5426,5429,1,HARLEQUINS 3,Calvin Govender,6552291,lbw b Lee B,Lee B,6592626,,,6592626,0,1,0,0,0.00
8318,949,2025/2026 TITANS SECOND LEAGUE,2025,32995,07/02/2026,20260207,5426,5429,1,HARLEQUINS 3,Kholisile Khuzwayo,6407265,not out,,,,,,3,7,0,0,42.86
8318,949,2025/2026 TITANS SECOND LEAGUE,2025,32995,07/02/2026,20260207,5426,5429,2,SINOVILLE 3,Arno Louw,6352769,c Ruan C b Ulrich B,Ruan C,6336357,Ulrich B,6592628,"6336357,6592628",25,35,4,0,71.43
8318,949,2025/2026 TITANS SECOND LEAGUE,2025,32995,07/02/2026,20260207,5426,5429,2,SINOVILLE 3,Rivan Stoman,6352780,c Ulrich B b Willem J,Ulrich B,6592628,Willem J,5005715,"6592628,5005715",47,38,5,2,123.68
8318,949,2025/2026 TITANS SECOND LEAGUE,2025,32995,07/02/2026,20260207,5426,5429,2,SINOVILLE 3,Julian Otto,6352767,b Willem J,Willem J,5005715,,,5005715,0,5,0,0,0.00
8318,949,2025/2026 TITANS SECOND LEAGUE,2025,32995,07/02/2026,20260207,5426,5429,2,SINOVILLE 3,Ryno Vermaak,6299554,not out,,,,,,94,88,7,2,106.82
8318,949,2025/2026 TITANS SECOND LEAGUE,2025,32995,07/02/2026,20260207,5426,5429,2,SINOVILLE 3,Hendre Du Toit,2987477,b Willem J,Willem J,5005715,,,5005715,1,5,0,0,20.00
8318,949,2025/2026 TITANS SECOND LEAGUE,2025,32995,07/02/2026,20260207,5426,5429,2,SINOVILLE 3,Ian Dorfling,4063612,b Ulrich B,Ulrich B,6592628,,,6592628,1,15,0,0,6.67
8318,949,2025/2026 TITANS SECOND LEAGUE,2025,32995,07/02/2026,20260207,5426,5429,2,SINOVILLE 3,Werner Swart,6592625,b Ruan C,Ruan C,6336357,,,6336357,27,33,2,1,81.82
8318,949,2025/2026 TITANS SECOND LEAGUE,2025,32995,07/02/2026,20260207,5426,5429,2,SINOVILLE 3,Henk Fick,6352771,b Juan V,Juan V,4729877,,,4729877,23,18,3,0,127.78
8318,949,2025/2026 TITANS SECOND LEAGUE,2025,32995,07/02/2026,20260207,5426,5429,2,SINOVILLE 3,Antonie Minnaar,6404467,not out,,,,,,5,7,0,0,71.43
8313,949,2025/2026 TITANS SECOND LEAGUE,2025,32995,07/02/2026,20260207,5428,5425,1,PHSOB 3,Stefan Van Der Linden,4742893,c&b Senekal C,Senekal C,6442336,,,6442336,50,64,3,2,78.12
8313,949,2025/2026 TITANS SECOND LEAGUE,2025,32995,07/02/2026,20260207,5428,5425,1,PHSOB 3,Hayden Van Den Heever,6372013,c † Rykers V b Matthew F,Rykers V,6299646,Matthew F,6592582,"6299646,6592582",31,46,5,0,67.39
8313,949,2025/2026 TITANS SECOND LEAGUE,2025,32995,07/02/2026,20260207,5428,5425,1,PHSOB 3,Emil Rolfes,2936903,c † Rykers V b Matthew F,Rykers V,6299646,Matthew F,6592582,"6299646,6592582",0,5,0,0,0.00
8313,949,2025/2026 TITANS SECOND LEAGUE,2025,32995,07/02/2026,20260207,5428,5425,1,PHSOB 3,Brian Kershaw,4688792,c Rohan V b Kai T,Rohan V,6299643,Kai T,4691512,"6299643,4691512",76,64,6,4,118.75
8313,949,2025/2026 TITANS SECOND LEAGUE,2025,32995,07/02/2026,20260207,5428,5425,1,PHSOB 3,Liam Armstrong,6358571,c Mark Y b Senekal C,Mark Y,6552299,Senekal C,6442336,"6552299,6442336",10,15,2,0,66.67
8313,949,2025/2026 TITANS SECOND LEAGUE,2025,32995,07/02/2026,20260207,5428,5425,1,PHSOB 3,Michael Kershaw,6297242,b Mark Y,Mark Y,6552299,,,6552299,48,38,4,3,126.32
8313,949,2025/2026 TITANS SECOND LEAGUE,2025,32995,07/02/2026,20260207,5428,5425,1,PHSOB 3,Franco Ferriera,6592583,not out,,,,,,10,19,0,0,52.63
8313,949,2025/2026 TITANS SECOND LEAGUE,2025,32995,07/02/2026,20260207,5428,5425,1,PHSOB 3,Christoper Bouwer,6407256,c † Rykers V b Janro D,Rykers V,6299646,Janro D,6299640,"6299646,6299640",4,3,1,0,133.33
8313,949,2025/2026 TITANS SECOND LEAGUE,2025,32995,07/02/2026,20260207,5428,5425,1,PHSOB 3,Gerrie Van Rooyen,6592584,run out ( Mark Y ),Mark Y,6552299,,,6552299,18,15,3,0,120.00
8313,949,2025/2026 TITANS SECOND LEAGUE,2025,32995,07/02/2026,20260207,5428,5425,1,PHSOB 3,Ben Hough,6592585,c Keegan P b Mark Y,Keegan P,6592581,Mark Y,6552299,"6592581,6552299",0,3,0,0,0.00
8313,949,2025/2026 TITANS SECOND LEAGUE,2025,32995,07/02/2026,20260207,5428,5425,2,CBCOB 3,Senekal Cbc,6442336,c&b Ben H,Ben H,6592585,,,6592585,3,4,0,0,75.00
8313,949,2025/2026 TITANS SECOND LEAGUE,2025,32995,07/02/2026,20260207,5428,5425,2,CBCOB 3,Richard Bean,6592579,c&b Franco F,Franco F,6592583,,,6592583,3,4,0,0,75.00
8313,949,2025/2026 TITANS SECOND LEAGUE,2025,32995,07/02/2026,20260207,5428,5425,2,CBCOB 3,Rykers Voges,6299646,c † Stefan V b Brian P,Stefan V,4742893,Brian P,6592586,"4742893,6592586",4,3,1,0,133.33
8313,949,2025/2026 TITANS SECOND LEAGUE,2025,32995,07/02/2026,20260207,5428,5425,2,CBCOB 3,Derick Pienaar,6592580,b Franco F,Franco F,6592583,,,6592583,5,16,1,0,31.25
8313,949,2025/2026 TITANS SECOND LEAGUE,2025,32995,07/02/2026,20260207,5428,5425,2,CBCOB 3,Mark Yafee,6552299,c&b Franco F,Franco F,6592583,,,6592583,6,15,0,0,40.00
8313,949,2025/2026 TITANS SECOND LEAGUE,2025,32995,07/02/2026,20260207,5428,5425,2,CBCOB 3,Kai Trumplemann,4691512,c † Stefan V b Ben H,Stefan V,4742893,Ben H,6592585,"4742893,6592585",4,4,1,0,100.00
8313,949,2025/2026 TITANS SECOND LEAGUE,2025,32995,07/02/2026,20260207,5428,5425,2,CBCOB 3,Leon Bender,3730114,c Christoper B b Gerrie V,Christoper B,6407256,Gerrie V,6592584,"6407256,6592584",26,34,1,2,76.47
8313,949,2025/2026 TITANS SECOND LEAGUE,2025,32995,07/02/2026,20260207,5428,5425,2,CBCOB 3,Janro De Bruin,6299640,c † Stefan V b Emil R,Stefan V,4742893,Emil R,2936903,"4742893,2936903",14,13,3,0,107.69
8313,949,2025/2026 TITANS SECOND LEAGUE,2025,32995,07/02/2026,20260207,5428,5425,2,CBCOB 3,Keegan Pickard,6592581,not out,,,,,,10,34,1,0,29.41
8313,949,2025/2026 TITANS SECOND LEAGUE,2025,32995,07/02/2026,20260207,5428,5425,2,CBCOB 3,Matthew Field,6592582,lbw b Brian K,Brian K,4688792,,,4688792,6,7,0,1,85.71
8313,949,2025/2026 TITANS SECOND LEAGUE,2025,32995,07/02/2026,20260207,5428,5425,2,CBCOB 3,Rohan Van Der Walt,6299643,not out,,,,,,2,17,0,0,11.76
8311,949,2025/2026 TITANS SECOND LEAGUE,2025,32995,07/02/2026,20260207,5430,5431,1,TUKS 5,Frits Snyman,2936846,c † Niel C b Stefan G,Niel C,3018224,Stefan G,3018230,"3018224,3018230",21,38,2,0,55.26
8311,949,2025/2026 TITANS SECOND LEAGUE,2025,32995,07/02/2026,20260207,5430,5431,1,TUKS 5,Martin Van Tonder,2840539,c Hendrik F b Dewald B,Hendrik F,4891854,Dewald B,3018234,"4891854,3018234",28,42,2,0,66.67
8311,949,2025/2026 TITANS SECOND LEAGUE,2025,32995,07/02/2026,20260207,5430,5431,1,TUKS 5,Johan Nel,4655263,c Divan P b Dewald B,Divan P,4673570,Dewald B,3018234,"4673570,3018234",10,16,1,0,62.50
8311,949,2025/2026 TITANS SECOND LEAGUE,2025,32995,07/02/2026,20260207,5430,5431,1,TUKS 5,Christian Strydom,2936847,c Jeandre R b Jean S,Jeandre R,3018228,Jean S,6592526,"3018228,6592526",56,60,4,2,93.33
8311,949,2025/2026 TITANS SECOND LEAGUE,2025,32995,07/02/2026,20260207,5430,5431,1,TUKS 5,Donovan Du Toit,3713457,c Jeandre R b Divan P,Jeandre R,3018228,Divan P,4673570,"3018228,4673570",1,3,0,0,33.33
8311,949,2025/2026 TITANS SECOND LEAGUE,2025,32995,07/02/2026,20260207,5430,5431,1,TUKS 5,Jan Jones,2936838,b Leon S,Leon S,4673571,,,4673571,2,8,0,0,25.00
8311,949,2025/2026 TITANS SECOND LEAGUE,2025,32995,07/02/2026,20260207,5430,5431,1,TUKS 5,Tiaan Engelbrecht,2936837,c Stefan G b Dewald B,Stefan G,3018230,Dewald B,3018234,"3018230,3018234",1,4,0,0,25.00
8311,949,2025/2026 TITANS SECOND LEAGUE,2025,32995,07/02/2026,20260207,5430,5431,1,TUKS 5,Lehlohonolo Moshoati,3266899,c Jeandre R b Gary V,Jeandre R,3018228,Gary V,4673569,"3018228,4673569",14,16,1,0,87.50
8311,949,2025/2026 TITANS SECOND LEAGUE,2025,32995,07/02/2026,20260207,5430,5431,1,TUKS 5,Tihardt Kruger,3242942,c Hendrik F b Jean S,Hendrik F,4891854,Jean S,6592526,"4891854,6592526",9,10,1,0,90.00
8311,949,2025/2026 TITANS SECOND LEAGUE,2025,32995,07/02/2026,20260207,5430,5431,1,TUKS 5,Ryan Blyth,6592525,not out,,,,,,2,9,0,0,22.22
8311,949,2025/2026 TITANS SECOND LEAGUE,2025,32995,07/02/2026,20260207,5430,5431,1,TUKS 5,Andre Van Wyk,3266939,c Jeandre R b Jean S,Jeandre R,3018228,Jean S,6592526,"3018228,6592526",1,4,0,0,25.00
8311,949,2025/2026 TITANS SECOND LEAGUE,2025,32995,07/02/2026,20260207,5430,5431,2,TUT 3,Niel Coetzee,3018224,b Ryan B,Ryan B,6592525,,,6592525,20,59,2,0,33.90
8311,949,2025/2026 TITANS SECOND LEAGUE,2025,32995,07/02/2026,20260207,5430,5431,2,TUT 3,Charl Prinsloo,3018226,not out,,,,,,63,109,9,0,57.80
8311,949,2025/2026 TITANS SECOND LEAGUE,2025,32995,07/02/2026,20260207,5430,5431,2,TUT 3,Jeandre Roux,3018228,c Martin V b Tiaan E,Martin V,2840539,Tiaan E,2936837,"2840539,2936837",45,38,5,0,118.42
8311,949,2025/2026 TITANS SECOND LEAGUE,2025,32995,07/02/2026,20260207,5430,5431,2,TUT 3,Hendrik Ferreira,4891854,not out,,,,,,19,13,2,0,146.15
8309,949,2025/2026 TITANS SECOND LEAGUE,2025,32995,07/02/2026,20260207,5432,5427,1,IRENE VILLAGERS 4,Brandon Polyblank,6336390,lbw b Jared F,Jared F,3795661,,,3795661,25,60,2,1,41.67
8309,949,2025/2026 TITANS SECOND LEAGUE,2025,32995,07/02/2026,20260207,5432,5427,1,IRENE VILLAGERS 4,Stefan Strydom,2985833,c Rohann R b Jacques V,Rohann R,6355842,Jacques V,3795662,"6355842,3795662",64,67,3,5,95.52
8309,949,2025/2026 TITANS SECOND LEAGUE,2025,32995,07/02/2026,20260207,5432,5427,1,IRENE VILLAGERS 4,Brent Hartley,2985828,run out ( Johan B / Henco M ),Johan B,4756705,Henco M,3771718,"4756705,3771718",20,30,2,0,66.67
8309,949,2025/2026 TITANS SECOND LEAGUE,2025,32995,07/02/2026,20260207,5432,5427,1,IRENE VILLAGERS 4,Christoff Pompie Helm,2985831,run out ( Ciaron R ),Ciaron R,6355841,,,6355841,12,48,2,0,25.00
8309,949,2025/2026 TITANS SECOND LEAGUE,2025,32995,07/02/2026,20260207,5432,5427,1,IRENE VILLAGERS 4,Ruan Ebersohn,2985830,Hit Ball Twice Johan B,Johan B,4756705,,,4756705,2,4,0,0,50.00
8309,949,2025/2026 TITANS SECOND LEAGUE,2025,32995,07/02/2026,20260207,5432,5427,1,IRENE VILLAGERS 4,Clayton Brunsdon,4100291,c Nicolas C b Johan B,Nicolas C,6552297,Johan B,4756705,"6552297,4756705",2,11,0,0,18.18
8309,949,2025/2026 TITANS SECOND LEAGUE,2025,32995,07/02/2026,20260207,5432,5427,1,IRENE VILLAGERS 4,Eugene Botha,4973974,c Nicolas C b Kyle K,Nicolas C,6552297,Kyle K,2985826,"6552297,2985826",13,28,1,0,46.43
8309,949,2025/2026 TITANS SECOND LEAGUE,2025,32995,07/02/2026,20260207,5432,5427,1,IRENE VILLAGERS 4,Stiaan Heymans,4673670,c&b Kyle K,Kyle K,2985826,,,2985826,10,14,1,0,71.43
8309,949,2025/2026 TITANS SECOND LEAGUE,2025,32995,07/02/2026,20260207,5432,5427,1,IRENE VILLAGERS 4,Austin Prins,6590932,lbw b Kyle K,Kyle K,2985826,,,2985826,2,6,0,0,33.33
8309,949,2025/2026 TITANS SECOND LEAGUE,2025,32995,07/02/2026,20260207,5432,5427,1,IRENE VILLAGERS 4,Mulalo Mavhalane,6570652,not out,,,,,,1,2,0,0,50.00
8309,949,2025/2026 TITANS SECOND LEAGUE,2025,32995,07/02/2026,20260207,5432,5427,1,IRENE VILLAGERS 4,Xavier Dido,6552348,not out,,,,,,2,2,0,0,100.00
8309,949,2025/2026 TITANS SECOND LEAGUE,2025,32995,07/02/2026,20260207,5432,5427,2,IRENE VILLAGERS 3,Rohann Rossouw,6355842,lbw b Austin P,Austin P,6590932,,,6590932,8,25,0,0,32.00
8309,949,2025/2026 TITANS SECOND LEAGUE,2025,32995,07/02/2026,20260207,5432,5427,2,IRENE VILLAGERS 3,Johan Broekman,4756705,c Eugene B b Brandon P,Eugene B,4973974,Brandon P,6336390,"4973974,6336390",32,45,3,1,71.11
8309,949,2025/2026 TITANS SECOND LEAGUE,2025,32995,07/02/2026,20260207,5432,5427,2,IRENE VILLAGERS 3,Henco Murphy,3771718,c&b Eugene B,Eugene B,4973974,,,4973974,7,12,1,0,58.33
8309,949,2025/2026 TITANS SECOND LEAGUE,2025,32995,07/02/2026,20260207,5432,5427,2,IRENE VILLAGERS 3,Nicolas Conradie,6552297,c&b Eugene B,Eugene B,4973974,,,4973974,13,19,1,0,68.42
8309,949,2025/2026 TITANS SECOND LEAGUE,2025,32995,07/02/2026,20260207,5432,5427,2,IRENE VILLAGERS 3,Jared Fourie,3795661,b Xavier D,Xavier D,6552348,,,6552348,17,21,1,1,80.95
8309,949,2025/2026 TITANS SECOND LEAGUE,2025,32995,07/02/2026,20260207,5432,5427,2,IRENE VILLAGERS 3,Ciaron Roundtree,6355841,not out,,,,,,49,37,1,5,132.43
8309,949,2025/2026 TITANS SECOND LEAGUE,2025,32995,07/02/2026,20260207,5432,5427,2,IRENE VILLAGERS 3,Werner Pretorius,4756703,c&b Clayton B,Clayton B,4100291,,,4100291,27,22,4,0,122.73
8309,949,2025/2026 TITANS SECOND LEAGUE,2025,32995,07/02/2026,20260207,5432,5427,2,IRENE VILLAGERS 3,Neil Jansen,4655259,not out,,,,,,1,2,0,0,50.00
8261,949,2025/2026 TITANS SECOND LEAGUE,2025,32995,31/01/2026,20260131,5432,5431,1,IRENE VILLAGERS 4,Stefan Strydom,2985833,c † Niel C b Charl P,Niel C,3018224,Charl P,3018226,"3018224,3018226",2,4,0,0,50.00
8261,949,2025/2026 TITANS SECOND LEAGUE,2025,32995,31/01/2026,20260131,5432,5431,1,IRENE VILLAGERS 4,Matthew Thurbon,2985834,b Divan P,Divan P,4673570,,,4673570,0,1,0,0,0.00
8261,949,2025/2026 TITANS SECOND LEAGUE,2025,32995,31/01/2026,20260131,5432,5431,1,IRENE VILLAGERS 4,Brent Hartley,2985828,c Substitute b Divan P,Divan P,4673570,,,4673570,25,70,2,0,35.71
8261,949,2025/2026 TITANS SECOND LEAGUE,2025,32995,31/01/2026,20260131,5432,5431,1,IRENE VILLAGERS 4,Ruan Ebersohn,2985830,lbw b Gary V,Gary V,4673569,,,4673569,21,44,2,0,47.73
8261,949,2025/2026 TITANS SECOND LEAGUE,2025,32995,31/01/2026,20260131,5432,5431,1,IRENE VILLAGERS 4,Christoff Pompie Helm,2985831,not out,,,,,,4,37,0,0,10.81
8261,949,2025/2026 TITANS SECOND LEAGUE,2025,32995,31/01/2026,20260131,5432,5431,1,IRENE VILLAGERS 4,Clayton Brunsdon,4100291,not out,,,,,,7,4,1,0,175.00
8256,949,2025/2026 TITANS SECOND LEAGUE,2025,32995,31/01/2026,20260131,5427,5426,1,IRENE VILLAGERS 3,Waldemar Bodenstein,6299549,c † Eddie S b Juan V,Eddie S,6299173,Juan V,4729877,"6299173,4729877",0,3,0,0,0.00
8256,949,2025/2026 TITANS SECOND LEAGUE,2025,32995,31/01/2026,20260131,5427,5426,1,IRENE VILLAGERS 3,Johan Broekman,6570618,c Substitute b Willem J,Willem J,5005715,,,5005715,76,60,7,2,126.67
8256,949,2025/2026 TITANS SECOND LEAGUE,2025,32995,31/01/2026,20260131,5427,5426,1,IRENE VILLAGERS 3,Henco Murphy,6407257,c † Eddie S b Willem J,Eddie S,6299173,Willem J,5005715,"6299173,5005715",69,52,4,6,132.69
8256,949,2025/2026 TITANS SECOND LEAGUE,2025,32995,31/01/2026,20260131,5427,5426,1,IRENE VILLAGERS 3,Nicolas Conradie,6552297,not out,,,,,,122,85,9,7,143.53
8256,949,2025/2026 TITANS SECOND LEAGUE,2025,32995,31/01/2026,20260131,5427,5426,1,IRENE VILLAGERS 3,Rohann Rossouw,6355842,c&b Kholisile K,Kholisile K,6407265,,,6407265,11,19,1,0,57.89
8256,949,2025/2026 TITANS SECOND LEAGUE,2025,32995,31/01/2026,20260131,5427,5426,1,IRENE VILLAGERS 3,Ciaron Roundtree,6355841,c&b Kholisile K,Kholisile K,6407265,,,6407265,6,8,1,0,75.00
8256,949,2025/2026 TITANS SECOND LEAGUE,2025,32995,31/01/2026,20260131,5427,5426,1,IRENE VILLAGERS 3,Justin Pretorius,6407259,run out ( Karel V ),Karel V,6355781,,,6355781,18,9,0,3,200.00
8256,949,2025/2026 TITANS SECOND LEAGUE,2025,32995,31/01/2026,20260131,5427,5426,1,IRENE VILLAGERS 3,Werner Pretorius,4756703,c Juan V b Willem J,Juan V,4729877,Willem J,5005715,"4729877,5005715",38,16,3,3,237.50
8256,949,2025/2026 TITANS SECOND LEAGUE,2025,32995,31/01/2026,20260131,5427,5426,1,IRENE VILLAGERS 3,Kyle Kunneke,2985826,not out,,,,,,25,22,1,0,113.64
8256,949,2025/2026 TITANS SECOND LEAGUE,2025,32995,31/01/2026,20260131,5427,5426,2,HARLEQUINS 3,Luandre Nell,6336358,St Henco M b Jacques V,Henco M,6407257,Jacques V,3795662,"6407257,3795662",17,29,3,0,58.62
8256,949,2025/2026 TITANS SECOND LEAGUE,2025,32995,31/01/2026,20260131,5427,5426,2,HARLEQUINS 3,Karel Vd Walt,6355781,c Rohann R b Neil J,Rohann R,6355842,Neil J,4655262,"6355842,4655262",24,29,3,1,82.76
8256,949,2025/2026 TITANS SECOND LEAGUE,2025,32995,31/01/2026,20260131,5427,5426,2,HARLEQUINS 3,Ruan Coetzer,6336357,c Nicolas C b Jacques V,Nicolas C,6552297,Jacques V,3795662,"6552297,3795662",2,6,0,0,33.33
8256,949,2025/2026 TITANS SECOND LEAGUE,2025,32995,31/01/2026,20260131,5427,5426,2,HARLEQUINS 3,Eddie Stephen,6299173,b Justin P,Justin P,6407259,,,6407259,7,7,0,1,100.00
8256,949,2025/2026 TITANS SECOND LEAGUE,2025,32995,31/01/2026,20260131,5427,5426,2,HARLEQUINS 3,Kopano Thema,6570617,lbw b Jacques V,Jacques V,3795662,,,3795662,6,8,1,0,75.00
8256,949,2025/2026 TITANS SECOND LEAGUE,2025,32995,31/01/2026,20260131,5427,5426,2,HARLEQUINS 3,Juan Viljoen,4729877,c Waldemar B b Kyle K,Waldemar B,6299549,Kyle K,2985826,"6299549,2985826",11,14,1,0,78.57
8256,949,2025/2026 TITANS SECOND LEAGUE,2025,32995,31/01/2026,20260131,5427,5426,2,HARLEQUINS 3,Kholisile Khuzwayo,6407265,run out ( Jacques V / Rohann R ),Jacques V,3795662,Rohann R,6355842,"3795662,6355842",3,8,0,0,37.50
8256,949,2025/2026 TITANS SECOND LEAGUE,2025,32995,31/01/2026,20260131,5427,5426,2,HARLEQUINS 3,Fritz De Villiers,6570616,St Henco M b Jacques V,Henco M,6407257,Jacques V,3795662,"6407257,3795662",1,5,0,0,20.00
8256,949,2025/2026 TITANS SECOND LEAGUE,2025,32995,31/01/2026,20260131,5427,5426,2,HARLEQUINS 3,Willie Kamffer,6299174,Hit Wicket Jacques V,Jacques V,3795662,,,3795662,2,17,0,0,11.76
8256,949,2025/2026 TITANS SECOND LEAGUE,2025,32995,31/01/2026,20260131,5427,5426,2,HARLEQUINS 3,Willem Jacobs,5005715,c Johan B b Kyle K,Johan B,6570618,Kyle K,2985826,"6570618,2985826",6,9,1,0,66.67
8256,949,2025/2026 TITANS SECOND LEAGUE,2025,32995,31/01/2026,20260131,5427,5426,2,HARLEQUINS 3,Dimitri Saunders,6552289,not out,,,,,,0,1,0,0,0.00
8254,949,2025/2026 TITANS SECOND LEAGUE,2025,32995,31/01/2026,20260131,5430,5428,1,TUKS 5,Frits Snyman,2936846,c Michael K b Burgert K,Michael K,6297242,Burgert K,4742888,"6297242,4742888",8,27,0,1,29.63
8254,949,2025/2026 TITANS SECOND LEAGUE,2025,32995,31/01/2026,20260131,5430,5428,1,TUKS 5,Martin Van Tonder,2840539,b Jaco F,Jaco F,4688790,,,4688790,5,13,1,0,38.46
8254,949,2025/2026 TITANS SECOND LEAGUE,2025,32995,31/01/2026,20260131,5430,5428,1,TUKS 5,Johan Nel,4655263,b Gerhard B,Gerhard B,6570586,,,6570586,20,29,0,2,68.97
8254,949,2025/2026 TITANS SECOND LEAGUE,2025,32995,31/01/2026,20260131,5430,5428,1,TUKS 5,Reinhardt Hamann,6371950,c Burgert K b Steven M,Burgert K,4742888,Steven M,2937220,"4742888,2937220",63,34,4,5,185.29
8254,949,2025/2026 TITANS SECOND LEAGUE,2025,32995,31/01/2026,20260131,5430,5428,1,TUKS 5,Wayne Sadler,6336329,c&b Steven M,Steven M,2937220,,,2937220,0,1,0,0,0.00
8254,949,2025/2026 TITANS SECOND LEAGUE,2025,32995,31/01/2026,20260131,5430,5428,1,TUKS 5,Christian Strydom,2936847,c Gerhard B b Steven M,Gerhard B,6570586,Steven M,2937220,"6570586,2937220",32,44,4,0,72.73
8254,949,2025/2026 TITANS SECOND LEAGUE,2025,32995,31/01/2026,20260131,5430,5428,1,TUKS 5,Donovan Du Toit,3713457,c Substitute b Hayden V,Hayden V,6372013,,,6372013,30,23,3,2,130.43
8254,949,2025/2026 TITANS SECOND LEAGUE,2025,32995,31/01/2026,20260131,5430,5428,1,TUKS 5,Tiaan Engelbrecht,2936837,b Steven M,Steven M,2937220,,,2937220,3,7,0,0,42.86
8254,949,2025/2026 TITANS SECOND LEAGUE,2025,32995,31/01/2026,20260131,5430,5428,1,TUKS 5,Jan Jones,2936838,c Marko D b Brian K,Marko D,4688791,Brian K,4688792,"4688791,4688792",19,34,3,0,55.88
8254,949,2025/2026 TITANS SECOND LEAGUE,2025,32995,31/01/2026,20260131,5430,5428,1,TUKS 5,Tihardt Kruger,3242942,b Brian K,Brian K,4688792,,,4688792,14,21,1,1,66.67
8254,949,2025/2026 TITANS SECOND LEAGUE,2025,32995,31/01/2026,20260131,5430,5428,1,TUKS 5,Andre Van Wyk,3266939,not out,,,,,,2,6,0,0,33.33
8254,949,2025/2026 TITANS SECOND LEAGUE,2025,32995,31/01/2026,20260131,5430,5428,2,PHSOB 3,Marko De Cock,4688791,c Reinhardt H b Tiaan E,Reinhardt H,6371950,Tiaan E,2936837,"6371950,2936837",0,1,0,0,0.00
8254,949,2025/2026 TITANS SECOND LEAGUE,2025,32995,31/01/2026,20260131,5430,5428,2,PHSOB 3,Stefan Van Der Linden,4742893,c Donovan d b Johan N,Donovan d,3713457,Johan N,4655263,"3713457,4655263",42,74,2,3,56.76
8254,949,2025/2026 TITANS SECOND LEAGUE,2025,32995,31/01/2026,20260131,5430,5428,2,PHSOB 3,Emil Rolfes,2936903,b Tiaan E,Tiaan E,2936837,,,2936837,15,22,3,0,68.18
8254,949,2025/2026 TITANS SECOND LEAGUE,2025,32995,31/01/2026,20260131,5430,5428,2,PHSOB 3,Brian Kershaw,4688792,c Frits S b Reinhardt H,Frits S,2936846,Reinhardt H,6371950,"2936846,6371950",39,43,5,2,90.70
8254,949,2025/2026 TITANS SECOND LEAGUE,2025,32995,31/01/2026,20260131,5430,5428,2,PHSOB 3,Arno Kruger,6336327,c † Donovan d b Johan N,Donovan d,3713457,Johan N,4655263,"3713457,4655263",4,9,0,0,44.44
8254,949,2025/2026 TITANS SECOND LEAGUE,2025,32995,31/01/2026,20260131,5430,5428,2,PHSOB 3,Jaco Fourie,4688790,c Tiaan E b Andre V,Tiaan E,2936837,Andre V,3266939,"2936837,3266939",16,25,0,1,64.00
8254,949,2025/2026 TITANS SECOND LEAGUE,2025,32995,31/01/2026,20260131,5430,5428,2,PHSOB 3,Michael Kershaw,6297242,b Donovan d,Donovan d,3713457,,,3713457,21,26,2,1,80.77
8254,949,2025/2026 TITANS SECOND LEAGUE,2025,32995,31/01/2026,20260131,5430,5428,2,PHSOB 3,Hayden Van Den Heever,6372013,not out,,,,,,33,33,2,2,100.00
8254,949,2025/2026 TITANS SECOND LEAGUE,2025,32995,31/01/2026,20260131,5430,5428,2,PHSOB 3,Steven Meyburgh,2937220,c Jan J b Donovan d,Jan J,2936838,Donovan d,3713457,"2936838,3713457",1,7,0,0,14.29
8254,949,2025/2026 TITANS SECOND LEAGUE,2025,32995,31/01/2026,20260131,5430,5428,2,PHSOB 3,Burgert Kloppers,4742888,not out,,,,,,14,27,0,1,51.85
8212,949,2025/2026 TITANS SECOND LEAGUE,2025,32995,24/01/2026,20260124,5428,5429,1,PHSOB 3,Stefan Van Der Linden,4742893,b Rivan S,Rivan S,6352780,,,6352780,0,3,0,0,0.00
8212,949,2025/2026 TITANS SECOND LEAGUE,2025,32995,24/01/2026,20260124,5428,5429,1,PHSOB 3,Logan Weetman,6552359,lbw b Hendre D,Hendre D,2987477,,,2987477,103,63,12,6,163.49
8212,949,2025/2026 TITANS SECOND LEAGUE,2025,32995,24/01/2026,20260124,5428,5429,1,PHSOB 3,Emil Rolfes,2936903,b Pj R,Pj R,6552362,,,6552362,7,10,1,0,70.00
8212,949,2025/2026 TITANS SECOND LEAGUE,2025,32995,24/01/2026,20260124,5428,5429,1,PHSOB 3,Brian Kershaw,4688792,c Gerno E b Juan V,Gerno E,6552364,Juan V,6552360,"6552364,6552360",31,51,2,1,60.78
8212,949,2025/2026 TITANS SECOND LEAGUE,2025,32995,24/01/2026,20260124,5428,5429,1,PHSOB 3,Arno Kruger,6336327,c&b Jason V,Jason V,6552363,,,6552363,16,18,0,1,88.89
8212,949,2025/2026 TITANS SECOND LEAGUE,2025,32995,24/01/2026,20260124,5428,5429,1,PHSOB 3,Michael Kershaw,6297242,b Hendre D,Hendre D,2987477,,,2987477,11,11,2,0,100.00
8212,949,2025/2026 TITANS SECOND LEAGUE,2025,32995,24/01/2026,20260124,5428,5429,1,PHSOB 3,Christoper Bouwer,6407256,b Juan V,Juan V,6552360,,,6552360,3,11,0,0,27.27
8212,949,2025/2026 TITANS SECOND LEAGUE,2025,32995,24/01/2026,20260124,5428,5429,1,PHSOB 3,Jj Lesolang,3772080,c Ruben E b Pj R,Ruben E,6352785,Pj R,6552362,"6352785,6552362",66,41,3,4,160.98
8212,949,2025/2026 TITANS SECOND LEAGUE,2025,32995,24/01/2026,20260124,5428,5429,1,PHSOB 3,Coert Du Plessis,3771285,c&b Jason V,Jason V,6552363,,,6552363,5,30,0,0,16.67
8212,949,2025/2026 TITANS SECOND LEAGUE,2025,32995,24/01/2026,20260124,5428,5429,1,PHSOB 3,Steven Meyburgh,2937220,not out,,,,,,2,6,0,0,33.33
8212,949,2025/2026 TITANS SECOND LEAGUE,2025,32995,24/01/2026,20260124,5428,5429,2,SINOVILLE 3,Rivan Stoman,6352780,c Logan W b Burgert K,Logan W,6552359,Burgert K,4742888,"6552359,4742888",5,10,1,0,50.00
8212,949,2025/2026 TITANS SECOND LEAGUE,2025,32995,24/01/2026,20260124,5428,5429,2,SINOVILLE 3,Hendre Du Toit,2987477,c † Stefan V b Emil R,Stefan V,4742893,Emil R,2936903,"4742893,2936903",1,2,0,0,50.00
8212,949,2025/2026 TITANS SECOND LEAGUE,2025,32995,24/01/2026,20260124,5428,5429,2,SINOVILLE 3,Gerno Erasmus,6552364,c Michael K b Christoper B,Michael K,6297242,Christoper B,6407256,"6297242,6407256",27,23,6,0,117.39
8212,949,2025/2026 TITANS SECOND LEAGUE,2025,32995,24/01/2026,20260124,5428,5429,2,SINOVILLE 3,Pj Richter,6552362,b Burgert K,Burgert K,4742888,,,4742888,4,7,1,0,57.14
8212,949,2025/2026 TITANS SECOND LEAGUE,2025,32995,24/01/2026,20260124,5428,5429,2,SINOVILLE 3,Jason Van Loggenberg,6552363,c Logan W b Christoper B,Logan W,6552359,Christoper B,6407256,"6552359,6407256",53,40,3,4,132.50
8212,949,2025/2026 TITANS SECOND LEAGUE,2025,32995,24/01/2026,20260124,5428,5429,2,SINOVILLE 3,Arno Louw,6352769,b Steven M,Steven M,2937220,,,2937220,10,24,1,0,41.67
8212,949,2025/2026 TITANS SECOND LEAGUE,2025,32995,24/01/2026,20260124,5428,5429,2,SINOVILLE 3,Juandre Schoultz,6552361,run out ( Logan W / Stefan V ),Logan W,6552359,Stefan V,4742893,"6552359,4742893",1,3,0,0,33.33
8212,949,2025/2026 TITANS SECOND LEAGUE,2025,32995,24/01/2026,20260124,5428,5429,2,SINOVILLE 3,Werner Jordaan,5000389,lbw b Steven M,Steven M,2937220,,,2937220,19,26,0,2,73.08
8212,949,2025/2026 TITANS SECOND LEAGUE,2025,32995,24/01/2026,20260124,5428,5429,2,SINOVILLE 3,Ian Dorfling,4063612,b Steven M,Steven M,2937220,,,2937220,6,8,1,0,75.00
8212,949,2025/2026 TITANS SECOND LEAGUE,2025,32995,24/01/2026,20260124,5428,5429,2,SINOVILLE 3,Ruben Erasmus,6352785,b Steven M,Steven M,2937220,,,2937220,4,5,1,0,80.00
8212,949,2025/2026 TITANS SECOND LEAGUE,2025,32995,24/01/2026,20260124,5428,5429,2,SINOVILLE 3,Juan Venter,6552360,not out,,,,,,1,1,0,0,100.00
8210,949,2025/2026 TITANS SECOND LEAGUE,2025,32995,24/01/2026,20260124,5432,5430,1,IRENE VILLAGERS 4,Stefan Strydom,2985833,b Tiaan E,Tiaan E,2936837,,,2936837,41,31,7,1,132.26
8210,949,2025/2026 TITANS SECOND LEAGUE,2025,32995,24/01/2026,20260124,5432,5430,1,IRENE VILLAGERS 4,Pj Van Der Merwe,4854676,b Tiaan E,Tiaan E,2936837,,,2936837,4,8,0,0,50.00
8210,949,2025/2026 TITANS SECOND LEAGUE,2025,32995,24/01/2026,20260124,5432,5430,1,IRENE VILLAGERS 4,Brent Hartley,2985828,b Nico K,Nico K,2936834,,,2936834,13,19,1,0,68.42
8210,949,2025/2026 TITANS SECOND LEAGUE,2025,32995,24/01/2026,20260124,5432,5430,1,IRENE VILLAGERS 4,Christoff Pompie Helm,2985831,c † Donovan d b Nico K,Donovan d,3713457,Nico K,2936834,"3713457,2936834",17,37,2,0,45.95
8210,949,2025/2026 TITANS SECOND LEAGUE,2025,32995,24/01/2026,20260124,5432,5430,1,IRENE VILLAGERS 4,Eugene Botha,4973974,c Reinhardt H b Nico K,Reinhardt H,6371950,Nico K,2936834,"6371950,2936834",0,2,0,0,0.00
8210,949,2025/2026 TITANS SECOND LEAGUE,2025,32995,24/01/2026,20260124,5432,5430,1,IRENE VILLAGERS 4,Ruan Ebersohn,2985830,b Nico K,Nico K,2936834,,,2936834,43,35,7,1,122.86
8210,949,2025/2026 TITANS SECOND LEAGUE,2025,32995,24/01/2026,20260124,5432,5430,1,IRENE VILLAGERS 4,Clayton Brunsdon,4100291,c Jan J b Nico K,Jan J,2936838,Nico K,2936834,"2936838,2936834",2,9,0,0,22.22
8210,949,2025/2026 TITANS SECOND LEAGUE,2025,32995,24/01/2026,20260124,5432,5430,1,IRENE VILLAGERS 4,Brandon Polyblank,6336390,run out ( Reinhardt H / Donovan d ),Reinhardt H,6371950,Donovan d,3713457,"6371950,3713457",6,18,0,0,33.33
8210,949,2025/2026 TITANS SECOND LEAGUE,2025,32995,24/01/2026,20260124,5432,5430,1,IRENE VILLAGERS 4,Stiaan Heymans,4673670,c † Donovan d b Nico K,Donovan d,3713457,Nico K,2936834,"3713457,2936834",0,2,0,0,0.00
8210,949,2025/2026 TITANS SECOND LEAGUE,2025,32995,24/01/2026,20260124,5432,5430,1,IRENE VILLAGERS 4,Mohapi Molete,2985827,run out ( Reinhardt H ),Reinhardt H,6371950,,,6371950,5,6,0,0,83.33
8210,949,2025/2026 TITANS SECOND LEAGUE,2025,32995,24/01/2026,20260124,5432,5430,1,IRENE VILLAGERS 4,Xavier Dido,6552348,not out,,,,,,0,0,0,0,0.00
8210,949,2025/2026 TITANS SECOND LEAGUE,2025,32995,24/01/2026,20260124,5432,5430,2,TUKS 5,Frits Snyman,2936846,b Eugene B,Eugene B,4973974,,,4973974,8,11,2,0,72.73
8210,949,2025/2026 TITANS SECOND LEAGUE,2025,32995,24/01/2026,20260124,5432,5430,2,TUKS 5,Tihardt Kruger,3242942,lbw b Eugene B,Eugene B,4973974,,,4973974,7,10,1,0,70.00
8210,949,2025/2026 TITANS SECOND LEAGUE,2025,32995,24/01/2026,20260124,5432,5430,2,TUKS 5,Johan Nel,4655263,not out,,,,,,81,44,9,5,184.09
8210,949,2025/2026 TITANS SECOND LEAGUE,2025,32995,24/01/2026,20260124,5432,5430,2,TUKS 5,Reinhardt Hamann,6371950,b Eugene B,Eugene B,4973974,,,4973974,5,4,0,0,125.00
8210,949,2025/2026 TITANS SECOND LEAGUE,2025,32995,24/01/2026,20260124,5432,5430,2,TUKS 5,Christian Strydom,2936847,not out,,,,,,36,33,5,0,109.09
8208,949,2025/2026 TITANS SECOND LEAGUE,2025,32995,24/01/2026,20260124,5425,5427,1,CBCOB 3,David Fourie,3018346,c Substitute b Werner P,Werner P,4756703,,,4756703,19,16,3,1,118.75
8208,949,2025/2026 TITANS SECOND LEAGUE,2025,32995,24/01/2026,20260124,5425,5427,1,CBCOB 3,Armin Havenga,3729570,c † b Eugene P,Eugene P,6552298,,,6552298,5,9,1,0,55.56
8208,949,2025/2026 TITANS SECOND LEAGUE,2025,32995,24/01/2026,20260124,5425,5427,1,CBCOB 3,Leon Bender,3730114,c Substitute b Eugene P,Eugene P,6552298,,,6552298,9,5,1,0,180.00
8208,949,2025/2026 TITANS SECOND LEAGUE,2025,32995,24/01/2026,20260124,5425,5427,1,CBCOB 3,Dillon Kotze,3729565,c Substitute b Gunter G,Gunter G,2985804,,,2985804,5,16,0,0,31.25
8208,949,2025/2026 TITANS SECOND LEAGUE,2025,32995,24/01/2026,20260124,5425,5427,1,CBCOB 3,Rykers Voges,6299646,run out (Substitute),,,,,,19,33,1,0,57.58
8208,949,2025/2026 TITANS SECOND LEAGUE,2025,32995,24/01/2026,20260124,5425,5427,1,CBCOB 3,Rigardt Saaiman,3729566,run out (Substitute),,,,,,5,19,0,0,26.32
8208,949,2025/2026 TITANS SECOND LEAGUE,2025,32995,24/01/2026,20260124,5425,5427,1,CBCOB 3,Justin Van Bassen,4673824,c Substitute b Waldemar B,Waldemar B,6299549,,,6299549,37,45,5,0,82.22
8208,949,2025/2026 TITANS SECOND LEAGUE,2025,32995,24/01/2026,20260124,5425,5427,1,CBCOB 3,Stefan Ferreira,6552300,lbw b Jacques V,Jacques V,3795662,,,3795662,1,2,0,0,50.00
8208,949,2025/2026 TITANS SECOND LEAGUE,2025,32995,24/01/2026,20260124,5425,5427,1,CBCOB 3,Janro De Bruin,6299640,c Substitute b Kyle K,Kyle K,2985826,,,2985826,19,38,1,0,50.00
8208,949,2025/2026 TITANS SECOND LEAGUE,2025,32995,24/01/2026,20260124,5425,5427,1,CBCOB 3,Mark Yafee,6552299,c † b Kyle K,Kyle K,2985826,,,2985826,3,6,0,0,50.00
8208,949,2025/2026 TITANS SECOND LEAGUE,2025,32995,24/01/2026,20260124,5425,5427,1,CBCOB 3,Rohan Van Der Walt,6299643,not out,,,,,,1,3,0,0,33.33
8208,949,2025/2026 TITANS SECOND LEAGUE,2025,32995,24/01/2026,20260124,5425,5427,2,IRENE VILLAGERS 3,Waldemar Bodenstein,6299549,lbw b Rohan V,Rohan V,6299643,,,6299643,13,22,1,0,59.09
8208,949,2025/2026 TITANS SECOND LEAGUE,2025,32995,24/01/2026,20260124,5425,5427,2,IRENE VILLAGERS 3,Rohann Rossouw,6355842,c Substitute b Stefan F,Stefan F,6552300,,,6552300,39,51,3,1,76.47
8208,949,2025/2026 TITANS SECOND LEAGUE,2025,32995,24/01/2026,20260124,5425,5427,2,IRENE VILLAGERS 3,Henco Murphy,6407257,lbw b Rigardt S,Rigardt S,3729566,,,3729566,25,40,3,1,62.50
8208,949,2025/2026 TITANS SECOND LEAGUE,2025,32995,24/01/2026,20260124,5425,5427,2,IRENE VILLAGERS 3,Nicolas Conradie,6552297,lbw b Stefan F,Stefan F,6552300,,,6552300,18,31,1,1,58.06
8208,949,2025/2026 TITANS SECOND LEAGUE,2025,32995,24/01/2026,20260124,5425,5427,2,IRENE VILLAGERS 3,Matthew Thurbon,4024778,c David F b Dillon K,David F,3018346,Dillon K,3729565,"3018346,3729565",20,29,2,0,68.97
8208,949,2025/2026 TITANS SECOND LEAGUE,2025,32995,24/01/2026,20260124,5425,5427,2,IRENE VILLAGERS 3,Gunter Geyer,2985804,c Rykers V b Dillon K,Rykers V,6299646,Dillon K,3729565,"6299646,3729565",3,5,0,0,60.00
8208,949,2025/2026 TITANS SECOND LEAGUE,2025,32995,24/01/2026,20260124,5425,5427,2,IRENE VILLAGERS 3,Werner Pretorius,4756703,not out,,,,,,22,7,0,3,314.29
8208,949,2025/2026 TITANS SECOND LEAGUE,2025,32995,24/01/2026,20260124,5425,5427,2,IRENE VILLAGERS 3,Kyle Kunneke,2985826,not out,,,,,,2,4,0,0,50.00
8207,949,2025/2026 TITANS SECOND LEAGUE,2025,32995,24/01/2026,20260124,5426,5431,1,HARLEQUINS 3,Ruan Coetzer,6336357,c Dewet L b Divan P,Dewet L,6552293,Divan P,4673570,"6552293,4673570",7,11,1,0,63.64
8207,949,2025/2026 TITANS SECOND LEAGUE,2025,32995,24/01/2026,20260124,5426,5431,1,HARLEQUINS 3,Juan Viljoen,4729877,c Dewet L b Divan P,Dewet L,6552293,Divan P,4673570,"6552293,4673570",10,17,1,0,58.82
8207,949,2025/2026 TITANS SECOND LEAGUE,2025,32995,24/01/2026,20260124,5426,5431,1,HARLEQUINS 3,Eddie Stephen,6299173,c&b Divan P,Divan P,4673570,,,4673570,0,5,0,0,0.00
8207,949,2025/2026 TITANS SECOND LEAGUE,2025,32995,24/01/2026,20260124,5426,5431,1,HARLEQUINS 3,Karel Vd Walt,6355781,b Stefan G,Stefan G,3018230,,,3018230,0,2,0,0,0.00
8207,949,2025/2026 TITANS SECOND LEAGUE,2025,32995,24/01/2026,20260124,5426,5431,1,HARLEQUINS 3,Willem Jacobs,5005715,b Divan P,Divan P,4673570,,,4673570,2,5,0,0,40.00
8207,949,2025/2026 TITANS SECOND LEAGUE,2025,32995,24/01/2026,20260124,5426,5431,1,HARLEQUINS 3,Luandre Nell,6336358,b Stefan G,Stefan G,3018230,,,3018230,6,30,0,0,20.00
8207,949,2025/2026 TITANS SECOND LEAGUE,2025,32995,24/01/2026,20260124,5426,5431,1,HARLEQUINS 3,Dimitri Saunders,6552289,c Jeandre R b Dewald B,Jeandre R,3018228,Dewald B,3018234,"3018228,3018234",33,55,1,1,60.00
8207,949,2025/2026 TITANS SECOND LEAGUE,2025,32995,24/01/2026,20260124,5426,5431,1,HARLEQUINS 3,Alex Steenkamp,6552290,b Stefan G,Stefan G,3018230,,,3018230,0,2,0,0,0.00
8207,949,2025/2026 TITANS SECOND LEAGUE,2025,32995,24/01/2026,20260124,5426,5431,1,HARLEQUINS 3,Kholisile Khuzwayo,6407265,c Jean S b Divan P,Jean S,6552294,Divan P,4673570,"6552294,4673570",3,12,0,0,25.00
8207,949,2025/2026 TITANS SECOND LEAGUE,2025,32995,24/01/2026,20260124,5426,5431,1,HARLEQUINS 3,Calvin Govender,6552291,lbw b Divan P,Divan P,4673570,,,4673570,6,11,1,0,54.55
8207,949,2025/2026 TITANS SECOND LEAGUE,2025,32995,24/01/2026,20260124,5426,5431,1,HARLEQUINS 3,Stefan Van Jaarsveld,6552292,not out,,,,,,2,5,0,0,40.00
8207,949,2025/2026 TITANS SECOND LEAGUE,2025,32995,24/01/2026,20260124,5426,5431,2,TUT 3,Charl Prinsloo,3018226,not out,,,,,,32,74,5,0,43.24
8207,949,2025/2026 TITANS SECOND LEAGUE,2025,32995,24/01/2026,20260124,5426,5431,2,TUT 3,Niel Coetzee,3018224,not out,,,,,,39,39,5,0,100.00
8170,949,2025/2026 TITANS SECOND LEAGUE,2025,32995,06/12/2025,20251206,5432,5428,1,IRENE VILLAGERS 4,Stefan Strydom,2985833,c Arno K b Brian K,Arno K,6336327,Brian K,4688792,"6336327,4688792",73,64,11,0,114.06
8170,949,2025/2026 TITANS SECOND LEAGUE,2025,32995,06/12/2025,20251206,5432,5428,1,IRENE VILLAGERS 4,Matthew Thurbon,2985834,c Marko D b Edwin D,Marko D,4688791,Edwin D,4742889,"4688791,4742889",10,10,2,0,100.00
8170,949,2025/2026 TITANS SECOND LEAGUE,2025,32995,06/12/2025,20251206,5432,5428,1,IRENE VILLAGERS 4,Tristan Beetge,4658060,b Burgert K,Burgert K,4742888,,,4742888,5,10,0,0,50.00
8170,949,2025/2026 TITANS SECOND LEAGUE,2025,32995,06/12/2025,20251206,5432,5428,1,IRENE VILLAGERS 4,Brent Hartley,2985828,lbw b Brian K,Brian K,4688792,,,4688792,29,68,2,0,42.65
8170,949,2025/2026 TITANS SECOND LEAGUE,2025,32995,06/12/2025,20251206,5432,5428,1,IRENE VILLAGERS 4,Werner Pretorius,4688690,c † Stefan V b Burgert K,Stefan V,4742893,Burgert K,4742888,"4742893,4742888",51,23,1,6,221.74
8170,949,2025/2026 TITANS SECOND LEAGUE,2025,32995,06/12/2025,20251206,5432,5428,1,IRENE VILLAGERS 4,Ruan Ebersohn,2985830,b Burgert K,Burgert K,4742888,,,4742888,16,30,1,0,53.33
8170,949,2025/2026 TITANS SECOND LEAGUE,2025,32995,06/12/2025,20251206,5432,5428,1,IRENE VILLAGERS 4,Johann Hattingh,6442371,c Christo S b Steven M,Christo S,2936900,Steven M,2937220,"2936900,2937220",3,10,0,0,30.00
8170,949,2025/2026 TITANS SECOND LEAGUE,2025,32995,06/12/2025,20251206,5432,5428,1,IRENE VILLAGERS 4,Clayton Brunsdon,4100291,c Marko D b Joubert E,Marko D,4688791,Joubert E,6390024,"4688791,6390024",13,17,2,0,76.47
8170,949,2025/2026 TITANS SECOND LEAGUE,2025,32995,06/12/2025,20251206,5432,5428,1,IRENE VILLAGERS 4,Brandon Polyblank,6336390,c Marko D b Joubert E,Marko D,4688791,Joubert E,6390024,"4688791,6390024",10,15,1,0,66.67
8170,949,2025/2026 TITANS SECOND LEAGUE,2025,32995,06/12/2025,20251206,5432,5428,1,IRENE VILLAGERS 4,Christoff Pompie Helm,2985831,not out,,,,,,15,19,3,0,78.95
8170,949,2025/2026 TITANS SECOND LEAGUE,2025,32995,06/12/2025,20251206,5432,5428,1,IRENE VILLAGERS 4,Mohapi Molete,2985827,not out,,,,,,4,8,0,0,50.00
8170,949,2025/2026 TITANS SECOND LEAGUE,2025,32995,06/12/2025,20251206,5432,5428,2,PHSOB 3,Marko De Cock,4688791,c Ruan E b Brandon P,Ruan E,2985830,Brandon P,6336390,"2985830,6336390",22,6,1,3,366.67
8170,949,2025/2026 TITANS SECOND LEAGUE,2025,32995,06/12/2025,20251206,5432,5428,2,PHSOB 3,Stefan Van Der Linden,4742893,c Matthew T b Clayton B,Matthew T,2985834,Clayton B,4100291,"2985834,4100291",36,50,3,0,72.00
8170,949,2025/2026 TITANS SECOND LEAGUE,2025,32995,06/12/2025,20251206,5432,5428,2,PHSOB 3,Arno Kruger,6336327,c † Brent H b Brandon P,Brent H,2985828,Brandon P,6336390,"2985828,6336390",13,13,1,1,100.00
8170,949,2025/2026 TITANS SECOND LEAGUE,2025,32995,06/12/2025,20251206,5432,5428,2,PHSOB 3,Brian Kershaw,4688792,b Ruan E,Ruan E,2985830,,,2985830,0,3,0,0,0.00
8170,949,2025/2026 TITANS SECOND LEAGUE,2025,32995,06/12/2025,20251206,5432,5428,2,PHSOB 3,Edwin De Waal,4742889,c Ruan E b Mohapi M,Ruan E,2985830,Mohapi M,2985827,"2985830,2985827",26,17,4,1,152.94
8170,949,2025/2026 TITANS SECOND LEAGUE,2025,32995,06/12/2025,20251206,5432,5428,2,PHSOB 3,Michael Kershaw,6297242,c Stefan S b Clayton B,Stefan S,2985833,Clayton B,4100291,"2985833,4100291",1,3,0,0,33.33
8170,949,2025/2026 TITANS SECOND LEAGUE,2025,32995,06/12/2025,20251206,5432,5428,2,PHSOB 3,Joubert Eybers,6390024,b Tristan B,Tristan B,4658060,,,4658060,69,80,5,3,86.25
8170,949,2025/2026 TITANS SECOND LEAGUE,2025,32995,06/12/2025,20251206,5432,5428,2,PHSOB 3,Pj Mckechnie,3000408,c&b Clayton B,Clayton B,4100291,,,4100291,7,10,0,0,70.00
8170,949,2025/2026 TITANS SECOND LEAGUE,2025,32995,06/12/2025,20251206,5432,5428,2,PHSOB 3,Christo Swanepoel,2936900,c Brent H b Werner P,Brent H,2985828,Werner P,4688690,"2985828,4688690",24,38,3,0,63.16
8170,949,2025/2026 TITANS SECOND LEAGUE,2025,32995,06/12/2025,20251206,5432,5428,2,PHSOB 3,Steven Meyburgh,2937220,c Mohapi M b Tristan B,Mohapi M,2985827,Tristan B,4658060,"2985827,4658060",2,7,0,0,28.57
8170,949,2025/2026 TITANS SECOND LEAGUE,2025,32995,06/12/2025,20251206,5432,5428,2,PHSOB 3,Burgert Kloppers,4742888,not out,,,,,,10,4,2,0,250.00
8168,949,2025/2026 TITANS SECOND LEAGUE,2025,32995,06/12/2025,20251206,5425,5429,1,CBCOB 3,Armin Havenga,3729570,b Ryno V,Ryno V,6299554,,,6299554,0,2,0,0,0.00
8168,949,2025/2026 TITANS SECOND LEAGUE,2025,32995,06/12/2025,20251206,5425,5429,1,CBCOB 3,Senekal Cbc,6442336,run out ( Jason G ),Jason G,3003090,,,3003090,2,2,0,0,100.00
8168,949,2025/2026 TITANS SECOND LEAGUE,2025,32995,06/12/2025,20251206,5425,5429,1,CBCOB 3,Leon Bender,3730114,b Janu O,Janu O,4973941,,,4973941,18,44,1,0,40.91
8168,949,2025/2026 TITANS SECOND LEAGUE,2025,32995,06/12/2025,20251206,5425,5429,1,CBCOB 3,Dylan Kotze,2987579,c&b Ruan V,Ruan V,4673574,,,4673574,22,35,4,0,62.86
8168,949,2025/2026 TITANS SECOND LEAGUE,2025,32995,06/12/2025,20251206,5425,5429,1,CBCOB 3,Rykers Voges,6299646,run out ( Janu O ),Janu O,4973941,,,4973941,6,8,1,0,75.00
8168,949,2025/2026 TITANS SECOND LEAGUE,2025,32995,06/12/2025,20251206,5425,5429,1,CBCOB 3,Henry Cbc,6442337,c&b Jason G,Jason G,3003090,,,3003090,45,53,4,2,84.91
8168,949,2025/2026 TITANS SECOND LEAGUE,2025,32995,06/12/2025,20251206,5425,5429,1,CBCOB 3,Faf Potgieter,6390079,c&b Ruan V,Ruan V,4673574,,,4673574,14,18,0,0,77.78
8168,949,2025/2026 TITANS SECOND LEAGUE,2025,32995,06/12/2025,20251206,5425,5429,1,CBCOB 3,Miles M,5047121,b Zandré N,Zandré N,3031806,,,3031806,17,21,3,0,80.95
8168,949,2025/2026 TITANS SECOND LEAGUE,2025,32995,06/12/2025,20251206,5425,5429,1,CBCOB 3,Janro De Bruin,6299640,b Zandré N,Zandré N,3031806,,,3031806,0,2,0,0,0.00
8168,949,2025/2026 TITANS SECOND LEAGUE,2025,32995,06/12/2025,20251206,5425,5429,1,CBCOB 3,Jaden Beukes,6299645,b Rivan S,Rivan S,6352780,,,6352780,32,37,4,0,86.49
8168,949,2025/2026 TITANS SECOND LEAGUE,2025,32995,06/12/2025,20251206,5425,5429,1,CBCOB 3,Jordan Cbc,6442338,not out,,,,,,3,5,0,0,60.00
8168,949,2025/2026 TITANS SECOND LEAGUE,2025,32995,06/12/2025,20251206,5425,5429,2,SINOVILLE 3,Rivan Stoman,6352780,b Jordan C,Jordan C,6442338,,,6442338,7,16,1,0,43.75
8168,949,2025/2026 TITANS SECOND LEAGUE,2025,32995,06/12/2025,20251206,5425,5429,2,SINOVILLE 3,Ludwig Erasmus,4673573,c Jaden B b Jordan C,Jaden B,6299645,Jordan C,6442338,"6299645,6442338",37,31,4,2,119.35
8168,949,2025/2026 TITANS SECOND LEAGUE,2025,32995,06/12/2025,20251206,5425,5429,2,SINOVILLE 3,Marco Rudolph,3229694,lbw b Henry C,Henry C,6442337,,,6442337,29,26,1,1,111.54
8168,949,2025/2026 TITANS SECOND LEAGUE,2025,32995,06/12/2025,20251206,5425,5429,2,SINOVILLE 3,Ryno Vermaak,6299554,b Jaden B,Jaden B,6299645,,,6299645,9,9,1,0,100.00
8168,949,2025/2026 TITANS SECOND LEAGUE,2025,32995,06/12/2025,20251206,5425,5429,2,SINOVILLE 3,Jd Van Wyk,4688794,c Armin H b Jaden B,Armin H,3729570,Jaden B,6299645,"3729570,6299645",0,6,0,0,0.00
8168,949,2025/2026 TITANS SECOND LEAGUE,2025,32995,06/12/2025,20251206,5425,5429,2,SINOVILLE 3,Jason Gillard,3003090,not out,,,,,,26,22,0,3,118.18
8168,949,2025/2026 TITANS SECOND LEAGUE,2025,32995,06/12/2025,20251206,5425,5429,2,SINOVILLE 3,Zandré Nel,3031806,c Jordan C b Faf P,Jordan C,6442338,Faf P,6390079,"6442338,6390079",4,12,0,0,33.33
8168,949,2025/2026 TITANS SECOND LEAGUE,2025,32995,06/12/2025,20251206,5425,5429,2,SINOVILLE 3,Janu Olivier,4973941,b Faf P,Faf P,6390079,,,6390079,0,1,0,0,0.00
8168,949,2025/2026 TITANS SECOND LEAGUE,2025,32995,06/12/2025,20251206,5425,5429,2,SINOVILLE 3,Heinrich Du Toit,2937224,b Faf P,Faf P,6390079,,,6390079,0,3,0,0,0.00
8168,949,2025/2026 TITANS SECOND LEAGUE,2025,32995,06/12/2025,20251206,5425,5429,2,SINOVILLE 3,Ruan Venter,4673574,c&b Henry C,Henry C,6442337,,,6442337,0,6,0,0,0.00
8168,949,2025/2026 TITANS SECOND LEAGUE,2025,32995,06/12/2025,20251206,5425,5429,2,SINOVILLE 3,Ruben Erasmus,6352785,Run Out ( Henry C ),Henry C,6442337,,,6442337,14,11,0,2,127.27
8102,949,2025/2026 TITANS SECOND LEAGUE,2025,32995,29/11/2025,20251129,5426,5430,1,HARLEQUINS 3,Pieter Roos,2939189,c&b Tiaan E,Tiaan E,2936837,,,2936837,7,13,0,0,53.85
8102,949,2025/2026 TITANS SECOND LEAGUE,2025,32995,29/11/2025,20251129,5426,5430,1,HARLEQUINS 3,Faf De Villiers,6390021,c Rickus E b Tiaan E,Rickus E,6423335,Tiaan E,2936837,"6423335,2936837",98,111,9,2,88.29
8102,949,2025/2026 TITANS SECOND LEAGUE,2025,32995,29/11/2025,20251129,5426,5430,1,HARLEQUINS 3,Wian Van Der Merwe,6423336,lbw b Sydney S,Sydney S,6389980,,,6389980,4,19,0,0,21.05
8102,949,2025/2026 TITANS SECOND LEAGUE,2025,32995,29/11/2025,20251129,5426,5430,1,HARLEQUINS 3,Francke Botha,6390022,lbw b Johan N,Johan N,4655263,,,4655263,73,80,5,2,91.25
8102,949,2025/2026 TITANS SECOND LEAGUE,2025,32995,29/11/2025,20251129,5426,5430,1,HARLEQUINS 3,Haadi Abdul,6407263,lbw b Johan N,Johan N,4655263,,,4655263,1,2,0,0,50.00
8102,949,2025/2026 TITANS SECOND LEAGUE,2025,32995,29/11/2025,20251129,5426,5430,1,HARLEQUINS 3,Eddie Stephen,6299173,not out,,,,,,11,10,0,1,110.00
8102,949,2025/2026 TITANS SECOND LEAGUE,2025,32995,29/11/2025,20251129,5426,5430,1,HARLEQUINS 3,Juan Viljoen,4729877,not out,,,,,,7,6,0,0,116.67
8102,949,2025/2026 TITANS SECOND LEAGUE,2025,32995,29/11/2025,20251129,5426,5430,2,TUKS 5,Frits Snyman,2936846,St Wian V b Pieter R,Wian V,6423336,Pieter R,2939189,"6423336,2939189",59,65,9,0,90.77
8102,949,2025/2026 TITANS SECOND LEAGUE,2025,32995,29/11/2025,20251129,5426,5430,2,TUKS 5,Martin Van Tonder,2840539,St Wian V b Willem J,Wian V,6423336,Willem J,5005715,"6423336,5005715",12,24,1,0,50.00
8102,949,2025/2026 TITANS SECOND LEAGUE,2025,32995,29/11/2025,20251129,5426,5430,2,TUKS 5,Johan Nel,4655263,c Haadi A b Willem J,Haadi A,6407263,Willem J,5005715,"6407263,5005715",1,10,0,0,10.00
8102,949,2025/2026 TITANS SECOND LEAGUE,2025,32995,29/11/2025,20251129,5426,5430,2,TUKS 5,Reinhardt Hamann,6371950,c&b Kholi W,Kholi W,6299172,,,6299172,28,14,1,2,200.00
8102,949,2025/2026 TITANS SECOND LEAGUE,2025,32995,29/11/2025,20251129,5426,5430,2,TUKS 5,Tiaan Engelbrecht,2936837,c&b Kholi W,Kholi W,6299172,,,6299172,8,11,1,0,72.73
8102,949,2025/2026 TITANS SECOND LEAGUE,2025,32995,29/11/2025,20251129,5426,5430,2,TUKS 5,Rickus Engelbrecht,6423335,c&b Kholi W,Kholi W,6299172,,,6299172,9,11,2,0,81.82
8102,949,2025/2026 TITANS SECOND LEAGUE,2025,32995,29/11/2025,20251129,5426,5430,2,TUKS 5,Tihardt Kruger,3242942,lbw b Kholi W,Kholi W,6299172,,,6299172,23,21,1,1,109.52
8102,949,2025/2026 TITANS SECOND LEAGUE,2025,32995,29/11/2025,20251129,5426,5430,2,TUKS 5,Jerry Lesige,6299177,b Kholi W,Kholi W,6299172,,,6299172,14,27,1,0,51.85
8102,949,2025/2026 TITANS SECOND LEAGUE,2025,32995,29/11/2025,20251129,5426,5430,2,TUKS 5,Jan Jones,2936838,lbw b Pieter R,Pieter R,2939189,,,2939189,6,7,0,0,85.71
8102,949,2025/2026 TITANS SECOND LEAGUE,2025,32995,29/11/2025,20251129,5426,5430,2,TUKS 5,Sydney Stanley,6389980,b Willem J,Willem J,5005715,,,5005715,0,1,0,0,0.00
8102,949,2025/2026 TITANS SECOND LEAGUE,2025,32995,29/11/2025,20251129,5426,5430,2,TUKS 5,Andre Van Wyk,3266939,not out,,,,,,1,2,0,0,50.00
8012,949,2025/2026 TITANS SECOND LEAGUE,2025,32995,22/11/2025,20251122,5426,5432,1,HARLEQUINS 3,Haadi Abdul,6407263,c Christoff Pompie H b Brandon P,Christoff Pompie H,2985831,Brandon P,6336390,"2985831,6336390",7,11,1,0,63.64
8012,949,2025/2026 TITANS SECOND LEAGUE,2025,32995,22/11/2025,20251122,5426,5432,1,HARLEQUINS 3,Faf De Villiers,6390021,c Clayton B b Brandon P,Clayton B,4100291,Brandon P,6336390,"4100291,6336390",14,25,1,0,56.00
8012,949,2025/2026 TITANS SECOND LEAGUE,2025,32995,22/11/2025,20251122,5426,5432,1,HARLEQUINS 3,Willem Jacobs,5005715,b Robert V,Robert V,6407267,,,6407267,0,2,0,0,0.00
8012,949,2025/2026 TITANS SECOND LEAGUE,2025,32995,22/11/2025,20251122,5426,5432,1,HARLEQUINS 3,Eddie Stephen,6299173,lbw b Brandon P,Brandon P,6336390,,,6336390,6,8,1,0,75.00
8012,949,2025/2026 TITANS SECOND LEAGUE,2025,32995,22/11/2025,20251122,5426,5432,1,HARLEQUINS 3,David Diemont,4630530,b Brandon P,Brandon P,6336390,,,6336390,10,12,1,1,83.33
8012,949,2025/2026 TITANS SECOND LEAGUE,2025,32995,22/11/2025,20251122,5426,5432,1,HARLEQUINS 3,Ian Diemont,4729875,c Rian K b Brandon P,Rian K,4769742,Brandon P,6336390,"4769742,6336390",1,4,0,0,25.00
8012,949,2025/2026 TITANS SECOND LEAGUE,2025,32995,22/11/2025,20251122,5426,5432,1,HARLEQUINS 3,Francke Botha,6390022,b Stiaan H,Stiaan H,4673670,,,4673670,100,90,12,3,111.11
8012,949,2025/2026 TITANS SECOND LEAGUE,2025,32995,22/11/2025,20251122,5426,5432,1,HARLEQUINS 3,Juan Viljoen,4729877,c Substitute b Rian K,Rian K,4769742,,,4769742,2,9,0,0,22.22
8012,949,2025/2026 TITANS SECOND LEAGUE,2025,32995,22/11/2025,20251122,5426,5432,1,HARLEQUINS 3,Willie Kamffer,6299174,c Substitute b Clayton B,Clayton B,4100291,,,4100291,7,22,0,0,31.82
8012,949,2025/2026 TITANS SECOND LEAGUE,2025,32995,22/11/2025,20251122,5426,5432,1,HARLEQUINS 3,Neo Ngarize,6407264,lbw b Eugene B,Eugene B,4973974,,,4973974,9,52,1,0,17.31
8012,949,2025/2026 TITANS SECOND LEAGUE,2025,32995,22/11/2025,20251122,5426,5432,1,HARLEQUINS 3,Kholisile Khuzwayo,6407265,not out,,,,,,1,6,0,0,16.67
8012,949,2025/2026 TITANS SECOND LEAGUE,2025,32995,22/11/2025,20251122,5426,5432,2,IRENE VILLAGERS 4,Stefan Strydom,2985833,c Willem J b Willie K,Willem J,5005715,Willie K,6299174,"5005715,6299174",36,44,3,0,81.82
8012,949,2025/2026 TITANS SECOND LEAGUE,2025,32995,22/11/2025,20251122,5426,5432,2,IRENE VILLAGERS 4,Eugene Botha,4973974,b Juan V,Juan V,4729877,,,4729877,9,17,0,0,52.94
8012,949,2025/2026 TITANS SECOND LEAGUE,2025,32995,22/11/2025,20251122,5426,5432,2,IRENE VILLAGERS 4,Brent Hartley,2985828,lbw b Eddie S,Eddie S,6299173,,,6299173,24,34,4,0,70.59
8012,949,2025/2026 TITANS SECOND LEAGUE,2025,32995,22/11/2025,20251122,5426,5432,2,IRENE VILLAGERS 4,Rian Klopper,4769742,c Willem J b Eddie S,Willem J,5005715,Eddie S,6299173,"5005715,6299173",1,11,0,0,9.09
8012,949,2025/2026 TITANS SECOND LEAGUE,2025,32995,22/11/2025,20251122,5426,5432,2,IRENE VILLAGERS 4,Andre Klopper,6355845,not out,,,,,,23,12,1,2,191.67
8012,949,2025/2026 TITANS SECOND LEAGUE,2025,32995,22/11/2025,20251122,5426,5432,2,IRENE VILLAGERS 4,Clayton Brunsdon,4100291,not out,,,,,,2,4,0,0,50.00
8011,949,2025/2026 TITANS SECOND LEAGUE,2025,32995,22/11/2025,20251122,5427,5428,1,IRENE VILLAGERS 3,Waldemar Bodenstein,6299549,c&b Christoper B,Christoper B,6407256,,,6407256,55,46,12,0,119.57
8011,949,2025/2026 TITANS SECOND LEAGUE,2025,32995,22/11/2025,20251122,5427,5428,1,IRENE VILLAGERS 3,Matt Thurbon,6407299,b Burgert K,Burgert K,4742888,,,4742888,1,7,0,0,14.29
8011,949,2025/2026 TITANS SECOND LEAGUE,2025,32995,22/11/2025,20251122,5427,5428,1,IRENE VILLAGERS 3,Tshepo Molite,4892046,lbw b Burgert K,Burgert K,4742888,,,4742888,2,3,0,0,66.67
8011,949,2025/2026 TITANS SECOND LEAGUE,2025,32995,22/11/2025,20251122,5427,5428,1,IRENE VILLAGERS 3,Henco Murphy,3771718,c&b Christoper B,Christoper B,6407256,,,6407256,18,17,1,2,105.88
8011,949,2025/2026 TITANS SECOND LEAGUE,2025,32995,22/11/2025,20251122,5427,5428,1,IRENE VILLAGERS 3,Ciaron Roundtree,6355841,c&b Marcel C,Marcel C,6336326,,,6336326,1,8,0,0,12.50
8011,949,2025/2026 TITANS SECOND LEAGUE,2025,32995,22/11/2025,20251122,5427,5428,1,IRENE VILLAGERS 3,Rohann Rossouw,6355842,c Substitute b Christoper B,Christoper B,6407256,,,6407256,0,8,0,0,0.00
8011,949,2025/2026 TITANS SECOND LEAGUE,2025,32995,22/11/2025,20251122,5427,5428,1,IRENE VILLAGERS 3,Justin Pretorius,6407259,b Marcel C,Marcel C,6336326,,,6336326,1,2,0,0,50.00
8011,949,2025/2026 TITANS SECOND LEAGUE,2025,32995,22/11/2025,20251122,5427,5428,1,IRENE VILLAGERS 3,Kyle Kunneke,2985826,b Joubert E,Joubert E,6390024,,,6390024,31,63,3,1,49.21
8011,949,2025/2026 TITANS SECOND LEAGUE,2025,32995,22/11/2025,20251122,5427,5428,1,IRENE VILLAGERS 3,Barend Pelser,4854733,c † Stefan V b Joubert E,Stefan V,4742893,Joubert E,6390024,"4742893,6390024",14,14,1,1,100.00
8011,949,2025/2026 TITANS SECOND LEAGUE,2025,32995,22/11/2025,20251122,5427,5428,1,IRENE VILLAGERS 3,Neil Jansen,4655259,c Substitute b Matt C,Matt C,4081460,,,4081460,49,61,6,2,80.33
8011,949,2025/2026 TITANS SECOND LEAGUE,2025,32995,22/11/2025,20251122,5427,5428,1,IRENE VILLAGERS 3,Elgun Boecker,4702810,not out,,,,,,32,27,2,3,118.52
8011,949,2025/2026 TITANS SECOND LEAGUE,2025,32995,22/11/2025,20251122,5427,5428,2,PHSOB 3,Stefan Van Der Linden,4742893,c Tshepo M b Neil J,Tshepo M,4892046,Neil J,4655259,"4892046,4655259",0,6,0,0,0.00
8011,949,2025/2026 TITANS SECOND LEAGUE,2025,32995,22/11/2025,20251122,5427,5428,2,PHSOB 3,Liam Armstrong,6358571,b Waldemar B,Waldemar B,6299549,,,6299549,39,43,7,0,90.70
8011,949,2025/2026 TITANS SECOND LEAGUE,2025,32995,22/11/2025,20251122,5427,5428,2,PHSOB 3,Matt Collett,4081460,b Kyle K,Kyle K,2985826,,,2985826,41,47,6,1,87.23
8011,949,2025/2026 TITANS SECOND LEAGUE,2025,32995,22/11/2025,20251122,5427,5428,2,PHSOB 3,Callen Stephen,3782749,b Waldemar B,Waldemar B,6299549,,,6299549,10,21,1,0,47.62
8011,949,2025/2026 TITANS SECOND LEAGUE,2025,32995,22/11/2025,20251122,5427,5428,2,PHSOB 3,Marcel Cronjé,6336326,not out,,,,,,7,16,1,0,43.75
8011,949,2025/2026 TITANS SECOND LEAGUE,2025,32995,22/11/2025,20251122,5427,5428,2,PHSOB 3,Joubert Eybers,6390024,not out,,,,,,2,5,0,0,40.00
7901,949,2025/2026 TITANS SECOND LEAGUE,2025,32995,15/11/2025,20251115,5432,5425,1,IRENE VILLAGERS 4,Brent Hartley,2985828,not out,,,,,,7,23,1,0,30.43
7901,949,2025/2026 TITANS SECOND LEAGUE,2025,32995,15/11/2025,20251115,5432,5425,1,IRENE VILLAGERS 4,Stefan Strydom,2985833,b Janro D,Janro D,6299640,,,6299640,14,17,1,1,82.35
7901,949,2025/2026 TITANS SECOND LEAGUE,2025,32995,15/11/2025,20251115,5432,5425,1,IRENE VILLAGERS 4,Miane Smit,6390078,b Jeandre P,Jeandre P,6390081,,,6390081,0,2,0,0,0.00
7901,949,2025/2026 TITANS SECOND LEAGUE,2025,32995,15/11/2025,20251115,5432,5425,1,IRENE VILLAGERS 4,Rian Klopper,4769742,not out,,,,,,2,5,0,0,40.00
7898,949,2025/2026 TITANS SECOND LEAGUE,2025,32995,15/11/2025,20251115,5426,5428,1,HARLEQUINS 3,Ettienne Tait,2939149,c † Stefan V b Edwin D,Stefan V,4742893,Edwin D,4742889,"4742893,4742889",5,12,0,0,41.67
7898,949,2025/2026 TITANS SECOND LEAGUE,2025,32995,15/11/2025,20251115,5426,5428,1,HARLEQUINS 3,Faf De Villiers,6390021,c † Stefan V b Edwin D,Stefan V,4742893,Edwin D,4742889,"4742893,4742889",0,4,0,0,0.00
7898,949,2025/2026 TITANS SECOND LEAGUE,2025,32995,15/11/2025,20251115,5426,5428,1,HARLEQUINS 3,Peet Snyman,6299175,b Edwin D,Edwin D,4742889,,,4742889,0,1,0,0,0.00
7898,949,2025/2026 TITANS SECOND LEAGUE,2025,32995,15/11/2025,20251115,5426,5428,1,HARLEQUINS 3,Dante Meyer,4896936,c Substitute b Burgert K,Burgert K,4742888,,,4742888,4,5,1,0,80.00
7898,949,2025/2026 TITANS SECOND LEAGUE,2025,32995,15/11/2025,20251115,5426,5428,1,HARLEQUINS 3,Francke Botha,6390022,lbw b Dylan H,Dylan H,2936902,,,2936902,20,20,5,0,100.00
7898,949,2025/2026 TITANS SECOND LEAGUE,2025,32995,15/11/2025,20251115,5426,5428,1,HARLEQUINS 3,Calyle Stolze,4896935,c † Stefan V b Edwin D,Stefan V,4742893,Edwin D,4742889,"4742893,4742889",0,1,0,0,0.00
7898,949,2025/2026 TITANS SECOND LEAGUE,2025,32995,15/11/2025,20251115,5426,5428,1,HARLEQUINS 3,Pieter Roos,2939189,lbw b Edwin D,Edwin D,4742889,,,4742889,0,4,0,0,0.00
7898,949,2025/2026 TITANS SECOND LEAGUE,2025,32995,15/11/2025,20251115,5426,5428,1,HARLEQUINS 3,Juan Viljoen,4729877,c Substitute b Dylan H,Dylan H,2936902,,,2936902,8,10,2,0,80.00
7898,949,2025/2026 TITANS SECOND LEAGUE,2025,32995,15/11/2025,20251115,5426,5428,1,HARLEQUINS 3,Willem Jacobs,5005715,run out ( Regan P ),Regan P,3713341,,,3713341,1,5,0,0,20.00
7898,949,2025/2026 TITANS SECOND LEAGUE,2025,32995,15/11/2025,20251115,5426,5428,1,HARLEQUINS 3,Dewald Van Der Walt,3276817,lbw b Regan P,Regan P,3713341,,,3713341,0,3,0,0,0.00
7898,949,2025/2026 TITANS SECOND LEAGUE,2025,32995,15/11/2025,20251115,5426,5428,1,HARLEQUINS 3,Ruan Coetzer,6336357,not out,,,,,,1,1,0,0,100.00
7898,949,2025/2026 TITANS SECOND LEAGUE,2025,32995,15/11/2025,20251115,5426,5428,2,PHSOB 3,Edwin De Waal,4742889,b Juan V,Juan V,4729877,,,4729877,0,1,0,0,0.00
7898,949,2025/2026 TITANS SECOND LEAGUE,2025,32995,15/11/2025,20251115,5426,5428,2,PHSOB 3,Burgert Kloppers,4742888,b Juan V,Juan V,4729877,,,4729877,7,19,1,0,36.84
7898,949,2025/2026 TITANS SECOND LEAGUE,2025,32995,15/11/2025,20251115,5426,5428,2,PHSOB 3,Dylan Howe-Dreyer,2936902,c&b Ettienne T,Ettienne T,2939149,,,2939149,10,11,1,0,90.91
7898,949,2025/2026 TITANS SECOND LEAGUE,2025,32995,15/11/2025,20251115,5426,5428,2,PHSOB 3,Arno Kruger,6336327,b Ettienne T,Ettienne T,2939149,,,2939149,2,4,0,0,50.00
7898,949,2025/2026 TITANS SECOND LEAGUE,2025,32995,15/11/2025,20251115,5426,5428,2,PHSOB 3,Michael Kershaw,6297242,b Ettienne T,Ettienne T,2939149,,,2939149,14,10,2,1,140.00
7898,949,2025/2026 TITANS SECOND LEAGUE,2025,32995,15/11/2025,20251115,5426,5428,2,PHSOB 3,Marcel Cronjé,6336326,not out,,,,,,5,9,0,0,55.56
7898,949,2025/2026 TITANS SECOND LEAGUE,2025,32995,15/11/2025,20251115,5426,5428,2,PHSOB 3,Emil Rolfes,2936903,not out,,,,,,8,12,2,0,66.67
7896,949,2025/2026 TITANS SECOND LEAGUE,2025,32995,15/11/2025,20251115,5429,5430,1,SINOVILLE 3,Arno Louw,6352769,c † Donovan d b Tiaan E,Donovan d,3713457,Tiaan E,2936837,"3713457,2936837",13,23,3,0,56.52
7896,949,2025/2026 TITANS SECOND LEAGUE,2025,32995,15/11/2025,20251115,5429,5430,1,SINOVILLE 3,Ryno Vermaak,6299554,b Martin V,Martin V,2840539,,,2840539,0,2,0,0,0.00
7896,949,2025/2026 TITANS SECOND LEAGUE,2025,32995,15/11/2025,20251115,5429,5430,1,SINOVILLE 3,Julian Otto,6352767,c † Donovan d b Martin V,Donovan d,3713457,Martin V,2840539,"3713457,2840539",6,10,1,0,60.00
7896,949,2025/2026 TITANS SECOND LEAGUE,2025,32995,15/11/2025,20251115,5429,5430,1,SINOVILLE 3,Hendre Du Toit,2987477,b Martin V,Martin V,2840539,,,2840539,2,18,0,0,11.11
7896,949,2025/2026 TITANS SECOND LEAGUE,2025,32995,15/11/2025,20251115,5429,5430,1,SINOVILLE 3,Ruan Pieters,2556369,c † Donovan d b Tiaan E,Donovan d,3713457,Tiaan E,2936837,"3713457,2936837",0,1,0,0,0.00
7896,949,2025/2026 TITANS SECOND LEAGUE,2025,32995,15/11/2025,20251115,5429,5430,1,SINOVILLE 3,Benjamin Coertze,6352781,c Henry V b Johan N,Henry V,6389981,Johan N,4655263,"6389981,4655263",3,11,0,0,27.27
7896,949,2025/2026 TITANS SECOND LEAGUE,2025,32995,15/11/2025,20251115,5429,5430,1,SINOVILLE 3,Ruben Erasmus,6352785,b Christian S,Christian S,2936847,,,2936847,0,5,0,0,0.00
7896,949,2025/2026 TITANS SECOND LEAGUE,2025,32995,15/11/2025,20251115,5429,5430,1,SINOVILLE 3,Jd Van Wyk,4688794,b Andrè S,Andrè S,6371951,,,6371951,25,33,4,0,75.76
7896,949,2025/2026 TITANS SECOND LEAGUE,2025,32995,15/11/2025,20251115,5429,5430,1,SINOVILLE 3,Enrico Hepburn,5034371,b Johan N,Johan N,4655263,,,4655263,0,1,0,0,0.00
7896,949,2025/2026 TITANS SECOND LEAGUE,2025,32995,15/11/2025,20251115,5429,5430,1,SINOVILLE 3,Ulrich Louw,6389979,b Andrè S,Andrè S,6371951,,,6371951,1,2,0,0,50.00
7896,949,2025/2026 TITANS SECOND LEAGUE,2025,32995,15/11/2025,20251115,5429,5430,1,SINOVILLE 3,Alexander Koekemoer,6389978,not out,,,,,,1,5,0,0,20.00
7896,949,2025/2026 TITANS SECOND LEAGUE,2025,32995,15/11/2025,20251115,5429,5430,2,TUKS 5,Henry Van Der Merwe,6389981,c † Benjamin C b Hendre D,Benjamin C,6352781,Hendre D,2987477,"6352781,2987477",10,9,2,0,111.11
7896,949,2025/2026 TITANS SECOND LEAGUE,2025,32995,15/11/2025,20251115,5429,5430,2,TUKS 5,Johan Nel,4655263,c Ulrich L b Ryno V,Ulrich L,6389979,Ryno V,6299554,"6389979,6299554",21,9,3,1,233.33
7896,949,2025/2026 TITANS SECOND LEAGUE,2025,32995,15/11/2025,20251115,5429,5430,2,TUKS 5,Andrè Smith,6371951,not out,,,,,,9,13,1,0,69.23
7896,949,2025/2026 TITANS SECOND LEAGUE,2025,32995,15/11/2025,20251115,5429,5430,2,TUKS 5,Christian Strydom,2936847,not out,,,,,,21,13,4,0,161.54
7790,949,2025/2026 TITANS SECOND LEAGUE,2025,32995,08/11/2025,20251108,5431,5428,1,TUT 3,Gary Van Blerk,4673569,c Brian K b Wilhelm B,Brian K,4688792,Wilhelm B,6372014,"4688792,6372014",5,5,1,0,100.00
7790,949,2025/2026 TITANS SECOND LEAGUE,2025,32995,08/11/2025,20251108,5431,5428,1,TUT 3,Stefan Olivier,3729935,b Wilhelm B,Wilhelm B,6372014,,,6372014,8,14,2,0,57.14
7790,949,2025/2026 TITANS SECOND LEAGUE,2025,32995,08/11/2025,20251108,5431,5428,1,TUT 3,Charl Prinsloo,3018226,c Substitute b Brian K,Brian K,4688792,,,4688792,5,19,0,0,26.32
7790,949,2025/2026 TITANS SECOND LEAGUE,2025,32995,08/11/2025,20251108,5431,5428,1,TUT 3,Hendrik Ferreira,4891854,c Substitute b Wilhelm B,Wilhelm B,6372014,,,6372014,84,110,6,5,76.36
7790,949,2025/2026 TITANS SECOND LEAGUE,2025,32995,08/11/2025,20251108,5431,5428,1,TUT 3,Leon Smith,4673571,lbw b Regan P,Regan P,3713341,,,3713341,0,4,0,0,0.00
7790,949,2025/2026 TITANS SECOND LEAGUE,2025,32995,08/11/2025,20251108,5431,5428,1,TUT 3,Niel Coetzee,3018224,b Regan P,Regan P,3713341,,,3713341,5,8,1,0,62.50
7790,949,2025/2026 TITANS SECOND LEAGUE,2025,32995,08/11/2025,20251108,5431,5428,1,TUT 3,Dewet Lombard,6355780,b PJ M,PJ M,3000408,,,3000408,34,44,3,2,77.27
7790,949,2025/2026 TITANS SECOND LEAGUE,2025,32995,08/11/2025,20251108,5431,5428,1,TUT 3,Neiko Stigling,6299637,c Substitute b Regan P,Regan P,3713341,,,3713341,11,19,1,0,57.89
7790,949,2025/2026 TITANS SECOND LEAGUE,2025,32995,08/11/2025,20251108,5431,5428,1,TUT 3,Stefan Grobler,3018230,b Regan P,Regan P,3713341,,,3713341,6,4,0,1,150.00
7790,949,2025/2026 TITANS SECOND LEAGUE,2025,32995,08/11/2025,20251108,5431,5428,1,TUT 3,Divan Potgieter,4673570,not out,,,,,,13,8,0,1,162.50
7790,949,2025/2026 TITANS SECOND LEAGUE,2025,32995,08/11/2025,20251108,5431,5428,1,TUT 3,Dewald Basson,3018234,run out ( Coert d ),Coert d,3771285,,,3771285,1,8,0,0,12.50
7790,949,2025/2026 TITANS SECOND LEAGUE,2025,32995,08/11/2025,20251108,5431,5428,2,PHSOB 3,Stefan Van Der Linden,4742893,lbw b Neiko S,Neiko S,6299637,,,6299637,1,5,0,0,20.00
7790,949,2025/2026 TITANS SECOND LEAGUE,2025,32995,08/11/2025,20251108,5431,5428,2,PHSOB 3,Hayden Van Den Heever,6372013,b Divan P,Divan P,4673570,,,4673570,17,15,2,1,113.33
7790,949,2025/2026 TITANS SECOND LEAGUE,2025,32995,08/11/2025,20251108,5431,5428,2,PHSOB 3,Matt Collett,4081460,c Substitute b Neiko S,Neiko S,6299637,,,6299637,6,8,1,0,75.00
7790,949,2025/2026 TITANS SECOND LEAGUE,2025,32995,08/11/2025,20251108,5431,5428,2,PHSOB 3,Callen Stephen,3782749,b Stefan O,Stefan O,3729935,,,3729935,59,70,6,2,84.29
7790,949,2025/2026 TITANS SECOND LEAGUE,2025,32995,08/11/2025,20251108,5431,5428,2,PHSOB 3,Edwin De Waal,4742889,c Substitute b Stefan G,Stefan G,3018230,,,3018230,25,20,2,2,125.00
7790,949,2025/2026 TITANS SECOND LEAGUE,2025,32995,08/11/2025,20251108,5431,5428,2,PHSOB 3,Brian Kershaw,4688792,not out,,,,,,67,53,3,6,126.42
7790,949,2025/2026 TITANS SECOND LEAGUE,2025,32995,08/11/2025,20251108,5431,5428,2,PHSOB 3,Pj Mckechnie,3000408,c Substitute b Stefan O,Stefan O,3729935,,,3729935,2,6,0,0,33.33
7790,949,2025/2026 TITANS SECOND LEAGUE,2025,32995,08/11/2025,20251108,5431,5428,2,PHSOB 3,Heinz Hellmann,6372012,not out,,,,,,7,14,1,0,50.00
7777,949,2025/2026 TITANS SECOND LEAGUE,2025,32995,08/11/2025,20251108,5427,5430,1,IRENE VILLAGERS 3,Waldemar Bodenstein,6299549,b Tiaan E,Tiaan E,2936837,,,2936837,11,32,1,0,34.38
7777,949,2025/2026 TITANS SECOND LEAGUE,2025,32995,08/11/2025,20251108,5427,5430,1,IRENE VILLAGERS 3,Rohann Rossouw,6355842,b Tiaan E,Tiaan E,2936837,,,2936837,13,15,1,1,86.67
7777,949,2025/2026 TITANS SECOND LEAGUE,2025,32995,08/11/2025,20251108,5427,5430,1,IRENE VILLAGERS 3,Tshepo Molite,4892046,lbw b Martin V,Martin V,2840539,,,2840539,4,15,0,0,26.67
7777,949,2025/2026 TITANS SECOND LEAGUE,2025,32995,08/11/2025,20251108,5427,5430,1,IRENE VILLAGERS 3,Henco Murphy,3771718,c Riccardo O b Andrè S,Riccardo O,2936842,Andrè S,6371951,"2936842,6371951",47,41,7,1,114.63
7777,949,2025/2026 TITANS SECOND LEAGUE,2025,32995,08/11/2025,20251108,5427,5430,1,IRENE VILLAGERS 3,Ciaron Roundtree,6355841,c † Reinhardt H b Johan N,Reinhardt H,6371950,Johan N,4655263,"6371950,4655263",0,7,0,0,0.00
7777,949,2025/2026 TITANS SECOND LEAGUE,2025,32995,08/11/2025,20251108,5427,5430,1,IRENE VILLAGERS 3,Josua Marx,6336355,lbw b Christian S,Christian S,2936847,,,2936847,6,24,0,0,25.00
7777,949,2025/2026 TITANS SECOND LEAGUE,2025,32995,08/11/2025,20251108,5427,5430,1,IRENE VILLAGERS 3,Kyle Kunneke,2985826,lbw b Andrè S,Andrè S,6371951,,,6371951,10,39,0,0,25.64
7777,949,2025/2026 TITANS SECOND LEAGUE,2025,32995,08/11/2025,20251108,5427,5430,1,IRENE VILLAGERS 3,Jean Botes,6355844,c&b Andrè S,Andrè S,6371951,,,6371951,12,26,1,0,46.15
7777,949,2025/2026 TITANS SECOND LEAGUE,2025,32995,08/11/2025,20251108,5427,5430,1,IRENE VILLAGERS 3,Elgun Boecker,4702810,c Jan J b Andrè S,Jan J,2936838,Andrè S,6371951,"2936838,6371951",3,3,0,0,100.00
7777,949,2025/2026 TITANS SECOND LEAGUE,2025,32995,08/11/2025,20251108,5427,5430,1,IRENE VILLAGERS 3,Jacques Van Rooyen,3795662,not out,,,,,,19,15,0,1,126.67
7777,949,2025/2026 TITANS SECOND LEAGUE,2025,32995,08/11/2025,20251108,5427,5430,1,IRENE VILLAGERS 3,Devon Horn,6355843,c Wayne S b Johan N,Wayne S,6336329,Johan N,4655263,"6336329,4655263",6,7,1,0,85.71
7777,949,2025/2026 TITANS SECOND LEAGUE,2025,32995,08/11/2025,20251108,5427,5430,2,TUKS 5,Martin Van Tonder,2840539,b Jean B,Jean B,6355844,,,6355844,8,23,0,0,34.78
7777,949,2025/2026 TITANS SECOND LEAGUE,2025,32995,08/11/2025,20251108,5427,5430,2,TUKS 5,Johan Nel,4655263,c&b Jean B,Jean B,6355844,,,6355844,9,21,1,0,42.86
7777,949,2025/2026 TITANS SECOND LEAGUE,2025,32995,08/11/2025,20251108,5427,5430,2,TUKS 5,Reinhardt Hamann,6371950,not out,,,,,,69,62,8,1,111.29
7777,949,2025/2026 TITANS SECOND LEAGUE,2025,32995,08/11/2025,20251108,5427,5430,2,TUKS 5,Christian Strydom,2936847,c † Henco M b Tshepo M,Henco M,3771718,Tshepo M,4892046,"3771718,4892046",19,13,4,0,146.15
7777,949,2025/2026 TITANS SECOND LEAGUE,2025,32995,08/11/2025,20251108,5427,5430,2,TUKS 5,Wayne Sadler,6336329,c&b Devon H,Devon H,6355843,,,6355843,16,32,2,0,50.00
7777,949,2025/2026 TITANS SECOND LEAGUE,2025,32995,08/11/2025,20251108,5427,5430,2,TUKS 5,Andrè Smith,6371951,c † Henco M b Elgun B,Henco M,3771718,Elgun B,4702810,"3771718,4702810",2,6,0,0,33.33
7777,949,2025/2026 TITANS SECOND LEAGUE,2025,32995,08/11/2025,20251108,5427,5430,2,TUKS 5,Donovan Du Toit,3713457,c&b Elgun B,Elgun B,4702810,,,4702810,6,17,0,0,35.29
7777,949,2025/2026 TITANS SECOND LEAGUE,2025,32995,08/11/2025,20251108,5427,5430,2,TUKS 5,Riccardo Oosthuizen,2936842,not out,,,,,,2,13,0,0,15.38
7775,949,2025/2026 TITANS SECOND LEAGUE,2025,32995,08/11/2025,20251108,5429,5432,1,SINOVILLE 3,Arno Louw,6352769,c Andre K b Stiaan H,Andre K,4688691,Stiaan H,4673670,"4688691,4673670",31,58,2,0,53.45
7775,949,2025/2026 TITANS SECOND LEAGUE,2025,32995,08/11/2025,20251108,5429,5432,1,SINOVILLE 3,Andre Kruyshaar,3772081,c Ruan E b Chris K,Ruan E,2985830,Chris K,4673667,"2985830,4673667",9,9,1,0,100.00
7775,949,2025/2026 TITANS SECOND LEAGUE,2025,32995,08/11/2025,20251108,5429,5432,1,SINOVILLE 3,Ludwig Erasmus,4673573,c Werner P b Stiaan H,Werner P,4688690,Stiaan H,4673670,"4688690,4673670",89,69,14,2,128.99
7775,949,2025/2026 TITANS SECOND LEAGUE,2025,32995,08/11/2025,20251108,5429,5432,1,SINOVILLE 3,Tiaan Borman,3772082,b Stiaan H,Stiaan H,4673670,,,4673670,20,18,3,0,111.11
7775,949,2025/2026 TITANS SECOND LEAGUE,2025,32995,08/11/2025,20251108,5429,5432,1,SINOVILLE 3,Zandre Jordaan,2934760,b Stiaan H,Stiaan H,4673670,,,4673670,11,18,1,0,61.11
7775,949,2025/2026 TITANS SECOND LEAGUE,2025,32995,08/11/2025,20251108,5429,5432,1,SINOVILLE 3,Hendre Du Toit,2987477,c Andre K b Stiaan H,Andre K,4688691,Stiaan H,4673670,"4688691,4673670",9,10,1,0,90.00
7775,949,2025/2026 TITANS SECOND LEAGUE,2025,32995,08/11/2025,20251108,5429,5432,1,SINOVILLE 3,Henk Fick,6352771,c PJ V b Stiaan H,PJ V,4854676,Stiaan H,4673670,"4854676,4673670",10,12,1,0,83.33
7775,949,2025/2026 TITANS SECOND LEAGUE,2025,32995,08/11/2025,20251108,5429,5432,1,SINOVILLE 3,Jd Van Wyk,5000390,c † Brent H b Christoff Pompie H,Brent H,2985828,Christoff Pompie H,2985831,"2985828,2985831",3,4,0,0,75.00
7775,949,2025/2026 TITANS SECOND LEAGUE,2025,32995,08/11/2025,20251108,5429,5432,1,SINOVILLE 3,Gerhard Batt,6299553,c Ruan E b Christoff Pompie H,Ruan E,2985830,Christoff Pompie H,2985831,"2985830,2985831",0,3,0,0,0.00
7775,949,2025/2026 TITANS SECOND LEAGUE,2025,32995,08/11/2025,20251108,5429,5432,1,SINOVILLE 3,Julian Otto,6352767,not out,,,,,,28,20,3,0,140.00
7775,949,2025/2026 TITANS SECOND LEAGUE,2025,32995,08/11/2025,20251108,5429,5432,1,SINOVILLE 3,Juan Van Den Berg,2987480,c Mohapi M b Christoff Pompie H,Mohapi M,2985827,Christoff Pompie H,2985831,"2985827,2985831",11,17,1,0,64.71
7775,949,2025/2026 TITANS SECOND LEAGUE,2025,32995,08/11/2025,20251108,5429,5432,2,IRENE VILLAGERS 4,Stefan Strydom,2985833,lbw b Juan V,Juan V,2987480,,,2987480,13,10,2,0,130.00
7775,949,2025/2026 TITANS SECOND LEAGUE,2025,32995,08/11/2025,20251108,5429,5432,2,IRENE VILLAGERS 4,Andre Klopper,4688691,c JD v b Juan V,JD v,5000390,Juan V,2987480,"5000390,2987480",0,4,0,0,0.00
7775,949,2025/2026 TITANS SECOND LEAGUE,2025,32995,08/11/2025,20251108,5429,5432,2,IRENE VILLAGERS 4,Ruan Ebersohn,2985830,lbw b Juan V,Juan V,2987480,,,2987480,10,26,1,0,38.46
7775,949,2025/2026 TITANS SECOND LEAGUE,2025,32995,08/11/2025,20251108,5429,5432,2,IRENE VILLAGERS 4,Werner Pretorius,4688690,c Tiaan B b JD v,Tiaan B,3772082,JD v,5000390,"3772082,5000390",153,107,10,11,142.99
7775,949,2025/2026 TITANS SECOND LEAGUE,2025,32995,08/11/2025,20251108,5429,5432,2,IRENE VILLAGERS 4,Brent Hartley,2985828,c Arno L b JD v,Arno L,6352769,JD v,5000390,"6352769,5000390",1,12,0,0,8.33
7775,949,2025/2026 TITANS SECOND LEAGUE,2025,32995,08/11/2025,20251108,5429,5432,2,IRENE VILLAGERS 4,Pj Van Der Merwe,4854676,c Zandre J b Tiaan B,Zandre J,2934760,Tiaan B,3772082,"2934760,3772082",13,35,0,1,37.14
7775,949,2025/2026 TITANS SECOND LEAGUE,2025,32995,08/11/2025,20251108,5429,5432,2,IRENE VILLAGERS 4,Chris Klopper,4673667,c Andre K b Tiaan B,Andre K,3772081,Tiaan B,3772082,"3772081,3772082",20,16,2,1,125.00
7775,949,2025/2026 TITANS SECOND LEAGUE,2025,32995,08/11/2025,20251108,5429,5432,2,IRENE VILLAGERS 4,Brandon Polyblank,6336390,not out,,,,,,21,14,1,0,150.00
7775,949,2025/2026 TITANS SECOND LEAGUE,2025,32995,08/11/2025,20251108,5429,5432,2,IRENE VILLAGERS 4,Mohapi Molete,2985827,b Julian O,Julian O,6352767,,,6352767,9,11,0,0,81.82
7775,949,2025/2026 TITANS SECOND LEAGUE,2025,32995,08/11/2025,20251108,5429,5432,2,IRENE VILLAGERS 4,Stiaan Heymans,4673670,not out,,,,,,4,5,0,0,80.00
7677,949,2025/2026 TITANS SECOND LEAGUE,2025,32995,01/11/2025,20251101,5428,5425,1,PHSOB 3,Dylan Howe-Dreyer,2936902,c Keegan S b Heinrich K,Keegan S,6358566,Heinrich K,6358565,"6358566,6358565",76,87,10,1,87.36
7677,949,2025/2026 TITANS SECOND LEAGUE,2025,32995,01/11/2025,20251101,5428,5425,1,PHSOB 3,Liam Armstrong,6358571,c Adriaan V b Alec J,Adriaan V,3673677,Alec J,4715851,"3673677,4715851",9,24,1,0,37.50
7677,949,2025/2026 TITANS SECOND LEAGUE,2025,32995,01/11/2025,20251101,5428,5425,1,PHSOB 3,Arno Kruger,6336327,c Keegan S b Alex B,Keegan S,6358566,Alex B,6358567,"6358566,6358567",0,5,0,0,0.00
7677,949,2025/2026 TITANS SECOND LEAGUE,2025,32995,01/11/2025,20251101,5428,5425,1,PHSOB 3,Emil Rolfes,2936903,c Substitute b Heinrich K,Heinrich K,6358565,,,6358565,41,45,5,0,91.11
7677,949,2025/2026 TITANS SECOND LEAGUE,2025,32995,01/11/2025,20251101,5428,5425,1,PHSOB 3,Callen Stephen,3782749,b Heinrich K,Heinrich K,6358565,,,6358565,11,32,0,0,34.38
7677,949,2025/2026 TITANS SECOND LEAGUE,2025,32995,01/11/2025,20251101,5428,5425,1,PHSOB 3,Brian Kershaw,4688792,c&b Alec J,Alec J,4715851,,,4715851,14,20,1,0,70.00
7677,949,2025/2026 TITANS SECOND LEAGUE,2025,32995,01/11/2025,20251101,5428,5425,1,PHSOB 3,Nathan Fox,6358570,c Heinrich K b Adriaan V,Heinrich K,6358565,Adriaan V,3673677,"6358565,3673677",18,11,1,1,163.64
7677,949,2025/2026 TITANS SECOND LEAGUE,2025,32995,01/11/2025,20251101,5428,5425,1,PHSOB 3,Michael Kershaw,6297242,not out,,,,,,22,23,0,2,95.65
7677,949,2025/2026 TITANS SECOND LEAGUE,2025,32995,01/11/2025,20251101,5428,5425,1,PHSOB 3,Christo Swanepoel,2936900,not out,,,,,,16,24,1,0,66.67
7677,949,2025/2026 TITANS SECOND LEAGUE,2025,32995,01/11/2025,20251101,5428,5425,2,CBCOB 3,David Fourie,3018346,St Arno K b Callen S,Arno K,6336327,Callen S,3782749,"6336327,3782749",94,88,7,3,106.82
7677,949,2025/2026 TITANS SECOND LEAGUE,2025,32995,01/11/2025,20251101,5428,5425,2,CBCOB 3,Adriaan Venter,3673677,c † Arno K b Steven M,Arno K,6336327,Steven M,2937220,"6336327,2937220",55,45,9,1,122.22
7677,949,2025/2026 TITANS SECOND LEAGUE,2025,32995,01/11/2025,20251101,5428,5425,2,CBCOB 3,Alec Jordaan,4715851,c&b Steven M,Steven M,2937220,,,2937220,14,16,1,0,87.50
7677,949,2025/2026 TITANS SECOND LEAGUE,2025,32995,01/11/2025,20251101,5428,5425,2,CBCOB 3,Dylan Kotze,6299638,not out,,,,,,23,54,0,0,42.59
7677,949,2025/2026 TITANS SECOND LEAGUE,2025,32995,01/11/2025,20251101,5428,5425,2,CBCOB 3,Heinrich Klue,6358565,not out,,,,,,19,17,3,0,111.76
7654,949,2025/2026 TITANS SECOND LEAGUE,2025,32995,01/11/2025,20251101,5432,5427,1,IRENE VILLAGERS 4,Tristan Beetge,4658060,b Neil J,Neil J,4655262,,,4655262,8,25,1,0,32.00
7654,949,2025/2026 TITANS SECOND LEAGUE,2025,32995,01/11/2025,20251101,5432,5427,1,IRENE VILLAGERS 4,Stefan Strydom,2985833,lbw b Jacques V,Jacques V,3795662,,,3795662,39,46,4,0,84.78
7654,949,2025/2026 TITANS SECOND LEAGUE,2025,32995,01/11/2025,20251101,5432,5427,1,IRENE VILLAGERS 4,Andre Klopper,6355845,b Neil J,Neil J,4655262,,,4655262,13,12,3,0,108.33
7654,949,2025/2026 TITANS SECOND LEAGUE,2025,32995,01/11/2025,20251101,5432,5427,1,IRENE VILLAGERS 4,Ruan Ebersohn,2985830,c Waldemar B b Kyle K,Waldemar B,6299549,Kyle K,2985826,"6299549,2985826",9,36,1,0,25.00
7654,949,2025/2026 TITANS SECOND LEAGUE,2025,32995,01/11/2025,20251101,5432,5427,1,IRENE VILLAGERS 4,Pj Van Der Merwe,4854676,not out,,,,,,50,74,5,0,67.57
7654,949,2025/2026 TITANS SECOND LEAGUE,2025,32995,01/11/2025,20251101,5432,5427,1,IRENE VILLAGERS 4,Brent Hartley,2985828,lbw b Waldemar B,Waldemar B,6299549,,,6299549,13,30,1,0,43.33
7654,949,2025/2026 TITANS SECOND LEAGUE,2025,32995,01/11/2025,20251101,5432,5427,1,IRENE VILLAGERS 4,Chris Klopper,4673667,c Jacques V b Jean B,Jacques V,3795662,Jean B,6355844,"3795662,6355844",4,5,0,0,80.00
7654,949,2025/2026 TITANS SECOND LEAGUE,2025,32995,01/11/2025,20251101,5432,5427,1,IRENE VILLAGERS 4,Clayton Brunsdon,4100291,lbw b Jean B,Jean B,6355844,,,6355844,7,5,1,0,140.00
7654,949,2025/2026 TITANS SECOND LEAGUE,2025,32995,01/11/2025,20251101,5432,5427,1,IRENE VILLAGERS 4,Brandon Polyblank,6336390,c Kyle K b Waldemar B,Kyle K,2985826,Waldemar B,6299549,"2985826,6299549",5,8,0,0,62.50
7654,949,2025/2026 TITANS SECOND LEAGUE,2025,32995,01/11/2025,20251101,5432,5427,1,IRENE VILLAGERS 4,Mohapi Molete,2985827,not out,,,,,,0,0,0,0,0.00
7654,949,2025/2026 TITANS SECOND LEAGUE,2025,32995,01/11/2025,20251101,5432,5427,2,IRENE VILLAGERS 3,Iwann Els,6299552,b Mohapi M,Mohapi M,2985827,,,2985827,27,32,2,1,84.38
7654,949,2025/2026 TITANS SECOND LEAGUE,2025,32995,01/11/2025,20251101,5432,5427,2,IRENE VILLAGERS 3,Waldemar Bodenstein,6299549,lbw b Chris K,Chris K,4673667,,,4673667,0,15,0,0,0.00
7654,949,2025/2026 TITANS SECOND LEAGUE,2025,32995,01/11/2025,20251101,5432,5427,2,IRENE VILLAGERS 3,Tshepo Molite,4892046,lbw b Brandon P,Brandon P,6336390,,,6336390,0,4,0,0,0.00
7654,949,2025/2026 TITANS SECOND LEAGUE,2025,32995,01/11/2025,20251101,5432,5427,2,IRENE VILLAGERS 3,Henco Murphy,3771718,lbw b Chris K,Chris K,4673667,,,4673667,0,3,0,0,0.00
7654,949,2025/2026 TITANS SECOND LEAGUE,2025,32995,01/11/2025,20251101,5432,5427,2,IRENE VILLAGERS 3,Ciaron Roundtree,6355841,c Andre K b Eugene B,Andre K,6355845,Eugene B,4973974,"6355845,4973974",11,8,2,0,137.50
7654,949,2025/2026 TITANS SECOND LEAGUE,2025,32995,01/11/2025,20251101,5432,5427,2,IRENE VILLAGERS 3,Rohann Rossouw,6355842,c&b Eugene B,Eugene B,4973974,,,4973974,20,26,2,0,76.92
7654,949,2025/2026 TITANS SECOND LEAGUE,2025,32995,01/11/2025,20251101,5432,5427,2,IRENE VILLAGERS 3,Kyle Kunneke,2985826,not out,,,,,,32,42,5,0,76.19
7654,949,2025/2026 TITANS SECOND LEAGUE,2025,32995,01/11/2025,20251101,5432,5427,2,IRENE VILLAGERS 3,Jacques Van Rooyen,3795662,c Andre K b Eugene B,Andre K,6355845,Eugene B,4973974,"6355845,4973974",9,8,0,0,112.50
7654,949,2025/2026 TITANS SECOND LEAGUE,2025,32995,01/11/2025,20251101,5432,5427,2,IRENE VILLAGERS 3,Neil Jansen,4655262,c Brandon P b Ruan E,Brandon P,6336390,Ruan E,2985830,"6336390,2985830",4,14,0,0,28.57
7654,949,2025/2026 TITANS SECOND LEAGUE,2025,32995,01/11/2025,20251101,5432,5427,2,IRENE VILLAGERS 3,Devon Horn,6355843,b Ruan E,Ruan E,2985830,,,2985830,0,2,0,0,0.00
7654,949,2025/2026 TITANS SECOND LEAGUE,2025,32995,01/11/2025,20251101,5432,5427,2,IRENE VILLAGERS 3,Jean Botes,6355844,b Chris K,Chris K,4673667,,,4673667,8,16,1,0,50.00
7649,949,2025/2026 TITANS SECOND LEAGUE,2025,32995,01/11/2025,20251101,5429,5426,1,SINOVILLE 3,Arno Louw,6352769,c Ruan C b Pieter R,Ruan C,6336357,Pieter R,2939189,"6336357,2939189",62,54,6,3,114.81
7649,949,2025/2026 TITANS SECOND LEAGUE,2025,32995,01/11/2025,20251101,5429,5426,1,SINOVILLE 3,Rivan Stoman,6352780,c Ruan C b Ettienne T,Ruan C,6336357,Ettienne T,2939149,"6336357,2939149",130,90,15,7,144.44
7649,949,2025/2026 TITANS SECOND LEAGUE,2025,32995,01/11/2025,20251101,5429,5426,1,SINOVILLE 3,Julian Otto,6352767,lbw b Pieter R,Pieter R,2939189,,,2939189,0,3,0,0,0.00
7649,949,2025/2026 TITANS SECOND LEAGUE,2025,32995,01/11/2025,20251101,5429,5426,1,SINOVILLE 3,Ricardo Pretorius,6355784,c Ettienne T b Pieter R,Ettienne T,2939149,Pieter R,2939189,"2939149,2939189",0,1,0,0,0.00
7649,949,2025/2026 TITANS SECOND LEAGUE,2025,32995,01/11/2025,20251101,5429,5426,1,SINOVILLE 3,Ryno Vermaak,6299554,c Ettienne T b Pieter R,Ettienne T,2939149,Pieter R,2939189,"2939149,2939189",28,18,3,1,155.56
7649,949,2025/2026 TITANS SECOND LEAGUE,2025,32995,01/11/2025,20251101,5429,5426,1,SINOVILLE 3,Gerhard Batt,6299553,b Leo P,Leo P,6355782,,,6355782,32,28,3,2,114.29
7649,949,2025/2026 TITANS SECOND LEAGUE,2025,32995,01/11/2025,20251101,5429,5426,1,SINOVILLE 3,Werner Jordaan,5000389,c&b Pieter R,Pieter R,2939189,,,2939189,0,3,0,0,0.00
7649,949,2025/2026 TITANS SECOND LEAGUE,2025,32995,01/11/2025,20251101,5429,5426,1,SINOVILLE 3,Jd Van Wyk,4688794,not out,,,,,,32,35,4,0,91.43
7649,949,2025/2026 TITANS SECOND LEAGUE,2025,32995,01/11/2025,20251101,5429,5426,1,SINOVILLE 3,Ruben Erasmus,6355785,run out ( Eddie S ),Eddie S,6299173,,,6299173,6,10,1,0,60.00
7649,949,2025/2026 TITANS SECOND LEAGUE,2025,32995,01/11/2025,20251101,5429,5426,2,HARLEQUINS 3,Paul Liddle,6355783,b Ryno V,Ryno V,6299554,,,6299554,24,17,3,1,141.18
7649,949,2025/2026 TITANS SECOND LEAGUE,2025,32995,01/11/2025,20251101,5429,5426,2,HARLEQUINS 3,Ruan Coetzer,6336357,run out ( Henk F ),Henk F,6352771,,,6352771,4,4,0,0,100.00
7649,949,2025/2026 TITANS SECOND LEAGUE,2025,32995,01/11/2025,20251101,5429,5426,2,HARLEQUINS 3,Ettienne Tait,2939149,b Rivan S,Rivan S,6352780,,,6352780,21,17,3,1,123.53
7649,949,2025/2026 TITANS SECOND LEAGUE,2025,32995,01/11/2025,20251101,5429,5426,2,HARLEQUINS 3,Dylan Cutting,4576796,b Rivan S,Rivan S,6352780,,,6352780,23,36,4,0,63.89
7649,949,2025/2026 TITANS SECOND LEAGUE,2025,32995,01/11/2025,20251101,5429,5426,2,HARLEQUINS 3,Jd Buys,4973938,b Rivan S,Rivan S,6352780,,,6352780,1,2,0,0,50.00
7649,949,2025/2026 TITANS SECOND LEAGUE,2025,32995,01/11/2025,20251101,5429,5426,2,HARLEQUINS 3,Leo Pelser,6355782,b Rivan S,Rivan S,6352780,,,6352780,0,1,0,0,0.00
7649,949,2025/2026 TITANS SECOND LEAGUE,2025,32995,01/11/2025,20251101,5429,5426,2,HARLEQUINS 3,Eddie Stephen,6299173,c&b Ricardo P,Ricardo P,6355784,,,6355784,27,22,5,1,122.73
7649,949,2025/2026 TITANS SECOND LEAGUE,2025,32995,01/11/2025,20251101,5429,5426,2,HARLEQUINS 3,Juan Viljoen,4729877,b Julian O,Julian O,6352767,,,6352767,35,26,5,0,134.62
7649,949,2025/2026 TITANS SECOND LEAGUE,2025,32995,01/11/2025,20251101,5429,5426,2,HARLEQUINS 3,Dewald Van Der Walt,3276817,c Werner J b JD v,Werner J,5000389,JD v,4688794,"5000389,4688794",1,14,0,0,7.14
7649,949,2025/2026 TITANS SECOND LEAGUE,2025,32995,01/11/2025,20251101,5429,5426,2,HARLEQUINS 3,Karel Vd Walt,6355781,not out,,,,,,6,9,1,0,66.67
7649,949,2025/2026 TITANS SECOND LEAGUE,2025,32995,01/11/2025,20251101,5429,5426,2,HARLEQUINS 3,Pieter Roos,2939189,b Julian O,Julian O,6352767,,,6352767,0,1,0,0,0.00
7648,949,2025/2026 TITANS SECOND LEAGUE,2025,32995,01/11/2025,20251101,5430,5431,1,TUKS 5,Frits Snyman,2936846,lbw b Devin A,Devin A,6299636,,,6299636,22,26,2,0,84.62
7648,949,2025/2026 TITANS SECOND LEAGUE,2025,32995,01/11/2025,20251101,5430,5431,1,TUKS 5,Martin Van Tonder,2840539,c&b Stefan G,Stefan G,3018230,,,3018230,24,23,4,0,104.35
7648,949,2025/2026 TITANS SECOND LEAGUE,2025,32995,01/11/2025,20251101,5430,5431,1,TUKS 5,Johan Nel,4655263,lbw b Dewald B,Dewald B,3018234,,,3018234,8,9,1,0,88.89
7648,949,2025/2026 TITANS SECOND LEAGUE,2025,32995,01/11/2025,20251101,5430,5431,1,TUKS 5,Christian Strydom,2936847,c Stefan G b Stefan O,Stefan G,3018230,Stefan O,3729935,"3018230,3729935",14,43,1,0,32.56
7648,949,2025/2026 TITANS SECOND LEAGUE,2025,32995,01/11/2025,20251101,5430,5431,1,TUKS 5,Tihardt Kruger,3242942,b Dewald B,Dewald B,3018234,,,3018234,8,15,1,0,53.33
7648,949,2025/2026 TITANS SECOND LEAGUE,2025,32995,01/11/2025,20251101,5430,5431,1,TUKS 5,Wayne Sadler,6336329,not out,,,,,,83,67,8,4,123.88
7648,949,2025/2026 TITANS SECOND LEAGUE,2025,32995,01/11/2025,20251101,5430,5431,1,TUKS 5,Tiaan Engelbrecht,2936837,c Gary V b Stefan O,Gary V,4673569,Stefan O,3729935,"4673569,3729935",30,25,1,2,120.00
7648,949,2025/2026 TITANS SECOND LEAGUE,2025,32995,01/11/2025,20251101,5430,5431,1,TUKS 5,Jan Jones,2936838,b Neiko S,Neiko S,6299637,,,6299637,21,25,2,0,84.00
7648,949,2025/2026 TITANS SECOND LEAGUE,2025,32995,01/11/2025,20251101,5430,5431,1,TUKS 5,Jock De Jager,4165762,not out,,,,,,4,7,1,0,57.14
7648,949,2025/2026 TITANS SECOND LEAGUE,2025,32995,01/11/2025,20251101,5430,5431,2,TUT 3,Devin Almeida,6299636,c Nico K b Martin V,Nico K,2936834,Martin V,2840539,"2936834,2840539",1,8,0,0,12.50
7648,949,2025/2026 TITANS SECOND LEAGUE,2025,32995,01/11/2025,20251101,5430,5431,2,TUT 3,Gary Van Blerk,4673569,c&b Christian S,Christian S,2936847,,,2936847,15,49,1,0,30.61
7648,949,2025/2026 TITANS SECOND LEAGUE,2025,32995,01/11/2025,20251101,5430,5431,2,TUT 3,Stefan Olivier,3729935,c † Frits S b Christian S,Frits S,2936846,Christian S,2936847,"2936846,2936847",33,32,4,0,103.12
7648,949,2025/2026 TITANS SECOND LEAGUE,2025,32995,01/11/2025,20251101,5430,5431,2,TUT 3,Charl Prinsloo,3018226,b Andre V,Andre V,3266939,,,3266939,28,38,4,0,73.68
7648,949,2025/2026 TITANS SECOND LEAGUE,2025,32995,01/11/2025,20251101,5430,5431,2,TUT 3,Hendrik Ferreira,4891854,c † Frits S b Nico K,Frits S,2936846,Nico K,2936834,"2936846,2936834",49,49,3,1,100.00
7648,949,2025/2026 TITANS SECOND LEAGUE,2025,32995,01/11/2025,20251101,5430,5431,2,TUT 3,Dewet Lombard,6355780,c Andre V b Nico K,Andre V,3266939,Nico K,2936834,"3266939,2936834",36,26,2,1,138.46
7648,949,2025/2026 TITANS SECOND LEAGUE,2025,32995,01/11/2025,20251101,5430,5431,2,TUT 3,Neiko Stigling,6299637,not out,,,,,,24,23,2,0,104.35
7648,949,2025/2026 TITANS SECOND LEAGUE,2025,32995,01/11/2025,20251101,5430,5431,2,TUT 3,Stefan Grobler,3018230,not out,,,,,,20,10,1,1,200.00
7488,949,2025/2026 TITANS SECOND LEAGUE,2025,32995,25/10/2025,20251025,5431,5432,1,TUT 3,Stefan Olivier,3729935,c † Brent H b Ruan E,Brent H,2985828,Ruan E,2985830,"2985828,2985830",37,41,7,0,90.24
7488,949,2025/2026 TITANS SECOND LEAGUE,2025,32995,25/10/2025,20251025,5431,5432,1,TUT 3,Leon Smith,4673571,c Rohann R b Chris K,Rohann R,6336391,Chris K,4673667,"6336391,4673667",0,14,0,0,0.00
7488,949,2025/2026 TITANS SECOND LEAGUE,2025,32995,25/10/2025,20251025,5431,5432,1,TUT 3,Hendrik Ferreira,4891854,b Ruan E,Ruan E,2985830,,,2985830,50,58,6,2,86.21
7488,949,2025/2026 TITANS SECOND LEAGUE,2025,32995,25/10/2025,20251025,5431,5432,1,TUT 3,Niel Coetzee,3018224,b Mohapi M,Mohapi M,2985827,,,2985827,5,38,1,0,13.16
7488,949,2025/2026 TITANS SECOND LEAGUE,2025,32995,25/10/2025,20251025,5431,5432,1,TUT 3,Charl Prinsloo,3018226,not out,,,,,,47,44,7,0,106.82
7488,949,2025/2026 TITANS SECOND LEAGUE,2025,32995,25/10/2025,20251025,5431,5432,1,TUT 3,Stefan Grobler,3018230,c Brent H b Brandon P,Brent H,2985828,Brandon P,6336390,"2985828,6336390",50,16,6,4,312.50
7488,949,2025/2026 TITANS SECOND LEAGUE,2025,32995,25/10/2025,20251025,5431,5432,1,TUT 3,Gary Van Blerk,4673569,c Stiaan H b Brandon P,Stiaan H,4673670,Brandon P,6336390,"4673670,6336390",37,27,5,1,137.04
7488,949,2025/2026 TITANS SECOND LEAGUE,2025,32995,25/10/2025,20251025,5431,5432,1,TUT 3,Divan Potgieter,4673570,run out ( Brandon P ),Brandon P,6336390,,,6336390,10,4,2,0,250.00
7488,949,2025/2026 TITANS SECOND LEAGUE,2025,32995,25/10/2025,20251025,5431,5432,1,TUT 3,Daylan Scheepers,3927336,not out,,,,,,5,2,1,0,250.00
7488,949,2025/2026 TITANS SECOND LEAGUE,2025,32995,25/10/2025,20251025,5431,5432,2,IRENE VILLAGERS 4,Stefan Strydom,2985833,c Dewald B b Divan P,Dewald B,3018234,Divan P,4673570,"3018234,4673570",46,44,6,0,104.55
7488,949,2025/2026 TITANS SECOND LEAGUE,2025,32995,25/10/2025,20251025,5431,5432,2,IRENE VILLAGERS 4,Tristan Beetge,4658060,b Divan P,Divan P,4673570,,,4673570,0,4,0,0,0.00
7488,949,2025/2026 TITANS SECOND LEAGUE,2025,32995,25/10/2025,20251025,5431,5432,2,IRENE VILLAGERS 4,Rohann Rossouw,6336391,c † Niel C b Divan P,Niel C,3018224,Divan P,4673570,"3018224,4673570",13,17,0,1,76.47
7488,949,2025/2026 TITANS SECOND LEAGUE,2025,32995,25/10/2025,20251025,5431,5432,2,IRENE VILLAGERS 4,Ruan Ebersohn,2985830,b Stefan G,Stefan G,3018230,,,3018230,1,5,0,0,20.00
7488,949,2025/2026 TITANS SECOND LEAGUE,2025,32995,25/10/2025,20251025,5431,5432,2,IRENE VILLAGERS 4,Pj Van Der Merwe,4854676,c † Niel C b Divan P,Niel C,3018224,Divan P,4673570,"3018224,4673570",1,14,0,0,7.14
7488,949,2025/2026 TITANS SECOND LEAGUE,2025,32995,25/10/2025,20251025,5431,5432,2,IRENE VILLAGERS 4,Brent Hartley,2985828,c † Niel C b Divan P,Niel C,3018224,Divan P,4673570,"3018224,4673570",4,8,1,0,50.00
7488,949,2025/2026 TITANS SECOND LEAGUE,2025,32995,25/10/2025,20251025,5431,5432,2,IRENE VILLAGERS 4,Chris Klopper,4673667,b Leon S,Leon S,4673571,,,4673571,9,18,2,0,50.00
7488,949,2025/2026 TITANS SECOND LEAGUE,2025,32995,25/10/2025,20251025,5431,5432,2,IRENE VILLAGERS 4,Stiaan Heymans,4673670,c Gary V b Dewald B,Gary V,4673569,Dewald B,3018234,"4673569,3018234",2,19,0,0,10.53
7488,949,2025/2026 TITANS SECOND LEAGUE,2025,32995,25/10/2025,20251025,5431,5432,2,IRENE VILLAGERS 4,Brandon Polyblank,6336390,c&b Dewald B,Dewald B,3018234,,,3018234,8,16,0,0,50.00
7488,949,2025/2026 TITANS SECOND LEAGUE,2025,32995,25/10/2025,20251025,5431,5432,2,IRENE VILLAGERS 4,Mohapi Molete,2985827,b Leon S,Leon S,4673571,,,4673571,0,2,0,0,0.00
7488,949,2025/2026 TITANS SECOND LEAGUE,2025,32995,25/10/2025,20251025,5431,5432,2,IRENE VILLAGERS 4,Christoff Pompie Helm,2985831,not out,,,,,,0,1,0,0,0.00
7486,949,2025/2026 TITANS SECOND LEAGUE,2025,32995,25/10/2025,20251025,5426,5427,1,HARLEQUINS 3,Aamir Samaai,6336362,b Barend P,Barend P,4854733,,,4854733,0,1,0,0,0.00
7486,949,2025/2026 TITANS SECOND LEAGUE,2025,32995,25/10/2025,20251025,5426,5427,1,HARLEQUINS 3,Ruan Coetzer,6336357,b Werner P,Werner P,4756703,,,4756703,6,6,0,0,100.00
7486,949,2025/2026 TITANS SECOND LEAGUE,2025,32995,25/10/2025,20251025,5426,5427,1,HARLEQUINS 3,Juan Viljoen,4729877,b Werner P,Werner P,4756703,,,4756703,8,13,1,0,61.54
7486,949,2025/2026 TITANS SECOND LEAGUE,2025,32995,25/10/2025,20251025,5426,5427,1,HARLEQUINS 3,Brent Ogle,6336361,c Tshepo M b Werner P,Tshepo M,4892046,Werner P,4756703,"4892046,4756703",1,12,0,0,8.33
7486,949,2025/2026 TITANS SECOND LEAGUE,2025,32995,25/10/2025,20251025,5426,5427,1,HARLEQUINS 3,Willie Kamffer,6299174,lbw b Barend P,Barend P,4854733,,,4854733,5,20,0,0,25.00
7486,949,2025/2026 TITANS SECOND LEAGUE,2025,32995,25/10/2025,20251025,5426,5427,1,HARLEQUINS 3,Dewald Van Der Walt,3276817,lbw b Barend P,Barend P,4854733,,,4854733,0,3,0,0,0.00
7486,949,2025/2026 TITANS SECOND LEAGUE,2025,32995,25/10/2025,20251025,5426,5427,1,HARLEQUINS 3,Hein Swanepoel,4649924,b Werner P,Werner P,4756703,,,4756703,16,8,2,1,200.00
7486,949,2025/2026 TITANS SECOND LEAGUE,2025,32995,25/10/2025,20251025,5426,5427,1,HARLEQUINS 3,Pieter Roos,2939189,run out ( Kyle K ),Kyle K,2985826,,,2985826,12,30,3,0,40.00
7486,949,2025/2026 TITANS SECOND LEAGUE,2025,32995,25/10/2025,20251025,5426,5427,1,HARLEQUINS 3,Ivan Snyman,6336359,c Substitute b Kyle K,Kyle K,2985826,,,2985826,8,7,2,0,114.29
7486,949,2025/2026 TITANS SECOND LEAGUE,2025,32995,25/10/2025,20251025,5426,5427,1,HARLEQUINS 3,Luandre Nell,6336358,run out ( Kyle K ),Kyle K,2985826,,,2985826,0,3,0,0,0.00
7486,949,2025/2026 TITANS SECOND LEAGUE,2025,32995,25/10/2025,20251025,5426,5427,1,HARLEQUINS 3,Simeon Jena,6336360,not out,,,,,,1,2,0,0,50.00
7486,949,2025/2026 TITANS SECOND LEAGUE,2025,32995,25/10/2025,20251025,5426,5427,2,IRENE VILLAGERS 3,Iwann Els,6299552,b Juan V,Juan V,4729877,,,4729877,7,13,1,0,53.85
7486,949,2025/2026 TITANS SECOND LEAGUE,2025,32995,25/10/2025,20251025,5426,5427,2,IRENE VILLAGERS 3,Waldemar Bodenstein,6299549,not out,,,,,,15,26,3,0,57.69
7486,949,2025/2026 TITANS SECOND LEAGUE,2025,32995,25/10/2025,20251025,5426,5427,2,IRENE VILLAGERS 3,Tshepo Molite,4892046,lbw b Ruan C,Ruan C,6336357,,,6336357,26,24,4,1,108.33
7486,949,2025/2026 TITANS SECOND LEAGUE,2025,32995,25/10/2025,20251025,5426,5427,2,IRENE VILLAGERS 3,Henco Murphy,3771718,not out,,,,,,4,1,1,0,400.00
7484,949,2025/2026 TITANS SECOND LEAGUE,2025,32995,25/10/2025,20251025,5428,5430,1,PHSOB 3,Dylan Howe-Dreyer,2936902,c Lehlohonolo M b Tiaan E,Lehlohonolo M,3266899,Tiaan E,2936837,"3266899,2936837",18,23,1,2,78.26
7484,949,2025/2026 TITANS SECOND LEAGUE,2025,32995,25/10/2025,20251025,5428,5430,1,PHSOB 3,Christo Swanepoel,2936900,c Lehlohonolo M b Martin V,Lehlohonolo M,3266899,Martin V,2840539,"3266899,2840539",6,5,1,0,120.00
7484,949,2025/2026 TITANS SECOND LEAGUE,2025,32995,25/10/2025,20251025,5428,5430,1,PHSOB 3,Marcel Cronjé,6336326,lbw b Martin V,Martin V,2840539,,,2840539,6,7,1,0,85.71
7484,949,2025/2026 TITANS SECOND LEAGUE,2025,32995,25/10/2025,20251025,5428,5430,1,PHSOB 3,Arno Kruger,6336327,c † Donovan d b Johan N,Donovan d,3713457,Johan N,4655263,"3713457,4655263",42,30,7,2,140.00
7484,949,2025/2026 TITANS SECOND LEAGUE,2025,32995,25/10/2025,20251025,5428,5430,1,PHSOB 3,Emil Rolfes,2936903,b Martin V,Martin V,2840539,,,2840539,97,94,15,1,103.19
7484,949,2025/2026 TITANS SECOND LEAGUE,2025,32995,25/10/2025,20251025,5428,5430,1,PHSOB 3,Brian Kershaw,4688792,c Riccardo O b Andre V,Riccardo O,2936842,Andre V,3266939,"2936842,3266939",72,56,10,3,128.57
7484,949,2025/2026 TITANS SECOND LEAGUE,2025,32995,25/10/2025,20251025,5428,5430,1,PHSOB 3,Michael Kershaw,6297242,lbw b Donovan d,Donovan d,3713457,,,3713457,1,4,0,0,25.00
7484,949,2025/2026 TITANS SECOND LEAGUE,2025,32995,25/10/2025,20251025,5428,5430,1,PHSOB 3,André Duvenhage,6336328,b Tihardt K,Tihardt K,3242942,,,3242942,25,30,3,0,83.33
7484,949,2025/2026 TITANS SECOND LEAGUE,2025,32995,25/10/2025,20251025,5428,5430,1,PHSOB 3,Stefan Van Der Linden,4742893,b Martin V,Martin V,2840539,,,2840539,11,14,1,0,78.57
7484,949,2025/2026 TITANS SECOND LEAGUE,2025,32995,25/10/2025,20251025,5428,5430,1,PHSOB 3,Regan Pruss,3713341,b Martin V,Martin V,2840539,,,2840539,0,1,0,0,0.00
7484,949,2025/2026 TITANS SECOND LEAGUE,2025,32995,25/10/2025,20251025,5428,5430,1,PHSOB 3,Burgert Kloppers,4742888,not out,,,,,,0,1,0,0,0.00
7484,949,2025/2026 TITANS SECOND LEAGUE,2025,32995,25/10/2025,20251025,5428,5430,2,TUKS 5,Johan Nel,4655263,c † Stefan V b André D,Stefan V,4742893,André D,6336328,"4742893,6336328",36,35,7,0,102.86
7484,949,2025/2026 TITANS SECOND LEAGUE,2025,32995,25/10/2025,20251025,5428,5430,2,TUKS 5,Martin Van Tonder,2840539,c Substitute b André D,André D,6336328,,,6336328,1,5,0,0,20.00
7484,949,2025/2026 TITANS SECOND LEAGUE,2025,32995,25/10/2025,20251025,5428,5430,2,TUKS 5,Riccardo Oosthuizen,2936842,c&b Regan P,Regan P,3713341,,,3713341,13,16,1,1,81.25
7484,949,2025/2026 TITANS SECOND LEAGUE,2025,32995,25/10/2025,20251025,5428,5430,2,TUKS 5,Christian Strydom,2936847,b Regan P,Regan P,3713341,,,3713341,13,9,1,1,144.44
7484,949,2025/2026 TITANS SECOND LEAGUE,2025,32995,25/10/2025,20251025,5428,5430,2,TUKS 5,Donovan Du Toit,3713457,b Regan P,Regan P,3713341,,,3713341,76,80,6,5,95.00
7484,949,2025/2026 TITANS SECOND LEAGUE,2025,32995,25/10/2025,20251025,5428,5430,2,TUKS 5,Tiaan Engelbrecht,2936837,c&b Brian K,Brian K,4688792,,,4688792,4,9,1,0,44.44
7484,949,2025/2026 TITANS SECOND LEAGUE,2025,32995,25/10/2025,20251025,5428,5430,2,TUKS 5,Jerry Lesige,6299177,c † Stefan V b Brian K,Stefan V,4742893,Brian K,4688792,"4742893,4688792",4,3,1,0,133.33
7484,949,2025/2026 TITANS SECOND LEAGUE,2025,32995,25/10/2025,20251025,5428,5430,2,TUKS 5,Lehlohonolo Moshoati,3266899,lbw b Brian K,Brian K,4688792,,,4688792,34,16,2,4,212.50
7484,949,2025/2026 TITANS SECOND LEAGUE,2025,32995,25/10/2025,20251025,5428,5430,2,TUKS 5,Tihardt Kruger,3242942,b André D,André D,6336328,,,6336328,20,23,2,1,86.96
7484,949,2025/2026 TITANS SECOND LEAGUE,2025,32995,25/10/2025,20251025,5428,5430,2,TUKS 5,Wayne Sadler,6336329,not out,,,,,,6,13,1,0,46.15
7484,949,2025/2026 TITANS SECOND LEAGUE,2025,32995,25/10/2025,20251025,5428,5430,2,TUKS 5,Andre Van Wyk,3266939,b Regan P,Regan P,3713341,,,3713341,4,2,1,0,200.00
7373,949,2025/2026 TITANS SECOND LEAGUE,2025,32995,11/10/2025,20251011,5425,5431,1,CBCOB 3,Owen Louwies,6299641,c&b Divan P,Divan P,4673570,,,4673570,22,28,4,0,78.57
7373,949,2025/2026 TITANS SECOND LEAGUE,2025,32995,11/10/2025,20251011,5425,5431,1,CBCOB 3,Rykers Voges,6299646,c&b Nico M,Nico M,3713344,,,3713344,0,2,0,0,0.00
7373,949,2025/2026 TITANS SECOND LEAGUE,2025,32995,11/10/2025,20251011,5425,5431,1,CBCOB 3,Dylan Kotze,6299638,c Neiko S b Nico M,Neiko S,6299637,Nico M,3713344,"6299637,3713344",9,14,1,0,64.29
7373,949,2025/2026 TITANS SECOND LEAGUE,2025,32995,11/10/2025,20251011,5425,5431,1,CBCOB 3,Conrath Meiring,2987575,lbw b Neiko S,Neiko S,6299637,,,6299637,19,27,3,0,70.37
7373,949,2025/2026 TITANS SECOND LEAGUE,2025,32995,11/10/2025,20251011,5425,5431,1,CBCOB 3,Louis Van Zyl,6299639,b Dewald B,Dewald B,3018234,,,3018234,22,61,3,0,36.07
7373,949,2025/2026 TITANS SECOND LEAGUE,2025,32995,11/10/2025,20251011,5425,5431,1,CBCOB 3,Ivan Bekker,6299642,c Jeandre R b Dewald B,Jeandre R,3018228,Dewald B,3018234,"3018228,3018234",4,16,1,0,25.00
7373,949,2025/2026 TITANS SECOND LEAGUE,2025,32995,11/10/2025,20251011,5425,5431,1,CBCOB 3,Alec Jordaan,4715851,c&b Neiko S,Neiko S,6299637,,,6299637,13,17,2,0,76.47
7373,949,2025/2026 TITANS SECOND LEAGUE,2025,32995,11/10/2025,20251011,5425,5431,1,CBCOB 3,Rohan Van Der Walt,6299643,lbw b Dewald B,Dewald B,3018234,,,3018234,0,2,0,0,0.00
7373,949,2025/2026 TITANS SECOND LEAGUE,2025,32995,11/10/2025,20251011,5425,5431,1,CBCOB 3,Janro De Bruin,6299640,not out,,,,,,8,28,1,0,28.57
7373,949,2025/2026 TITANS SECOND LEAGUE,2025,32995,11/10/2025,20251011,5425,5431,1,CBCOB 3,Lucky Coetzee,6299644,c † Niel C b Dewald B,Niel C,3018224,Dewald B,3018234,"3018224,3018234",0,3,0,0,0.00
7373,949,2025/2026 TITANS SECOND LEAGUE,2025,32995,11/10/2025,20251011,5425,5431,1,CBCOB 3,Jaden Beukes,6299645,c Divan P b Gary V,Divan P,4673570,Gary V,4673569,"4673570,4673569",7,10,1,0,70.00
7373,949,2025/2026 TITANS SECOND LEAGUE,2025,32995,11/10/2025,20251011,5425,5431,2,TUT 3,Devin Almeida,6299636,c Rykers V b Jaden B,Rykers V,6299646,Jaden B,6299645,"6299646,6299645",10,26,1,0,38.46
7373,949,2025/2026 TITANS SECOND LEAGUE,2025,32995,11/10/2025,20251011,5425,5431,2,TUT 3,Stefan Olivier,3729935,b Lucky C,Lucky C,6299644,,,6299644,18,18,2,1,100.00
7373,949,2025/2026 TITANS SECOND LEAGUE,2025,32995,11/10/2025,20251011,5425,5431,2,TUT 3,Niel Coetzee,3018224,Retired Out,,,,,,5,4,1,0,125.00
7373,949,2025/2026 TITANS SECOND LEAGUE,2025,32995,11/10/2025,20251011,5425,5431,2,TUT 3,Hendrik Ferreira,4891854,b Lucky C,Lucky C,6299644,,,6299644,0,2,0,0,0.00
7373,949,2025/2026 TITANS SECOND LEAGUE,2025,32995,11/10/2025,20251011,5425,5431,2,TUT 3,Neiko Stigling,6299637,c Lucky C b Alec J,Lucky C,6299644,Alec J,4715851,"6299644,4715851",20,12,3,1,166.67
7373,949,2025/2026 TITANS SECOND LEAGUE,2025,32995,11/10/2025,20251011,5425,5431,2,TUT 3,Jeandre Roux,3018228,b Lucky C,Lucky C,6299644,,,6299644,17,28,3,0,60.71
7373,949,2025/2026 TITANS SECOND LEAGUE,2025,32995,11/10/2025,20251011,5425,5431,2,TUT 3,Nico Minnaar,3713344,c&b Alec J,Alec J,4715851,,,4715851,6,5,1,0,120.00
7373,949,2025/2026 TITANS SECOND LEAGUE,2025,32995,11/10/2025,20251011,5425,5431,2,TUT 3,Stefan Grobler,3018230,b Lucky C,Lucky C,6299644,,,6299644,16,19,2,1,84.21
7373,949,2025/2026 TITANS SECOND LEAGUE,2025,32995,11/10/2025,20251011,5425,5431,2,TUT 3,Gary Van Blerk,4673569,c Lucky C b Janro D,Lucky C,6299644,Janro D,6299640,"6299644,6299640",1,2,0,0,50.00
7373,949,2025/2026 TITANS SECOND LEAGUE,2025,32995,11/10/2025,20251011,5425,5431,2,TUT 3,Divan Potgieter,4673570,c Ivan B b Janro D,Ivan B,6299642,Janro D,6299640,"6299642,6299640",2,10,0,0,20.00
7373,949,2025/2026 TITANS SECOND LEAGUE,2025,32995,11/10/2025,20251011,5425,5431,2,TUT 3,Dewald Basson,3018234,not out,,,,,,1,14,0,0,7.14
7368,949,2025/2026 TITANS SECOND LEAGUE,2025,32995,11/10/2025,20251011,5429,5427,1,SINOVILLE 3,Tiaan Lotter,2934784,c Joshua H b Elgun B,Joshua H,6299551,Elgun B,4702810,"6299551,4702810",1,10,0,0,10.00
7368,949,2025/2026 TITANS SECOND LEAGUE,2025,32995,11/10/2025,20251011,5429,5427,1,SINOVILLE 3,Hendre Du Toit,2987477,c Matthew T b Joshua H,Matthew T,4024778,Joshua H,6299551,"4024778,6299551",13,21,2,0,61.90
7368,949,2025/2026 TITANS SECOND LEAGUE,2025,32995,11/10/2025,20251011,5429,5427,1,SINOVILLE 3,Andre Kruyshaar,3772081,c † Henco M b Elgun B,Henco M,3771718,Elgun B,4702810,"3771718,4702810",2,12,0,0,16.67
7368,949,2025/2026 TITANS SECOND LEAGUE,2025,32995,11/10/2025,20251011,5429,5427,1,SINOVILLE 3,Zandre Jordaan,2934760,c Matthew T b Joshua H,Matthew T,4024778,Joshua H,6299551,"4024778,6299551",26,19,5,0,136.84
7368,949,2025/2026 TITANS SECOND LEAGUE,2025,32995,11/10/2025,20251011,5429,5427,1,SINOVILLE 3,Pieter Oosthuizen,4063614,c Justin R b Elgun B,Justin R,3713446,Elgun B,4702810,"3713446,4702810",0,2,0,0,0.00
7368,949,2025/2026 TITANS SECOND LEAGUE,2025,32995,11/10/2025,20251011,5429,5427,1,SINOVILLE 3,Gerhard Batt,6299553,c Albert M b Elgun B,Albert M,4024779,Elgun B,4702810,"4024779,4702810",4,7,1,0,57.14
7368,949,2025/2026 TITANS SECOND LEAGUE,2025,32995,11/10/2025,20251011,5429,5427,1,SINOVILLE 3,Ryno Vermaak,6299554,c Johan B b Neil J,Johan B,4756705,Neil J,6299550,"4756705,6299550",0,5,0,0,0.00
7368,949,2025/2026 TITANS SECOND LEAGUE,2025,32995,11/10/2025,20251011,5429,5427,1,SINOVILLE 3,Enrico Hepburn,5034371,b Elgun B,Elgun B,4702810,,,4702810,14,15,3,0,93.33
7368,949,2025/2026 TITANS SECOND LEAGUE,2025,32995,11/10/2025,20251011,5429,5427,1,SINOVILLE 3,Ruan Venter,4673574,b Joshua H,Joshua H,6299551,,,6299551,0,2,0,0,0.00
7368,949,2025/2026 TITANS SECOND LEAGUE,2025,32995,11/10/2025,20251011,5429,5427,1,SINOVILLE 3,Julian Ato,6299556,b Jacques V,Jacques V,3795662,,,3795662,12,16,3,0,75.00
7368,949,2025/2026 TITANS SECOND LEAGUE,2025,32995,11/10/2025,20251011,5429,5427,1,SINOVILLE 3,Tristan Voshee,6299555,not out,,,,,,0,2,0,0,0.00
7368,949,2025/2026 TITANS SECOND LEAGUE,2025,32995,11/10/2025,20251011,5429,5427,2,IRENE VILLAGERS 3,Waldemar Bodenstein,6299549,b Ruan V,Ruan V,4673574,,,4673574,20,17,4,0,117.65
7368,949,2025/2026 TITANS SECOND LEAGUE,2025,32995,11/10/2025,20251011,5429,5427,2,IRENE VILLAGERS 3,Johan Broekman,4756705,b Ruan V,Ruan V,4673574,,,4673574,14,13,2,0,107.69
7368,949,2025/2026 TITANS SECOND LEAGUE,2025,32995,11/10/2025,20251011,5429,5427,2,IRENE VILLAGERS 3,Iwann Els,6299552,b Tristan V,Tristan V,6299555,,,6299555,7,7,1,0,100.00
7368,949,2025/2026 TITANS SECOND LEAGUE,2025,32995,11/10/2025,20251011,5429,5427,2,IRENE VILLAGERS 3,Henco Murphy,3771718,not out,,,,,,19,15,1,2,126.67
7368,949,2025/2026 TITANS SECOND LEAGUE,2025,32995,11/10/2025,20251011,5429,5427,2,IRENE VILLAGERS 3,Matthew Thurbon,4024778,not out,,,,,,19,19,3,0,100.00
7365,949,2025/2026 TITANS SECOND LEAGUE,2025,32995,11/10/2025,20251011,5432,5428,1,IRENE VILLAGERS 4,Stefan Strydom,2985833,not out,,,,,,87,61,13,5,142.62
7365,949,2025/2026 TITANS SECOND LEAGUE,2025,32995,11/10/2025,20251011,5432,5428,1,IRENE VILLAGERS 4,Barend Pelser,4874775,b Michael K,Michael K,6297242,,,6297242,0,4,0,0,0.00
7365,949,2025/2026 TITANS SECOND LEAGUE,2025,32995,11/10/2025,20251011,5432,5428,1,IRENE VILLAGERS 4,Ruan Ebersohn,2985830,lbw b Brian K,Brian K,4688792,,,4688792,18,37,2,0,48.65
7365,949,2025/2026 TITANS SECOND LEAGUE,2025,32995,11/10/2025,20251011,5432,5428,1,IRENE VILLAGERS 4,Pj Van Der Merwe,4854676,lbw b Brian K,Brian K,4688792,,,4688792,24,26,1,1,92.31
7365,949,2025/2026 TITANS SECOND LEAGUE,2025,32995,11/10/2025,20251011,5432,5428,1,IRENE VILLAGERS 4,Werner Pretorius,4688690,c Stefan V b Brian K,Stefan V,4742893,Brian K,4688792,"4742893,4688792",11,14,0,1,78.57
7365,949,2025/2026 TITANS SECOND LEAGUE,2025,32995,11/10/2025,20251011,5432,5428,1,IRENE VILLAGERS 4,Jean Botes,6299519,run out ( Stefan V / Steven M ),Stefan V,4742893,Steven M,2937220,"4742893,2937220",0,3,0,0,0.00
7365,949,2025/2026 TITANS SECOND LEAGUE,2025,32995,11/10/2025,20251011,5432,5428,1,IRENE VILLAGERS 4,Stiaan Heymans,4673670,c Michael K b Callen S,Michael K,6297242,Callen S,3782749,"6297242,3782749",5,20,0,0,25.00
7365,949,2025/2026 TITANS SECOND LEAGUE,2025,32995,11/10/2025,20251011,5432,5428,1,IRENE VILLAGERS 4,Barend Pelser,6299518,not out,,,,,,14,28,1,0,50.00
7365,949,2025/2026 TITANS SECOND LEAGUE,2025,32995,11/10/2025,20251011,5432,5428,1,IRENE VILLAGERS 4,Mohapi Molete,2985827,b Callen S,Callen S,3782749,,,3782749,2,13,0,0,15.38
7365,949,2025/2026 TITANS SECOND LEAGUE,2025,32995,11/10/2025,20251011,5432,5428,1,IRENE VILLAGERS 4,Brent Hartley,2985828,c Marko D b Steven M,Marko D,4688791,Steven M,2937220,"4688791,2937220",37,44,6,0,84.09
7365,949,2025/2026 TITANS SECOND LEAGUE,2025,32995,11/10/2025,20251011,5432,5428,2,PHSOB 3,Dylan Howe-Dreyer,2936902,c † Brent H b Barend P,Brent H,2985828,Barend P,4874775,"2985828,4874775",0,1,0,0,0.00
7365,949,2025/2026 TITANS SECOND LEAGUE,2025,32995,11/10/2025,20251011,5432,5428,2,PHSOB 3,Marko De Cock,4688791,c Mohapi M b Jean B,Mohapi M,2985827,Jean B,6299519,"2985827,6299519",51,19,3,6,268.42
7365,949,2025/2026 TITANS SECOND LEAGUE,2025,32995,11/10/2025,20251011,5432,5428,2,PHSOB 3,Callen Stephen,3782749,b Barend P,Barend P,4874775,,,4874775,25,24,5,0,104.17
7365,949,2025/2026 TITANS SECOND LEAGUE,2025,32995,11/10/2025,20251011,5432,5428,2,PHSOB 3,Brian Kershaw,4688792,lbw b Mohapi M,Mohapi M,2985827,,,2985827,21,18,2,1,116.67
7365,949,2025/2026 TITANS SECOND LEAGUE,2025,32995,11/10/2025,20251011,5432,5428,2,PHSOB 3,Stefan Van Der Linden,4742893,b Barend P,Barend P,4874775,,,4874775,15,44,0,0,34.09
7365,949,2025/2026 TITANS SECOND LEAGUE,2025,32995,11/10/2025,20251011,5432,5428,2,PHSOB 3,Michael Kershaw,6297242,b Stiaan H,Stiaan H,4673670,,,4673670,23,21,5,0,109.52
7365,949,2025/2026 TITANS SECOND LEAGUE,2025,32995,11/10/2025,20251011,5432,5428,2,PHSOB 3,Mbulelo Jimlongoe,6260222,b Barend P,Barend P,4874775,,,4874775,23,29,5,0,79.31
7365,949,2025/2026 TITANS SECOND LEAGUE,2025,32995,11/10/2025,20251011,5432,5428,2,PHSOB 3,Pj Mckechnie,3000408,b Werner P,Werner P,4688690,,,4688690,23,30,4,0,76.67
7365,949,2025/2026 TITANS SECOND LEAGUE,2025,32995,11/10/2025,20251011,5432,5428,2,PHSOB 3,Steven Meyburgh,2937220,not out,,,,,,21,35,1,0,60.00
7365,949,2025/2026 TITANS SECOND LEAGUE,2025,32995,11/10/2025,20251011,5432,5428,2,PHSOB 3,Mike Brink,3145217,not out,,,,,,3,14,0,0,21.43
7359,949,2025/2026 TITANS SECOND LEAGUE,2025,32995,11/10/2025,20251011,5426,5430,1,HARLEQUINS 3,Pieter Roos,2939189,c † Frits S b Tiaan E,Frits S,2936846,Tiaan E,2936837,"2936846,2936837",4,14,0,0,28.57
7359,949,2025/2026 TITANS SECOND LEAGUE,2025,32995,11/10/2025,20251011,5426,5430,1,HARLEQUINS 3,Peet Snyman,6299175,c Donovan d b Martin V,Donovan d,3713457,Martin V,2840539,"3713457,2840539",4,18,1,0,22.22
7359,949,2025/2026 TITANS SECOND LEAGUE,2025,32995,11/10/2025,20251011,5426,5430,1,HARLEQUINS 3,Jody Buys,4729873,c Jaco d b Christian S,Jaco d,2936844,Christian S,2936847,"2936844,2936847",8,17,1,0,47.06
7359,949,2025/2026 TITANS SECOND LEAGUE,2025,32995,11/10/2025,20251011,5426,5430,1,HARLEQUINS 3,Nathan Stryfom,4673826,c Martin V b Tiaan E,Martin V,2840539,Tiaan E,2936837,"2840539,2936837",4,3,1,0,133.33
7359,949,2025/2026 TITANS SECOND LEAGUE,2025,32995,11/10/2025,20251011,5426,5430,1,HARLEQUINS 3,Eddie Stephen,6299173,c Tiaan E b Jerry L,Tiaan E,2936837,Jerry L,6299177,"2936837,6299177",21,19,2,1,110.53
7359,949,2025/2026 TITANS SECOND LEAGUE,2025,32995,11/10/2025,20251011,5426,5430,1,HARLEQUINS 3,Hein Swanepoel,4649924,c Donovan d b Jerry L,Donovan d,3713457,Jerry L,6299177,"3713457,6299177",10,7,2,0,142.86
7359,949,2025/2026 TITANS SECOND LEAGUE,2025,32995,11/10/2025,20251011,5426,5430,1,HARLEQUINS 3,Dewald Van Der Walt,3276817,b Jaco d,Jaco d,2936844,,,2936844,14,41,3,0,34.15
7359,949,2025/2026 TITANS SECOND LEAGUE,2025,32995,11/10/2025,20251011,5426,5430,1,HARLEQUINS 3,Willie Kamffer,6299174,c Jan J b Martin V,Jan J,2936838,Martin V,2840539,"2936838,2840539",58,85,8,1,68.24
7359,949,2025/2026 TITANS SECOND LEAGUE,2025,32995,11/10/2025,20251011,5426,5430,1,HARLEQUINS 3,Kholi Willows,6299172,lbw b Donovan d,Donovan d,3713457,,,3713457,0,1,0,0,0.00
7359,949,2025/2026 TITANS SECOND LEAGUE,2025,32995,11/10/2025,20251011,5426,5430,1,HARLEQUINS 3,Dylan Cutting,4576796,not out,,,,,,38,27,3,2,140.74
7359,949,2025/2026 TITANS SECOND LEAGUE,2025,32995,11/10/2025,20251011,5426,5430,1,HARLEQUINS 3,Juan Human,4673828,c Rolf B b Christian S,Rolf B,6299176,Christian S,2936847,"6299176,2936847",2,8,0,0,25.00
7359,949,2025/2026 TITANS SECOND LEAGUE,2025,32995,11/10/2025,20251011,5426,5430,2,TUKS 5,Frits Snyman,2936846,lbw b Peet S,Peet S,6299175,,,6299175,19,26,1,1,73.08
7359,949,2025/2026 TITANS SECOND LEAGUE,2025,32995,11/10/2025,20251011,5426,5430,2,TUKS 5,Eben Botha,2936848,c&b Hein S,Hein S,4649924,,,4649924,7,28,1,0,25.00
7359,949,2025/2026 TITANS SECOND LEAGUE,2025,32995,11/10/2025,20251011,5426,5430,2,TUKS 5,Martin Van Tonder,2840539,lbw b Dewald V,Dewald V,3276817,,,3276817,14,10,1,1,140.00
7359,949,2025/2026 TITANS SECOND LEAGUE,2025,32995,11/10/2025,20251011,5426,5430,2,TUKS 5,Christian Strydom,2936847,c&b Peet S,Peet S,6299175,,,6299175,0,2,0,0,0.00
7359,949,2025/2026 TITANS SECOND LEAGUE,2025,32995,11/10/2025,20251011,5426,5430,2,TUKS 5,Donovan Du Toit,3713457,lbw b Jody B,Jody B,4729873,,,4729873,43,37,6,2,116.22
7359,949,2025/2026 TITANS SECOND LEAGUE,2025,32995,11/10/2025,20251011,5426,5430,2,TUKS 5,Jaco De Vos,2936844,b Dewald V,Dewald V,3276817,,,3276817,6,13,1,0,46.15
7359,949,2025/2026 TITANS SECOND LEAGUE,2025,32995,11/10/2025,20251011,5426,5430,2,TUKS 5,Tiaan Engelbrecht,2936837,c&b Hein S,Hein S,4649924,,,4649924,22,13,2,2,169.23
7359,949,2025/2026 TITANS SECOND LEAGUE,2025,32995,11/10/2025,20251011,5426,5430,2,TUKS 5,Jerry Lesige,6299177,c † Pieter R b Peet S,Pieter R,2939189,Peet S,6299175,"2939189,6299175",5,12,0,0,41.67
7359,949,2025/2026 TITANS SECOND LEAGUE,2025,32995,11/10/2025,20251011,5426,5430,2,TUKS 5,Jan Jones,2936838,c&b Hein S,Hein S,4649924,,,4649924,5,14,0,0,35.71
7359,949,2025/2026 TITANS SECOND LEAGUE,2025,32995,11/10/2025,20251011,5426,5430,2,TUKS 5,Tihardt Kruger,3242942,b Jody B,Jody B,4729873,,,4729873,0,3,0,0,0.00
7359,949,2025/2026 TITANS SECOND LEAGUE,2025,32995,11/10/2025,20251011,5426,5430,2,TUKS 5,Rolf Behrens,6299176,not out,,,,,,0,2,0,0,0.00
7144,790,2024 Titans Second League,unknown,32995,,,4552,4560,1,CBCOB 3,Adriaan Venter,3673677,St Robert d b Jonathan W,Robert d,4729852,Jonathan W,5047117,"4729852,5047117",130,79,21,2,164.56
7144,790,2024 Titans Second League,unknown,32995,,,4552,4560,1,CBCOB 3,Devin Cbc3,3266948,lbw b Keith S,Keith S,5047119,,,5047119,37,33,6,1,112.12
7144,790,2024 Titans Second League,unknown,32995,,,4552,4560,1,CBCOB 3,David Fourie,3018346,c Substitute b Dustyn D,Dustyn D,5047118,,,5047118,23,25,1,0,92.00
7144,790,2024 Titans Second League,unknown,32995,,,4552,4560,1,CBCOB 3,Wendell Plaatjies,4673818,not out,,,,,,16,28,2,0,57.14
7144,790,2024 Titans Second League,unknown,32995,,,4552,4560,1,CBCOB 3,Tafadzwa T,4691514,not out,,,,,,5,21,0,0,23.81
7143,790,2024 Titans Second League,2024,32995,29/03/2025,20250329,4560,4552,1,CENTURION KAVALIERS 3,Robert De Villiers,4729852,c Rigardt S b Jaden B,Rigardt S,3729566,Jaden B,3783165,"3729566,3783165",0,2,0,0,0.00
7143,790,2024 Titans Second League,2024,32995,29/03/2025,20250329,4560,4552,1,CENTURION KAVALIERS 3,Henning Snyman,5045110,c † Justin V b Jaden B,Justin V,4673824,Jaden B,3783165,"4673824,3783165",33,22,4,2,150.00
7143,790,2024 Titans Second League,2024,32995,29/03/2025,20250329,4560,4552,1,CENTURION KAVALIERS 3,Jayden Potgieter,4854735,b Nevada J,Nevada J,4673820,,,4673820,5,7,1,0,71.43
7143,790,2024 Titans Second League,2024,32995,29/03/2025,20250329,4560,4552,1,CENTURION KAVALIERS 3,Avela Tamsanqa,3675645,b Nevada J,Nevada J,4673820,,,4673820,0,2,0,0,0.00
7143,790,2024 Titans Second League,2024,32995,29/03/2025,20250329,4560,4552,1,CENTURION KAVALIERS 3,Liam Van Wyk,5045111,c Rigardt S b Jaden B,Rigardt S,3729566,Jaden B,3783165,"3729566,3783165",1,3,0,0,33.33
7143,790,2024 Titans Second League,2024,32995,29/03/2025,20250329,4560,4552,1,CENTURION KAVALIERS 3,Luke Cannata,4704974,c David F b Nevada J,David F,3018346,Nevada J,4673820,"3018346,4673820",2,17,0,0,11.76
7143,790,2024 Titans Second League,2024,32995,29/03/2025,20250329,4560,4552,1,CENTURION KAVALIERS 3,Nathan Hall,5045108,c Nevada J b Jaden B,Nevada J,4673820,Jaden B,3783165,"4673820,3783165",0,6,0,0,0.00
7143,790,2024 Titans Second League,2024,32995,29/03/2025,20250329,4560,4552,1,CENTURION KAVALIERS 3,Thato Pege,3719303,b Nevada J,Nevada J,4673820,,,4673820,0,1,0,0,0.00
7143,790,2024 Titans Second League,2024,32995,29/03/2025,20250329,4560,4552,1,CENTURION KAVALIERS 3,Heinrich Maraldo,3031835,b Nevada J,Nevada J,4673820,,,4673820,8,15,1,0,53.33
7143,790,2024 Titans Second League,2024,32995,29/03/2025,20250329,4560,4552,1,CENTURION KAVALIERS 3,Aj Jordaan,5045109,c&b Nevada J,Nevada J,4673820,,,4673820,0,6,0,0,0.00
7143,790,2024 Titans Second League,2024,32995,29/03/2025,20250329,4560,4552,1,CENTURION KAVALIERS 3,Nathi Kundhlande,4854738,not out,,,,,,0,1,0,0,0.00
7143,790,2024 Titans Second League,2024,32995,29/03/2025,20250329,4560,4552,2,CBCOB 3,David Fourie,3018346,b Luke C,Luke C,4704974,,,4704974,23,14,2,2,164.29
7143,790,2024 Titans Second League,2024,32995,29/03/2025,20250329,4560,4552,2,CBCOB 3,Alaistar Legoabe,5045106,c&b Nathan H,Nathan H,5045108,,,5045108,2,7,0,0,28.57
7143,790,2024 Titans Second League,2024,32995,29/03/2025,20250329,4560,4552,2,CBCOB 3,Franco Schmidt,4673821,c&b Luke C,Luke C,4704974,,,4704974,12,18,2,0,66.67
7143,790,2024 Titans Second League,2024,32995,29/03/2025,20250329,4560,4552,2,CBCOB 3,Armin Havenga,3729570,not out,,,,,,14,15,2,0,93.33
7143,790,2024 Titans Second League,2024,32995,29/03/2025,20250329,4560,4552,2,CBCOB 3,Wendell Plaatjies,4673818,b Nathan H,Nathan H,5045108,,,5045108,1,5,0,0,20.00
7143,790,2024 Titans Second League,2024,32995,29/03/2025,20250329,4560,4552,2,CBCOB 3,Jp Coetzee,5045107,not out,,,,,,10,8,2,0,125.00
7087,790,2024 Titans Second League,2024,32995,22/03/2025,20250322,4556,4552,1,SINOVILLE 3,Andre Kruyshaar,3772081,c † Justin V b Marius S,Justin V,4673824,Marius S,5034372,"4673824,5034372",15,34,2,0,44.12
7087,790,2024 Titans Second League,2024,32995,22/03/2025,20250322,4556,4552,1,SINOVILLE 3,Wiehan Nel,2936753,c&b Jaden B,Jaden B,3783165,,,3783165,7,18,0,0,38.89
7087,790,2024 Titans Second League,2024,32995,22/03/2025,20250322,4556,4552,1,SINOVILLE 3,Wian Van Deventer,3257325,b Ivan H,Ivan H,3729571,,,3729571,22,27,3,0,81.48
7087,790,2024 Titans Second League,2024,32995,22/03/2025,20250322,4556,4552,1,SINOVILLE 3,Manie De Roubiax,5034370,b Nevada J,Nevada J,4673820,,,4673820,2,12,0,0,16.67
7087,790,2024 Titans Second League,2024,32995,22/03/2025,20250322,4556,4552,1,SINOVILLE 3,Ludwig Erasmus,4673573,c Franco S b Rigardt S,Franco S,4673821,Rigardt S,3729566,"4673821,3729566",72,63,2,6,114.29
7087,790,2024 Titans Second League,2024,32995,22/03/2025,20250322,4556,4552,1,SINOVILLE 3,Stanley Fabri,3056139,c † Justin V b Rigardt S,Justin V,4673824,Rigardt S,3729566,"4673824,3729566",21,31,1,0,67.74
7087,790,2024 Titans Second League,2024,32995,22/03/2025,20250322,4556,4552,1,SINOVILLE 3,Enrico Hepburn,5034371,b Justin V,Justin V,4673824,,,4673824,0,9,0,0,0.00
7087,790,2024 Titans Second League,2024,32995,22/03/2025,20250322,4556,4552,1,SINOVILLE 3,Janu Olivier,4973941,c Leon B b Justin V,Leon B,3730114,Justin V,4673824,"3730114,4673824",6,13,0,0,46.15
7087,790,2024 Titans Second League,2024,32995,22/03/2025,20250322,4556,4552,1,SINOVILLE 3,Tk Sinoville,4973943,b Rigardt S,Rigardt S,3729566,,,3729566,0,1,0,0,0.00
7087,790,2024 Titans Second League,2024,32995,22/03/2025,20250322,4556,4552,1,SINOVILLE 3,Andre Schoombee,3772961,not out,,,,,,0,5,0,0,0.00
7087,790,2024 Titans Second League,2024,32995,22/03/2025,20250322,4556,4552,1,SINOVILLE 3,Ian Dorfling,4063612,b Rigardt S,Rigardt S,3729566,,,3729566,0,2,0,0,0.00
7087,790,2024 Titans Second League,2024,32995,22/03/2025,20250322,4556,4552,2,CBCOB 3,Adriaan Venter,3673677,c Wiehan N b Andre S,Wiehan N,2936753,Andre S,3772961,"2936753,3772961",13,13,2,0,100.00
7087,790,2024 Titans Second League,2024,32995,22/03/2025,20250322,4556,4552,2,CBCOB 3,Armin Havenga,3729570,c Andre S b Stanley F,Andre S,3772961,Stanley F,3056139,"3772961,3056139",1,6,0,0,16.67
7087,790,2024 Titans Second League,2024,32995,22/03/2025,20250322,4556,4552,2,CBCOB 3,David Fourie,3018346,c Enrico H b Wiehan N,Enrico H,5034371,Wiehan N,2936753,"5034371,2936753",54,39,8,1,138.46
7087,790,2024 Titans Second League,2024,32995,22/03/2025,20250322,4556,4552,2,CBCOB 3,Franco Schmidt,4673821,c Ian D b Wian v,Ian D,4063612,Wian v,3257325,"4063612,3257325",64,45,6,5,142.22
7087,790,2024 Titans Second League,2024,32995,22/03/2025,20250322,4556,4552,2,CBCOB 3,Leon Bender,3730114,Retired Out,,,,,,6,10,1,0,60.00
7087,790,2024 Titans Second League,2024,32995,22/03/2025,20250322,4556,4552,2,CBCOB 3,Justin Van Bassen,4673824,not out,,,,,,8,10,1,0,80.00
7087,790,2024 Titans Second League,2024,32995,22/03/2025,20250322,4556,4552,2,CBCOB 3,Rigardt Saaiman,3729566,not out,,,,,,4,7,0,0,57.14
7037,790,2024 Titans Second League,2024,32995,15/03/2025,20250315,4557,4552,1,SINOVILLE 4,Andre Kruyshaar,3795248,c Alec J b Jaden B,Alec J,4715851,Jaden B,3783165,"4715851,3783165",12,39,1,0,30.77
7037,790,2024 Titans Second League,2024,32995,15/03/2025,20250315,4557,4552,1,SINOVILLE 4,Jd Van Wyk,4702806,b Nevada J,Nevada J,4673820,,,4673820,0,1,0,0,0.00
7037,790,2024 Titans Second League,2024,32995,15/03/2025,20250315,4557,4552,1,SINOVILLE 4,James Van Der Merwe,4892050,c David F b Jaden B,David F,3018346,Jaden B,3783165,"3018346,3783165",21,19,3,0,110.53
7037,790,2024 Titans Second League,2024,32995,15/03/2025,20250315,4557,4552,1,SINOVILLE 4,Ryan Kruger,2698181,c Stephan V b Jaco C,Stephan V,2987583,Jaco C,4046234,"2987583,4046234",74,86,6,1,86.05
7037,790,2024 Titans Second League,2024,32995,15/03/2025,20250315,4557,4552,1,SINOVILLE 4,Ludwig Erasmus,4702802,c David F b Stephan V,David F,3018346,Stephan V,2987583,"3018346,2987583",15,37,1,0,40.54
7037,790,2024 Titans Second League,2024,32995,15/03/2025,20250315,4557,4552,1,SINOVILLE 4,Hendre Du Toit,2987477,c Nevada J b Stephan V,Nevada J,4673820,Stephan V,2987583,"4673820,2987583",23,23,3,0,100.00
7037,790,2024 Titans Second League,2024,32995,15/03/2025,20250315,4557,4552,1,SINOVILLE 4,Stanley Fabri,3056139,c Jaco C b Justin V,Jaco C,4046234,Justin V,4673824,"4046234,4673824",12,18,0,0,66.67
7037,790,2024 Titans Second League,2024,32995,15/03/2025,20250315,4557,4552,1,SINOVILLE 4,Tk Sinoville,5023453,b Jaco C,Jaco C,4046234,,,4046234,2,5,0,0,40.00
7037,790,2024 Titans Second League,2024,32995,15/03/2025,20250315,4557,4552,1,SINOVILLE 4,Jj Du Toit,3226765,b Justin V,Justin V,4673824,,,4673824,13,14,1,0,92.86
7037,790,2024 Titans Second League,2024,32995,15/03/2025,20250315,4557,4552,1,SINOVILLE 4,Ruan Venter,4715814,not out,,,,,,17,22,1,1,77.27
7037,790,2024 Titans Second League,2024,32995,15/03/2025,20250315,4557,4552,1,SINOVILLE 4,Andries Putter,4973954,not out,,,,,,0,7,0,0,0.00
7037,790,2024 Titans Second League,2024,32995,15/03/2025,20250315,4557,4552,2,CBCOB 3,André Botes,3018347,b JJ D,JJ D,3226765,,,3226765,13,32,2,0,40.62
7037,790,2024 Titans Second League,2024,32995,15/03/2025,20250315,4557,4552,2,CBCOB 3,David Fourie,3018346,c Ludwig E b JJ D,Ludwig E,4702802,JJ D,3226765,"4702802,3226765",19,18,4,0,105.56
7037,790,2024 Titans Second League,2024,32995,15/03/2025,20250315,4557,4552,2,CBCOB 3,Jaco Cbc,4046234,c Hendre D b Andre K,Hendre D,2987477,Andre K,3795248,"2987477,3795248",23,65,1,0,35.38
7037,790,2024 Titans Second League,2024,32995,15/03/2025,20250315,4557,4552,2,CBCOB 3,Leon Bender,3730114,Retired Out,,,,,,2,7,0,0,28.57
7037,790,2024 Titans Second League,2024,32995,15/03/2025,20250315,4557,4552,2,CBCOB 3,Gerrald Gouws,3056111,b James V,James V,4892050,,,4892050,25,35,4,0,71.43
7037,790,2024 Titans Second League,2024,32995,15/03/2025,20250315,4557,4552,2,CBCOB 3,Stephan Van Der Berg,2987583,b Hendre D,Hendre D,2987477,,,2987477,0,7,0,0,0.00
7037,790,2024 Titans Second League,2024,32995,15/03/2025,20250315,4557,4552,2,CBCOB 3,Justin Van Bassen,4673824,c JJ D b James V,JJ D,3226765,James V,4892050,"3226765,4892050",19,20,2,0,95.00
7037,790,2024 Titans Second League,2024,32995,15/03/2025,20250315,4557,4552,2,CBCOB 3,Jaden Beukes,3783165,c † Ludwig E b James V,Ludwig E,4702802,James V,4892050,"4702802,4892050",20,22,0,1,90.91
7037,790,2024 Titans Second League,2024,32995,15/03/2025,20250315,4557,4552,2,CBCOB 3,Alec Jordaan,4715851,b James V,James V,4892050,,,4892050,9,14,0,1,64.29
7037,790,2024 Titans Second League,2024,32995,15/03/2025,20250315,4557,4552,2,CBCOB 3,Nevada Jacobs,4673820,not out,,,,,,4,5,0,0,80.00
7037,790,2024 Titans Second League,2024,32995,15/03/2025,20250315,4557,4552,2,CBCOB 3,Bruce Cbc3,3266947,c Jd V b James V,Jd V,4702806,James V,4892050,"4702806,4892050",0,2,0,0,0.00
7032,790,2024 Titans Second League,2024,32995,15/03/2025,20250315,4554,4555,1,IRENE VILLAGERS 3,Divan Cilliers,3713448,b Francois M,Francois M,5023418,,,5023418,1,14,0,0,7.14
7032,790,2024 Titans Second League,2024,32995,15/03/2025,20250315,4554,4555,1,IRENE VILLAGERS 3,Johan Broekman,4756705,b Yatin K,Yatin K,4081459,,,4081459,49,115,1,1,42.61
7032,790,2024 Titans Second League,2024,32995,15/03/2025,20250315,4554,4555,1,IRENE VILLAGERS 3,Marcel Cilliers,3713449,c Substitute b Regan P,Regan P,3713341,,,3713341,55,46,10,0,119.57
7032,790,2024 Titans Second League,2024,32995,15/03/2025,20250315,4554,4555,1,IRENE VILLAGERS 3,Gerhard Swanepoel,3713453,c Substitute b Chad F,Chad F,2936899,,,2936899,22,44,0,0,50.00
7032,790,2024 Titans Second League,2024,32995,15/03/2025,20250315,4554,4555,1,IRENE VILLAGERS 3,Gunter Geyer,2985804,c Substitute b Lafras J,Lafras J,4143518,,,4143518,11,11,0,1,100.00
7032,790,2024 Titans Second League,2024,32995,15/03/2025,20250315,4554,4555,1,IRENE VILLAGERS 3,Albert Myburgh,4024779,c Substitute b Yatin K,Yatin K,4081459,,,4081459,1,7,0,0,14.29
7032,790,2024 Titans Second League,2024,32995,15/03/2025,20250315,4554,4555,1,IRENE VILLAGERS 3,Jacques Van Rooyen,3795662,b Regan P,Regan P,3713341,,,3713341,5,6,0,0,83.33
7032,790,2024 Titans Second League,2024,32995,15/03/2025,20250315,4554,4555,1,IRENE VILLAGERS 3,Elgun Boecker,4702810,b Regan P,Regan P,3713341,,,3713341,0,1,0,0,0.00
7032,790,2024 Titans Second League,2024,32995,15/03/2025,20250315,4554,4555,1,IRENE VILLAGERS 3,Stiaan Heymans,4673670,b Regan P,Regan P,3713341,,,3713341,0,1,0,0,0.00
7032,790,2024 Titans Second League,2024,32995,15/03/2025,20250315,4554,4555,1,IRENE VILLAGERS 3,Shaanthen Thumbiran,4854734,c Substitute b Regan P,Regan P,3713341,,,3713341,2,6,0,0,33.33
7032,790,2024 Titans Second League,2024,32995,15/03/2025,20250315,4554,4555,1,IRENE VILLAGERS 3,Tyler Miller,3729934,not out,,,,,,2,2,0,0,100.00
7032,790,2024 Titans Second League,2024,32995,15/03/2025,20250315,4554,4555,2,PHSOB 3,Yatin Koul,4081459,c Stiaan H b Elgun B,Stiaan H,4673670,Elgun B,4702810,"4673670,4702810",24,22,4,0,109.09
7032,790,2024 Titans Second League,2024,32995,15/03/2025,20250315,4554,4555,2,PHSOB 3,Felix Le Roux,3018176,c Marcel C b Albert M,Marcel C,3713449,Albert M,4024779,"3713449,4024779",12,7,1,1,171.43
7032,790,2024 Titans Second League,2024,32995,15/03/2025,20250315,4554,4555,2,PHSOB 3,Chad Fortman,2936899,c Albert M b Elgun B,Albert M,4024779,Elgun B,4702810,"4024779,4702810",4,11,1,0,36.36
7032,790,2024 Titans Second League,2024,32995,15/03/2025,20250315,4554,4555,2,PHSOB 3,Callen Stephen,3782749,b Gunter G,Gunter G,2985804,,,2985804,31,32,5,0,96.88
7032,790,2024 Titans Second League,2024,32995,15/03/2025,20250315,4554,4555,2,PHSOB 3,Sellin De Beer,4715786,c Albert M b Jacques V,Albert M,4024779,Jacques V,3795662,"4024779,3795662",39,35,5,1,111.43
7032,790,2024 Titans Second League,2024,32995,15/03/2025,20250315,4554,4555,2,PHSOB 3,Francois Mostert,5023418,not out,,,,,,35,24,1,3,145.83
7032,790,2024 Titans Second League,2024,32995,15/03/2025,20250315,4554,4555,2,PHSOB 3,Ryan Rossouw,2936911,c † Gerhard S b Tyler M,Gerhard S,3713453,Tyler M,3729934,"3713453,3729934",1,4,0,0,25.00
7032,790,2024 Titans Second League,2024,32995,15/03/2025,20250315,4554,4555,2,PHSOB 3,Lafras Jenkins,4143518,c Marcel C b Tyler M,Marcel C,3713449,Tyler M,3729934,"3713449,3729934",13,7,2,0,185.71
7032,790,2024 Titans Second League,2024,32995,15/03/2025,20250315,4554,4555,2,PHSOB 3,Regan Pruss,3713341,not out,,,,,,0,0,0,0,0.00
7031,790,2024 Titans Second League,2024,32995,15/03/2025,20250315,4553,4558,1,HARLEQUINS 3,Pieter Roos,2939189,run out ( Riccardo O / Donovan d ),Riccardo O,2936842,Donovan d,3713457,"2936842,3713457",16,46,1,0,34.78
7031,790,2024 Titans Second League,2024,32995,15/03/2025,20250315,4553,4558,1,HARLEQUINS 3,Luke Marshell,4973936,c † Donovan d b Tiaan E,Donovan d,3713457,Tiaan E,2936837,"3713457,2936837",7,7,1,0,100.00
7031,790,2024 Titans Second League,2024,32995,15/03/2025,20250315,4553,4558,1,HARLEQUINS 3,Ettienne Tait,2939149,c Johan N b Christian S,Johan N,4655263,Christian S,2936847,"4655263,2936847",22,36,2,1,61.11
7031,790,2024 Titans Second League,2024,32995,15/03/2025,20250315,4553,4558,1,HARLEQUINS 3,Steyn Niemand,4116052,c † Donovan d b Riccardo O,Donovan d,3713457,Riccardo O,2936842,"3713457,2936842",44,53,7,0,83.02
7031,790,2024 Titans Second League,2024,32995,15/03/2025,20250315,4553,4558,1,HARLEQUINS 3,Henre Quins,4878344,c Lehlohonolo M b Johan N,Lehlohonolo M,3266899,Johan N,4655263,"3266899,4655263",2,7,0,0,28.57
7031,790,2024 Titans Second League,2024,32995,15/03/2025,20250315,4553,4558,1,HARLEQUINS 3,Mike Hartman,5000468,c Christian S b Martin V,Christian S,2936847,Martin V,2840539,"2936847,2840539",1,9,0,0,11.11
7031,790,2024 Titans Second League,2024,32995,15/03/2025,20250315,4553,4558,1,HARLEQUINS 3,Calyle Stolze,4896935,c † Donovan d b Martin V,Donovan d,3713457,Martin V,2840539,"3713457,2840539",23,17,5,0,135.29
7031,790,2024 Titans Second League,2024,32995,15/03/2025,20250315,4553,4558,1,HARLEQUINS 3,Dante Meyer,4896936,c Lehlohonolo M b Riccardo O,Lehlohonolo M,3266899,Riccardo O,2936842,"3266899,2936842",22,29,2,1,75.86
7031,790,2024 Titans Second League,2024,32995,15/03/2025,20250315,4553,4558,1,HARLEQUINS 3,Clinton Da Costa,5000469,c Lehlohonolo M b Andre V,Lehlohonolo M,3266899,Andre V,3266939,"3266899,3266939",1,4,0,0,25.00
7031,790,2024 Titans Second League,2024,32995,15/03/2025,20250315,4553,4558,1,HARLEQUINS 3,Oliver Beaclerk,4729876,b Andre V,Andre V,3266939,,,3266939,10,6,2,0,166.67
7031,790,2024 Titans Second League,2024,32995,15/03/2025,20250315,4553,4558,1,HARLEQUINS 3,Dewald Van Der Walt,3276817,not out,,,,,,0,0,0,0,0.00
7031,790,2024 Titans Second League,2024,32995,15/03/2025,20250315,4553,4558,2,TUKS 5,Johan Pretorius,3255251,b Calyle S,Calyle S,4896935,,,4896935,6,14,1,0,42.86
7031,790,2024 Titans Second League,2024,32995,15/03/2025,20250315,4553,4558,2,TUKS 5,Martin Van Tonder,2840539,c † Steyn N b Calyle S,Steyn N,4116052,Calyle S,4896935,"4116052,4896935",16,17,3,0,94.12
7031,790,2024 Titans Second League,2024,32995,15/03/2025,20250315,4553,4558,2,TUKS 5,Johan Nel,4655263,b Ettienne T,Ettienne T,2939149,,,2939149,48,83,2,2,57.83
7031,790,2024 Titans Second League,2024,32995,15/03/2025,20250315,4553,4558,2,TUKS 5,Christian Strydom,2936847,c Clinton D b Ettienne T,Clinton D,5000469,Ettienne T,2939149,"5000469,2939149",13,19,2,0,68.42
7031,790,2024 Titans Second League,2024,32995,15/03/2025,20250315,4553,4558,2,TUKS 5,Riccardo Oosthuizen,2936842,St Steyn N b Henre Q,Steyn N,4116052,Henre Q,4878344,"4116052,4878344",0,6,0,0,0.00
7031,790,2024 Titans Second League,2024,32995,15/03/2025,20250315,4553,4558,2,TUKS 5,Tiaan Engelbrecht,2936837,run out ( Oliver B ),Oliver B,4729876,,,4729876,21,37,0,1,56.76
7031,790,2024 Titans Second League,2024,32995,15/03/2025,20250315,4553,4558,2,TUKS 5,Donovan Du Toit,3713457,c † Steyn N b Dewald V,Steyn N,4116052,Dewald V,3276817,"4116052,3276817",1,6,0,0,16.67
7031,790,2024 Titans Second League,2024,32995,15/03/2025,20250315,4553,4558,2,TUKS 5,Lehlohonolo Moshoati,3266899,c Pieter R b Henre Q,Pieter R,2939189,Henre Q,4878344,"2939189,4878344",24,33,1,1,72.73
7031,790,2024 Titans Second League,2024,32995,15/03/2025,20250315,4553,4558,2,TUKS 5,Andre Van Wyk,3266939,b Ettienne T,Ettienne T,2939149,,,2939149,0,3,0,0,0.00
7031,790,2024 Titans Second League,2024,32995,15/03/2025,20250315,4553,4558,2,TUKS 5,Frits Snyman,2936846,c Henre Q b Ettienne T,Henre Q,4878344,Ettienne T,2939149,"4878344,2939149",0,1,0,0,0.00
7031,790,2024 Titans Second League,2024,32995,15/03/2025,20250315,4553,4558,2,TUKS 5,Elandré Van Den Berg,3713456,not out,,,,,,0,3,0,0,0.00
6965,790,2024 Titans Second League,2024,32995,08/03/2025,20250308,4554,4553,1,IRENE VILLAGERS 3,Stefan Strydom,2985833,b Mike H,Mike H,5000468,,,5000468,17,14,2,1,121.43
6965,790,2024 Titans Second League,2024,32995,08/03/2025,20250308,4554,4553,1,IRENE VILLAGERS 3,Johan Broekman,4756705,not out,,,,,,81,127,2,2,63.78
6965,790,2024 Titans Second League,2024,32995,08/03/2025,20250308,4554,4553,1,IRENE VILLAGERS 3,Chris Klopper,4756702,b Henre Q,Henre Q,4878344,,,4878344,0,2,0,0,0.00
6965,790,2024 Titans Second League,2024,32995,08/03/2025,20250308,4554,4553,1,IRENE VILLAGERS 3,Gerhard Swanepoel,3713453,lbw b Clinton D,Clinton D,5000469,,,5000469,11,19,0,0,57.89
6965,790,2024 Titans Second League,2024,32995,08/03/2025,20250308,4554,4553,1,IRENE VILLAGERS 3,Albert Myburgh,4024779,c&b Vuks B,Vuks B,5000466,,,5000466,48,68,3,1,70.59
6965,790,2024 Titans Second League,2024,32995,08/03/2025,20250308,4554,4553,1,IRENE VILLAGERS 3,Andre Klopper,4756701,b Hein S,Hein S,4649924,,,4649924,1,5,0,0,20.00
6965,790,2024 Titans Second League,2024,32995,08/03/2025,20250308,4554,4553,1,IRENE VILLAGERS 3,Elro Grobeler,4655709,not out,,,,,,81,33,3,9,245.45
6965,790,2024 Titans Second League,2024,32995,08/03/2025,20250308,4554,4553,2,HARLEQUINS 3,Vuks Bamuza,5000466,St b Shaanthen T,Shaanthen T,4854734,,,4854734,32,54,6,0,59.26
6965,790,2024 Titans Second League,2024,32995,08/03/2025,20250308,4554,4553,2,HARLEQUINS 3,Juan Human,4673828,run out ( Johan B ),Johan B,4756705,,,4756705,4,9,0,0,44.44
6965,790,2024 Titans Second League,2024,32995,08/03/2025,20250308,4554,4553,2,HARLEQUINS 3,Clinton Da Costa,5000469,b Elro G,Elro G,4655709,,,4655709,0,2,0,0,0.00
6965,790,2024 Titans Second League,2024,32995,08/03/2025,20250308,4554,4553,2,HARLEQUINS 3,Dylan Cutting,5000467,b Elro G,Elro G,4655709,,,4655709,0,2,0,0,0.00
6965,790,2024 Titans Second League,2024,32995,08/03/2025,20250308,4554,4553,2,HARLEQUINS 3,Mike Hartman,5000468,c Albert M b Johan B,Albert M,4024779,Johan B,4756705,"4024779,4756705",49,54,7,1,90.74
6965,790,2024 Titans Second League,2024,32995,08/03/2025,20250308,4554,4553,2,HARLEQUINS 3,Henre Quins,4878344,c&b Elgun B,Elgun B,4702810,,,4702810,71,78,7,0,91.03
6965,790,2024 Titans Second League,2024,32995,08/03/2025,20250308,4554,4553,2,HARLEQUINS 3,Jody Buys,4729873,b Johan B,Johan B,4756705,,,4756705,12,24,2,0,50.00
6965,790,2024 Titans Second League,2024,32995,08/03/2025,20250308,4554,4553,2,HARLEQUINS 3,Pieter Roos,2939189,c Gerhard S b Elgun B,Gerhard S,3713453,Elgun B,4702810,"3713453,4702810",29,32,0,1,90.62
6965,790,2024 Titans Second League,2024,32995,08/03/2025,20250308,4554,4553,2,HARLEQUINS 3,Mohammed B Korowlay,2939170,b Chris K,Chris K,4756702,,,4756702,0,1,0,0,0.00
6965,790,2024 Titans Second League,2024,32995,08/03/2025,20250308,4554,4553,2,HARLEQUINS 3,Hein Swanepoel,4649924,not out,,,,,,4,11,0,0,36.36
6965,790,2024 Titans Second League,2024,32995,08/03/2025,20250308,4554,4553,2,HARLEQUINS 3,Dewald Van Der Walt,3276817,not out,,,,,,2,5,0,0,40.00
6962,790,2024 Titans Second League,2024,32995,08/03/2025,20250308,4556,4558,1,SINOVILLE 3,James Van Der Merwe,5000388,b Riccardo O,Riccardo O,2936842,,,2936842,87,115,14,0,75.65
6962,790,2024 Titans Second League,2024,32995,08/03/2025,20250308,4556,4558,1,SINOVILLE 3,Andre Kruyshaar,3772081,c Riccardo O b Nico d,Riccardo O,2936842,Nico d,3180581,"2936842,3180581",60,66,11,0,90.91
6962,790,2024 Titans Second League,2024,32995,08/03/2025,20250308,4556,4558,1,SINOVILLE 3,Wiehan Nel,2936753,b Lehlohonolo M,Lehlohonolo M,3266899,,,3266899,16,21,3,0,76.19
6962,790,2024 Titans Second League,2024,32995,08/03/2025,20250308,4556,4558,1,SINOVILLE 3,Janu Olivier,4973941,c Tihardt K b Lehlohonolo M,Tihardt K,3242942,Lehlohonolo M,3266899,"3242942,3266899",9,12,0,0,75.00
6962,790,2024 Titans Second League,2024,32995,08/03/2025,20250308,4556,4558,1,SINOVILLE 3,Maans Roubaix,3031813,b Tiaan E,Tiaan E,2936837,,,2936837,15,18,0,0,83.33
6962,790,2024 Titans Second League,2024,32995,08/03/2025,20250308,4556,4558,1,SINOVILLE 3,Jd Van Wyk,4688794,b Riccardo O,Riccardo O,2936842,,,2936842,0,1,0,0,0.00
6962,790,2024 Titans Second League,2024,32995,08/03/2025,20250308,4556,4558,1,SINOVILLE 3,Ludwig Erasmus,4673573,c Tiaan E b Andre V,Tiaan E,2936837,Andre V,3266939,"2936837,3266939",2,3,0,0,66.67
6962,790,2024 Titans Second League,2024,32995,08/03/2025,20250308,4556,4558,1,SINOVILLE 3,Werner Jordaan,5000389,c † Donovan d b Andre V,Donovan d,3713457,Andre V,3266939,"3713457,3266939",6,7,1,0,85.71
6962,790,2024 Titans Second League,2024,32995,08/03/2025,20250308,4556,4558,1,SINOVILLE 3,Stanley Fabri,3056139,not out,,,,,,19,16,1,0,118.75
6962,790,2024 Titans Second League,2024,32995,08/03/2025,20250308,4556,4558,1,SINOVILLE 3,Ruan Venter,4673574,b Tiaan E,Tiaan E,2936837,,,2936837,14,11,0,1,127.27
6962,790,2024 Titans Second League,2024,32995,08/03/2025,20250308,4556,4558,1,SINOVILLE 3,Ian Dorfling,4063612,b Tiaan E,Tiaan E,2936837,,,2936837,0,1,0,0,0.00
6962,790,2024 Titans Second League,2024,32995,08/03/2025,20250308,4556,4558,2,TUKS 5,Johan Pretorius,3255251,b Janu O,Janu O,4973941,,,4973941,10,12,1,0,83.33
6962,790,2024 Titans Second League,2024,32995,08/03/2025,20250308,4556,4558,2,TUKS 5,Martin Van Tonder,2840539,b Janu O,Janu O,4973941,,,4973941,0,1,0,0,0.00
6962,790,2024 Titans Second League,2024,32995,08/03/2025,20250308,4556,4558,2,TUKS 5,Nico De Bruyn,3180581,lbw b Janu O,Janu O,4973941,,,4973941,3,6,0,0,50.00
6962,790,2024 Titans Second League,2024,32995,08/03/2025,20250308,4556,4558,2,TUKS 5,Riccardo Oosthuizen,2936842,b Janu O,Janu O,4973941,,,4973941,0,1,0,0,0.00
6962,790,2024 Titans Second League,2024,32995,08/03/2025,20250308,4556,4558,2,TUKS 5,Tiaan Engelbrecht,2936837,c Andre K b Ruan V,Andre K,3772081,Ruan V,4673574,"3772081,4673574",2,3,0,0,66.67
6962,790,2024 Titans Second League,2024,32995,08/03/2025,20250308,4556,4558,2,TUKS 5,Donovan Du Toit,3713457,run out ( James v ),James v,5000388,,,5000388,79,89,8,4,88.76
6962,790,2024 Titans Second League,2024,32995,08/03/2025,20250308,4556,4558,2,TUKS 5,Lehlohonolo Moshoati,3266899,St Ludwig E b James v,Ludwig E,4673573,James v,5000388,"4673573,5000388",57,54,5,0,105.56
6962,790,2024 Titans Second League,2024,32995,08/03/2025,20250308,4556,4558,2,TUKS 5,Tihardt Kruger,3242942,St Ludwig E b Andre K,Ludwig E,4673573,Andre K,3772081,"4673573,3772081",3,9,0,0,33.33
6962,790,2024 Titans Second League,2024,32995,08/03/2025,20250308,4556,4558,2,TUKS 5,Christian Strydom,2936847,c&b James v,James v,5000388,,,5000388,11,19,1,0,57.89
6962,790,2024 Titans Second League,2024,32995,08/03/2025,20250308,4556,4558,2,TUKS 5,Andre Van Wyk,3266939,b Wiehan N,Wiehan N,2936753,,,2936753,6,22,1,0,27.27
6962,790,2024 Titans Second League,2024,32995,08/03/2025,20250308,4556,4558,2,TUKS 5,Elandré Van Den Berg,3713456,not out,,,,,,0,11,0,0,0.00
6879,790,2024 Titans Second League,2024,32995,01/03/2025,20250301,4554,4559,1,IRENE VILLAGERS 3,Divan Cilliers,3713448,c † Niel C b Nico M,Niel C,3018224,Nico M,3713344,"3018224,3713344",1,5,0,0,20.00
6879,790,2024 Titans Second League,2024,32995,01/03/2025,20250301,4554,4559,1,IRENE VILLAGERS 3,Marcel Cilliers,3713449,lbw b Divan P,Divan P,4673570,,,4673570,28,30,3,1,93.33
6879,790,2024 Titans Second League,2024,32995,01/03/2025,20250301,4554,4559,1,IRENE VILLAGERS 3,Johan Broekman,4756705,b Nico M,Nico M,3713344,,,3713344,22,35,4,0,62.86
6879,790,2024 Titans Second League,2024,32995,01/03/2025,20250301,4554,4559,1,IRENE VILLAGERS 3,Albert Myburgh,4024779,c&b Stefan G,Stefan G,3018230,,,3018230,0,6,0,0,0.00
6879,790,2024 Titans Second League,2024,32995,01/03/2025,20250301,4554,4559,1,IRENE VILLAGERS 3,Gunter Geyer,4655258,c&b Divan P,Divan P,4673570,,,4673570,7,14,0,0,50.00
6879,790,2024 Titans Second League,2024,32995,01/03/2025,20250301,4554,4559,1,IRENE VILLAGERS 3,Elro Grobeler,4655709,c Charl P b Hendrik F,Charl P,3018226,Hendrik F,4891854,"3018226,4891854",10,27,1,0,37.04
6879,790,2024 Titans Second League,2024,32995,01/03/2025,20250301,4554,4559,1,IRENE VILLAGERS 3,Erich Ackerman,4974003,b Divan P,Divan P,4673570,,,4673570,0,1,0,0,0.00
6879,790,2024 Titans Second League,2024,32995,01/03/2025,20250301,4554,4559,1,IRENE VILLAGERS 3,Jacques Van Rooyen,3795662,c Nico M b Hendrik F,Nico M,3713344,Hendrik F,4891854,"3713344,4891854",0,4,0,0,0.00
6879,790,2024 Titans Second League,2024,32995,01/03/2025,20250301,4554,4559,1,IRENE VILLAGERS 3,Elgun Boecker,4702810,c Substitute b Divan P,Divan P,4673570,,,4673570,0,12,0,0,0.00
6879,790,2024 Titans Second League,2024,32995,01/03/2025,20250301,4554,4559,1,IRENE VILLAGERS 3,Shaanthen Thumbiran,4854734,not out,,,,,,1,6,0,0,16.67
6879,790,2024 Titans Second League,2024,32995,01/03/2025,20250301,4554,4559,1,IRENE VILLAGERS 3,Tyler Miller,3729934,c Substitute b Hendrik F,Hendrik F,4891854,,,4891854,19,20,1,1,95.00
6879,790,2024 Titans Second League,2024,32995,01/03/2025,20250301,4554,4559,2,TUT 3,Niel Coetzee,3018224,c Divan C b Elgun B,Divan C,3713448,Elgun B,4702810,"3713448,4702810",4,21,0,0,19.05
6879,790,2024 Titans Second League,2024,32995,01/03/2025,20250301,4554,4559,2,TUT 3,Duval Smith,4673572,c (Sub)player b Tyler M,Tyler M,3729934,,,3729934,21,25,1,2,84.00
6879,790,2024 Titans Second League,2024,32995,01/03/2025,20250301,4554,4559,2,TUT 3,Charl Prinsloo,3018226,c (Sub)player b Jacques V,Jacques V,3795662,,,3795662,17,35,1,0,48.57
6879,790,2024 Titans Second League,2024,32995,01/03/2025,20250301,4554,4559,2,TUT 3,Hendrik Ferreira,4891854,not out,,,,,,31,34,3,1,91.18
6879,790,2024 Titans Second League,2024,32995,01/03/2025,20250301,4554,4559,2,TUT 3,Nico Minnaar,3713344,b Gunter G,Gunter G,4655258,,,4655258,1,2,0,0,50.00
6879,790,2024 Titans Second League,2024,32995,01/03/2025,20250301,4554,4559,2,TUT 3,Jeandre Roux,3018228,c Substitute b Gunter G,Gunter G,4655258,,,4655258,0,4,0,0,0.00
6879,790,2024 Titans Second League,2024,32995,01/03/2025,20250301,4554,4559,2,TUT 3,Leon Smith,4673571,not out,,,,,,10,25,0,0,40.00
6875,790,2024 Titans Second League,2024,32995,01/03/2025,20250301,4557,4558,1,SINOVILLE 4,Jd Van Wyk,4702806,c † Frits S b Tiaan E,Frits S,2936846,Tiaan E,2936837,"2936846,2936837",15,26,2,0,57.69
6875,790,2024 Titans Second League,2024,32995,01/03/2025,20250301,4557,4558,1,SINOVILLE 4,Zander Jordaan,2987471,c&b Johan N,Johan N,4655263,,,4655263,13,26,1,0,50.00
6875,790,2024 Titans Second League,2024,32995,01/03/2025,20250301,4557,4558,1,SINOVILLE 4,Werner Jordaan,4973951,c Riccardo O b Christian S,Riccardo O,2936842,Christian S,2936847,"2936842,2936847",4,3,1,0,133.33
6875,790,2024 Titans Second League,2024,32995,01/03/2025,20250301,4557,4558,1,SINOVILLE 4,Maans De Roubaix,3242452,c † Frits S b Christian S,Frits S,2936846,Christian S,2936847,"2936846,2936847",5,12,0,0,41.67
6875,790,2024 Titans Second League,2024,32995,01/03/2025,20250301,4557,4558,1,SINOVILLE 4,Ruan Venter,4715814,c&b Johan N,Johan N,4655263,,,4655263,0,2,0,0,0.00
6875,790,2024 Titans Second League,2024,32995,01/03/2025,20250301,4557,4558,1,SINOVILLE 4,Ian Dorfling,3795252,c † Frits S b Christian S,Frits S,2936846,Christian S,2936847,"2936846,2936847",2,12,0,0,16.67
6875,790,2024 Titans Second League,2024,32995,01/03/2025,20250301,4557,4558,1,SINOVILLE 4,Jp Roets,3195753,not out,,,,,,7,13,0,0,53.85
6875,790,2024 Titans Second League,2024,32995,01/03/2025,20250301,4557,4558,1,SINOVILLE 4,Enrico Hepburn,4973955,b Martin V,Martin V,2840539,,,2840539,0,2,0,0,0.00
6875,790,2024 Titans Second League,2024,32995,01/03/2025,20250301,4557,4558,1,SINOVILLE 4,Adrian Retief,4973952,b Martin V,Martin V,2840539,,,2840539,0,2,0,0,0.00
6875,790,2024 Titans Second League,2024,32995,01/03/2025,20250301,4557,4558,1,SINOVILLE 4,Steffan Putter,4973953,b Johan N,Johan N,4655263,,,4655263,0,2,0,0,0.00
6875,790,2024 Titans Second League,2024,32995,01/03/2025,20250301,4557,4558,1,SINOVILLE 4,Andries Putter,4973954,b Johan N,Johan N,4655263,,,4655263,0,2,0,0,0.00
6875,790,2024 Titans Second League,2024,32995,01/03/2025,20250301,4557,4558,2,TUKS 5,Johan Pretorius,3255251,not out,,,,,,25,13,2,2,192.31
6875,790,2024 Titans Second League,2024,32995,01/03/2025,20250301,4557,4558,2,TUKS 5,Johan Nel,4655263,not out,,,,,,24,21,2,1,114.29
6874,790,2024 Titans Second League,2024,32995,01/03/2025,20250301,4553,4556,1,HARLEQUINS 3,Luke Marshell,4973936,b Dylan v,Dylan v,3277436,,,3277436,18,43,1,0,41.86
6874,790,2024 Titans Second League,2024,32995,01/03/2025,20250301,4553,4556,1,HARLEQUINS 3,Kc Nicolson,4973937,St Ludwig E b Hendre D,Ludwig E,4673573,Hendre D,2987477,"4673573,2987477",6,18,1,0,33.33
6874,790,2024 Titans Second League,2024,32995,01/03/2025,20250301,4553,4556,1,HARLEQUINS 3,Ettienne Tait,2939149,c Ryan K b Dylan v,Ryan K,4973940,Dylan v,3277436,"4973940,3277436",19,12,1,2,158.33
6874,790,2024 Titans Second League,2024,32995,01/03/2025,20250301,4553,4556,1,HARLEQUINS 3,Dante Meyer,4896936,c Stanley F b Dylan v,Stanley F,3056139,Dylan v,3277436,"3056139,3277436",11,17,1,0,64.71
6874,790,2024 Titans Second League,2024,32995,01/03/2025,20250301,4553,4556,1,HARLEQUINS 3,Lessego Teffo,4196334,c Dylan v b Andre K,Dylan v,3277436,Andre K,3772081,"3277436,3772081",85,64,5,9,132.81
6874,790,2024 Titans Second League,2024,32995,01/03/2025,20250301,4553,4556,1,HARLEQUINS 3,Calyle Stolze,4896935,c † Ludwig E b Dylan v,Ludwig E,4673573,Dylan v,3277436,"4673573,3277436",2,10,0,0,20.00
6874,790,2024 Titans Second League,2024,32995,01/03/2025,20250301,4553,4556,1,HARLEQUINS 3,Jd Buys,4973938,b Andre K,Andre K,3772081,,,3772081,3,13,0,0,23.08
6874,790,2024 Titans Second League,2024,32995,01/03/2025,20250301,4553,4556,1,HARLEQUINS 3,Oliver Beaclerk,4729876,b Andre K,Andre K,3772081,,,3772081,2,11,0,0,18.18
6874,790,2024 Titans Second League,2024,32995,01/03/2025,20250301,4553,4556,1,HARLEQUINS 3,Khumo Tihocela,4973939,c Dylan v b Andre K,Dylan v,3277436,Andre K,3772081,"3277436,3772081",2,6,0,0,33.33
6874,790,2024 Titans Second League,2024,32995,01/03/2025,20250301,4553,4556,1,HARLEQUINS 3,Dewald Van Der Walt,3276817,not out,,,,,,2,10,0,0,20.00
6874,790,2024 Titans Second League,2024,32995,01/03/2025,20250301,4553,4556,1,HARLEQUINS 3,Pieter Roos,2939189,b Andre K,Andre K,3772081,,,3772081,0,1,0,0,0.00
6874,790,2024 Titans Second League,2024,32995,01/03/2025,20250301,4553,4556,2,SINOVILLE 3,Ryan Kruger,4973940,b Ettienne T,Ettienne T,2939149,,,2939149,4,7,1,0,57.14
6874,790,2024 Titans Second League,2024,32995,01/03/2025,20250301,4553,4556,2,SINOVILLE 3,Hendre Du Toit,2987477,c Luke M b Oliver B,Luke M,4973936,Oliver B,4729876,"4973936,4729876",0,3,0,0,0.00
6874,790,2024 Titans Second League,2024,32995,01/03/2025,20250301,4553,4556,2,SINOVILLE 3,Andre Kruyshaar,3772081,b Khumo T,Khumo T,4973939,,,4973939,2,17,0,0,11.76
6874,790,2024 Titans Second League,2024,32995,01/03/2025,20250301,4553,4556,2,SINOVILLE 3,Janu Olivier,4973941,b Khumo T,Khumo T,4973939,,,4973939,0,12,0,0,0.00
6874,790,2024 Titans Second League,2024,32995,01/03/2025,20250301,4553,4556,2,SINOVILLE 3,Andre Schoombee,3772084,c Calyle S b Khumo T,Calyle S,4896935,Khumo T,4973939,"4896935,4973939",1,7,0,0,14.29
6874,790,2024 Titans Second League,2024,32995,01/03/2025,20250301,4553,4556,2,SINOVILLE 3,Ludwig Erasmus,4673573,b Dewald V,Dewald V,3276817,,,3276817,18,25,1,1,72.00
6874,790,2024 Titans Second League,2024,32995,01/03/2025,20250301,4553,4556,2,SINOVILLE 3,Tk Sinoville,4973943,b Ettienne T,Ettienne T,2939149,,,2939149,2,3,0,0,66.67
6874,790,2024 Titans Second League,2024,32995,01/03/2025,20250301,4553,4556,2,SINOVILLE 3,Pieter Barlow,4973942,c † Pieter R b Oliver B,Pieter R,2939189,Oliver B,4729876,"2939189,4729876",17,38,2,0,44.74
6874,790,2024 Titans Second League,2024,32995,01/03/2025,20250301,4553,4556,2,SINOVILLE 3,Stanley Fabri,3056139,not out,,,,,,5,16,0,0,31.25
6874,790,2024 Titans Second League,2024,32995,01/03/2025,20250301,4553,4556,2,SINOVILLE 3,Brandon Van Wyk,3231803,c&b Oliver B,Oliver B,4729876,,,4729876,0,1,0,0,0.00
6874,790,2024 Titans Second League,2024,32995,01/03/2025,20250301,4553,4556,2,SINOVILLE 3,Dylan Van Wyk,3277436,not out,,,,,,6,5,1,0,120.00
6708,790,2024 Titans Second League,2024,32995,09/02/2025,20250209,4555,4553,1,PHSOB 3,Adam Zawada,3150924,c&b Travis J,Travis J,3783171,,,3783171,2,5,0,0,40.00
6708,790,2024 Titans Second League,2024,32995,09/02/2025,20250209,4555,4553,1,PHSOB 3,Callen Stephen,3782749,c Jody B b Calyle S,Jody B,4729873,Calyle S,4896935,"4729873,4896935",23,25,0,0,92.00
6708,790,2024 Titans Second League,2024,32995,09/02/2025,20250209,4555,4553,1,PHSOB 3,Johan Van Antwerpen,4688793,c Juan H b Travis J,Juan H,4673828,Travis J,3783171,"4673828,3783171",0,4,0,0,0.00
6708,790,2024 Titans Second League,2024,32995,09/02/2025,20250209,4555,4553,1,PHSOB 3,Emil Rolfes,2936903,lbw b Dewald V,Dewald V,3276817,,,3276817,11,18,0,0,61.11
6708,790,2024 Titans Second League,2024,32995,09/02/2025,20250209,4555,4553,1,PHSOB 3,Michael Stoop,4742891,lbw b Dewald V,Dewald V,3276817,,,3276817,10,10,0,0,100.00
6708,790,2024 Titans Second League,2024,32995,09/02/2025,20250209,4555,4553,1,PHSOB 3,Brian Kershaw,4688792,not out,,,,,,82,71,0,0,115.49
6708,790,2024 Titans Second League,2024,32995,09/02/2025,20250209,4555,4553,1,PHSOB 3,Stefan Van Der Linden,4742893,lbw b Dewald V,Dewald V,3276817,,,3276817,0,2,0,0,0.00
6708,790,2024 Titans Second League,2024,32995,09/02/2025,20250209,4555,4553,1,PHSOB 3,Louwhan Labuschagne,4742890,lbw b Jody B,Jody B,4729873,,,4729873,1,4,0,0,25.00
6708,790,2024 Titans Second League,2024,32995,09/02/2025,20250209,4555,4553,1,PHSOB 3,Adriaan Ferreira,2936919,lbw b Dewald V,Dewald V,3276817,,,3276817,1,6,0,0,16.67
6708,790,2024 Titans Second League,2024,32995,09/02/2025,20250209,4555,4553,1,PHSOB 3,Burgert Kloppers,4742888,b Dewald V,Dewald V,3276817,,,3276817,1,2,0,0,50.00
6708,790,2024 Titans Second League,2024,32995,09/02/2025,20250209,4555,4553,1,PHSOB 3,Steven Meyburgh,2937220,b Travis J,Travis J,3783171,,,3783171,2,18,0,0,11.11
6708,790,2024 Titans Second League,2024,32995,09/02/2025,20250209,4555,4553,2,HARLEQUINS 3,Juan Human,4673828,b Burgert K,Burgert K,4742888,,,4742888,4,9,0,0,44.44
6708,790,2024 Titans Second League,2024,32995,09/02/2025,20250209,4555,4553,2,HARLEQUINS 3,Mohammed B Korowlay,2939170,b Brian K,Brian K,4688792,,,4688792,0,4,0,0,0.00
6708,790,2024 Titans Second League,2024,32995,09/02/2025,20250209,4555,4553,2,HARLEQUINS 3,Dante Meyer,4896936,lbw b Brian K,Brian K,4688792,,,4688792,14,9,0,0,155.56
6708,790,2024 Titans Second League,2024,32995,09/02/2025,20250209,4555,4553,2,HARLEQUINS 3,Dylan Cutting,4576796,lbw b Burgert K,Burgert K,4742888,,,4742888,0,4,0,0,0.00
6708,790,2024 Titans Second League,2024,32995,09/02/2025,20250209,4555,4553,2,HARLEQUINS 3,Calyle Stolze,4896935,lbw b Brian K,Brian K,4688792,,,4688792,1,4,0,0,25.00
6708,790,2024 Titans Second League,2024,32995,09/02/2025,20250209,4555,4553,2,HARLEQUINS 3,Jody Buys,4729873,b Brian K,Brian K,4688792,,,4688792,0,5,0,0,0.00
6708,790,2024 Titans Second League,2024,32995,09/02/2025,20250209,4555,4553,2,HARLEQUINS 3,Ian Diemont,4729875,c b Steven M,Steven M,2937220,,,2937220,5,7,0,0,71.43
6708,790,2024 Titans Second League,2024,32995,09/02/2025,20250209,4555,4553,2,HARLEQUINS 3,Pieter Roos,2939189,c b Brian K,Brian K,4688792,,,4688792,12,11,0,0,109.09
6708,790,2024 Titans Second League,2024,32995,09/02/2025,20250209,4555,4553,2,HARLEQUINS 3,Henre Quins,4878344,not out,,,,,,9,31,0,0,29.03
6708,790,2024 Titans Second League,2024,32995,09/02/2025,20250209,4555,4553,2,HARLEQUINS 3,Travis Joshua,3783171,b Brian K,Brian K,4688792,,,4688792,4,3,0,0,133.33
6708,790,2024 Titans Second League,2024,32995,09/02/2025,20250209,4555,4553,2,HARLEQUINS 3,Dewald Van Der Walt,3276817,lbw b Brian K,Brian K,4688792,,,4688792,2,9,0,0,22.22
6678,790,2024 Titans Second League,2024,32995,08/02/2025,20250208,4557,4554,1,SINOVILLE 4,Ryan Kruger,2698181,c&b Tshepo M,Tshepo M,4892046,,,4892046,14,35,1,0,40.00
6678,790,2024 Titans Second League,2024,32995,08/02/2025,20250208,4557,4554,1,SINOVILLE 4,Pieter Jansen Van Rensburg,3198240,c&b Gerrie V,Gerrie V,3015413,,,3015413,16,19,1,1,84.21
6678,790,2024 Titans Second League,2024,32995,08/02/2025,20250208,4557,4554,1,SINOVILLE 4,James Van Der Merwe,4892050,lbw b Jacques V,Jacques V,3795662,,,3795662,23,32,2,1,71.88
6678,790,2024 Titans Second League,2024,32995,08/02/2025,20250208,4557,4554,1,SINOVILLE 4,Piet Botha,4198490,c&b Tshepo M,Tshepo M,4892046,,,4892046,1,4,0,0,25.00
6678,790,2024 Titans Second League,2024,32995,08/02/2025,20250208,4557,4554,1,SINOVILLE 4,Reinhardt Hamman,3745388,c&b Jacques V,Jacques V,3795662,,,3795662,19,21,2,1,90.48
6678,790,2024 Titans Second League,2024,32995,08/02/2025,20250208,4557,4554,1,SINOVILLE 4,Mathys Schoeman,4892049,c&b Tshepo M,Tshepo M,4892046,,,4892046,58,82,2,5,70.73
6678,790,2024 Titans Second League,2024,32995,08/02/2025,20250208,4557,4554,1,SINOVILLE 4,Keaton Steenkamp,2944947,b Jacques V,Jacques V,3795662,,,3795662,42,27,3,4,155.56
6678,790,2024 Titans Second League,2024,32995,08/02/2025,20250208,4557,4554,1,SINOVILLE 4,Berno Klopper,3180553,c&b Tshepo M,Tshepo M,4892046,,,4892046,24,27,2,1,88.89
6678,790,2024 Titans Second League,2024,32995,08/02/2025,20250208,4557,4554,1,SINOVILLE 4,Stanley Fabri,3056139,lbw b Mohapi M,Mohapi M,4756704,,,4756704,11,14,1,0,78.57
6678,790,2024 Titans Second League,2024,32995,08/02/2025,20250208,4557,4554,1,SINOVILLE 4,Juan Van Den Berg,2987480,run out ( Mohapi M ),Mohapi M,4756704,,,4756704,1,1,0,0,100.00
6678,790,2024 Titans Second League,2024,32995,08/02/2025,20250208,4557,4554,1,SINOVILLE 4,Jp Roets,3195753,not out,,,,,,0,0,0,0,0.00
6678,790,2024 Titans Second League,2024,32995,08/02/2025,20250208,4557,4554,2,IRENE VILLAGERS 3,Divan Cilliers,3713448,b James V,James V,4892050,,,4892050,8,21,1,0,38.10
6678,790,2024 Titans Second League,2024,32995,08/02/2025,20250208,4557,4554,2,IRENE VILLAGERS 3,Johan Broekman,4756705,c Reinhardt H b Piet B,Reinhardt H,3745388,Piet B,4198490,"3745388,4198490",22,49,0,2,44.90
6678,790,2024 Titans Second League,2024,32995,08/02/2025,20250208,4557,4554,2,IRENE VILLAGERS 3,Simon Harding,4655257,run out ( Ryan K ),Ryan K,2698181,,,2698181,12,46,1,0,26.09
6678,790,2024 Titans Second League,2024,32995,08/02/2025,20250208,4557,4554,2,IRENE VILLAGERS 3,Morati Lefhiedi,4892047,c Piet B b JP R,Piet B,4198490,JP R,3195753,"4198490,3195753",46,47,4,1,97.87
6678,790,2024 Titans Second League,2024,32995,08/02/2025,20250208,4557,4554,2,IRENE VILLAGERS 3,Marcel Cilliers,3713449,lbw b James V,James V,4892050,,,4892050,2,5,0,0,40.00
6678,790,2024 Titans Second League,2024,32995,08/02/2025,20250208,4557,4554,2,IRENE VILLAGERS 3,Gerrie Viljoen,3015413,b Piet B,Piet B,4198490,,,4198490,1,2,0,0,50.00
6678,790,2024 Titans Second League,2024,32995,08/02/2025,20250208,4557,4554,2,IRENE VILLAGERS 3,Cj Jordaan,4892048,b Piet B,Piet B,4198490,,,4198490,5,15,0,0,33.33
6678,790,2024 Titans Second League,2024,32995,08/02/2025,20250208,4557,4554,2,IRENE VILLAGERS 3,Jacques Van Rooyen,3795662,c Substitute b Piet B,Piet B,4198490,,,4198490,0,1,0,0,0.00
6678,790,2024 Titans Second League,2024,32995,08/02/2025,20250208,4557,4554,2,IRENE VILLAGERS 3,Elgun Boecker,4702810,c&b Piet B,Piet B,4198490,,,4198490,23,22,1,1,104.55
6678,790,2024 Titans Second League,2024,32995,08/02/2025,20250208,4557,4554,2,IRENE VILLAGERS 3,Tshepo Molite,4892046,c Substitute b James V,James V,4892050,,,4892050,27,25,1,2,108.00
6678,790,2024 Titans Second League,2024,32995,08/02/2025,20250208,4557,4554,2,IRENE VILLAGERS 3,Mohapi Molete,4756704,not out,,,,,,14,16,0,1,87.50
6674,790,2024 Titans Second League,2024,32995,08/02/2025,20250208,4558,4559,1,TUKS 5,Johan Pretorius,3255251,b JEANDRE D,JEANDRE D,4891852,,,4891852,6,13,0,0,46.15
6674,790,2024 Titans Second League,2024,32995,08/02/2025,20250208,4558,4559,1,TUKS 5,Martin Van Tonder,2840539,c Gary V b Leon S,Gary V,4673569,Leon S,4673571,"4673569,4673571",69,82,5,1,84.15
6674,790,2024 Titans Second League,2024,32995,08/02/2025,20250208,4558,4559,1,TUKS 5,Nico De Bruyn,3180581,lbw b Dewald B,Dewald B,3018234,,,3018234,13,32,2,0,40.62
6674,790,2024 Titans Second League,2024,32995,08/02/2025,20250208,4558,4559,1,TUKS 5,Johanco Faihst,3255252,lbw b Hendrik F,Hendrik F,4891854,,,4891854,72,79,7,3,91.14
6674,790,2024 Titans Second League,2024,32995,08/02/2025,20250208,4558,4559,1,TUKS 5,Christian Strydom,2936847,not out,,,,,,17,27,0,0,62.96
6674,790,2024 Titans Second League,2024,32995,08/02/2025,20250208,4558,4559,1,TUKS 5,Tiaan Engelbrecht,2936837,c Jeandre R b Leon S,Jeandre R,3018228,Leon S,4673571,"3018228,4673571",10,9,0,1,111.11
6674,790,2024 Titans Second League,2024,32995,08/02/2025,20250208,4558,4559,1,TUKS 5,Donovan Du Toit,3713457,lbw b JEANDRE D,JEANDRE D,4891852,,,4891852,14,9,0,2,155.56
6674,790,2024 Titans Second League,2024,32995,08/02/2025,20250208,4558,4559,1,TUKS 5,Frits Snyman,2936846,c&b JEANDRE D,JEANDRE D,4891852,,,4891852,6,12,0,0,50.00
6674,790,2024 Titans Second League,2024,32995,08/02/2025,20250208,4558,4559,1,TUKS 5,Jock De Jager,4165762,not out,,,,,,4,7,0,0,57.14
6674,790,2024 Titans Second League,2024,32995,08/02/2025,20250208,4558,4559,2,TUT 3,Leon Smith,4673571,c † Donovan d b Tiaan E,Donovan d,3713457,Tiaan E,2936837,"3713457,2936837",9,25,1,0,36.00
6674,790,2024 Titans Second League,2024,32995,08/02/2025,20250208,4558,4559,2,TUT 3,Jayden Smith,4891853,c Andre V b Elandré v,Andre V,3266939,Elandré v,3713456,"3266939,3713456",0,4,0,0,0.00
6674,790,2024 Titans Second League,2024,32995,08/02/2025,20250208,4558,4559,2,TUT 3,Charl Prinsloo,3018226,b Martin V,Martin V,2840539,,,2840539,55,98,5,2,56.12
6674,790,2024 Titans Second League,2024,32995,08/02/2025,20250208,4558,4559,2,TUT 3,Jeandre Du Bruyn,4891852,c Christian S b Elandré v,Christian S,2936847,Elandré v,3713456,"2936847,3713456",1,5,0,0,20.00
6674,790,2024 Titans Second League,2024,32995,08/02/2025,20250208,4558,4559,2,TUT 3,Hendrik Ferreira,4891854,b Elandré v,Elandré v,3713456,,,3713456,1,5,0,0,20.00
6674,790,2024 Titans Second League,2024,32995,08/02/2025,20250208,4558,4559,2,TUT 3,Jeandre Roux,3018228,c Martin V b Jock d,Martin V,2840539,Jock d,4165762,"2840539,4165762",67,84,9,0,79.76
6674,790,2024 Titans Second League,2024,32995,08/02/2025,20250208,4558,4559,2,TUT 3,Stefan Grobler,3018230,c † Donovan d b Martin V,Donovan d,3713457,Martin V,2840539,"3713457,2840539",15,8,0,1,187.50
6674,790,2024 Titans Second League,2024,32995,08/02/2025,20250208,4558,4559,2,TUT 3,Daylan Scheepers,3927336,not out,,,,,,15,11,1,1,136.36
6674,790,2024 Titans Second League,2024,32995,08/02/2025,20250208,4558,4559,2,TUT 3,Niel Coetzee,3018224,b Martin V,Martin V,2840539,,,2840539,2,5,0,0,40.00
6674,790,2024 Titans Second League,2024,32995,08/02/2025,20250208,4558,4559,2,TUT 3,Gary Van Blerk,4673569,not out,,,,,,1,1,0,0,100.00
6630,790,2024 Titans Second League,2024,32995,02/02/2025,20250202,4560,4557,1,CENTURION KAVALIERS 3,Chris Coetzee,3719304,c Hennie Jnr S b Riaan D,Hennie Jnr S,4877007,Riaan D,3163488,"4877007,3163488",57,47,6,3,121.28
6630,790,2024 Titans Second League,2024,32995,02/02/2025,20250202,4560,4557,1,CENTURION KAVALIERS 3,Babonke Twetwa,3080703,c Hanco H b Riaan D,Hanco H,4165763,Riaan D,3163488,"4165763,3163488",4,10,0,0,40.00
6630,790,2024 Titans Second League,2024,32995,02/02/2025,20250202,4560,4557,1,CENTURION KAVALIERS 3,Avela Tamsanqa,3675645,c Hanco H b Riaan D,Hanco H,4165763,Riaan D,3163488,"4165763,3163488",6,36,0,0,16.67
6630,790,2024 Titans Second League,2024,32995,02/02/2025,20250202,4560,4557,1,CENTURION KAVALIERS 3,Pietman Voster,4854737,c Andre K b Piet B,Andre K,3795248,Piet B,4198490,"3795248,4198490",1,32,0,0,3.12
6630,790,2024 Titans Second League,2024,32995,02/02/2025,20250202,4560,4557,1,CENTURION KAVALIERS 3,Shaun Kavaliers,4877009,b JP R,JP R,3267058,,,3267058,14,21,3,0,66.67
6630,790,2024 Titans Second League,2024,32995,02/02/2025,20250202,4560,4557,1,CENTURION KAVALIERS 3,Keppie Kavaliers,4877010,c Andre K b Piet B,Andre K,3795248,Piet B,4198490,"3795248,4198490",6,14,1,0,42.86
6630,790,2024 Titans Second League,2024,32995,02/02/2025,20250202,4560,4557,1,CENTURION KAVALIERS 3,Heinrich Maraldo,3031835,c Andre K b Piet B,Andre K,3795248,Piet B,4198490,"3795248,4198490",1,5,0,0,20.00
6630,790,2024 Titans Second League,2024,32995,02/02/2025,20250202,4560,4557,1,CENTURION KAVALIERS 3,Malcolm Lourens,3719302,c Andre K b Piet B,Andre K,3795248,Piet B,4198490,"3795248,4198490",0,1,0,0,0.00
6630,790,2024 Titans Second League,2024,32995,02/02/2025,20250202,4560,4557,1,CENTURION KAVALIERS 3,Johan Steynberg,4877012,c Riaan D b Dylan V,Riaan D,3163488,Dylan V,2987473,"3163488,2987473",5,10,0,0,50.00
6630,790,2024 Titans Second League,2024,32995,02/02/2025,20250202,4560,4557,1,CENTURION KAVALIERS 3,Thato Pege,3719303,lbw b Piet B,Piet B,4198490,,,4198490,1,6,0,0,16.67
6630,790,2024 Titans Second League,2024,32995,02/02/2025,20250202,4560,4557,1,CENTURION KAVALIERS 3,Nathi Kundhlande,4854738,not out,,,,,,0,2,0,0,0.00
6630,790,2024 Titans Second League,2024,32995,02/02/2025,20250202,4560,4557,2,SINOVILLE 4,Hennie Jnr Smit,4877007,not out,,,,,,43,29,5,0,148.28
6630,790,2024 Titans Second League,2024,32995,02/02/2025,20250202,4560,4557,2,SINOVILLE 4,Hennie Snr Smit,4877006,not out,,,,,,55,37,8,0,148.65
6604,790,2024 Titans Second League,2024,32995,01/02/2025,20250201,4558,4552,1,TUKS 5,Johan Pretorius,3255251,c Substitute b Rigardt S,Rigardt S,3729566,,,3729566,24,53,4,0,45.28
6604,790,2024 Titans Second League,2024,32995,01/02/2025,20250201,4558,4552,1,TUKS 5,Frits Snyman,2936846,c Substitute b Nevada J,Nevada J,4673820,,,4673820,0,4,0,0,0.00
6604,790,2024 Titans Second League,2024,32995,01/02/2025,20250201,4558,4552,1,TUKS 5,Martin Van Tonder,2840539,b Nevada J,Nevada J,4673820,,,4673820,4,7,1,0,57.14
6604,790,2024 Titans Second League,2024,32995,01/02/2025,20250201,4558,4552,1,TUKS 5,Christian Strydom,2936847,run out ( Zadian C ),Zadian C,4874626,,,4874626,8,34,0,0,23.53
6604,790,2024 Titans Second League,2024,32995,01/02/2025,20250201,4558,4552,1,TUKS 5,Riccardo Oosthuizen,2936842,c Nevada J b Rigardt S,Nevada J,4673820,Rigardt S,3729566,"4673820,3729566",21,38,3,0,55.26
6604,790,2024 Titans Second League,2024,32995,01/02/2025,20250201,4558,4552,1,TUKS 5,Donovan Du Toit,3713457,lbw b Rigardt S,Rigardt S,3729566,,,3729566,8,15,1,0,53.33
6604,790,2024 Titans Second League,2024,32995,01/02/2025,20250201,4558,4552,1,TUKS 5,Marius Bornman,2936833,b Rigardt S,Rigardt S,3729566,,,3729566,0,1,0,0,0.00
6604,790,2024 Titans Second League,2024,32995,01/02/2025,20250201,4558,4552,1,TUKS 5,Tiaan Engelbrecht,2936837,b Nevada J,Nevada J,4673820,,,4673820,74,62,7,4,119.35
6604,790,2024 Titans Second League,2024,32995,01/02/2025,20250201,4558,4552,1,TUKS 5,Nico De Bruyn,3180581,c Paul G b Wendell P,Paul G,3056110,Wendell P,4673818,"3056110,4673818",9,9,2,0,100.00
6604,790,2024 Titans Second League,2024,32995,01/02/2025,20250201,4558,4552,1,TUKS 5,Andre Van Wyk,3266939,b Wendell P,Wendell P,4673818,,,4673818,4,6,0,0,66.67
6604,790,2024 Titans Second League,2024,32995,01/02/2025,20250201,4558,4552,1,TUKS 5,Elandré Van Den Berg,3713456,not out,,,,,,1,7,0,0,14.29
6604,790,2024 Titans Second League,2024,32995,01/02/2025,20250201,4558,4552,2,CBCOB 3,David Fourie,3018346,c&b Riccardo O,Riccardo O,2936842,,,2936842,37,29,5,1,127.59
6604,790,2024 Titans Second League,2024,32995,01/02/2025,20250201,4558,4552,2,CBCOB 3,Adriaan Venter,3673677,c&b Tiaan E,Tiaan E,2936837,,,2936837,9,7,0,1,128.57
6604,790,2024 Titans Second League,2024,32995,01/02/2025,20250201,4558,4552,2,CBCOB 3,Zadian Cbc3,4874626,c † Frits S b Christian S,Frits S,2936846,Christian S,2936847,"2936846,2936847",39,29,4,2,134.48
6604,790,2024 Titans Second League,2024,32995,01/02/2025,20250201,4558,4552,2,CBCOB 3,Wayne Scott,3056109,not out,,,,,,32,47,4,0,68.09
6604,790,2024 Titans Second League,2024,32995,01/02/2025,20250201,4558,4552,2,CBCOB 3,Paul Gouws,3056110,c Nico d b Andre V,Nico d,3180581,Andre V,3266939,"3180581,3266939",51,42,6,3,121.43
6604,790,2024 Titans Second League,2024,32995,01/02/2025,20250201,4558,4552,2,CBCOB 3,Wendell Plaatjies,4673818,not out,,,,,,0,3,0,0,0.00
6564,790,2024 Titans Second League,2024,32995,25/01/2025,20250125,4553,4552,1,HARLEQUINS 3,Juan Human,4673828,b Nevada J,Nevada J,4673820,,,4673820,18,28,0,0,64.29
6564,790,2024 Titans Second League,2024,32995,25/01/2025,20250125,4553,4552,1,HARLEQUINS 3,Casey Nicholsan,4729870,b Nevada J,Nevada J,4673820,,,4673820,2,8,0,0,25.00
6564,790,2024 Titans Second League,2024,32995,25/01/2025,20250125,4553,4552,1,HARLEQUINS 3,Ettienne Tait,2939149,b Matthew B,Matthew B,2987582,,,2987582,56,44,0,0,127.27
6564,790,2024 Titans Second League,2024,32995,25/01/2025,20250125,4553,4552,1,HARLEQUINS 3,Steyn Niemand,4116052,c b Rigardt S,Rigardt S,3729566,,,3729566,18,18,0,0,100.00
6564,790,2024 Titans Second League,2024,32995,25/01/2025,20250125,4553,4552,1,HARLEQUINS 3,Lessego Teffo,4196334,b Wendell P,Wendell P,4673818,,,4673818,43,38,0,0,113.16
6564,790,2024 Titans Second League,2024,32995,25/01/2025,20250125,4553,4552,1,HARLEQUINS 3,Pieter Roos,2939189,c b Kian H,Kian H,3928431,,,3928431,84,62,0,0,135.48
6564,790,2024 Titans Second League,2024,32995,25/01/2025,20250125,4553,4552,1,HARLEQUINS 3,Ian Diemont,4729875,lbw b Wendell P,Wendell P,4673818,,,4673818,9,7,0,0,128.57
6564,790,2024 Titans Second League,2024,32995,25/01/2025,20250125,4553,4552,1,HARLEQUINS 3,Jody Buys,4729873,run out ( Wendell P ),Wendell P,4673818,,,4673818,30,39,0,0,76.92
6564,790,2024 Titans Second League,2024,32995,25/01/2025,20250125,4553,4552,1,HARLEQUINS 3,Henre Quins,4878344,b Rigardt S,Rigardt S,3729566,,,3729566,1,4,0,0,25.00
6564,790,2024 Titans Second League,2024,32995,25/01/2025,20250125,4553,4552,1,HARLEQUINS 3,Travis Joshua,3783171,b Kian H,Kian H,3928431,,,3928431,11,12,0,0,91.67
6564,790,2024 Titans Second League,2024,32995,25/01/2025,20250125,4553,4552,1,HARLEQUINS 3,Dewald Van Der Walt,3276817,not out,,,,,,6,10,0,0,60.00
6564,790,2024 Titans Second League,2024,32995,25/01/2025,20250125,4553,4552,2,CBCOB 3,Wendell Plaatjies,4673818,c b Henre Q,Henre Q,4878344,,,4878344,2,7,0,0,28.57
6564,790,2024 Titans Second League,2024,32995,25/01/2025,20250125,4553,4552,2,CBCOB 3,Rigardt Saaiman,3729566,b Ettienne T,Ettienne T,2939149,,,2939149,22,40,0,0,55.00
6564,790,2024 Titans Second League,2024,32995,25/01/2025,20250125,4553,4552,2,CBCOB 3,Armin Havenga,3729570,c b Ettienne T,Ettienne T,2939149,,,2939149,28,32,0,0,87.50
6564,790,2024 Titans Second League,2024,32995,25/01/2025,20250125,4553,4552,2,CBCOB 3,Gerry Gouws,4673823,c b Ettienne T,Ettienne T,2939149,,,2939149,0,3,0,0,0.00
6564,790,2024 Titans Second League,2024,32995,25/01/2025,20250125,4553,4552,2,CBCOB 3,Paul Gouws,3056110,not out,,,,,,87,66,0,0,131.82
6564,790,2024 Titans Second League,2024,32995,25/01/2025,20250125,4553,4552,2,CBCOB 3,Kian Hoeuner,3928431,St b Ettienne T,Ettienne T,2939149,,,2939149,13,32,0,0,40.62
6564,790,2024 Titans Second League,2024,32995,25/01/2025,20250125,4553,4552,2,CBCOB 3,Leon Bender,3730114,St b Lessego T,Lessego T,4196334,,,4196334,9,24,0,0,37.50
6564,790,2024 Titans Second League,2024,32995,25/01/2025,20250125,4553,4552,2,CBCOB 3,Ivan Havenga,3729571,c b Lessego T,Lessego T,4196334,,,4196334,0,3,0,0,0.00
6564,790,2024 Titans Second League,2024,32995,25/01/2025,20250125,4553,4552,2,CBCOB 3,Matthew Bottham,2987582,run out ( Lessego T ),Lessego T,4196334,,,4196334,0,3,0,0,0.00
6564,790,2024 Titans Second League,2024,32995,25/01/2025,20250125,4553,4552,2,CBCOB 3,Nevada Jacobs,4673820,not out,,,,,,9,9,0,0,100.00
6547,790,2024 Titans Second League,2024,32995,25/01/2025,20250125,4554,4560,1,IRENE VILLAGERS 3,Divan Cilliers,3713448,b Chris C,Chris C,3719304,,,3719304,23,23,2,1,100.00
6547,790,2024 Titans Second League,2024,32995,25/01/2025,20250125,4554,4560,1,IRENE VILLAGERS 3,Matt Vd Mescht,4702807,c Substitute b Jaydwin V,Jaydwin V,3031828,,,3031828,39,37,2,3,105.41
6547,790,2024 Titans Second League,2024,32995,25/01/2025,20250125,4554,4560,1,IRENE VILLAGERS 3,Johan Broekman,4756705,lbw b Meshack G,Meshack G,3180887,,,3180887,82,102,5,3,80.39
6547,790,2024 Titans Second League,2024,32995,25/01/2025,20250125,4554,4560,1,IRENE VILLAGERS 3,Marcel Cilliers,3713449,b Jaydwin V,Jaydwin V,3031828,,,3031828,22,12,0,3,183.33
6547,790,2024 Titans Second League,2024,32995,25/01/2025,20250125,4554,4560,1,IRENE VILLAGERS 3,Albert Myburgh,4024779,b Jaydwin V,Jaydwin V,3031828,,,3031828,23,46,1,0,50.00
6547,790,2024 Titans Second League,2024,32995,25/01/2025,20250125,4554,4560,1,IRENE VILLAGERS 3,Elro Grobeler,4655709,c Substitute b Heinrich M,Heinrich M,3031835,,,3031835,47,41,5,1,114.63
6547,790,2024 Titans Second League,2024,32995,25/01/2025,20250125,4554,4560,1,IRENE VILLAGERS 3,Jacques Van Rooyen,3795662,b Meshack G,Meshack G,3180887,,,3180887,7,6,0,0,116.67
6547,790,2024 Titans Second League,2024,32995,25/01/2025,20250125,4554,4560,1,IRENE VILLAGERS 3,Elgun Boecker,4702810,b Heinrich M,Heinrich M,3031835,,,3031835,2,4,0,0,50.00
6547,790,2024 Titans Second League,2024,32995,25/01/2025,20250125,4554,4560,1,IRENE VILLAGERS 3,Shaanthen Thumbiran,4854734,not out,,,,,,1,1,0,0,100.00
6547,790,2024 Titans Second League,2024,32995,25/01/2025,20250125,4554,4560,1,IRENE VILLAGERS 3,Barend Pelser,4854733,c Substitute b Heinrich M,Heinrich M,3031835,,,3031835,0,1,0,0,0.00
6547,790,2024 Titans Second League,2024,32995,25/01/2025,20250125,4554,4560,1,IRENE VILLAGERS 3,Warren Pollard,4655261,not out,,,,,,1,1,0,0,100.00
6547,790,2024 Titans Second League,2024,32995,25/01/2025,20250125,4554,4560,2,CENTURION KAVALIERS 3,Jaydwin Venske,3031828,c † Johan B b Jacques V,Johan B,4756705,Jacques V,3795662,"4756705,3795662",17,39,2,0,43.59
6547,790,2024 Titans Second League,2024,32995,25/01/2025,20250125,4554,4560,2,CENTURION KAVALIERS 3,Jayden Potgieter,4854735,lbw b Jacques V,Jacques V,3795662,,,3795662,60,51,5,3,117.65
6547,790,2024 Titans Second League,2024,32995,25/01/2025,20250125,4554,4560,2,CENTURION KAVALIERS 3,Avela Tamsanqa,3675645,c Jacques V b Shaanthen T,Jacques V,3795662,Shaanthen T,4854734,"3795662,4854734",5,19,0,0,26.32
6547,790,2024 Titans Second League,2024,32995,25/01/2025,20250125,4554,4560,2,CENTURION KAVALIERS 3,Babonke Twetwa,3080703,not out,,,,,,29,39,2,1,74.36
6547,790,2024 Titans Second League,2024,32995,25/01/2025,20250125,4554,4560,2,CENTURION KAVALIERS 3,Meshack Gabeni,3180887,c Albert M b Shaanthen T,Albert M,4024779,Shaanthen T,4854734,"4024779,4854734",0,5,0,0,0.00
6547,790,2024 Titans Second League,2024,32995,25/01/2025,20250125,4554,4560,2,CENTURION KAVALIERS 3,Chris Coetzee,3719304,b Shaanthen T,Shaanthen T,4854734,,,4854734,0,4,0,0,0.00
6547,790,2024 Titans Second League,2024,32995,25/01/2025,20250125,4554,4560,2,CENTURION KAVALIERS 3,Michael Boyjsens,4854736,lbw b Shaanthen T,Shaanthen T,4854734,,,4854734,7,6,1,0,116.67
6547,790,2024 Titans Second League,2024,32995,25/01/2025,20250125,4554,4560,2,CENTURION KAVALIERS 3,Heinrich Maraldo,3031835,b Barend P,Barend P,4854733,,,4854733,1,2,0,0,50.00
6547,790,2024 Titans Second League,2024,32995,25/01/2025,20250125,4554,4560,2,CENTURION KAVALIERS 3,Pietman Voster,4854737,b Barend P,Barend P,4854733,,,4854733,0,3,0,0,0.00
6547,790,2024 Titans Second League,2024,32995,25/01/2025,20250125,4554,4560,2,CENTURION KAVALIERS 3,Thato Pege,3719303,b Barend P,Barend P,4854733,,,4854733,3,12,0,0,25.00
6547,790,2024 Titans Second League,2024,32995,25/01/2025,20250125,4554,4560,2,CENTURION KAVALIERS 3,Nathi Kundhlande,4854738,b Shaanthen T,Shaanthen T,4854734,,,4854734,1,3,0,0,33.33
6499,790,2024 Titans Second League,2024,32995,18/01/2025,20250118,4554,4558,1,IRENE VILLAGERS 3,Divan Cilliers,3713448,c Substitute b Cecil C,Cecil C,3255253,,,3255253,23,29,1,2,79.31
6499,790,2024 Titans Second League,2024,32995,18/01/2025,20250118,4554,4558,1,IRENE VILLAGERS 3,Stefan Strydom,2985833,b Cecil C,Cecil C,3255253,,,3255253,58,45,6,1,128.89
6499,790,2024 Titans Second League,2024,32995,18/01/2025,20250118,4554,4558,1,IRENE VILLAGERS 3,Matthew Thurbon,4024778,b Christian S,Christian S,2936847,,,2936847,3,14,0,0,21.43
6499,790,2024 Titans Second League,2024,32995,18/01/2025,20250118,4554,4558,1,IRENE VILLAGERS 3,Marcel Cilliers,3713449,c Substitute b Cecil C,Cecil C,3255253,,,3255253,8,8,1,0,100.00
6499,790,2024 Titans Second League,2024,32995,18/01/2025,20250118,4554,4558,1,IRENE VILLAGERS 3,Gunter Geyer,4655258,c Substitute b Cecil C,Cecil C,3255253,,,3255253,32,28,3,1,114.29
6499,790,2024 Titans Second League,2024,32995,18/01/2025,20250118,4554,4558,1,IRENE VILLAGERS 3,Gerrie Viljoen,3015413,c Substitute b Lehlohonolo M,Lehlohonolo M,3266899,,,3266899,0,1,0,0,0.00
6499,790,2024 Titans Second League,2024,32995,18/01/2025,20250118,4554,4558,1,IRENE VILLAGERS 3,Johan Broekman,4756705,c Substitute b Tiaan E,Tiaan E,2936837,,,2936837,44,67,1,1,65.67
6499,790,2024 Titans Second League,2024,32995,18/01/2025,20250118,4554,4558,1,IRENE VILLAGERS 3,Chris Klopper,4756702,b Lehlohonolo M,Lehlohonolo M,3266899,,,3266899,0,2,0,0,0.00
6499,790,2024 Titans Second League,2024,32995,18/01/2025,20250118,4554,4558,1,IRENE VILLAGERS 3,Clayton Brunsdon,4837526,c Substitute b Hanco K,Hanco K,4702785,,,4702785,1,4,0,0,25.00
6499,790,2024 Titans Second League,2024,32995,18/01/2025,20250118,4554,4558,1,IRENE VILLAGERS 3,Tyler Miller,3729934,run out ( Tiaan E ),Tiaan E,2936837,,,2936837,33,40,3,0,82.50
6499,790,2024 Titans Second League,2024,32995,18/01/2025,20250118,4554,4558,1,IRENE VILLAGERS 3,Mohapi Molete,4756704,not out,,,,,,0,0,0,0,0.00
6499,790,2024 Titans Second League,2024,32995,18/01/2025,20250118,4554,4558,2,TUKS 5,Frits Snyman,2936846,c Substitute b Chris K,Chris K,4756702,,,4756702,6,16,1,0,37.50
6499,790,2024 Titans Second League,2024,32995,18/01/2025,20250118,4554,4558,2,TUKS 5,Lehlohonolo Moshoati,3266899,c Mohapi M b Chris K,Mohapi M,4756704,Chris K,4756702,"4756704,4756702",1,4,0,0,25.00
6499,790,2024 Titans Second League,2024,32995,18/01/2025,20250118,4554,4558,2,TUKS 5,Marius Bornman,2936833,c Substitute b Chris K,Chris K,4756702,,,4756702,0,1,0,0,0.00
6499,790,2024 Titans Second League,2024,32995,18/01/2025,20250118,4554,4558,2,TUKS 5,Johan Nel,4655263,b Chris K,Chris K,4756702,,,4756702,1,6,0,0,16.67
6499,790,2024 Titans Second League,2024,32995,18/01/2025,20250118,4554,4558,2,TUKS 5,Martin Van Tonder,2840539,b Gerrie V,Gerrie V,3015413,,,3015413,0,4,0,0,0.00
6499,790,2024 Titans Second League,2024,32995,18/01/2025,20250118,4554,4558,2,TUKS 5,Tiaan Engelbrecht,2936837,c Substitute b Chris K,Chris K,4756702,,,4756702,7,14,1,0,50.00
6499,790,2024 Titans Second League,2024,32995,18/01/2025,20250118,4554,4558,2,TUKS 5,Ivan Bekker,2936839,c † Johan N b Gunter G,Johan N,4655263,Gunter G,4655258,"4655263,4655258",16,37,0,1,43.24
6499,790,2024 Titans Second League,2024,32995,18/01/2025,20250118,4554,4558,2,TUKS 5,Cecil Chitaka,3255253,c&b Gerrie V,Gerrie V,3015413,,,3015413,66,58,8,2,113.79
6499,790,2024 Titans Second League,2024,32995,18/01/2025,20250118,4554,4558,2,TUKS 5,Hanco Kruger,4702785,c Substitute b Gerrie V,Gerrie V,3015413,,,3015413,12,30,0,0,40.00
6499,790,2024 Titans Second League,2024,32995,18/01/2025,20250118,4554,4558,2,TUKS 5,Andre Van Wyk,3266939,b Gerrie V,Gerrie V,3015413,,,3015413,0,1,0,0,0.00
6499,790,2024 Titans Second League,2024,32995,18/01/2025,20250118,4554,4558,2,TUKS 5,Christian Strydom,2936847,not out,,,,,,1,6,0,0,16.67
6359,790,2024 Titans Second League,2024,32995,30/11/2024,20241130,4556,4558,1,SINOVILLE 3,Christie Klopper,3772083,c † Johan N b Werner M,Johan N,4655263,Werner M,4715784,"4655263,4715784",2,12,0,0,16.67
6359,790,2024 Titans Second League,2024,32995,30/11/2024,20241130,4556,4558,1,SINOVILLE 3,Hendre Du Toit,2987477,c † Johan N b Tiaan E,Johan N,4655263,Tiaan E,2936837,"4655263,2936837",3,14,0,0,21.43
6359,790,2024 Titans Second League,2024,32995,30/11/2024,20241130,4556,4558,1,SINOVILLE 3,Johan Feute,4729909,b,,,,,,46,69,7,0,66.67
6359,790,2024 Titans Second League,2024,32995,30/11/2024,20241130,4556,4558,1,SINOVILLE 3,Berno Klopper,3180553,b,,,,,,19,31,3,0,61.29
6359,790,2024 Titans Second League,2024,32995,30/11/2024,20241130,4556,4558,1,SINOVILLE 3,Marco Rudolph,3229694,lbw b Donovan d,Donovan d,3713457,,,3713457,60,53,4,3,113.21
6359,790,2024 Titans Second League,2024,32995,30/11/2024,20241130,4556,4558,1,SINOVILLE 3,Wiehan Nel,2936753,b Riccardo O,Riccardo O,2936842,,,2936842,36,43,1,3,83.72
6359,790,2024 Titans Second League,2024,32995,30/11/2024,20241130,4556,4558,1,SINOVILLE 3,Ludwig Erasmus,4673573,not out,,,,,,55,24,5,4,229.17
6359,790,2024 Titans Second League,2024,32995,30/11/2024,20241130,4556,4558,1,SINOVILLE 3,Andre Kruyshaar,3772081,b Donovan d,Donovan d,3713457,,,3713457,1,3,0,0,33.33
6359,790,2024 Titans Second League,2024,32995,30/11/2024,20241130,4556,4558,1,SINOVILLE 3,Jaydon Blom,4756761,Hit Wicket Donovan d,Donovan d,3713457,,,3713457,1,9,0,0,11.11
6359,790,2024 Titans Second League,2024,32995,30/11/2024,20241130,4556,4558,1,SINOVILLE 3,Ruan Venter,4673574,b Jock d,Jock d,4165762,,,4165762,0,5,0,0,0.00
6359,790,2024 Titans Second League,2024,32995,30/11/2024,20241130,4556,4558,1,SINOVILLE 3,Colin Blom,4715818,not out,,,,,,2,6,0,0,33.33
6359,790,2024 Titans Second League,2024,32995,30/11/2024,20241130,4556,4558,2,TUKS 5,Nico De Bruyn,3180581,c Substitute b Ruan V,Ruan V,4673574,,,4673574,8,25,0,0,32.00
6359,790,2024 Titans Second League,2024,32995,30/11/2024,20241130,4556,4558,2,TUKS 5,Martin Van Tonder,2840539,b Jaydon B,Jaydon B,4756761,,,4756761,5,8,0,0,62.50
6359,790,2024 Titans Second League,2024,32995,30/11/2024,20241130,4556,4558,2,TUKS 5,Johan Nel,4655263,c&b Hendre D,Hendre D,2987477,,,2987477,116,92,15,2,126.09
6359,790,2024 Titans Second League,2024,32995,30/11/2024,20241130,4556,4558,2,TUKS 5,Werner Marneweck,4715784,b Jaydon B,Jaydon B,4756761,,,4756761,2,10,0,0,20.00
6359,790,2024 Titans Second League,2024,32995,30/11/2024,20241130,4556,4558,2,TUKS 5,Riccardo Oosthuizen,2936842,b Ruan V,Ruan V,4673574,,,4673574,0,2,0,0,0.00
6359,790,2024 Titans Second League,2024,32995,30/11/2024,20241130,4556,4558,2,TUKS 5,Donovan Du Toit,3713457,b Jaydon B,Jaydon B,4756761,,,4756761,0,1,0,0,0.00
6359,790,2024 Titans Second League,2024,32995,30/11/2024,20241130,4556,4558,2,TUKS 5,Frits Snyman,2936846,b Hendre D,Hendre D,2987477,,,2987477,11,22,2,0,50.00
6359,790,2024 Titans Second League,2024,32995,30/11/2024,20241130,4556,4558,2,TUKS 5,Tiaan Engelbrecht,2936837,b Hendre D,Hendre D,2987477,,,2987477,19,20,2,0,95.00
6359,790,2024 Titans Second League,2024,32995,30/11/2024,20241130,4556,4558,2,TUKS 5,Tihardt Kruger,3242942,c&b Johan F,Johan F,4729909,,,4729909,10,15,1,0,66.67
6359,790,2024 Titans Second League,2024,32995,30/11/2024,20241130,4556,4558,2,TUKS 5,Jock De Jager,4165762,not out,,,,,,6,9,1,0,66.67
6359,790,2024 Titans Second League,2024,32995,30/11/2024,20241130,4556,4558,2,TUKS 5,Elandré Van Den Berg,3713456,c Wiehan N b Johan F,Wiehan N,2936753,Johan F,4729909,"2936753,4729909",1,6,0,0,16.67
6357,790,2024 Titans Second League,2024,32995,30/11/2024,20241130,4554,4553,1,IRENE VILLAGERS 3,Matt Vd Mescht,4702807,lbw b Pieter R,Pieter R,2939189,,,2939189,18,22,2,1,81.82
6357,790,2024 Titans Second League,2024,32995,30/11/2024,20241130,4554,4553,1,IRENE VILLAGERS 3,Stefan Strydom,2985833,c Hein S b Pieter R,Hein S,4649924,Pieter R,2939189,"4649924,2939189",57,43,11,1,132.56
6357,790,2024 Titans Second League,2024,32995,30/11/2024,20241130,4554,4553,1,IRENE VILLAGERS 3,Gerhard Swanepoel,3713453,c Nathan S b Haardi A,Nathan S,4673826,Haardi A,4756700,"4673826,4756700",56,56,6,2,100.00
6357,790,2024 Titans Second League,2024,32995,30/11/2024,20241130,4554,4553,1,IRENE VILLAGERS 3,Andre Klopper,4756701,c † b Jody B,Jody B,4729873,,,4729873,2,12,0,0,16.67
6357,790,2024 Titans Second League,2024,32995,30/11/2024,20241130,4554,4553,1,IRENE VILLAGERS 3,Werner Pretorius,4756703,b Pieter R,Pieter R,2939189,,,2939189,9,9,2,0,100.00
6357,790,2024 Titans Second League,2024,32995,30/11/2024,20241130,4554,4553,1,IRENE VILLAGERS 3,Chris Klopper,4756702,run out ( Jody B ),Jody B,4729873,,,4729873,8,24,1,0,33.33
6357,790,2024 Titans Second League,2024,32995,30/11/2024,20241130,4554,4553,1,IRENE VILLAGERS 3,Johan Broekman,4756705,St b Patrick M,Patrick M,4729872,,,4729872,6,12,1,0,50.00
6357,790,2024 Titans Second League,2024,32995,30/11/2024,20241130,4554,4553,1,IRENE VILLAGERS 3,Stiaan Heymans,4673670,c Hein S b Patrick M,Hein S,4649924,Patrick M,4729872,"4649924,4729872",5,12,1,0,41.67
6357,790,2024 Titans Second League,2024,32995,30/11/2024,20241130,4554,4553,1,IRENE VILLAGERS 3,Elgun Boecker,4702810,c Peter H b Nathan S,Peter H,4116053,Nathan S,4673826,"4116053,4673826",19,25,2,1,76.00
6357,790,2024 Titans Second League,2024,32995,30/11/2024,20241130,4554,4553,1,IRENE VILLAGERS 3,Albert Myburgh,4024779,not out,,,,,,6,7,0,0,85.71
6357,790,2024 Titans Second League,2024,32995,30/11/2024,20241130,4554,4553,1,IRENE VILLAGERS 3,Mohapi Molete,4756704,run out ( Pieter R ),Pieter R,2939189,,,2939189,5,7,0,0,71.43
6287,790,2024 Titans Second League,2024,32995,23/11/2024,20241123,4552,4555,1,CBCOB 3,David Fourie,3018346,b Burgert K,Burgert K,4742888,,,4742888,0,6,0,0,0.00
6287,790,2024 Titans Second League,2024,32995,23/11/2024,20241123,4552,4555,1,CBCOB 3,Dylan Kotze,2987579,c †Substitute b Burgert K,Burgert K,4742888,,,4742888,5,6,0,0,83.33
6287,790,2024 Titans Second League,2024,32995,23/11/2024,20241123,4552,4555,1,CBCOB 3,Franco Schmidt,4673821,c Substitute b Justin F,Justin F,2987524,,,2987524,28,36,4,0,77.78
6287,790,2024 Titans Second League,2024,32995,23/11/2024,20241123,4552,4555,1,CBCOB 3,Simion Muller,3783164,b Edwin D,Edwin D,4742889,,,4742889,112,86,16,4,130.23
6287,790,2024 Titans Second League,2024,32995,23/11/2024,20241123,4552,4555,1,CBCOB 3,Leon Bender,3730114,lbw b Tyler L,Tyler L,4742892,,,4742892,7,13,0,0,53.85
6287,790,2024 Titans Second League,2024,32995,23/11/2024,20241123,4552,4555,1,CBCOB 3,Rigardt Saaiman,3729566,b Brian K,Brian K,4688792,,,4688792,18,24,3,0,75.00
6287,790,2024 Titans Second League,2024,32995,23/11/2024,20241123,4552,4555,1,CBCOB 3,Rudi Loibner,2935397,lbw b Brian K,Brian K,4688792,,,4688792,3,13,0,0,23.08
6287,790,2024 Titans Second League,2024,32995,23/11/2024,20241123,4552,4555,1,CBCOB 3,Chanluke Van Niewenhuizen,4742886,b Justin F,Justin F,2987524,,,2987524,0,5,0,0,0.00
6287,790,2024 Titans Second League,2024,32995,23/11/2024,20241123,4552,4555,1,CBCOB 3,Alec Jordaan,4715851,b Tyler L,Tyler L,4742892,,,4742892,13,18,2,0,72.22
6287,790,2024 Titans Second League,2024,32995,23/11/2024,20241123,4552,4555,1,CBCOB 3,Wessel Herbst,3783166,b Tyler L,Tyler L,4742892,,,4742892,0,2,0,0,0.00
6287,790,2024 Titans Second League,2024,32995,23/11/2024,20241123,4552,4555,1,CBCOB 3,Nevada Jacobs,4673820,not out,,,,,,1,2,0,0,50.00
6287,790,2024 Titans Second League,2024,32995,23/11/2024,20241123,4552,4555,2,PHSOB 3,Ryan Rossouw,2936911,c&b Nevada J,Nevada J,4673820,,,4673820,49,72,6,0,68.06
6287,790,2024 Titans Second League,2024,32995,23/11/2024,20241123,4552,4555,2,PHSOB 3,Mike Brink,3145217,c † Simion M b Nevada J,Simion M,3783164,Nevada J,4673820,"3783164,4673820",0,3,0,0,0.00
6287,790,2024 Titans Second League,2024,32995,23/11/2024,20241123,4552,4555,2,PHSOB 3,Marc Van Der Merwe,4742887,b Nevada J,Nevada J,4673820,,,4673820,2,8,0,0,25.00
6287,790,2024 Titans Second League,2024,32995,23/11/2024,20241123,4552,4555,2,PHSOB 3,Edwin De Waal,4742889,b Nevada J,Nevada J,4673820,,,4673820,12,13,3,0,92.31
6287,790,2024 Titans Second League,2024,32995,23/11/2024,20241123,4552,4555,2,PHSOB 3,Stefan Van Der Linden,4742893,b Rigardt S,Rigardt S,3729566,,,3729566,33,84,4,0,39.29
6287,790,2024 Titans Second League,2024,32995,23/11/2024,20241123,4552,4555,2,PHSOB 3,Brian Kershaw,4688792,c † Rudi L b Rigardt S,Rudi L,2935397,Rigardt S,3729566,"2935397,3729566",7,19,0,0,36.84
6287,790,2024 Titans Second League,2024,32995,23/11/2024,20241123,4552,4555,2,PHSOB 3,Tyler Lockhart,4742892,c Alec J b Simion M,Alec J,4715851,Simion M,3783164,"4715851,3783164",13,16,2,0,81.25
6287,790,2024 Titans Second League,2024,32995,23/11/2024,20241123,4552,4555,2,PHSOB 3,Burgert Kloppers,4742888,b Rigardt S,Rigardt S,3729566,,,3729566,0,2,0,0,0.00
6287,790,2024 Titans Second League,2024,32995,23/11/2024,20241123,4552,4555,2,PHSOB 3,Michael Stoop,4742891,not out,,,,,,3,7,0,0,42.86
6287,790,2024 Titans Second League,2024,32995,23/11/2024,20241123,4552,4555,2,PHSOB 3,Louwhan Labuschagne,4742890,b Simion M,Simion M,3783164,,,3783164,0,1,0,0,0.00
6287,790,2024 Titans Second League,2024,32995,23/11/2024,20241123,4552,4555,2,PHSOB 3,Justin Fourie,2987524,c Wessel H b Simion M,Wessel H,3783166,Simion M,3783164,"3783166,3783164",3,5,0,0,60.00
6223,790,2024 Titans Second League,2024,32995,16/11/2024,20241116,4554,4556,1,IRENE VILLAGERS 3,Divan Cilliers,3713448,c&b Stanley F,Stanley F,3056139,,,3056139,2,7,0,0,28.57
6223,790,2024 Titans Second League,2024,32995,16/11/2024,20241116,4554,4556,1,IRENE VILLAGERS 3,Matthew Thurbon,4024778,c&b Hendre D,Hendre D,2987477,,,2987477,23,33,4,0,69.70
6223,790,2024 Titans Second League,2024,32995,16/11/2024,20241116,4554,4556,1,IRENE VILLAGERS 3,Matt Vd Mescht,4702807,c&b Johan F,Johan F,4729909,,,4729909,56,59,3,1,94.92
6223,790,2024 Titans Second League,2024,32995,16/11/2024,20241116,4554,4556,1,IRENE VILLAGERS 3,Gerhard Swanepoel,3713453,c † Ludwig E b Wiehan N,Ludwig E,4673573,Wiehan N,2936753,"4673573,2936753",10,9,1,0,111.11
6223,790,2024 Titans Second League,2024,32995,16/11/2024,20241116,4554,4556,1,IRENE VILLAGERS 3,Marcel Cilliers,3713449,lbw b Piet B,Piet B,4063611,,,4063611,49,31,7,2,158.06
6223,790,2024 Titans Second League,2024,32995,16/11/2024,20241116,4554,4556,1,IRENE VILLAGERS 3,Gunter Geyer,4655258,c&b Pieter O,Pieter O,4063614,,,4063614,60,38,7,3,157.89
6223,790,2024 Titans Second League,2024,32995,16/11/2024,20241116,4554,4556,1,IRENE VILLAGERS 3,Jacques Van Rooyen,3795662,c&b Piet B,Piet B,4063611,,,4063611,7,6,0,1,116.67
6223,790,2024 Titans Second League,2024,32995,16/11/2024,20241116,4554,4556,1,IRENE VILLAGERS 3,Nicolas Pillay,4729911,c&b Piet B,Piet B,4063611,,,4063611,5,21,0,0,23.81
6223,790,2024 Titans Second League,2024,32995,16/11/2024,20241116,4554,4556,1,IRENE VILLAGERS 3,Elgun Boecker,4702810,b Piet B,Piet B,4063611,,,4063611,12,10,0,2,120.00
6223,790,2024 Titans Second League,2024,32995,16/11/2024,20241116,4554,4556,1,IRENE VILLAGERS 3,Neil Jansen,4655262,not out,,,,,,5,9,0,0,55.56
6223,790,2024 Titans Second League,2024,32995,16/11/2024,20241116,4554,4556,1,IRENE VILLAGERS 3,Jaco Joubert,4729910,b Pieter O,Pieter O,4063614,,,4063614,0,1,0,0,0.00
6223,790,2024 Titans Second League,2024,32995,16/11/2024,20241116,4554,4556,2,SINOVILLE 3,Ludwig Erasmus,4673573,c&b Matt V,Matt V,4702807,,,4702807,4,5,1,0,80.00
6223,790,2024 Titans Second League,2024,32995,16/11/2024,20241116,4554,4556,2,SINOVILLE 3,Pieter Jansen Van Rensburg,4704969,c † Gerhard S b Elgun B,Gerhard S,3713453,Elgun B,4702810,"3713453,4702810",28,18,4,1,155.56
6223,790,2024 Titans Second League,2024,32995,16/11/2024,20241116,4554,4556,2,SINOVILLE 3,Piet Botha,4063611,c&b Matt V,Matt V,4702807,,,4702807,6,15,0,0,40.00
6223,790,2024 Titans Second League,2024,32995,16/11/2024,20241116,4554,4556,2,SINOVILLE 3,Hendre Du Toit,2987477,c&b Elgun B,Elgun B,4702810,,,4702810,0,2,0,0,0.00
6223,790,2024 Titans Second League,2024,32995,16/11/2024,20241116,4554,4556,2,SINOVILLE 3,Johan Feute,4729909,c&b Elgun B,Elgun B,4702810,,,4702810,4,16,0,0,25.00
6223,790,2024 Titans Second League,2024,32995,16/11/2024,20241116,4554,4556,2,SINOVILLE 3,Wiehan Nel,2936753,b Jacques V,Jacques V,3795662,,,3795662,62,51,9,1,121.57
6223,790,2024 Titans Second League,2024,32995,16/11/2024,20241116,4554,4556,2,SINOVILLE 3,Dian Botha,2934759,c † Gerhard S b Elgun B,Gerhard S,3713453,Elgun B,4702810,"3713453,4702810",5,8,1,0,62.50
6223,790,2024 Titans Second League,2024,32995,16/11/2024,20241116,4554,4556,2,SINOVILLE 3,Stanley Fabri,3056139,c&b Gunter G,Gunter G,4655258,,,4655258,7,9,0,0,77.78
6223,790,2024 Titans Second League,2024,32995,16/11/2024,20241116,4554,4556,2,SINOVILLE 3,Christie Klopper,3772083,c Neil J b Nicolas P,Neil J,4655262,Nicolas P,4729911,"4655262,4729911",20,35,2,0,57.14
6223,790,2024 Titans Second League,2024,32995,16/11/2024,20241116,4554,4556,2,SINOVILLE 3,Berno Klopper,3180553,not out,,,,,,6,7,1,0,85.71
6223,790,2024 Titans Second League,2024,32995,16/11/2024,20241116,4554,4556,2,SINOVILLE 3,Pieter Oosthuizen,4063614,b Jacques V,Jacques V,3795662,,,3795662,0,5,0,0,0.00
6219,790,2024 Titans Second League,2024,32995,16/11/2024,20241116,4553,4557,1,HARLEQUINS 3,Pieter Roos,2939189,c JP R b Riaan D,JP R,3195753,Riaan D,3163488,"3195753,3163488",8,25,0,1,32.00
6219,790,2024 Titans Second League,2024,32995,16/11/2024,20241116,4553,4557,1,HARLEQUINS 3,Casey Nicholsan,4729870,not out,,,,,,102,68,13,4,150.00
6219,790,2024 Titans Second League,2024,32995,16/11/2024,20241116,4553,4557,1,HARLEQUINS 3,Rowan Sweetman,4729871,c Andre K b Ruan V,Andre K,3795248,Ruan V,4715814,"3795248,4715814",8,14,1,0,57.14
6219,790,2024 Titans Second League,2024,32995,16/11/2024,20241116,4553,4557,1,HARLEQUINS 3,Patrick Mounton,4729872,c Andre K b Ruan V,Andre K,3795248,Ruan V,4715814,"3795248,4715814",0,2,0,0,0.00
6219,790,2024 Titans Second League,2024,32995,16/11/2024,20241116,4553,4557,1,HARLEQUINS 3,Lessego Teffo,4196334,c JP R b Riaan D,JP R,3195753,Riaan D,3163488,"3195753,3163488",20,13,2,1,153.85
6219,790,2024 Titans Second League,2024,32995,16/11/2024,20241116,4553,4557,1,HARLEQUINS 3,Jody Buys,4729873,c&b Ruan V,Ruan V,4715814,,,4715814,11,8,2,0,137.50
6219,790,2024 Titans Second League,2024,32995,16/11/2024,20241116,4553,4557,1,HARLEQUINS 3,Ian Diemont,4729875,not out,,,,,,38,21,6,1,180.95
6217,790,2024 Titans Second League,2024,32995,16/11/2024,20241116,4558,4560,1,TUKS 5,Nico De Bruyn,3180581,run out (Substitute),,,,,,45,72,5,0,62.50
6217,790,2024 Titans Second League,2024,32995,16/11/2024,20241116,4558,4560,1,TUKS 5,Martin Van Tonder,2840539,c † Robert d b Luke C,Robert d,4729852,Luke C,4704974,"4729852,4704974",0,2,0,0,0.00
6217,790,2024 Titans Second League,2024,32995,16/11/2024,20241116,4558,4560,1,TUKS 5,Johan Nel,4655263,c Substitute b Luke C,Luke C,4704974,,,4704974,111,78,10,4,142.31
6217,790,2024 Titans Second League,2024,32995,16/11/2024,20241116,4558,4560,1,TUKS 5,Christian Strydom,2936847,b Chris C,Chris C,3719304,,,3719304,2,3,0,0,66.67
6217,790,2024 Titans Second League,2024,32995,16/11/2024,20241116,4558,4560,1,TUKS 5,Riccardo Oosthuizen,2936842,lbw b Luke C,Luke C,4704974,,,4704974,46,31,6,1,148.39
6217,790,2024 Titans Second League,2024,32995,16/11/2024,20241116,4558,4560,1,TUKS 5,Tiaan Engelbrecht,2936837,not out,,,,,,2,2,0,0,100.00
6217,790,2024 Titans Second League,2024,32995,16/11/2024,20241116,4558,4560,1,TUKS 5,Donovan Du Toit,3713457,not out,,,,,,1,1,0,0,100.00
6217,790,2024 Titans Second League,2024,32995,16/11/2024,20241116,4558,4560,2,CENTURION KAVALIERS 3,Jaydwin Venske,3031828,c † Johan N b Tiaan E,Johan N,4655263,Tiaan E,2936837,"4655263,2936837",8,13,1,0,61.54
6217,790,2024 Titans Second League,2024,32995,16/11/2024,20241116,4558,4560,2,CENTURION KAVALIERS 3,Robert De Villiers,4729852,c Christian S b Tihardt K,Christian S,2936847,Tihardt K,3242942,"2936847,3242942",83,80,8,4,103.75
6217,790,2024 Titans Second League,2024,32995,16/11/2024,20241116,4558,4560,2,CENTURION KAVALIERS 3,Matthew Kaiser,3772203,b Christian S,Christian S,2936847,,,2936847,29,32,3,0,90.62
6217,790,2024 Titans Second League,2024,32995,16/11/2024,20241116,4558,4560,2,CENTURION KAVALIERS 3,Chris Coetzee,3719304,c Frits S b Nico d,Frits S,2936846,Nico d,3180581,"2936846,3180581",47,32,5,3,146.88
6217,790,2024 Titans Second League,2024,32995,16/11/2024,20241116,4558,4560,2,CENTURION KAVALIERS 3,Babonke Twetwa,3080703,run out ( Tiaan E / Johan N ),Tiaan E,2936837,Johan N,4655263,"2936837,4655263",6,8,0,0,75.00
6217,790,2024 Titans Second League,2024,32995,16/11/2024,20241116,4558,4560,2,CENTURION KAVALIERS 3,Avela Tamsanqa,3675645,St Johan N b Nico d,Johan N,4655263,Nico d,3180581,"4655263,3180581",2,3,0,0,66.67
6217,790,2024 Titans Second League,2024,32995,16/11/2024,20241116,4558,4560,2,CENTURION KAVALIERS 3,Luke Cannata,4704974,c&b Martin V,Martin V,2840539,,,2840539,3,2,0,0,150.00
6217,790,2024 Titans Second League,2024,32995,16/11/2024,20241116,4558,4560,2,CENTURION KAVALIERS 3,Christo Bouwer,4729853,not out,,,,,,10,10,1,0,100.00
6217,790,2024 Titans Second League,2024,32995,16/11/2024,20241116,4558,4560,2,CENTURION KAVALIERS 3,Keenan Huebsch,4729854,b Martin V,Martin V,2840539,,,2840539,0,2,0,0,0.00
6217,790,2024 Titans Second League,2024,32995,16/11/2024,20241116,4558,4560,2,CENTURION KAVALIERS 3,Karl Huebsch,4729855,not out,,,,,,2,4,0,0,50.00
6140,790,2024 Titans Second League,2024,32995,09/11/2024,20241109,4552,4554,1,CBCOB 3,Wendell Plaatjies,4673818,c † Gerhard S b Neil J,Gerhard S,3713453,Neil J,4655262,"3713453,4655262",14,24,2,0,58.33
6140,790,2024 Titans Second League,2024,32995,09/11/2024,20241109,4552,4554,1,CBCOB 3,Paul Gouws,3056110,c&b Neil J,Neil J,4655262,,,4655262,25,32,3,1,78.12
6140,790,2024 Titans Second League,2024,32995,09/11/2024,20241109,4552,4554,1,CBCOB 3,Franco Schmidt,4673821,c Divan C b Jacques V,Divan C,3713448,Jacques V,3795662,"3713448,3795662",49,56,4,3,87.50
6140,790,2024 Titans Second League,2024,32995,09/11/2024,20241109,4552,4554,1,CBCOB 3,Wayne Scott,3056109,not out,,,,,,140,120,16,9,116.67
6140,790,2024 Titans Second League,2024,32995,09/11/2024,20241109,4552,4554,1,CBCOB 3,Rigardt Saaiman,3729566,c Neil J b Elgun B,Neil J,4655262,Elgun B,4702810,"4655262,4702810",0,3,0,0,0.00
6140,790,2024 Titans Second League,2024,32995,09/11/2024,20241109,4552,4554,1,CBCOB 3,Rudi Loibner,2935397,c Benjamin C b Jacques V,Benjamin C,4702808,Jacques V,3795662,"4702808,3795662",2,9,0,0,22.22
6140,790,2024 Titans Second League,2024,32995,09/11/2024,20241109,4552,4554,1,CBCOB 3,Kai Trumplemann,4691512,not out,,,,,,33,28,5,1,117.86
6140,790,2024 Titans Second League,2024,32995,09/11/2024,20241109,4552,4554,2,IRENE VILLAGERS 3,Divan Cilliers,3713448,c Divan H b Wessel H,Divan H,4715852,Wessel H,3783166,"4715852,3783166",0,2,0,0,0.00
6140,790,2024 Titans Second League,2024,32995,09/11/2024,20241109,4552,4554,2,IRENE VILLAGERS 3,Jared Fourie,3795661,c Rigardt S b Franco S,Rigardt S,3729566,Franco S,4673821,"3729566,4673821",10,38,2,0,26.32
6140,790,2024 Titans Second League,2024,32995,09/11/2024,20241109,4552,4554,2,IRENE VILLAGERS 3,Gerhard Swanepoel,3713453,c Alec J b Wessel H,Alec J,4715851,Wessel H,3783166,"4715851,3783166",0,3,0,0,0.00
6140,790,2024 Titans Second League,2024,32995,09/11/2024,20241109,4552,4554,2,IRENE VILLAGERS 3,Marcel Cilliers,3713449,c Rigardt S b Divan H,Rigardt S,3729566,Divan H,4715852,"3729566,4715852",24,32,4,1,75.00
6140,790,2024 Titans Second League,2024,32995,09/11/2024,20241109,4552,4554,2,IRENE VILLAGERS 3,Neil Jansen,4655262,c Paul G b Rigardt S,Paul G,3056110,Rigardt S,3729566,"3056110,3729566",18,35,2,0,51.43
6140,790,2024 Titans Second League,2024,32995,09/11/2024,20241109,4552,4554,2,IRENE VILLAGERS 3,Benjamin Cronje,4702808,c Wayne S b Kai T,Wayne S,3056109,Kai T,4691512,"3056109,4691512",24,13,3,1,184.62
6140,790,2024 Titans Second League,2024,32995,09/11/2024,20241109,4552,4554,2,IRENE VILLAGERS 3,Jacques Van Rooyen,3795662,c † Rudi L b Kai T,Rudi L,2935397,Kai T,4691512,"2935397,4691512",22,24,1,2,91.67
6140,790,2024 Titans Second League,2024,32995,09/11/2024,20241109,4552,4554,2,IRENE VILLAGERS 3,Stiaan Heymans,4673670,c Alec J b Rigardt S,Alec J,4715851,Rigardt S,3729566,"4715851,3729566",4,6,1,0,66.67
6140,790,2024 Titans Second League,2024,32995,09/11/2024,20241109,4552,4554,2,IRENE VILLAGERS 3,Albert Myburgh,4024779,not out,,,,,,7,10,0,0,70.00
6140,790,2024 Titans Second League,2024,32995,09/11/2024,20241109,4552,4554,2,IRENE VILLAGERS 3,Elgun Boecker,4702810,b Alec J,Alec J,4715851,,,4715851,24,11,1,3,218.18
6140,790,2024 Titans Second League,2024,32995,09/11/2024,20241109,4552,4554,2,IRENE VILLAGERS 3,Ryno Opperman,4715854,Retired Hurt,,,,,,0,0,0,0,0.00
6135,790,2024 Titans Second League,2024,32995,09/11/2024,20241109,4557,4556,1,SINOVILLE 4,Ludwig Erasmus,4702802,c&b Stanley F,Stanley F,3056139,,,3056139,24,29,3,0,82.76
6135,790,2024 Titans Second League,2024,32995,09/11/2024,20241109,4557,4556,1,SINOVILLE 4,Jd Van Wyk,4702806,Hit Wicket Jaco V,Jaco V,4715817,,,4715817,19,14,3,0,135.71
6135,790,2024 Titans Second League,2024,32995,09/11/2024,20241109,4557,4556,1,SINOVILLE 4,Wian Nel,2987474,c Hendre D b Jaco V,Hendre D,2987477,Jaco V,4715817,"2987477,4715817",0,3,0,0,0.00
6135,790,2024 Titans Second League,2024,32995,09/11/2024,20241109,4557,4556,1,SINOVILLE 4,Tiaan Malan,4715812,c Stanley F b Mollie S,Stanley F,3056139,Mollie S,4063613,"3056139,4063613",6,13,1,0,46.15
6135,790,2024 Titans Second League,2024,32995,09/11/2024,20241109,4557,4556,1,SINOVILLE 4,Rivan Stoman,4715813,c Hendre D b Stanley F,Hendre D,2987477,Stanley F,3056139,"2987477,3056139",33,43,5,0,76.74
6135,790,2024 Titans Second League,2024,32995,09/11/2024,20241109,4557,4556,1,SINOVILLE 4,Andre Kruyshaar,3795248,c † Christie K b Mollie S,Christie K,3772083,Mollie S,4063613,"3772083,4063613",2,5,0,0,40.00
6135,790,2024 Titans Second League,2024,32995,09/11/2024,20241109,4557,4556,1,SINOVILLE 4,Riaan Davel,4715815,run out ( Piet B ),Piet B,4063611,,,4063611,76,96,6,1,79.17
6135,790,2024 Titans Second League,2024,32995,09/11/2024,20241109,4557,4556,1,SINOVILLE 4,Tiaan Borman,4715816,c Hendre D b Piet B,Hendre D,2987477,Piet B,4063611,"2987477,4063611",13,19,2,0,68.42
6135,790,2024 Titans Second League,2024,32995,09/11/2024,20241109,4557,4556,1,SINOVILLE 4,Danie Kruger,3745390,b Hendre D,Hendre D,2987477,,,2987477,0,8,0,0,0.00
6135,790,2024 Titans Second League,2024,32995,09/11/2024,20241109,4557,4556,1,SINOVILLE 4,Ian Dorfling,3795252,b Hendre D,Hendre D,2987477,,,2987477,2,3,0,0,66.67
6135,790,2024 Titans Second League,2024,32995,09/11/2024,20241109,4557,4556,1,SINOVILLE 4,Ruan Venter,4715814,not out,,,,,,49,41,4,2,119.51
6135,790,2024 Titans Second League,2024,32995,09/11/2024,20241109,4557,4556,2,SINOVILLE 3,Christie Klopper,3772083,b Tiaan B,Tiaan B,4715816,,,4715816,1,3,0,0,33.33
6135,790,2024 Titans Second League,2024,32995,09/11/2024,20241109,4557,4556,2,SINOVILLE 3,Hendre Du Toit,2987477,run out ( Wian N ),Wian N,2987474,,,2987474,18,20,2,0,90.00
6135,790,2024 Titans Second League,2024,32995,09/11/2024,20241109,4557,4556,2,SINOVILLE 3,Piet Botha,4063611,c&b Danie K,Danie K,3745390,,,3745390,24,41,2,0,58.54
6135,790,2024 Titans Second League,2024,32995,09/11/2024,20241109,4557,4556,2,SINOVILLE 3,Berno Klopper,3180553,b Andre K,Andre K,3795248,,,3795248,54,65,8,0,83.08
6135,790,2024 Titans Second League,2024,32995,09/11/2024,20241109,4557,4556,2,SINOVILLE 3,Jaco Van Der Walt,4715817,c&b Riaan D,Riaan D,4715815,,,4715815,1,3,0,0,33.33
6135,790,2024 Titans Second League,2024,32995,09/11/2024,20241109,4557,4556,2,SINOVILLE 3,Stanley Fabri,3056139,c † Ludwig E b Tiaan M,Ludwig E,4702802,Tiaan M,4715812,"4702802,4715812",15,23,1,0,65.22
6135,790,2024 Titans Second League,2024,32995,09/11/2024,20241109,4557,4556,2,SINOVILLE 3,Grant S,4704970,b Andre K,Andre K,3795248,,,3795248,0,6,0,0,0.00
6135,790,2024 Titans Second League,2024,32995,09/11/2024,20241109,4557,4556,2,SINOVILLE 3,Pieter Oosthuizen,4063614,lbw b Andre K,Andre K,3795248,,,3795248,0,1,0,0,0.00
6135,790,2024 Titans Second League,2024,32995,09/11/2024,20241109,4557,4556,2,SINOVILLE 3,Mollie Sinoville,4063613,lbw b Tiaan M,Tiaan M,4715812,,,4715812,0,1,0,0,0.00
6135,790,2024 Titans Second League,2024,32995,09/11/2024,20241109,4557,4556,2,SINOVILLE 3,Andre Schoombee,3772961,not out,,,,,,0,1,0,0,0.00
6135,790,2024 Titans Second League,2024,32995,09/11/2024,20241109,4557,4556,2,SINOVILLE 3,Colin Blom,4715818,c Tiaan B b Andre K,Tiaan B,4715816,Andre K,3795248,"4715816,3795248",0,1,0,0,0.00
6133,790,2024 Titans Second League,2024,32995,09/11/2024,20241109,4558,4555,1,TUKS 5,Nico De Bruyn,3180581,c Substitute b Sellin d,Sellin d,4715786,,,4715786,2,6,0,0,33.33
6133,790,2024 Titans Second League,2024,32995,09/11/2024,20241109,4558,4555,1,TUKS 5,Martin Van Tonder,2840539,c † Kyle K b Sellin d,Kyle K,4715785,Sellin d,4715786,"4715785,4715786",5,16,0,0,31.25
6133,790,2024 Titans Second League,2024,32995,09/11/2024,20241109,4558,4555,1,TUKS 5,Johan Nel,4655263,c † Kyle K b Wehan d,Kyle K,4715785,Wehan d,4715788,"4715785,4715788",7,23,1,0,30.43
6133,790,2024 Titans Second League,2024,32995,09/11/2024,20241109,4558,4555,1,TUKS 5,Werner Marneweck,4715784,b Sellin d,Sellin d,4715786,,,4715786,4,9,1,0,44.44
6133,790,2024 Titans Second League,2024,32995,09/11/2024,20241109,4558,4555,1,TUKS 5,Christian Strydom,2936847,c Substitute b Dewald D,Dewald D,4715787,,,4715787,2,14,0,0,14.29
6133,790,2024 Titans Second League,2024,32995,09/11/2024,20241109,4558,4555,1,TUKS 5,Riccardo Oosthuizen,2936842,c Substitute b Dewald D,Dewald D,4715787,,,4715787,30,47,4,0,63.83
6133,790,2024 Titans Second League,2024,32995,09/11/2024,20241109,4558,4555,1,TUKS 5,Gerhard De Bruin,2936835,c Substitute b Dewald D,Dewald D,4715787,,,4715787,0,15,0,0,0.00
6133,790,2024 Titans Second League,2024,32995,09/11/2024,20241109,4558,4555,1,TUKS 5,Tiaan Engelbrecht,2936837,c † Kyle K b Matt R,Kyle K,4715785,Matt R,2936914,"4715785,2936914",30,46,4,0,65.22
6133,790,2024 Titans Second League,2024,32995,09/11/2024,20241109,4558,4555,1,TUKS 5,Donovan Du Toit,3713457,c † Kyle K b Dewald D,Kyle K,4715785,Dewald D,4715787,"4715785,4715787",4,15,0,0,26.67
6133,790,2024 Titans Second League,2024,32995,09/11/2024,20241109,4558,4555,1,TUKS 5,Frits Snyman,2936846,not out,,,,,,13,27,2,0,48.15
6133,790,2024 Titans Second League,2024,32995,09/11/2024,20241109,4558,4555,1,TUKS 5,Andre Van Wyk,3266939,b Matt C,Matt C,4081460,,,4081460,0,8,0,0,0.00
6133,790,2024 Titans Second League,2024,32995,09/11/2024,20241109,4558,4555,2,PHSOB 3,Felix Le Roux,3018176,c&b Gerhard D,Gerhard D,2936835,,,2936835,2,8,0,0,25.00
6133,790,2024 Titans Second League,2024,32995,09/11/2024,20241109,4558,4555,2,PHSOB 3,Duan St Arnaud,3145215,c Werner M b Tiaan E,Werner M,4715784,Tiaan E,2936837,"4715784,2936837",7,13,0,1,53.85
6133,790,2024 Titans Second League,2024,32995,09/11/2024,20241109,4558,4555,2,PHSOB 3,Matt Collett,4081460,not out,,,,,,59,75,6,1,78.67
6133,790,2024 Titans Second League,2024,32995,09/11/2024,20241109,4558,4555,2,PHSOB 3,Kyle Klese,4715785,b Tiaan E,Tiaan E,2936837,,,2936837,1,11,0,0,9.09
6133,790,2024 Titans Second League,2024,32995,09/11/2024,20241109,4558,4555,2,PHSOB 3,Chad Fortman,2936899,c Christian S b Martin V,Christian S,2936847,Martin V,2840539,"2936847,2840539",14,15,2,0,93.33
6133,790,2024 Titans Second League,2024,32995,09/11/2024,20241109,4558,4555,2,PHSOB 3,Emil Rolfes,2936903,not out,,,,,,30,37,3,0,81.08
6071,790,2024 Titans Second League,2024,32995,03/11/2024,20241103,4556,4560,1,SINOVILLE 3,Christie Klopper,3772083,b Babonke T,Babonke T,3080703,,,3080703,99,121,14,1,81.82
6071,790,2024 Titans Second League,2024,32995,03/11/2024,20241103,4556,4560,1,SINOVILLE 3,Pieter Jansen Van Rensburg,4704969,lbw b Luke C,Luke C,4704974,,,4704974,16,16,2,0,100.00
6071,790,2024 Titans Second League,2024,32995,03/11/2024,20241103,4556,4560,1,SINOVILLE 3,Berno Klopper,3180553,c&b Chris C,Chris C,3719304,,,3719304,39,39,6,0,100.00
6071,790,2024 Titans Second League,2024,32995,03/11/2024,20241103,4556,4560,1,SINOVILLE 3,Sj Delport,4704968,b Thuto S,Thuto S,4704972,,,4704972,0,1,0,0,0.00
6071,790,2024 Titans Second League,2024,32995,03/11/2024,20241103,4556,4560,1,SINOVILLE 3,Tiaan Borman,3772082,b Jaydwin V,Jaydwin V,3031828,,,3031828,19,21,2,0,90.48
6071,790,2024 Titans Second League,2024,32995,03/11/2024,20241103,4556,4560,1,SINOVILLE 3,Grant S,4704970,c&b Luke C,Luke C,4704974,,,4704974,13,16,2,0,81.25
6071,790,2024 Titans Second League,2024,32995,03/11/2024,20241103,4556,4560,1,SINOVILLE 3,Christopher Volschenk,4673575,c Jaydwin V b Babonke T,Jaydwin V,3031828,Babonke T,3080703,"3031828,3080703",2,13,0,0,15.38
6071,790,2024 Titans Second League,2024,32995,03/11/2024,20241103,4556,4560,1,SINOVILLE 3,Pieter Oosthuizen,4063614,not out,,,,,,10,17,1,0,58.82
6071,790,2024 Titans Second League,2024,32995,03/11/2024,20241103,4556,4560,1,SINOVILLE 3,Andre Schoombee,3772961,lbw b Babonke T,Babonke T,3080703,,,3080703,4,4,1,0,100.00
6071,790,2024 Titans Second League,2024,32995,03/11/2024,20241103,4556,4560,1,SINOVILLE 3,Ruan Venter,4673574,b Thuto S,Thuto S,4704972,,,4704972,6,6,1,0,100.00
6071,790,2024 Titans Second League,2024,32995,03/11/2024,20241103,4556,4560,1,SINOVILLE 3,Ian Dorfling,4063612,lbw b Thuto S,Thuto S,4704972,,,4704972,0,1,0,0,0.00
6071,790,2024 Titans Second League,2024,32995,03/11/2024,20241103,4556,4560,2,CENTURION KAVALIERS 3,Jaydwin Venske,3031828,b Tiaan B,Tiaan B,3772082,,,3772082,78,58,11,1,134.48
6071,790,2024 Titans Second League,2024,32995,03/11/2024,20241103,4556,4560,2,CENTURION KAVALIERS 3,Thuto Scheepers,4704972,lbw b Berno K,Berno K,3180553,,,3180553,63,57,11,0,110.53
6071,790,2024 Titans Second League,2024,32995,03/11/2024,20241103,4556,4560,2,CENTURION KAVALIERS 3,Avela Tamsanqa,3675645,c Christopher V b Pieter O,Christopher V,4673575,Pieter O,4063614,"4673575,4063614",24,27,3,0,88.89
6071,790,2024 Titans Second League,2024,32995,03/11/2024,20241103,4556,4560,2,CENTURION KAVALIERS 3,Babonke Twetwa,3080703,lbw b Tiaan B,Tiaan B,3772082,,,3772082,0,2,0,0,0.00
6071,790,2024 Titans Second League,2024,32995,03/11/2024,20241103,4556,4560,2,CENTURION KAVALIERS 3,Luke Cannata,4704974,not out,,,,,,24,40,1,0,60.00
6071,790,2024 Titans Second League,2024,32995,03/11/2024,20241103,4556,4560,2,CENTURION KAVALIERS 3,Lester Joseph,4704973,lbw b Tiaan B,Tiaan B,3772082,,,3772082,0,1,0,0,0.00
6071,790,2024 Titans Second League,2024,32995,03/11/2024,20241103,4556,4560,2,CENTURION KAVALIERS 3,Chris Coetzee,3719304,c Berno K b Pieter J,Berno K,3180553,Pieter J,4704969,"3180553,4704969",21,21,1,1,100.00
6071,790,2024 Titans Second League,2024,32995,03/11/2024,20241103,4556,4560,2,CENTURION KAVALIERS 3,Janus Bronkhorst,4704971,c Berno K b Pieter O,Berno K,3180553,Pieter O,4063614,"3180553,4063614",2,13,0,0,15.38
6071,790,2024 Titans Second League,2024,32995,03/11/2024,20241103,4556,4560,2,CENTURION KAVALIERS 3,Thato Pege,3719303,run out ( Berno K / Sj D ),Berno K,3180553,Sj D,4704968,"3180553,4704968",0,2,0,0,0.00
6050,790,2024 Titans Second League,2024,32995,02/11/2024,20241102,4554,4557,1,IRENE VILLAGERS 3,Wali Vayani,4702809,b Pieter O,Pieter O,4186402,,,4186402,118,109,11,3,108.26
6050,790,2024 Titans Second League,2024,32995,02/11/2024,20241102,4554,4557,1,IRENE VILLAGERS 3,Divan Cilliers,3713448,c&b Hanco H,Hanco H,4165763,,,4165763,0,2,0,0,0.00
6050,790,2024 Titans Second League,2024,32995,02/11/2024,20241102,4554,4557,1,IRENE VILLAGERS 3,Gerhard Swanepoel,3713453,c&b Berno K,Berno K,3180553,,,3180553,122,125,13,2,97.60
6050,790,2024 Titans Second League,2024,32995,02/11/2024,20241102,4554,4557,1,IRENE VILLAGERS 3,Marcel Cilliers,3713449,not out,,,,,,21,18,1,1,116.67
6050,790,2024 Titans Second League,2024,32995,02/11/2024,20241102,4554,4557,1,IRENE VILLAGERS 3,Jacques Van Rooyen,3795662,b Stanley F,Stanley F,3056139,,,3056139,1,4,0,0,25.00
6050,790,2024 Titans Second League,2024,32995,02/11/2024,20241102,4554,4557,1,IRENE VILLAGERS 3,Matt Vd Mescht,4702807,not out,,,,,,26,13,2,1,200.00
6050,790,2024 Titans Second League,2024,32995,02/11/2024,20241102,4554,4557,2,SINOVILLE 4,Ludwig Erasmus,4702802,c † Gerhard S b Bennie V,Gerhard S,3713453,Bennie V,3713450,"3713453,3713450",47,46,4,2,102.17
6050,790,2024 Titans Second League,2024,32995,02/11/2024,20241102,4554,4557,2,SINOVILLE 4,Jd Van Wyk,4702806,c&b Matt V,Matt V,4702807,,,4702807,13,11,2,0,118.18
6050,790,2024 Titans Second League,2024,32995,02/11/2024,20241102,4554,4557,2,SINOVILLE 4,Piet Botha,4198490,b Elro G,Elro G,4655709,,,4655709,3,9,0,0,33.33
6050,790,2024 Titans Second League,2024,32995,02/11/2024,20241102,4554,4557,2,SINOVILLE 4,Tiaan Du Plessis,4702804,lbw b Benjamin C,Benjamin C,4702808,,,4702808,11,13,2,0,84.62
6050,790,2024 Titans Second League,2024,32995,02/11/2024,20241102,4554,4557,2,SINOVILLE 4,Andre Kruyshaar,3795248,lbw b Benjamin C,Benjamin C,4702808,,,4702808,12,15,2,0,80.00
6050,790,2024 Titans Second League,2024,32995,02/11/2024,20241102,4554,4557,2,SINOVILLE 4,Stanley Fabri,3056139,c † Gerhard S b Bennie V,Gerhard S,3713453,Bennie V,3713450,"3713453,3713450",6,11,0,0,54.55
6050,790,2024 Titans Second League,2024,32995,02/11/2024,20241102,4554,4557,2,SINOVILLE 4,Berno Klopper,3180553,not out,,,,,,30,46,2,1,65.22
6050,790,2024 Titans Second League,2024,32995,02/11/2024,20241102,4554,4557,2,SINOVILLE 4,Pieter Oosthuisen,4186402,b Jacques V,Jacques V,3795662,,,3795662,14,18,2,0,77.78
6050,790,2024 Titans Second League,2024,32995,02/11/2024,20241102,4554,4557,2,SINOVILLE 4,Hanco Hertzog,4165763,b Jacques V,Jacques V,3795662,,,3795662,1,6,0,0,16.67
6050,790,2024 Titans Second League,2024,32995,02/11/2024,20241102,4554,4557,2,SINOVILLE 4,Enrico B,4702803,c&b Acelan P,Acelan P,4655260,,,4655260,1,7,0,0,14.29
6050,790,2024 Titans Second League,2024,32995,02/11/2024,20241102,4554,4557,2,SINOVILLE 4,Rox Marule,4702805,St Gerhard S b Acelan P,Gerhard S,3713453,Acelan P,4655260,"3713453,4655260",0,7,0,0,0.00
6045,790,2024 Titans Second League,2024,32995,02/11/2024,20241102,4559,4558,1,TUT 3,Charl Prinsloo,3018226,b Jock d,Jock d,4165762,,,4165762,113,126,18,0,89.68
6045,790,2024 Titans Second League,2024,32995,02/11/2024,20241102,4559,4558,1,TUT 3,Duval Smith,4673572,c Tiaan E b Martin V,Tiaan E,2936837,Martin V,2840539,"2936837,2840539",44,28,7,1,157.14
6045,790,2024 Titans Second League,2024,32995,02/11/2024,20241102,4559,4558,1,TUT 3,Leon Smith,4673571,c † Donovan d b Nico d,Donovan d,3713457,Nico d,3180581,"3713457,3180581",30,45,4,1,66.67
6045,790,2024 Titans Second League,2024,32995,02/11/2024,20241102,4559,4558,1,TUT 3,Stefan Olivier,3729935,c Martin V b Nico K,Martin V,2840539,Nico K,2936834,"2840539,2936834",41,19,8,1,215.79
6045,790,2024 Titans Second League,2024,32995,02/11/2024,20241102,4559,4558,1,TUT 3,Nico Minnaar,3713344,c † Donovan d b Nico K,Donovan d,3713457,Nico K,2936834,"3713457,2936834",6,10,1,0,60.00
6045,790,2024 Titans Second League,2024,32995,02/11/2024,20241102,4559,4558,1,TUT 3,Charl Foxcroft,2097177,b Elandré v,Elandré v,3713456,,,3713456,1,4,0,0,25.00
6045,790,2024 Titans Second League,2024,32995,02/11/2024,20241102,4559,4558,1,TUT 3,Divan Potgieter,4673570,b Elandré v,Elandré v,3713456,,,3713456,0,1,0,0,0.00
6045,790,2024 Titans Second League,2024,32995,02/11/2024,20241102,4559,4558,1,TUT 3,Stefan Grobler,3018230,not out,,,,,,36,30,4,1,120.00
6045,790,2024 Titans Second League,2024,32995,02/11/2024,20241102,4559,4558,1,TUT 3,Niel Coetzee,3018224,not out,,,,,,8,9,1,0,88.89
6045,790,2024 Titans Second League,2024,32995,02/11/2024,20241102,4559,4558,2,TUKS 5,Nico De Bruyn,3180581,c Stefan O b Divan P,Stefan O,3729935,Divan P,4673570,"3729935,4673570",0,7,0,0,0.00
6045,790,2024 Titans Second League,2024,32995,02/11/2024,20241102,4559,4558,2,TUKS 5,Martin Van Tonder,2840539,c Nico M b Divan P,Nico M,3713344,Divan P,4673570,"3713344,4673570",1,3,0,0,33.33
6045,790,2024 Titans Second League,2024,32995,02/11/2024,20241102,4559,4558,2,TUKS 5,Tihardt Kruger,3242942,c Charl P b Dewald B,Charl P,3018226,Dewald B,3018234,"3018226,3018234",17,42,2,0,40.48
6045,790,2024 Titans Second League,2024,32995,02/11/2024,20241102,4559,4558,2,TUKS 5,Nico Kruger,2936834,c Dewald B b Divan P,Dewald B,3018234,Divan P,4673570,"3018234,4673570",22,29,5,0,75.86
6045,790,2024 Titans Second League,2024,32995,02/11/2024,20241102,4559,4558,2,TUKS 5,Tiaan Engelbrecht,2936837,c&b Nico M,Nico M,3713344,,,3713344,13,11,2,0,118.18
6045,790,2024 Titans Second League,2024,32995,02/11/2024,20241102,4559,4558,2,TUKS 5,Donovan Du Toit,3713457,c † Niel C b Nico M,Niel C,3018224,Nico M,3713344,"3018224,3713344",5,11,1,0,45.45
6045,790,2024 Titans Second League,2024,32995,02/11/2024,20241102,4559,4558,2,TUKS 5,Gerhard De Bruin,2936835,b Stefan G,Stefan G,3018230,,,3018230,0,5,0,0,0.00
6045,790,2024 Titans Second League,2024,32995,02/11/2024,20241102,4559,4558,2,TUKS 5,Hanco Kruger,4702785,c Charl F b Dewald B,Charl F,2097177,Dewald B,3018234,"2097177,3018234",2,5,0,0,40.00
6045,790,2024 Titans Second League,2024,32995,02/11/2024,20241102,4559,4558,2,TUKS 5,Jock De Jager,4165762,b Gary V,Gary V,4673569,,,4673569,27,32,4,1,84.38
6045,790,2024 Titans Second League,2024,32995,02/11/2024,20241102,4559,4558,2,TUKS 5,Elandré Van Den Berg,3713456,c&b Dewald B,Dewald B,3018234,,,3018234,7,35,0,0,20.00
6045,790,2024 Titans Second League,2024,32995,02/11/2024,20241102,4559,4558,2,TUKS 5,Mikky Hudson,3745386,not out,,,,,,0,1,0,0,0.00
5971,790,2024 Titans Second League,2024,32995,27/10/2024,20241027,4558,4552,1,TUKS 5,Nico De Bruyn,3180581,c Substitute b Reghardt S,Reghardt S,4691513,,,4691513,2,3,0,0,66.67
5971,790,2024 Titans Second League,2024,32995,27/10/2024,20241027,4558,4552,1,TUKS 5,Martin Van Tonder,2840539,c Substitute b Reghardt S,Reghardt S,4691513,,,4691513,7,13,1,0,53.85
5971,790,2024 Titans Second League,2024,32995,27/10/2024,20241027,4558,4552,1,TUKS 5,Johan Nel,4655263,c Substitute b Gerry G,Gerry G,4673823,,,4673823,116,119,13,1,97.48
5971,790,2024 Titans Second League,2024,32995,27/10/2024,20241027,4558,4552,1,TUKS 5,Riccardo Oosthuizen,2936842,c Substitute b Kai T,Kai T,4691512,,,4691512,36,59,3,0,61.02
5971,790,2024 Titans Second League,2024,32995,27/10/2024,20241027,4558,4552,1,TUKS 5,Frits Snyman,2936846,b Kai T,Kai T,4691512,,,4691512,2,11,0,0,18.18
5971,790,2024 Titans Second League,2024,32995,27/10/2024,20241027,4558,4552,1,TUKS 5,Donovan Du Toit,3713457,lbw b Kai T,Kai T,4691512,,,4691512,0,2,0,0,0.00
5971,790,2024 Titans Second League,2024,32995,27/10/2024,20241027,4558,4552,1,TUKS 5,Tiaan Engelbrecht,2936837,b Kai T,Kai T,4691512,,,4691512,2,5,0,0,40.00
5971,790,2024 Titans Second League,2024,32995,27/10/2024,20241027,4558,4552,1,TUKS 5,Gerhard De Bruin,2936835,c Substitute b Kai T,Kai T,4691512,,,4691512,19,18,2,1,105.56
5971,790,2024 Titans Second League,2024,32995,27/10/2024,20241027,4558,4552,1,TUKS 5,Tihardt Kruger,3242942,b Reghardt S,Reghardt S,4691513,,,4691513,12,12,0,0,100.00
5971,790,2024 Titans Second League,2024,32995,27/10/2024,20241027,4558,4552,1,TUKS 5,Roano Oosthuizen,4691511,b Adriaan V,Adriaan V,3673677,,,3673677,7,8,1,0,87.50
5971,790,2024 Titans Second League,2024,32995,27/10/2024,20241027,4558,4552,1,TUKS 5,Andre Van Wyk,3266939,not out,,,,,,2,6,0,0,33.33
5971,790,2024 Titans Second League,2024,32995,27/10/2024,20241027,4558,4552,2,CBCOB 3,Adriaan Venter,3673677,c Nico d b Gerhard D,Nico d,3180581,Gerhard D,2936835,"3180581,2936835",19,23,4,0,82.61
5971,790,2024 Titans Second League,2024,32995,27/10/2024,20241027,4558,4552,2,CBCOB 3,Wendell Plaatjies,4673818,b Gerhard D,Gerhard D,2936835,,,2936835,3,8,0,0,37.50
5971,790,2024 Titans Second League,2024,32995,27/10/2024,20241027,4558,4552,2,CBCOB 3,Paul Gouws,3056110,c † Johan N b Nico d,Johan N,4655263,Nico d,3180581,"4655263,3180581",56,49,10,0,114.29
5971,790,2024 Titans Second League,2024,32995,27/10/2024,20241027,4558,4552,2,CBCOB 3,Franco Schmidt,4673821,c Tiaan E b Martin V,Tiaan E,2936837,Martin V,2840539,"2936837,2840539",38,35,5,1,108.57
5971,790,2024 Titans Second League,2024,32995,27/10/2024,20241027,4558,4552,2,CBCOB 3,Rigardt Saaiman,3729566,c Andre V b Tihardt K,Andre V,3266939,Tihardt K,3242942,"3266939,3242942",19,34,1,0,55.88
5971,790,2024 Titans Second League,2024,32995,27/10/2024,20241027,4558,4552,2,CBCOB 3,Kai Trumplemann,4691512,c † Johan N b Nico d,Johan N,4655263,Nico d,3180581,"4655263,3180581",0,1,0,0,0.00
5971,790,2024 Titans Second League,2024,32995,27/10/2024,20241027,4558,4552,2,CBCOB 3,Gerry Gouws,4673823,b Nico d,Nico d,3180581,,,3180581,0,1,0,0,0.00
5971,790,2024 Titans Second League,2024,32995,27/10/2024,20241027,4558,4552,2,CBCOB 3,Rowan Plaatjies,4673819,b Tihardt K,Tihardt K,3242942,,,3242942,4,17,0,0,23.53
5971,790,2024 Titans Second League,2024,32995,27/10/2024,20241027,4558,4552,2,CBCOB 3,Rudi Loibner,2935397,b Riccardo O,Riccardo O,2936842,,,2936842,20,35,3,0,57.14
5971,790,2024 Titans Second League,2024,32995,27/10/2024,20241027,4558,4552,2,CBCOB 3,Reghardt Smit,4691513,b Riccardo O,Riccardo O,2936842,,,2936842,7,33,0,0,21.21
5971,790,2024 Titans Second League,2024,32995,27/10/2024,20241027,4558,4552,2,CBCOB 3,Tafadzwa T,4691514,not out,,,,,,2,3,0,0,66.67
5957,790,2024 Titans Second League,2024,32995,26/10/2024,20241026,4555,4556,1,PHSOB 3,Marko De Cock,4688791,b Hendre D,Hendre D,2987477,,,2987477,32,19,4,2,168.42
5957,790,2024 Titans Second League,2024,32995,26/10/2024,20241026,4555,4556,1,PHSOB 3,Callen Stephen,3782749,c Substitute b Andre K,Andre K,3772081,,,3772081,20,65,1,0,30.77
5957,790,2024 Titans Second League,2024,32995,26/10/2024,20241026,4555,4556,1,PHSOB 3,Johan Van Antwerpen,4688793,c&b Piet B,Piet B,4063611,,,4063611,66,56,10,0,117.86
5957,790,2024 Titans Second League,2024,32995,26/10/2024,20241026,4555,4556,1,PHSOB 3,Emil Rolfes,2936903,b Piet B,Piet B,4063611,,,4063611,15,19,2,0,78.95
5957,790,2024 Titans Second League,2024,32995,26/10/2024,20241026,4555,4556,1,PHSOB 3,Jaco Fourie,4688790,c Andre K b Hendre D,Andre K,3772081,Hendre D,2987477,"3772081,2987477",33,30,4,0,110.00
5957,790,2024 Titans Second League,2024,32995,26/10/2024,20241026,4555,4556,1,PHSOB 3,Matt Rogerson,2936914,b Piet B,Piet B,4063611,,,4063611,1,10,0,0,10.00
5957,790,2024 Titans Second League,2024,32995,26/10/2024,20241026,4555,4556,1,PHSOB 3,Regan Pruss,3713341,b Stanley F,Stanley F,3056139,,,3056139,21,41,0,0,51.22
5957,790,2024 Titans Second League,2024,32995,26/10/2024,20241026,4555,4556,1,PHSOB 3,Christo Swanepoel,2936900,c Stanley F b Ruan V,Stanley F,3056139,Ruan V,4673574,"3056139,4673574",11,14,0,0,78.57
5957,790,2024 Titans Second League,2024,32995,26/10/2024,20241026,4555,4556,1,PHSOB 3,Gerhard Strydom,4688789,not out,,,,,,8,11,0,0,72.73
5957,790,2024 Titans Second League,2024,32995,26/10/2024,20241026,4555,4556,1,PHSOB 3,Brian Kershaw,4688792,b Stanley F,Stanley F,3056139,,,3056139,7,7,0,0,100.00
5957,790,2024 Titans Second League,2024,32995,26/10/2024,20241026,4555,4556,2,SINOVILLE 3,Jd Van Wyk,4688794,lbw b Regan P,Regan P,3713341,,,3713341,19,15,4,0,126.67
5957,790,2024 Titans Second League,2024,32995,26/10/2024,20241026,4555,4556,2,SINOVILLE 3,Hendre Du Toit,2987477,c&b Steven M,Steven M,2937220,,,2937220,55,51,9,2,107.84
5957,790,2024 Titans Second League,2024,32995,26/10/2024,20241026,4555,4556,2,SINOVILLE 3,Ludwig Erasmus,4673573,c † Callen S b Brian K,Callen S,3782749,Brian K,4688792,"3782749,4688792",18,11,4,0,163.64
5957,790,2024 Titans Second League,2024,32995,26/10/2024,20241026,4555,4556,2,SINOVILLE 3,Piet Botha,4063611,not out,,,,,,65,85,7,0,76.47
5957,790,2024 Titans Second League,2024,32995,26/10/2024,20241026,4555,4556,2,SINOVILLE 3,Andre Kruyshaar,3772081,lbw b Regan P,Regan P,3713341,,,3713341,55,81,8,0,67.90
5957,790,2024 Titans Second League,2024,32995,26/10/2024,20241026,4555,4556,2,SINOVILLE 3,Pieter Oosthuizen,4063614,b Regan P,Regan P,3713341,,,3713341,0,2,0,0,0.00
5957,790,2024 Titans Second League,2024,32995,26/10/2024,20241026,4555,4556,2,SINOVILLE 3,Stanley Fabri,3056139,not out,,,,,,1,2,0,0,50.00
5874,790,2024 Titans Second League,2024,32995,19/10/2024,20241019,4552,4553,1,CBCOB 3,Wendell Plaatjies,4673818,c Juan H b Travis J,Juan H,4673828,Travis J,3783171,"4673828,3783171",71,93,8,2,76.34
5874,790,2024 Titans Second League,2024,32995,19/10/2024,20241019,4552,4553,1,CBCOB 3,Gerry Gouws,4673823,c Pieter R b Reinhardt E,Pieter R,2939189,Reinhardt E,4673827,"2939189,4673827",19,18,4,0,105.56
5874,790,2024 Titans Second League,2024,32995,19/10/2024,20241019,4552,4553,1,CBCOB 3,Paul Gouws,3056110,c Ewan E b Lessego T,Ewan E,4673825,Lessego T,4196334,"4673825,4196334",90,76,7,8,118.42
5874,790,2024 Titans Second League,2024,32995,19/10/2024,20241019,4552,4553,1,CBCOB 3,Franco Schmidt,4673821,c Juan H b Franco V,Juan H,4673828,Franco V,3730039,"4673828,3730039",32,20,1,3,160.00
5874,790,2024 Titans Second League,2024,32995,19/10/2024,20241019,4552,4553,1,CBCOB 3,Rigardt Saaiman,3729566,not out,,,,,,12,5,1,1,240.00
5874,790,2024 Titans Second League,2024,32995,19/10/2024,20241019,4552,4553,1,CBCOB 3,Rudi Loibner,2935397,not out,,,,,,4,2,1,0,200.00
5874,790,2024 Titans Second League,2024,32995,19/10/2024,20241019,4552,4553,2,HARLEQUINS 3,Juan Human,4673828,lbw b Ivan H,Ivan H,3729571,,,3729571,29,17,5,1,170.59
5874,790,2024 Titans Second League,2024,32995,19/10/2024,20241019,4552,4553,2,HARLEQUINS 3,Peter Harold,4116053,b Nevada J,Nevada J,4673820,,,4673820,8,8,1,0,100.00
5874,790,2024 Titans Second League,2024,32995,19/10/2024,20241019,4552,4553,2,HARLEQUINS 3,Reinhardt Engler,4673827,c Rudi L b Rowan P,Rudi L,2935397,Rowan P,4673819,"2935397,4673819",117,80,8,8,146.25
5874,790,2024 Titans Second League,2024,32995,19/10/2024,20241019,4552,4553,2,HARLEQUINS 3,David Diemont,4630530,c Substitute b Franco S,Franco S,4673821,,,4673821,60,32,8,3,187.50
5874,790,2024 Titans Second League,2024,32995,19/10/2024,20241019,4552,4553,2,HARLEQUINS 3,Franco Vorster,3730039,lbw b Franco S,Franco S,4673821,,,4673821,0,2,0,0,0.00
5874,790,2024 Titans Second League,2024,32995,19/10/2024,20241019,4552,4553,2,HARLEQUINS 3,Dylan Cutting,4576796,not out,,,,,,47,56,8,1,83.93
5874,790,2024 Titans Second League,2024,32995,19/10/2024,20241019,4552,4553,2,HARLEQUINS 3,Nathan Stryfom,4673826,not out,,,,,,1,1,0,0,100.00
5856,790,2024 Titans Second League,2024,32995,19/10/2024,20241019,4556,4559,1,SINOVILLE 3,Ludwig Erasmus,4673573,c † Niel C b Divan P,Niel C,3018224,Divan P,4673570,"3018224,4673570",0,2,0,0,0.00
5856,790,2024 Titans Second League,2024,32995,19/10/2024,20241019,4556,4559,1,SINOVILLE 3,Hendre Du Toit,2987477,b Nico M,Nico M,3713344,,,3713344,15,22,2,0,68.18
5856,790,2024 Titans Second League,2024,32995,19/10/2024,20241019,4556,4559,1,SINOVILLE 3,Piet Botha,4063611,c † Niel C b Divan P,Niel C,3018224,Divan P,4673570,"3018224,4673570",8,28,1,0,28.57
5856,790,2024 Titans Second League,2024,32995,19/10/2024,20241019,4556,4559,1,SINOVILLE 3,Andre Kruyshaar,3772081,lbw b Nico M,Nico M,3713344,,,3713344,7,23,1,0,30.43
5856,790,2024 Titans Second League,2024,32995,19/10/2024,20241019,4556,4559,1,SINOVILLE 3,Berno Klopper,3180553,c&b Nico M,Nico M,3713344,,,3713344,6,14,1,0,42.86
5856,790,2024 Titans Second League,2024,32995,19/10/2024,20241019,4556,4559,1,SINOVILLE 3,Hanco Hertzog,3928457,b Dewald B,Dewald B,3018234,,,3018234,13,30,1,1,43.33
5856,790,2024 Titans Second League,2024,32995,19/10/2024,20241019,4556,4559,1,SINOVILLE 3,Pieter Oosthuizen,4063614,c † Niel C b Divan P,Niel C,3018224,Divan P,4673570,"3018224,4673570",0,3,0,0,0.00
5856,790,2024 Titans Second League,2024,32995,19/10/2024,20241019,4556,4559,1,SINOVILLE 3,Christopher Volschenk,4673575,c&b Stefan G,Stefan G,3018230,,,3018230,6,18,1,0,33.33
5856,790,2024 Titans Second League,2024,32995,19/10/2024,20241019,4556,4559,1,SINOVILLE 3,Stanley Fabri,3056139,not out,,,,,,31,42,5,0,73.81
5856,790,2024 Titans Second League,2024,32995,19/10/2024,20241019,4556,4559,1,SINOVILLE 3,Ruan Venter,4673574,c&b Dewald B,Dewald B,3018234,,,3018234,21,23,2,1,91.30
5856,790,2024 Titans Second League,2024,32995,19/10/2024,20241019,4556,4559,1,SINOVILLE 3,Ian Dorfling,4063612,b Leon S,Leon S,4673571,,,4673571,2,13,0,0,15.38
5856,790,2024 Titans Second League,2024,32995,19/10/2024,20241019,4556,4559,2,TUT 3,Leon Smith,4673571,b Piet B,Piet B,4063611,,,4063611,14,15,2,0,93.33
5856,790,2024 Titans Second League,2024,32995,19/10/2024,20241019,4556,4559,2,TUT 3,Duval Smith,4673572,c&b Hanco H,Hanco H,3928457,,,3928457,23,12,4,1,191.67
5856,790,2024 Titans Second League,2024,32995,19/10/2024,20241019,4556,4559,2,TUT 3,Stefan Grobler,3018230,c † Ludwig E b Ruan V,Ludwig E,4673573,Ruan V,4673574,"4673573,4673574",4,6,1,0,66.67
5856,790,2024 Titans Second League,2024,32995,19/10/2024,20241019,4556,4559,2,TUT 3,Niel Coetzee,3018224,c † Ludwig E b Piet B,Ludwig E,4673573,Piet B,4063611,"4673573,4063611",4,36,0,0,11.11
5856,790,2024 Titans Second League,2024,32995,19/10/2024,20241019,4556,4559,2,TUT 3,Nico Minnaar,3713344,run out ( Stanley F ),Stanley F,3056139,,,3056139,23,41,3,1,56.10
5856,790,2024 Titans Second League,2024,32995,19/10/2024,20241019,4556,4559,2,TUT 3,Jeandre Roux,3018228,b Stanley F,Stanley F,3056139,,,3056139,9,17,0,0,52.94
5856,790,2024 Titans Second League,2024,32995,19/10/2024,20241019,4556,4559,2,TUT 3,Stefan Olivier,3729935,not out,,,,,,15,16,0,1,93.75
5856,790,2024 Titans Second League,2024,32995,19/10/2024,20241019,4556,4559,2,TUT 3,Daylan Scheepers,3927336,not out,,,,,,9,6,2,0,150.00
5852,790,2024 Titans Second League,2024,32995,19/10/2024,20241019,4558,4561,1,TUKS 5,Martin Van Tonder,2840539,b Brian K,Brian K,4673539,,,4673539,40,31,5,0,129.03
5852,790,2024 Titans Second League,2024,32995,19/10/2024,20241019,4558,4561,1,TUKS 5,Nico De Bruyn,3180581,b Brian K,Brian K,4673539,,,4673539,36,47,2,0,76.60
5852,790,2024 Titans Second League,2024,32995,19/10/2024,20241019,4558,4561,1,TUKS 5,Christian Strydom,2936847,c Substitute b Johan v,Johan v,4673543,,,4673543,60,61,6,1,98.36
5852,790,2024 Titans Second League,2024,32995,19/10/2024,20241019,4558,4561,1,TUKS 5,Donovan Du Toit,3713457,c&b Christo S,Christo S,3299532,,,3299532,8,16,0,0,50.00
5852,790,2024 Titans Second League,2024,32995,19/10/2024,20241019,4558,4561,1,TUKS 5,Riccardo Oosthuizen,2936842,b Matt R,Matt R,4100183,,,4100183,35,33,6,0,106.06
5852,790,2024 Titans Second League,2024,32995,19/10/2024,20241019,4558,4561,1,TUKS 5,Frits Snyman,2936846,run out (Substitute),,,,,,9,12,1,0,75.00
5852,790,2024 Titans Second League,2024,32995,19/10/2024,20241019,4558,4561,1,TUKS 5,Gerhard De Bruin,2936835,b Johan v,Johan v,4673543,,,4673543,11,16,0,0,68.75
5852,790,2024 Titans Second League,2024,32995,19/10/2024,20241019,4558,4561,1,TUKS 5,Marius Bornman,2936833,lbw b Johan v,Johan v,4673543,,,4673543,9,9,2,0,100.00
5852,790,2024 Titans Second League,2024,32995,19/10/2024,20241019,4558,4561,1,TUKS 5,Tiaan Engelbrecht,2936837,not out,,,,,,24,16,3,0,150.00
5852,790,2024 Titans Second League,2024,32995,19/10/2024,20241019,4558,4561,1,TUKS 5,Andre Van Wyk,3266939,b Regan P,Regan P,3759682,,,3759682,4,9,0,0,44.44
5852,790,2024 Titans Second League,2024,32995,19/10/2024,20241019,4558,4561,1,TUKS 5,Elandré Van Den Berg,3713456,b Regan P,Regan P,3759682,,,3759682,0,1,0,0,0.00
5852,790,2024 Titans Second League,2024,32995,19/10/2024,20241019,4558,4561,2,PHSOB 4,Johan Van Antwerpen,4673543,b Christian S,Christian S,2936847,,,2936847,23,24,4,0,95.83
5852,790,2024 Titans Second League,2024,32995,19/10/2024,20241019,4558,4561,2,PHSOB 4,Dylan Howe Dryer,4673541,b Gerhard D,Gerhard D,2936835,,,2936835,2,4,0,0,50.00
5852,790,2024 Titans Second League,2024,32995,19/10/2024,20241019,4558,4561,2,PHSOB 4,Matt Rodgerson,4100183,c Nico d b Martin V,Nico d,3180581,Martin V,2840539,"3180581,2840539",21,24,4,0,87.50
5852,790,2024 Titans Second League,2024,32995,19/10/2024,20241019,4558,4561,2,PHSOB 4,Stefan Van Der Linden,4673540,c Tiaan E b Nico d,Tiaan E,2936837,Nico d,3180581,"2936837,3180581",29,68,2,0,42.65
5852,790,2024 Titans Second League,2024,32995,19/10/2024,20241019,4558,4561,2,PHSOB 4,Brian Kershaw,4673539,b Christian S,Christian S,2936847,,,2936847,25,22,4,0,113.64
5852,790,2024 Titans Second League,2024,32995,19/10/2024,20241019,4558,4561,2,PHSOB 4,Christo Swanepoel,3299532,b Tiaan E,Tiaan E,2936837,,,2936837,63,77,7,0,81.82
5852,790,2024 Titans Second League,2024,32995,19/10/2024,20241019,4558,4561,2,PHSOB 4,Alain Grové,2937228,c Gerhard D b Elandré v,Gerhard D,2936835,Elandré v,3713456,"2936835,3713456",34,29,3,1,117.24
5852,790,2024 Titans Second League,2024,32995,19/10/2024,20241019,4558,4561,2,PHSOB 4,Lodewyk Dejager,3719312,b Gerhard D,Gerhard D,2936835,,,2936835,21,15,2,0,140.00
5852,790,2024 Titans Second League,2024,32995,19/10/2024,20241019,4558,4561,2,PHSOB 4,Regan Pruss,3759682,not out,,,,,,8,5,0,0,160.00
5852,790,2024 Titans Second League,2024,32995,19/10/2024,20241019,4558,4561,2,PHSOB 4,Burgert Kloppers,4673542,not out,,,,,,2,2,0,0,100.00
5661,790,2024 Titans Second League,2024,32995,12/10/2024,20241012,4554,4558,1,IRENE VILLAGERS 3,Simon Harding,4655257,c Elandré v b Gerhard D,Elandré v,3713456,Gerhard D,2936835,"3713456,2936835",2,12,0,0,16.67
5661,790,2024 Titans Second League,2024,32995,12/10/2024,20241012,4554,4558,1,IRENE VILLAGERS 3,Divan Cilliers,3713448,c Elandré v b Lehlohonolo M,Elandré v,3713456,Lehlohonolo M,3266899,"3713456,3266899",19,24,4,0,79.17
5661,790,2024 Titans Second League,2024,32995,12/10/2024,20241012,4554,4558,1,IRENE VILLAGERS 3,Gerhard Swanepoel,3713453,c Martin V b Christian S,Martin V,2840539,Christian S,2936847,"2840539,2936847",2,8,0,0,25.00
5661,790,2024 Titans Second League,2024,32995,12/10/2024,20241012,4554,4558,1,IRENE VILLAGERS 3,Gunter Geyer,2985804,c Christian S b Donovan d,Christian S,2936847,Donovan d,3713457,"2936847,3713457",53,46,7,2,115.22
5661,790,2024 Titans Second League,2024,32995,12/10/2024,20241012,4554,4558,1,IRENE VILLAGERS 3,Neil Jansen,4655262,b Martin V,Martin V,2840539,,,2840539,2,7,0,0,28.57
5661,790,2024 Titans Second League,2024,32995,12/10/2024,20241012,4554,4558,1,IRENE VILLAGERS 3,Acelan Pruss,4655260,lbw b Donovan d,Donovan d,3713457,,,3713457,25,26,3,0,96.15
5661,790,2024 Titans Second League,2024,32995,12/10/2024,20241012,4554,4558,1,IRENE VILLAGERS 3,Elro Grobeler,4655709,b Elandré v,Elandré v,3713456,,,3713456,45,49,5,1,91.84
5661,790,2024 Titans Second League,2024,32995,12/10/2024,20241012,4554,4558,1,IRENE VILLAGERS 3,Kasper Botha,4655726,b Donovan d,Donovan d,3713457,,,3713457,3,15,0,0,20.00
5661,790,2024 Titans Second League,2024,32995,12/10/2024,20241012,4554,4558,1,IRENE VILLAGERS 3,Jacques Van Rooyen,3795662,b Christian S,Christian S,2936847,,,2936847,16,31,2,0,51.61
5661,790,2024 Titans Second League,2024,32995,12/10/2024,20241012,4554,4558,1,IRENE VILLAGERS 3,Albert Myburgh,4024779,not out,,,,,,11,35,0,0,31.43
5661,790,2024 Titans Second League,2024,32995,12/10/2024,20241012,4554,4558,1,IRENE VILLAGERS 3,Warren Pollard,4655261,not out,,,,,,10,18,0,0,55.56
5661,790,2024 Titans Second League,2024,32995,12/10/2024,20241012,4554,4558,2,TUKS 5,Lehlohonolo Moshoati,3266899,b Elro G,Elro G,4655709,,,4655709,28,28,6,0,100.00
5661,790,2024 Titans Second League,2024,32995,12/10/2024,20241012,4554,4558,2,TUKS 5,Martin Van Tonder,2840539,c † Gerhard S b Elro G,Gerhard S,3713453,Elro G,4655709,"3713453,4655709",6,6,1,0,100.00
5661,790,2024 Titans Second League,2024,32995,12/10/2024,20241012,4554,4558,2,TUKS 5,Johan Nel,4655263,c&b Neil J,Neil J,4655262,,,4655262,1,7,0,0,14.29
5661,790,2024 Titans Second League,2024,32995,12/10/2024,20241012,4554,4558,2,TUKS 5,Christian Strydom,2936847,lbw b Neil J,Neil J,4655262,,,4655262,0,2,0,0,0.00
5661,790,2024 Titans Second League,2024,32995,12/10/2024,20241012,4554,4558,2,TUKS 5,Riccardo Oosthuizen,2936842,c&b Neil J,Neil J,4655262,,,4655262,16,19,2,0,84.21
5661,790,2024 Titans Second League,2024,32995,12/10/2024,20241012,4554,4558,2,TUKS 5,Gerhard De Bruin,2936835,b Elro G,Elro G,4655709,,,4655709,9,7,2,0,128.57
5661,790,2024 Titans Second League,2024,32995,12/10/2024,20241012,4554,4558,2,TUKS 5,Donovan Du Toit,3713457,not out,,,,,,45,63,2,0,71.43
5661,790,2024 Titans Second League,2024,32995,12/10/2024,20241012,4554,4558,2,TUKS 5,Marius Bornman,2936833,lbw b Gunter G,Gunter G,2985804,,,2985804,21,24,3,0,87.50
5661,790,2024 Titans Second League,2024,32995,12/10/2024,20241012,4554,4558,2,TUKS 5,Tiaan Engelbrecht,2936837,c&b Jacques V,Jacques V,3795662,,,3795662,16,34,1,0,47.06
5661,790,2024 Titans Second League,2024,32995,12/10/2024,20241012,4554,4558,2,TUKS 5,Andre Van Wyk,3266939,c Gunter G b Elro G,Gunter G,2985804,Elro G,4655709,"2985804,4655709",0,3,0,0,0.00
5661,790,2024 Titans Second League,2024,32995,12/10/2024,20241012,4554,4558,2,TUKS 5,Elandré Van Den Berg,3713456,b Gunter G,Gunter G,2985804,,,2985804,1,9,0,0,11.11
4935,576,2023 Titans Second League,2023,32995,31/03/2024,20240331,3306,3303,1,HARLEQUINS 3,Travis Joshua,3678955,c Jason W b Piet B,Jason W,4198489,Piet B,4198490,"4198489,4198490",45,75,5,0,60.00
4935,576,2023 Titans Second League,2023,32995,31/03/2024,20240331,3306,3303,1,HARLEQUINS 3,Lessego Teffo,4196334,c JG A b Piet B,JG A,4198488,Piet B,4198490,"4198488,4198490",54,46,9,1,117.39
4935,576,2023 Titans Second League,2023,32995,31/03/2024,20240331,3306,3303,1,HARLEQUINS 3,Stiaan Schmiedeskamp,3783172,run out ( Hendrik H ),Hendrik H,4198492,,,4198492,9,11,1,0,81.82
4935,576,2023 Titans Second League,2023,32995,31/03/2024,20240331,3306,3303,1,HARLEQUINS 3,Pieter Pretorius,4116054,b JG A,JG A,4198488,,,4198488,51,52,5,1,98.08
4935,576,2023 Titans Second League,2023,32995,31/03/2024,20240331,3306,3303,1,HARLEQUINS 3,Rowan Sweetman,4196332,c Jason W b Hendrik H,Jason W,4198489,Hendrik H,4198492,"4198489,4198492",63,59,5,2,106.78
4935,576,2023 Titans Second League,2023,32995,31/03/2024,20240331,3306,3303,1,HARLEQUINS 3,Gerrie Marais,3783169,c&b Jason W,Jason W,4198489,,,4198489,1,3,0,0,33.33
4935,576,2023 Titans Second League,2023,32995,31/03/2024,20240331,3306,3303,1,HARLEQUINS 3,Mohammed Korowlay,4198493,c&b Jason W,Jason W,4198489,,,4198489,1,2,0,0,50.00
4935,576,2023 Titans Second League,2023,32995,31/03/2024,20240331,3306,3303,1,HARLEQUINS 3,Gary Joshua,4198495,c Jason W b Hendrik H,Jason W,4198489,Hendrik H,4198492,"4198489,4198492",6,10,0,0,60.00
4935,576,2023 Titans Second League,2023,32995,31/03/2024,20240331,3306,3303,1,HARLEQUINS 3,Pieter Roos,2939189,not out,,,,,,8,9,0,0,88.89
4935,576,2023 Titans Second League,2023,32995,31/03/2024,20240331,3306,3303,1,HARLEQUINS 3,Sarel Marias,4198494,not out,,,,,,2,3,0,0,66.67
4935,576,2023 Titans Second League,2023,32995,31/03/2024,20240331,3306,3303,2,SINOVILLE 4,Jg Adendorff,4198488,c Gerrie M b Gary J,Gerrie M,3783169,Gary J,4198495,"3783169,4198495",78,62,8,1,125.81
4935,576,2023 Titans Second League,2023,32995,31/03/2024,20240331,3306,3303,2,SINOVILLE 4,Jason Weiss,4198489,not out,,,,,,168,64,17,13,262.50
4935,576,2023 Titans Second League,2023,32995,31/03/2024,20240331,3306,3303,2,SINOVILLE 4,Piet Botha,4198490,not out,,,,,,2,6,0,0,33.33
4934,576,2023 Titans Second League,2023,32995,30/03/2024,20240330,3306,3307,1,HARLEQUINS 3,Lessego Teffo,4196334,c Emile V b Clayton B,Emile V,4063606,Clayton B,4100291,"4063606,4100291",41,43,3,1,95.35
4934,576,2023 Titans Second League,2023,32995,30/03/2024,20240330,3306,3307,1,HARLEQUINS 3,Peter Harold,4116053,b Erick K,Erick K,3912420,,,3912420,19,22,2,0,86.36
4934,576,2023 Titans Second League,2023,32995,30/03/2024,20240330,3306,3307,1,HARLEQUINS 3,Rowan Sweetman,4196332,c Brent H b Clayton B,Brent H,2985828,Clayton B,4100291,"2985828,4100291",41,59,3,1,69.49
4934,576,2023 Titans Second League,2023,32995,30/03/2024,20240330,3306,3307,1,HARLEQUINS 3,Louan Nel,3163477,b Jared F,Jared F,3783167,,,3783167,0,3,0,0,0.00
4934,576,2023 Titans Second League,2023,32995,30/03/2024,20240330,3306,3307,1,HARLEQUINS 3,Pieter Pretorius,4116054,not out,,,,,,112,95,10,3,117.89
4934,576,2023 Titans Second League,2023,32995,30/03/2024,20240330,3306,3307,1,HARLEQUINS 3,Ewan Erasmus,4196335,b Elro V,Elro V,3745425,,,3745425,26,31,2,0,83.87
4934,576,2023 Titans Second League,2023,32995,30/03/2024,20240330,3306,3307,1,HARLEQUINS 3,Pieter Roos,2939189,c&b Elro V,Elro V,3745425,,,3745425,11,11,0,0,100.00
4934,576,2023 Titans Second League,2023,32995,30/03/2024,20240330,3306,3307,1,HARLEQUINS 3,Marinus Langerman,4196331,b Christoff Pompie H,Christoff Pompie H,2985831,,,2985831,0,1,0,0,0.00
4934,576,2023 Titans Second League,2023,32995,30/03/2024,20240330,3306,3307,1,HARLEQUINS 3,Gerrie Marais,3783169,not out,,,,,,10,7,2,0,142.86
4934,576,2023 Titans Second League,2023,32995,30/03/2024,20240330,3306,3307,2,IRENE VILLAGERS 4,Matthew Thurbon,2985834,b Louan N,Louan N,3163477,,,3163477,46,39,6,1,117.95
4934,576,2023 Titans Second League,2023,32995,30/03/2024,20240330,3306,3307,2,IRENE VILLAGERS 4,Ryan Thurbon,3771716,b Gerrie M,Gerrie M,3783169,,,3783169,14,22,2,0,63.64
4934,576,2023 Titans Second League,2023,32995,30/03/2024,20240330,3306,3307,2,IRENE VILLAGERS 4,Nicolas Conradie,4163790,b Pieter P,Pieter P,4116054,,,4116054,29,36,2,1,80.56
4934,576,2023 Titans Second League,2023,32995,30/03/2024,20240330,3306,3307,2,IRENE VILLAGERS 4,Jared Fourie,3783167,lbw b Louan N,Louan N,3163477,,,3163477,12,28,1,0,42.86
4934,576,2023 Titans Second League,2023,32995,30/03/2024,20240330,3306,3307,2,IRENE VILLAGERS 4,Erick Knoesen,3912420,b Pieter P,Pieter P,4116054,,,4116054,1,5,0,0,20.00
4934,576,2023 Titans Second League,2023,32995,30/03/2024,20240330,3306,3307,2,IRENE VILLAGERS 4,Clayton Brunsdon,4100291,run out ( Lessego T ),Lessego T,4196334,,,4196334,12,23,1,0,52.17
4934,576,2023 Titans Second League,2023,32995,30/03/2024,20240330,3306,3307,2,IRENE VILLAGERS 4,Joshua Isaacs,4063607,b Pieter P,Pieter P,4116054,,,4116054,2,6,0,0,33.33
4934,576,2023 Titans Second League,2023,32995,30/03/2024,20240330,3306,3307,2,IRENE VILLAGERS 4,Emile Van De Merwe,4063606,lbw b Lessego T,Lessego T,4196334,,,4196334,12,22,0,0,54.55
4934,576,2023 Titans Second League,2023,32995,30/03/2024,20240330,3306,3307,2,IRENE VILLAGERS 4,Elro Van Der Heever,3745425,lbw b Pieter R,Pieter R,2939189,,,2939189,20,21,2,0,95.24
4934,576,2023 Titans Second League,2023,32995,30/03/2024,20240330,3306,3307,2,IRENE VILLAGERS 4,Christoff Pompie Helm,2985831,not out,,,,,,0,2,0,0,0.00
4934,576,2023 Titans Second League,2023,32995,30/03/2024,20240330,3306,3307,2,IRENE VILLAGERS 4,Brent Hartley,2985828,b Pieter R,Pieter R,2939189,,,2939189,0,1,0,0,0.00
4916,576,2023 Titans Second League,2023,32995,24/03/2024,20240324,3303,3300,1,SINOVILLE 4,Andre Kruyshaar,3795248,run out ( Christo S ),Christo S,2936900,,,2936900,0,6,0,0,0.00
4916,576,2023 Titans Second League,2023,32995,24/03/2024,20240324,3303,3300,1,SINOVILLE 4,Pieter Jansen Van Rensburg,3198240,b Tyler L,Tyler L,4185928,,,4185928,51,48,10,1,106.25
4916,576,2023 Titans Second League,2023,32995,24/03/2024,20240324,3303,3300,1,SINOVILLE 4,Maans De Roubaix,3242452,b Tyler L,Tyler L,4185928,,,4185928,21,41,5,0,51.22
4916,576,2023 Titans Second League,2023,32995,24/03/2024,20240324,3303,3300,1,SINOVILLE 4,Andre Schoombee,3745389,lbw b Tyler L,Tyler L,4185928,,,4185928,16,11,2,1,145.45
4916,576,2023 Titans Second League,2023,32995,24/03/2024,20240324,3303,3300,1,SINOVILLE 4,Schalk Pelzer,4187737,run out ( Tyler L ),Tyler L,4185928,,,4185928,16,16,3,0,100.00
4916,576,2023 Titans Second League,2023,32995,24/03/2024,20240324,3303,3300,1,SINOVILLE 4,Jayden Blom,4187740,lbw b Steven M,Steven M,2937220,,,2937220,9,17,1,0,52.94
4916,576,2023 Titans Second League,2023,32995,24/03/2024,20240324,3303,3300,1,SINOVILLE 4,Eugene Joubert,4187738,b Tyler L,Tyler L,4185928,,,4185928,13,11,3,0,118.18
4916,576,2023 Titans Second League,2023,32995,24/03/2024,20240324,3303,3300,1,SINOVILLE 4,Jeandre Joubert,4187739,run out ( Tyler L ),Tyler L,4185928,,,4185928,1,7,0,0,14.29
4916,576,2023 Titans Second League,2023,32995,24/03/2024,20240324,3303,3300,1,SINOVILLE 4,Ricus Moller,4187741,not out,,,,,,6,13,1,0,46.15
4916,576,2023 Titans Second League,2023,32995,24/03/2024,20240324,3303,3300,1,SINOVILLE 4,Ian Dorfling,3795252,b Steven M,Steven M,2937220,,,2937220,0,2,0,0,0.00
4916,576,2023 Titans Second League,2023,32995,24/03/2024,20240324,3303,3300,1,SINOVILLE 4,Jp Roets,3195753,b Tyler L,Tyler L,4185928,,,4185928,5,8,1,0,62.50
4916,576,2023 Titans Second League,2023,32995,24/03/2024,20240324,3303,3300,2,PHSOB 3,Keegan Holmwood,3713339,lbw b Andre S,Andre S,3745389,,,3745389,10,11,1,0,90.91
4916,576,2023 Titans Second League,2023,32995,24/03/2024,20240324,3303,3300,2,PHSOB 3,Lehan Kirchner,4187742,b Andre S,Andre S,3745389,,,3745389,15,11,0,2,136.36
4916,576,2023 Titans Second League,2023,32995,24/03/2024,20240324,3303,3300,2,PHSOB 3,Thomas Hobson,4185926,c Substitute b Andre S,Andre S,3745389,,,3745389,19,10,3,1,190.00
4916,576,2023 Titans Second League,2023,32995,24/03/2024,20240324,3303,3300,2,PHSOB 3,Justin Van Bassen,2936896,run out ( JP R ),JP R,3195753,,,3195753,36,23,8,0,156.52
4916,576,2023 Titans Second League,2023,32995,24/03/2024,20240324,3303,3300,2,PHSOB 3,Brad Goss,4081458,not out,,,,,,51,33,10,0,154.55
4916,576,2023 Titans Second League,2023,32995,24/03/2024,20240324,3303,3300,2,PHSOB 3,Lafras Jenkins,4143518,not out,,,,,,13,11,3,0,118.18
4911,576,2023 Titans Second League,2023,32995,23/03/2024,20240323,3307,3305,1,IRENE VILLAGERS 4,Matthew Thurbon,2985834,b Micheal T,Micheal T,3772114,,,3772114,74,73,6,1,101.37
4911,576,2023 Titans Second League,2023,32995,23/03/2024,20240323,3307,3305,1,IRENE VILLAGERS 4,Jared Fourie,3783167,c † Barry V b Stefan G,Barry V,3713345,Stefan G,3018230,"3713345,3018230",20,46,2,0,43.48
4911,576,2023 Titans Second League,2023,32995,23/03/2024,20240323,3307,3305,1,IRENE VILLAGERS 4,Clayton Brunsdon,4100291,c † Niel C b Dewald B,Niel C,3018224,Dewald B,3018234,"3018224,3018234",19,33,0,0,57.58
4911,576,2023 Titans Second League,2023,32995,23/03/2024,20240323,3307,3305,1,IRENE VILLAGERS 4,Brent Hartley,2985828,b Micheal T,Micheal T,3772114,,,3772114,18,22,3,0,81.82
4911,576,2023 Titans Second League,2023,32995,23/03/2024,20240323,3307,3305,1,IRENE VILLAGERS 4,Joshua Isaacs,4063607,c&b Micheal T,Micheal T,3772114,,,3772114,8,8,1,0,100.00
4911,576,2023 Titans Second League,2023,32995,23/03/2024,20240323,3307,3305,1,IRENE VILLAGERS 4,Ruan Ebersohn,2985830,b Charl F,Charl F,2097177,,,2097177,18,16,3,0,112.50
4911,576,2023 Titans Second League,2023,32995,23/03/2024,20240323,3307,3305,1,IRENE VILLAGERS 4,Amohelang Sebati,3795244,c Substitute b Micheal T,Micheal T,3772114,,,3772114,9,14,0,1,64.29
4911,576,2023 Titans Second League,2023,32995,23/03/2024,20240323,3307,3305,1,IRENE VILLAGERS 4,Mohapi Molete,2985827,lbw b Charl F,Charl F,2097177,,,2097177,3,7,0,0,42.86
4911,576,2023 Titans Second League,2023,32995,23/03/2024,20240323,3307,3305,1,IRENE VILLAGERS 4,Christoff Pompie Helm,2985831,b Charl F,Charl F,2097177,,,2097177,0,1,0,0,0.00
4911,576,2023 Titans Second League,2023,32995,23/03/2024,20240323,3307,3305,1,IRENE VILLAGERS 4,Erick Knoesen,3912420,not out,,,,,,31,21,5,0,147.62
4911,576,2023 Titans Second League,2023,32995,23/03/2024,20240323,3307,3305,1,IRENE VILLAGERS 4,Elro Van Der Heever,3745425,not out,,,,,,0,1,0,0,0.00
4911,576,2023 Titans Second League,2023,32995,23/03/2024,20240323,3307,3305,2,TUT 3,Charl Prinsloo,3018226,c&b Mohapi M,Mohapi M,2985827,,,2985827,47,83,5,0,56.63
4911,576,2023 Titans Second League,2023,32995,23/03/2024,20240323,3307,3305,2,TUT 3,Leon Tut3,4186420,c Amohelang S b Mohapi M,Amohelang S,3795244,Mohapi M,2985827,"3795244,2985827",53,58,7,0,91.38
4911,576,2023 Titans Second League,2023,32995,23/03/2024,20240323,3307,3305,2,TUT 3,Nico Minnaar,3713344,c&b Jared F,Jared F,3783167,,,3783167,18,10,4,0,180.00
4911,576,2023 Titans Second League,2023,32995,23/03/2024,20240323,3307,3305,2,TUT 3,Niel Coetzee,3018224,b Amohelang S,Amohelang S,3795244,,,3795244,31,32,4,0,96.88
4911,576,2023 Titans Second League,2023,32995,23/03/2024,20240323,3307,3305,2,TUT 3,Jeandre Roux,3018228,c Jared F b Christoff Pompie H,Jared F,3783167,Christoff Pompie H,2985831,"3783167,2985831",41,40,3,0,102.50
4911,576,2023 Titans Second League,2023,32995,23/03/2024,20240323,3307,3305,2,TUT 3,Stefan Grobler,3018230,b Christoff Pompie H,Christoff Pompie H,2985831,,,2985831,1,2,0,0,50.00
4911,576,2023 Titans Second League,2023,32995,23/03/2024,20240323,3307,3305,2,TUT 3,Charl Foxcroft,2097177,b Christoff Pompie H,Christoff Pompie H,2985831,,,2985831,1,2,0,0,50.00
4911,576,2023 Titans Second League,2023,32995,23/03/2024,20240323,3307,3305,2,TUT 3,Barry Van Nieuwenhuize,3713345,c Elro V b Christoff Pompie H,Elro V,3745425,Christoff Pompie H,2985831,"3745425,2985831",2,5,0,0,40.00
4911,576,2023 Titans Second League,2023,32995,23/03/2024,20240323,3307,3305,2,TUT 3,Dewald Basson,3018234,not out,,,,,,5,3,1,0,166.67
4911,576,2023 Titans Second League,2023,32995,23/03/2024,20240323,3307,3305,2,TUT 3,Micheal Tut3,3772114,not out,,,,,,0,0,0,0,0.00
4910,576,2023 Titans Second League,2023,32995,23/03/2024,20240323,3299,3303,1,IRENE VILLAGERS 3,Divan Cilliers,3713448,c&b Hein L,Hein L,2929078,,,2929078,10,9,1,1,111.11
4910,576,2023 Titans Second League,2023,32995,23/03/2024,20240323,3299,3303,1,IRENE VILLAGERS 3,Marcel Cilliers,3713449,c&b Juan V,Juan V,2987480,,,2987480,10,24,0,0,41.67
4910,576,2023 Titans Second League,2023,32995,23/03/2024,20240323,3299,3303,1,IRENE VILLAGERS 3,Ab Rasool,4116168,c&b Reinhardt H,Reinhardt H,3745388,,,3745388,24,41,1,0,58.54
4910,576,2023 Titans Second League,2023,32995,23/03/2024,20240323,3299,3303,1,IRENE VILLAGERS 3,Henco Murphy,3771718,b JP R,JP R,3195753,,,3195753,37,61,1,1,60.66
4910,576,2023 Titans Second League,2023,32995,23/03/2024,20240323,3299,3303,1,IRENE VILLAGERS 3,Tristan De Klerk,3912805,c † Heinrich H b Reinhardt H,Heinrich H,2987472,Reinhardt H,3745388,"2987472,3745388",16,26,1,1,61.54
4910,576,2023 Titans Second League,2023,32995,23/03/2024,20240323,3299,3303,1,IRENE VILLAGERS 3,Sam Wearne,4163812,c † Heinrich H b Ian D,Heinrich H,2987472,Ian D,3795252,"2987472,3795252",47,55,7,0,85.45
4910,576,2023 Titans Second League,2023,32995,23/03/2024,20240323,3299,3303,1,IRENE VILLAGERS 3,Jacques Van Rooyen,3795662,b Heinrich H,Heinrich H,2987472,,,2987472,3,12,0,0,25.00
4910,576,2023 Titans Second League,2023,32995,23/03/2024,20240323,3299,3303,1,IRENE VILLAGERS 3,Matthew Collins,3729933,b Heinrich H,Heinrich H,2987472,,,2987472,20,12,3,0,166.67
4910,576,2023 Titans Second League,2023,32995,23/03/2024,20240323,3299,3303,1,IRENE VILLAGERS 3,Gerhard Swanepoel,3713453,c&b Hein L,Hein L,2929078,,,2929078,26,20,2,1,130.00
4910,576,2023 Titans Second League,2023,32995,23/03/2024,20240323,3299,3303,1,IRENE VILLAGERS 3,Kyle Kunneke,2985826,not out,,,,,,18,10,2,0,180.00
4910,576,2023 Titans Second League,2023,32995,23/03/2024,20240323,3299,3303,1,IRENE VILLAGERS 3,Trent Hardie,4116169,not out,,,,,,7,4,0,0,175.00
4910,576,2023 Titans Second League,2023,32995,23/03/2024,20240323,3299,3303,2,SINOVILLE 4,Andre Kruyshaar,3795248,c Gerhard S b Sam W,Gerhard S,3713453,Sam W,4163812,"3713453,4163812",0,18,0,0,0.00
4910,576,2023 Titans Second League,2023,32995,23/03/2024,20240323,3299,3303,2,SINOVILLE 4,Heinrich Hamman,2987472,c Sam W b Gerhard S,Sam W,4163812,Gerhard S,3713453,"4163812,3713453",24,24,4,0,100.00
4910,576,2023 Titans Second League,2023,32995,23/03/2024,20240323,3299,3303,2,SINOVILLE 4,Reinhardt Hamman,3745388,c Matthew C b Jacques V,Matthew C,3729933,Jacques V,3795662,"3729933,3795662",42,33,4,2,127.27
4910,576,2023 Titans Second League,2023,32995,23/03/2024,20240323,3299,3303,2,SINOVILLE 4,Maans De Roubaix,3242452,c Gerhard S b Kyle K,Gerhard S,3713453,Kyle K,2985826,"3713453,2985826",11,30,1,0,36.67
4910,576,2023 Titans Second League,2023,32995,23/03/2024,20240323,3299,3303,2,SINOVILLE 4,Zander Jordaan,2987471,c Sam W b Kyle K,Sam W,4163812,Kyle K,2985826,"4163812,2985826",5,11,1,0,45.45
4910,576,2023 Titans Second League,2023,32995,23/03/2024,20240323,3299,3303,2,SINOVILLE 4,Dylan Engelbtecht,4186401,b Matthew C,Matthew C,3729933,,,3729933,16,33,1,0,48.48
4910,576,2023 Titans Second League,2023,32995,23/03/2024,20240323,3299,3303,2,SINOVILLE 4,Hein Loggenberg,2929078,c Trent H b Kyle K,Trent H,4116169,Kyle K,2985826,"4116169,2985826",0,1,0,0,0.00
4910,576,2023 Titans Second League,2023,32995,23/03/2024,20240323,3299,3303,2,SINOVILLE 4,Manie De Roubiax,4186422,not out,,,,,,46,68,7,0,67.65
4910,576,2023 Titans Second League,2023,32995,23/03/2024,20240323,3299,3303,2,SINOVILLE 4,Juan Van Den Berg,2987480,c Matthew C b Gerhard S,Matthew C,3729933,Gerhard S,3713453,"3729933,3713453",4,14,0,0,28.57
4910,576,2023 Titans Second League,2023,32995,23/03/2024,20240323,3299,3303,2,SINOVILLE 4,Ian Dorfling,3795252,run out ( Matthew C / Gerhard S ),Matthew C,3729933,Gerhard S,3713453,"3729933,3713453",1,6,0,0,16.67
4910,576,2023 Titans Second League,2023,32995,23/03/2024,20240323,3299,3303,2,SINOVILLE 4,Jp Roets,3195753,not out,,,,,,6,33,0,0,18.18
4906,576,2023 Titans Second League,2023,32995,23/03/2024,20240323,3300,3304,1,PHSOB 3,Heinrich Bisschoff,2936904,c † Johanco F b Tiaan E,Johanco F,3255252,Tiaan E,2936837,"3255252,2936837",4,19,1,0,21.05
4906,576,2023 Titans Second League,2023,32995,23/03/2024,20240323,3300,3304,1,PHSOB 3,Ryan Houbert,4185927,c Johanco F b Gerhard D,Johanco F,3255252,Gerhard D,2936835,"3255252,2936835",0,2,0,0,0.00
4906,576,2023 Titans Second League,2023,32995,23/03/2024,20240323,3300,3304,1,PHSOB 3,Callen Stephen,3782749,c † Johanco F b Gerhard D,Johanco F,3255252,Gerhard D,2936835,"3255252,2936835",0,7,0,0,0.00
4906,576,2023 Titans Second League,2023,32995,23/03/2024,20240323,3300,3304,1,PHSOB 3,Thomas Hobson,4185926,c † Johanco F b Gerhard D,Johanco F,3255252,Gerhard D,2936835,"3255252,2936835",6,19,1,0,31.58
4906,576,2023 Titans Second League,2023,32995,23/03/2024,20240323,3300,3304,1,PHSOB 3,Justin Van Bassen,2936896,b Gerhard D,Gerhard D,2936835,,,2936835,5,7,1,0,71.43
4906,576,2023 Titans Second League,2023,32995,23/03/2024,20240323,3300,3304,1,PHSOB 3,Lafras Jenkins,4143518,not out,,,,,,40,77,5,1,51.95
4906,576,2023 Titans Second League,2023,32995,23/03/2024,20240323,3300,3304,1,PHSOB 3,Tyler Lockhart,4185928,c Martin V b Gerhard D,Martin V,2840539,Gerhard D,2936835,"2840539,2936835",0,1,0,0,0.00
4906,576,2023 Titans Second League,2023,32995,23/03/2024,20240323,3300,3304,1,PHSOB 3,Dewan Bohmer,4116166,c Riccardo O b Tiaan E,Riccardo O,2936842,Tiaan E,2936837,"2936842,2936837",0,8,0,0,0.00
4906,576,2023 Titans Second League,2023,32995,23/03/2024,20240323,3300,3304,1,PHSOB 3,Brad Goss,4081458,c Tiaan E b Donovan d,Tiaan E,2936837,Donovan d,3713457,"2936837,3713457",6,16,1,0,37.50
4906,576,2023 Titans Second League,2023,32995,23/03/2024,20240323,3300,3304,1,PHSOB 3,Christo Swanepoel,2936900,c Tiaan E b Johanco F,Tiaan E,2936837,Johanco F,3255252,"2936837,3255252",35,51,6,0,68.63
4906,576,2023 Titans Second League,2023,32995,23/03/2024,20240323,3300,3304,1,PHSOB 3,Steven Meyburgh,2937220,c Aerton H b Johanco F,Aerton H,2936841,Johanco F,3255252,"2936841,3255252",0,13,0,0,0.00
4906,576,2023 Titans Second League,2023,32995,23/03/2024,20240323,3300,3304,2,TUKS 5,Aerton Helena,2936841,b Christo S,Christo S,2936900,,,2936900,6,13,1,0,46.15
4906,576,2023 Titans Second League,2023,32995,23/03/2024,20240323,3300,3304,2,TUKS 5,Nico De Bruyn,3180581,lbw b Lafras J,Lafras J,4143518,,,4143518,16,33,1,1,48.48
4906,576,2023 Titans Second League,2023,32995,23/03/2024,20240323,3300,3304,2,TUKS 5,Lehlohonolo Moshoati,3266899,c Substitute b Steven M,Steven M,2937220,,,2937220,24,21,2,1,114.29
4906,576,2023 Titans Second League,2023,32995,23/03/2024,20240323,3300,3304,2,TUKS 5,Johanco Faihst,3255252,b Steven M,Steven M,2937220,,,2937220,2,6,0,0,33.33
4906,576,2023 Titans Second League,2023,32995,23/03/2024,20240323,3300,3304,2,TUKS 5,Riccardo Oosthuizen,2936842,b Steven M,Steven M,2937220,,,2937220,0,1,0,0,0.00
4906,576,2023 Titans Second League,2023,32995,23/03/2024,20240323,3300,3304,2,TUKS 5,Tiaan Engelbrecht,2936837,b Steven M,Steven M,2937220,,,2937220,10,8,2,0,125.00
4906,576,2023 Titans Second League,2023,32995,23/03/2024,20240323,3300,3304,2,TUKS 5,Gerhard De Bruin,2936835,not out,,,,,,37,28,3,3,132.14
4906,576,2023 Titans Second League,2023,32995,23/03/2024,20240323,3300,3304,2,TUKS 5,Donovan Du Toit,3713457,b Lafras J,Lafras J,4143518,,,4143518,1,7,0,0,14.29
4906,576,2023 Titans Second League,2023,32995,23/03/2024,20240323,3300,3304,2,TUKS 5,Andre Van Wyk,3266939,b Lafras J,Lafras J,4143518,,,4143518,0,7,0,0,0.00
4906,576,2023 Titans Second League,2023,32995,23/03/2024,20240323,3300,3304,2,TUKS 5,Mikky Hudson,3745386,not out,,,,,,1,14,0,0,7.14
4811,576,2023 Titans Second League,2023,32995,17/03/2024,20240317,3303,3304,1,SINOVILLE 4,Andre Kruyshaar,3795248,c Andre V b Christian S,Andre V,3266939,Christian S,2936847,"3266939,2936847",9,32,1,0,28.12
4811,576,2023 Titans Second League,2023,32995,17/03/2024,20240317,3303,3304,1,SINOVILLE 4,Morgan Potgiter,3198242,c Gerhard D b Riccardo O,Gerhard D,2936835,Riccardo O,2936842,"2936835,2936842",41,74,6,0,55.41
4811,576,2023 Titans Second League,2023,32995,17/03/2024,20240317,3303,3304,1,SINOVILLE 4,Christo Bornman,4165764,lbw b Gerhard D,Gerhard D,2936835,,,2936835,43,53,6,0,81.13
4811,576,2023 Titans Second League,2023,32995,17/03/2024,20240317,3303,3304,1,SINOVILLE 4,Heinrich Hamman,2987472,c Christian S b Riccardo O,Christian S,2936847,Riccardo O,2936842,"2936847,2936842",13,12,3,0,108.33
4811,576,2023 Titans Second League,2023,32995,17/03/2024,20240317,3303,3304,1,SINOVILLE 4,Reinhardt Hamman,3745388,not out,,,,,,141,67,15,7,210.45
4811,576,2023 Titans Second League,2023,32995,17/03/2024,20240317,3303,3304,1,SINOVILLE 4,Rust Niemand,4165766,c&b Nico d,Nico d,3180581,,,3180581,9,11,1,0,81.82
4811,576,2023 Titans Second League,2023,32995,17/03/2024,20240317,3303,3304,1,SINOVILLE 4,Hanco Hertzog,4165763,b Gerhard D,Gerhard D,2936835,,,2936835,27,17,2,1,158.82
4811,576,2023 Titans Second League,2023,32995,17/03/2024,20240317,3303,3304,1,SINOVILLE 4,Andre Schoombee,3745389,not out,,,,,,6,4,0,0,150.00
4811,576,2023 Titans Second League,2023,32995,17/03/2024,20240317,3303,3304,2,TUKS 5,Aerton Helena,2936841,c † b Andre S,Andre S,3745389,,,3745389,35,17,8,0,205.88
4811,576,2023 Titans Second League,2023,32995,17/03/2024,20240317,3303,3304,2,TUKS 5,Nico De Bruyn,3180581,b Morgan P,Morgan P,3198242,,,3198242,1,8,0,0,12.50
4811,576,2023 Titans Second League,2023,32995,17/03/2024,20240317,3303,3304,2,TUKS 5,Frits Snyman,2936846,b Andre S,Andre S,3745389,,,3745389,22,16,4,0,137.50
4811,576,2023 Titans Second League,2023,32995,17/03/2024,20240317,3303,3304,2,TUKS 5,Riccardo Oosthuizen,2936842,c&b JP R,JP R,3195753,,,3195753,88,89,13,2,98.88
4811,576,2023 Titans Second League,2023,32995,17/03/2024,20240317,3303,3304,2,TUKS 5,Christian Strydom,2936847,b Heinrich H,Heinrich H,2987472,,,2987472,21,25,3,0,84.00
4811,576,2023 Titans Second League,2023,32995,17/03/2024,20240317,3303,3304,2,TUKS 5,Gerhard De Bruin,2936835,b Andre S,Andre S,3745389,,,3745389,3,8,0,0,37.50
4811,576,2023 Titans Second League,2023,32995,17/03/2024,20240317,3303,3304,2,TUKS 5,Tiaan Engelbrecht,2936837,c Substitute b JP R,JP R,3195753,,,3195753,60,57,8,1,105.26
4811,576,2023 Titans Second League,2023,32995,17/03/2024,20240317,3303,3304,2,TUKS 5,Martin Van Tonder,2840539,lbw b Heinrich H,Heinrich H,2987472,,,2987472,7,11,0,0,63.64
4811,576,2023 Titans Second League,2023,32995,17/03/2024,20240317,3303,3304,2,TUKS 5,Ivan Bekker,2936839,c Substitute b Heinrich H,Heinrich H,2987472,,,2987472,0,2,0,0,0.00
4811,576,2023 Titans Second League,2023,32995,17/03/2024,20240317,3303,3304,2,TUKS 5,Andre Van Wyk,3266939,c Substitute b Christo B,Christo B,4165764,,,4165764,8,14,0,1,57.14
4811,576,2023 Titans Second League,2023,32995,17/03/2024,20240317,3303,3304,2,TUKS 5,Jock De Jager,4165762,not out,,,,,,0,1,0,0,0.00
4800,576,2023 Titans Second League,2023,32995,16/03/2024,20240316,3299,3298,1,IRENE VILLAGERS 3,Divan Cilliers,3713448,b Ivan H,Ivan H,3729571,,,3729571,19,21,3,0,90.48
4800,576,2023 Titans Second League,2023,32995,16/03/2024,20240316,3299,3298,1,IRENE VILLAGERS 3,Marcel Cilliers,3713449,c&b Ivan H,Ivan H,3729571,,,3729571,0,3,0,0,0.00
4800,576,2023 Titans Second League,2023,32995,16/03/2024,20240316,3299,3298,1,IRENE VILLAGERS 3,Ab Rasool,4116168,b Francois V,Francois V,3912802,,,3912802,43,44,4,2,97.73
4800,576,2023 Titans Second League,2023,32995,16/03/2024,20240316,3299,3298,1,IRENE VILLAGERS 3,Henco Murphy,3771718,lbw b Francois V,Francois V,3912802,,,3912802,40,41,6,1,97.56
4800,576,2023 Titans Second League,2023,32995,16/03/2024,20240316,3299,3298,1,IRENE VILLAGERS 3,Tristan De Klerk,3912805,lbw b Devon A,Devon A,3242449,,,3242449,0,1,0,0,0.00
4800,576,2023 Titans Second League,2023,32995,16/03/2024,20240316,3299,3298,1,IRENE VILLAGERS 3,Chris Van Niekerk,3713451,c&b Francois V,Francois V,3912802,,,3912802,8,13,1,0,61.54
4800,576,2023 Titans Second League,2023,32995,16/03/2024,20240316,3299,3298,1,IRENE VILLAGERS 3,Jacques Van Rooyen,3795662,c&b Devon A,Devon A,3242449,,,3242449,0,1,0,0,0.00
4800,576,2023 Titans Second League,2023,32995,16/03/2024,20240316,3299,3298,1,IRENE VILLAGERS 3,Kyle Kunneke,2985826,not out,,,,,,25,56,1,0,44.64
4800,576,2023 Titans Second League,2023,32995,16/03/2024,20240316,3299,3298,1,IRENE VILLAGERS 3,Albert Myburgh,4024779,c † Rudi L b Johan B,Rudi L,2935397,Johan B,3069548,"2935397,3069548",7,20,1,0,35.00
4800,576,2023 Titans Second League,2023,32995,16/03/2024,20240316,3299,3298,1,IRENE VILLAGERS 3,Trent Hardie,4116169,b Francois V,Francois V,3912802,,,3912802,1,5,0,0,20.00
4800,576,2023 Titans Second League,2023,32995,16/03/2024,20240316,3299,3298,1,IRENE VILLAGERS 3,Sam Wearne,4163812,b Bernard W,Bernard W,3928433,,,3928433,33,29,4,1,113.79
4800,576,2023 Titans Second League,2023,32995,16/03/2024,20240316,3299,3298,2,CBCOB 3,Devon Almeida,3242449,b Trent H,Trent H,4116169,,,4116169,11,21,0,1,52.38
4800,576,2023 Titans Second League,2023,32995,16/03/2024,20240316,3299,3298,2,CBCOB 3,Armin Havenga,3729570,lbw b Trent H,Trent H,4116169,,,4116169,0,4,0,0,0.00
4800,576,2023 Titans Second League,2023,32995,16/03/2024,20240316,3299,3298,2,CBCOB 3,Dylan Kotze,2987579,run out ( Albert M ),Albert M,4024779,,,4024779,15,21,2,0,71.43
4800,576,2023 Titans Second League,2023,32995,16/03/2024,20240316,3299,3298,2,CBCOB 3,Rigardt Saaiman,3729566,St Henco M b Jacques V,Henco M,3771718,Jacques V,3795662,"3771718,3795662",35,56,2,0,62.50
4800,576,2023 Titans Second League,2023,32995,16/03/2024,20240316,3299,3298,2,CBCOB 3,Jaco Cbc,4046234,b Tristan D,Tristan D,3912805,,,3912805,29,15,4,0,193.33
4800,576,2023 Titans Second League,2023,32995,16/03/2024,20240316,3299,3298,2,CBCOB 3,Papi Cbf,4143516,c&b Chris v,Chris v,3713451,,,3713451,28,44,4,0,63.64
4800,576,2023 Titans Second League,2023,32995,16/03/2024,20240316,3299,3298,2,CBCOB 3,Johan Broekman,3069548,c † Henco M b Chris v,Henco M,3771718,Chris v,3713451,"3771718,3713451",0,2,0,0,0.00
4800,576,2023 Titans Second League,2023,32995,16/03/2024,20240316,3299,3298,2,CBCOB 3,Rudi Loibner,2935397,b Jacques V,Jacques V,3795662,,,3795662,3,29,0,0,10.34
4800,576,2023 Titans Second League,2023,32995,16/03/2024,20240316,3299,3298,2,CBCOB 3,Bernard Wentzel,3928433,not out,,,,,,15,21,1,0,71.43
4800,576,2023 Titans Second League,2023,32995,16/03/2024,20240316,3299,3298,2,CBCOB 3,Ivan Havenga,3729571,lbw b Chris v,Chris v,3713451,,,3713451,0,2,0,0,0.00
4800,576,2023 Titans Second League,2023,32995,16/03/2024,20240316,3299,3298,2,CBCOB 3,Francois Viljoen,3912802,b Albert M,Albert M,4024779,,,4024779,10,16,1,0,62.50
4798,576,2023 Titans Second League,2023,32995,16/03/2024,20240316,3307,3304,1,IRENE VILLAGERS 4,Matthew Thurbon,2985834,c Substitute b Martin V,Martin V,2840539,,,2840539,10,15,1,0,66.67
4798,576,2023 Titans Second League,2023,32995,16/03/2024,20240316,3307,3304,1,IRENE VILLAGERS 4,Ryan Thorburn,3163540,c Substitute b Christian S,Christian S,2936847,,,2936847,20,18,4,0,111.11
4798,576,2023 Titans Second League,2023,32995,16/03/2024,20240316,3307,3304,1,IRENE VILLAGERS 4,Nicolas Conradie,4163790,c Substitute b Aerton H,Aerton H,2936841,,,2936841,38,40,7,1,95.00
4798,576,2023 Titans Second League,2023,32995,16/03/2024,20240316,3307,3304,1,IRENE VILLAGERS 4,Joshua Isaacs,4063607,b Martin V,Martin V,2840539,,,2840539,0,5,0,0,0.00
4798,576,2023 Titans Second League,2023,32995,16/03/2024,20240316,3307,3304,1,IRENE VILLAGERS 4,Tyler Miller,4163789,b Martin V,Martin V,2840539,,,2840539,8,5,2,0,160.00
4798,576,2023 Titans Second League,2023,32995,16/03/2024,20240316,3307,3304,1,IRENE VILLAGERS 4,Clayton Brunsdon,4100291,c Substitute b Gerhard D,Gerhard D,2936835,,,2936835,0,5,0,0,0.00
4798,576,2023 Titans Second League,2023,32995,16/03/2024,20240316,3307,3304,1,IRENE VILLAGERS 4,Ruan Ebersohn,2985830,c Substitute b Martin C,Martin C,2936849,,,2936849,18,37,1,0,48.65
4798,576,2023 Titans Second League,2023,32995,16/03/2024,20240316,3307,3304,1,IRENE VILLAGERS 4,Brent Hartley,2985828,lbw b Elandré v,Elandré v,3713456,,,3713456,43,88,6,0,48.86
4798,576,2023 Titans Second League,2023,32995,16/03/2024,20240316,3307,3304,1,IRENE VILLAGERS 4,Mohapi Molete,2985827,c Substitute b Mikky H,Mikky H,3745386,,,3745386,10,22,1,0,45.45
4798,576,2023 Titans Second League,2023,32995,16/03/2024,20240316,3307,3304,1,IRENE VILLAGERS 4,Christoff Pompie Helm,2985831,c&b Christian S,Christian S,2936847,,,2936847,16,28,3,0,57.14
4798,576,2023 Titans Second League,2023,32995,16/03/2024,20240316,3307,3304,1,IRENE VILLAGERS 4,Elro Van Der Heever,3745425,not out,,,,,,2,5,0,0,40.00
4798,576,2023 Titans Second League,2023,32995,16/03/2024,20240316,3307,3304,2,TUKS 5,Riccardo Oosthuizen,2936842,b Clayton B,Clayton B,4100291,,,4100291,12,19,2,0,63.16
4798,576,2023 Titans Second League,2023,32995,16/03/2024,20240316,3307,3304,2,TUKS 5,Nico De Bruyn,3180581,c&b Ruan E,Ruan E,2985830,,,2985830,18,32,4,0,56.25
4798,576,2023 Titans Second League,2023,32995,16/03/2024,20240316,3307,3304,2,TUKS 5,Aerton Helena,2936841,c Substitute b Christoff Pompie H,Christoff Pompie H,2985831,,,2985831,25,25,3,1,100.00
4798,576,2023 Titans Second League,2023,32995,16/03/2024,20240316,3307,3304,2,TUKS 5,Christian Strydom,2936847,b Christoff Pompie H,Christoff Pompie H,2985831,,,2985831,9,18,1,0,50.00
4798,576,2023 Titans Second League,2023,32995,16/03/2024,20240316,3307,3304,2,TUKS 5,Nico Kruger,2936834,c Substitute b Ruan E,Ruan E,2985830,,,2985830,8,19,1,0,42.11
4798,576,2023 Titans Second League,2023,32995,16/03/2024,20240316,3307,3304,2,TUKS 5,Martin Van Tonder,2840539,c&b Christoff Pompie H,Christoff Pompie H,2985831,,,2985831,9,14,2,0,64.29
4798,576,2023 Titans Second League,2023,32995,16/03/2024,20240316,3307,3304,2,TUKS 5,Gerhard De Bruin,2936835,c Substitute b Mohapi M,Mohapi M,2985827,,,2985827,25,19,4,0,131.58
4798,576,2023 Titans Second League,2023,32995,16/03/2024,20240316,3307,3304,2,TUKS 5,Martin Childs-Hurn,2936849,b Christoff Pompie H,Christoff Pompie H,2985831,,,2985831,5,8,1,0,62.50
4798,576,2023 Titans Second League,2023,32995,16/03/2024,20240316,3307,3304,2,TUKS 5,Elandré Van Den Berg,3713456,not out,,,,,,12,22,1,0,54.55
4798,576,2023 Titans Second League,2023,32995,16/03/2024,20240316,3307,3304,2,TUKS 5,Mikky Hudson,3745386,c&b Elro V,Elro V,3745425,,,3745425,3,13,0,0,23.08
4798,576,2023 Titans Second League,2023,32995,16/03/2024,20240316,3307,3304,2,TUKS 5,Andre Van Wyk,3266939,lbw b Elro V,Elro V,3745425,,,3745425,0,3,0,0,0.00
4723,576,2023 Titans Second League,2023,32995,09/03/2024,20240309,3299,3302,1,IRENE VILLAGERS 3,Divan Cilliers,3713448,c&b Juan V,Juan V,2987480,,,2987480,17,21,1,1,80.95
4723,576,2023 Titans Second League,2023,32995,09/03/2024,20240309,3299,3302,1,IRENE VILLAGERS 3,Marcel Cilliers,3713449,b Dian B,Dian B,2934759,,,2934759,2,5,0,0,40.00
4723,576,2023 Titans Second League,2023,32995,09/03/2024,20240309,3299,3302,1,IRENE VILLAGERS 3,Ab Rasool,4116168,c&b JP R,JP R,3031810,,,3031810,54,67,8,0,80.60
4723,576,2023 Titans Second League,2023,32995,09/03/2024,20240309,3299,3302,1,IRENE VILLAGERS 3,Chris Van Niekerk,3713451,lbw b Juan V,Juan V,2987480,,,2987480,10,18,2,0,55.56
4723,576,2023 Titans Second League,2023,32995,09/03/2024,20240309,3299,3302,1,IRENE VILLAGERS 3,Manpreet Singh,4143525,c † Marco R b Ian D,Marco R,3229694,Ian D,4063612,"3229694,4063612",7,21,0,0,33.33
4723,576,2023 Titans Second League,2023,32995,09/03/2024,20240309,3299,3302,1,IRENE VILLAGERS 3,Justin Reynolds,3713446,c&b JP R,JP R,3031810,,,3031810,21,12,0,3,175.00
4723,576,2023 Titans Second League,2023,32995,09/03/2024,20240309,3299,3302,1,IRENE VILLAGERS 3,Jacques Van Rooyen,3795662,c † Marco R b Berno K,Marco R,3229694,Berno K,3180553,"3229694,3180553",61,46,3,4,132.61
4723,576,2023 Titans Second League,2023,32995,09/03/2024,20240309,3299,3302,1,IRENE VILLAGERS 3,Trent Hardie,4116169,b JP R,JP R,3031810,,,3031810,4,12,1,0,33.33
4723,576,2023 Titans Second League,2023,32995,09/03/2024,20240309,3299,3302,1,IRENE VILLAGERS 3,Albert Myburgh,4024779,b Dylan v,Dylan v,3277436,,,3277436,22,41,3,0,53.66
4723,576,2023 Titans Second League,2023,32995,09/03/2024,20240309,3299,3302,1,IRENE VILLAGERS 3,Kyle Kunneke,2985826,not out,,,,,,2,1,0,0,200.00
4723,576,2023 Titans Second League,2023,32995,09/03/2024,20240309,3299,3302,1,IRENE VILLAGERS 3,Tyler Miller,3729934,c&b Estiaan B,Estiaan B,4143526,,,4143526,2,7,0,0,28.57
4723,576,2023 Titans Second League,2023,32995,09/03/2024,20240309,3299,3302,2,SINOVILLE 3,Marco Rudolph,3229694,c Chris v b Albert M,Chris v,3713451,Albert M,4024779,"3713451,4024779",9,15,1,0,60.00
4723,576,2023 Titans Second League,2023,32995,09/03/2024,20240309,3299,3302,2,SINOVILLE 3,Andre Kruyshaar,3772081,c Kyle K b Albert M,Kyle K,2985826,Albert M,4024779,"2985826,4024779",6,21,0,0,28.57
4723,576,2023 Titans Second League,2023,32995,09/03/2024,20240309,3299,3302,2,SINOVILLE 3,Riley Miller,4143527,c Kyle K b Albert M,Kyle K,2985826,Albert M,4024779,"2985826,4024779",12,12,2,0,100.00
4723,576,2023 Titans Second League,2023,32995,09/03/2024,20240309,3299,3302,2,SINOVILLE 3,Estiaan Blom,4143526,c Marcel C b Jacques V,Marcel C,3713449,Jacques V,3795662,"3713449,3795662",21,14,2,2,150.00
4723,576,2023 Titans Second League,2023,32995,09/03/2024,20240309,3299,3302,2,SINOVILLE 3,Dylan Van Wyk,3277436,b Trent H,Trent H,4116169,,,4116169,5,15,0,0,33.33
4723,576,2023 Titans Second League,2023,32995,09/03/2024,20240309,3299,3302,2,SINOVILLE 3,Berno Klopper,3180553,c Trent H b Chris v,Trent H,4116169,Chris v,3713451,"4116169,3713451",13,26,1,0,50.00
4723,576,2023 Titans Second League,2023,32995,09/03/2024,20240309,3299,3302,2,SINOVILLE 3,Dian Botha,2934759,c Albert M b Chris v,Albert M,4024779,Chris v,3713451,"4024779,3713451",5,12,1,0,41.67
4723,576,2023 Titans Second League,2023,32995,09/03/2024,20240309,3299,3302,2,SINOVILLE 3,Maans Roubaix,3031813,b Chris v,Chris v,3713451,,,3713451,4,6,0,0,66.67
4723,576,2023 Titans Second League,2023,32995,09/03/2024,20240309,3299,3302,2,SINOVILLE 3,Juan Van Den Berg,2987480,c Albert M b Jacques V,Albert M,4024779,Jacques V,3795662,"4024779,3795662",5,6,1,0,83.33
4723,576,2023 Titans Second League,2023,32995,09/03/2024,20240309,3299,3302,2,SINOVILLE 3,Ian Dorfling,4063612,not out,,,,,,0,4,0,0,0.00
4723,576,2023 Titans Second League,2023,32995,09/03/2024,20240309,3299,3302,2,SINOVILLE 3,Jp Roets,3031810,St Justin R b Jacques V,Justin R,3713446,Jacques V,3795662,"3713446,3795662",3,4,0,0,75.00
4644,576,2023 Titans Second League,2023,32995,02/03/2024,20240302,3300,3299,1,PHSOB 3,Dylan Howe-Dreyer,2936902,c (Sub)Unkown b Albert M,Albert M,4024779,,,4024779,15,28,2,0,53.57
4644,576,2023 Titans Second League,2023,32995,02/03/2024,20240302,3300,3299,1,PHSOB 3,Callen Stephen,3782749,b Albert M,Albert M,4024779,,,4024779,4,5,1,0,80.00
4644,576,2023 Titans Second League,2023,32995,02/03/2024,20240302,3300,3299,1,PHSOB 3,Matt Rogerson,2936914,b Tristan D,Tristan D,3912805,,,3912805,5,10,1,0,50.00
4644,576,2023 Titans Second League,2023,32995,02/03/2024,20240302,3300,3299,1,PHSOB 3,Matt Collett,4081460,run out (Substitute),,,,,,11,15,2,0,73.33
4644,576,2023 Titans Second League,2023,32995,02/03/2024,20240302,3300,3299,1,PHSOB 3,Ryan Stringer,4116165,b Trent H,Trent H,4116169,,,4116169,10,17,2,0,58.82
4644,576,2023 Titans Second League,2023,32995,02/03/2024,20240302,3300,3299,1,PHSOB 3,Brad Goss,4081458,c Tyler M b Trent H,Tyler M,3729934,Trent H,4116169,"3729934,4116169",34,36,7,0,94.44
4644,576,2023 Titans Second League,2023,32995,02/03/2024,20240302,3300,3299,1,PHSOB 3,Nuzi Ndlovu,4081457,b Trent H,Trent H,4116169,,,4116169,5,11,1,0,45.45
4644,576,2023 Titans Second League,2023,32995,02/03/2024,20240302,3300,3299,1,PHSOB 3,Christo Swanepoel,2936900,b Trent H,Trent H,4116169,,,4116169,6,13,1,0,46.15
4644,576,2023 Titans Second League,2023,32995,02/03/2024,20240302,3300,3299,1,PHSOB 3,Dewan Bohmer,4116166,not out,,,,,,17,14,2,1,121.43
4644,576,2023 Titans Second League,2023,32995,02/03/2024,20240302,3300,3299,1,PHSOB 3,Regan Pruss,3713341,b Trent H,Trent H,4116169,,,4116169,2,7,0,0,28.57
4644,576,2023 Titans Second League,2023,32995,02/03/2024,20240302,3300,3299,1,PHSOB 3,Cj Jordaan,4116167,b Trent H,Trent H,4116169,,,4116169,0,1,0,0,0.00
4644,576,2023 Titans Second League,2023,32995,02/03/2024,20240302,3300,3299,2,IRENE VILLAGERS 3,Divan Cilliers,3713448,c&b Brad G,Brad G,4081458,,,4081458,38,21,4,3,180.95
4644,576,2023 Titans Second League,2023,32995,02/03/2024,20240302,3300,3299,2,IRENE VILLAGERS 3,Marcel Cilliers,3713449,lbw b Regan P,Regan P,3713341,,,3713341,0,3,0,0,0.00
4644,576,2023 Titans Second League,2023,32995,02/03/2024,20240302,3300,3299,2,IRENE VILLAGERS 3,Ab Rasool,4116168,b Regan P,Regan P,3713341,,,3713341,0,4,0,0,0.00
4644,576,2023 Titans Second League,2023,32995,02/03/2024,20240302,3300,3299,2,IRENE VILLAGERS 3,Henco Murphy,3771718,not out,,,,,,52,49,3,4,106.12
4644,576,2023 Titans Second League,2023,32995,02/03/2024,20240302,3300,3299,2,IRENE VILLAGERS 3,Tristan De Klerk,3912805,not out,,,,,,38,29,4,2,131.03
4640,576,2023 Titans Second League,2023,32995,02/03/2024,20240302,3298,3307,1,CBCOB 3,Armin Havenga,3729570,c Bennie V b Clayton B,Bennie V,3745424,Clayton B,4100291,"3745424,4100291",15,11,2,1,136.36
4640,576,2023 Titans Second League,2023,32995,02/03/2024,20240302,3298,3307,1,CBCOB 3,Dylan Kotze,2987579,c Bennie V b Jaco J,Bennie V,3745424,Jaco J,4100290,"3745424,4100290",46,54,8,0,85.19
4640,576,2023 Titans Second League,2023,32995,02/03/2024,20240302,3298,3307,1,CBCOB 3,Adriaan Venter,3673677,c Bennie V b Christoff Pompie H,Bennie V,3745424,Christoff Pompie H,2985831,"3745424,2985831",25,21,5,0,119.05
4640,576,2023 Titans Second League,2023,32995,02/03/2024,20240302,3298,3307,1,CBCOB 3,Wayne Scott,3056109,c Bennie V b Ruan E,Bennie V,3745424,Ruan E,2985830,"3745424,2985830",5,6,1,0,83.33
4640,576,2023 Titans Second League,2023,32995,02/03/2024,20240302,3298,3307,1,CBCOB 3,Leon Bender,3730114,c Bennie V b Clayton B,Bennie V,3745424,Clayton B,4100291,"3745424,4100291",45,56,6,0,80.36
4640,576,2023 Titans Second League,2023,32995,02/03/2024,20240302,3298,3307,1,CBCOB 3,Rudi Loibner,2935397,c Bennie V b Christoff Pompie H,Bennie V,3745424,Christoff Pompie H,2985831,"3745424,2985831",11,13,1,0,84.62
4640,576,2023 Titans Second League,2023,32995,02/03/2024,20240302,3298,3307,1,CBCOB 3,Ruben Potgieter,3729568,c Bennie V b Christoff Pompie H,Bennie V,3745424,Christoff Pompie H,2985831,"3745424,2985831",0,3,0,0,0.00
4640,576,2023 Titans Second League,2023,32995,02/03/2024,20240302,3298,3307,1,CBCOB 3,Cornel Schnitter,3266896,b Jaco J,Jaco J,4100290,,,4100290,0,6,0,0,0.00
4640,576,2023 Titans Second League,2023,32995,02/03/2024,20240302,3298,3307,1,CBCOB 3,Bernard Wentzel,3928433,b Jaco J,Jaco J,4100290,,,4100290,0,1,0,0,0.00
4640,576,2023 Titans Second League,2023,32995,02/03/2024,20240302,3298,3307,1,CBCOB 3,Ivan Havenga,3729571,c&b Bennie V,Bennie V,3745424,,,3745424,37,36,6,0,102.78
4640,576,2023 Titans Second League,2023,32995,02/03/2024,20240302,3298,3307,1,CBCOB 3,Francois Viljoen,3912802,not out,,,,,,8,14,1,0,57.14
4640,576,2023 Titans Second League,2023,32995,02/03/2024,20240302,3298,3307,2,IRENE VILLAGERS 4,Matthew Thurbon,2985834,c Substitute b Adriaan V,Adriaan V,3673677,,,3673677,20,17,3,0,117.65
4640,576,2023 Titans Second League,2023,32995,02/03/2024,20240302,3298,3307,2,IRENE VILLAGERS 4,Ryan Thorburn,3163540,b Wayne S,Wayne S,3056109,,,3056109,13,23,3,0,56.52
4640,576,2023 Titans Second League,2023,32995,02/03/2024,20240302,3298,3307,2,IRENE VILLAGERS 4,Bennie Viljoen,3745424,b Leon B,Leon B,3730114,,,3730114,35,33,5,1,106.06
4640,576,2023 Titans Second League,2023,32995,02/03/2024,20240302,3298,3307,2,IRENE VILLAGERS 4,Stefan Strydom,2985833,c&b Adriaan V,Adriaan V,3673677,,,3673677,5,9,1,0,55.56
4640,576,2023 Titans Second League,2023,32995,02/03/2024,20240302,3298,3307,2,IRENE VILLAGERS 4,Clayton Brunsdon,4100291,b Dylan K,Dylan K,2987579,,,2987579,9,20,1,0,45.00
4640,576,2023 Titans Second League,2023,32995,02/03/2024,20240302,3298,3307,2,IRENE VILLAGERS 4,Joshua Isaacs,4063607,b Dylan K,Dylan K,2987579,,,2987579,14,17,0,1,82.35
4640,576,2023 Titans Second League,2023,32995,02/03/2024,20240302,3298,3307,2,IRENE VILLAGERS 4,Ruan Ebersohn,2985830,not out,,,,,,38,59,5,0,64.41
4640,576,2023 Titans Second League,2023,32995,02/03/2024,20240302,3298,3307,2,IRENE VILLAGERS 4,Christoff Pompie Helm,2985831,b Ruben P,Ruben P,3729568,,,3729568,10,25,1,0,40.00
4640,576,2023 Titans Second League,2023,32995,02/03/2024,20240302,3298,3307,2,IRENE VILLAGERS 4,Elro Van Der Heever,3745425,b Ruben P,Ruben P,3729568,,,3729568,0,2,0,0,0.00
4640,576,2023 Titans Second League,2023,32995,02/03/2024,20240302,3298,3307,2,IRENE VILLAGERS 4,Brent Hartley,2985828,c&b Adriaan V,Adriaan V,3673677,,,3673677,1,4,0,0,25.00
4640,576,2023 Titans Second League,2023,32995,02/03/2024,20240302,3298,3307,2,IRENE VILLAGERS 4,Jaco Joubert,4100290,b Adriaan V,Adriaan V,3673677,,,3673677,1,5,0,0,20.00
4638,576,2023 Titans Second League,2023,32995,02/03/2024,20240302,3304,3306,1,TUKS 5,Frits Snyman,2936846,b Neyko S,Neyko S,4116051,,,4116051,2,10,0,0,20.00
4638,576,2023 Titans Second League,2023,32995,02/03/2024,20240302,3304,3306,1,TUKS 5,Tiaan Engelbrecht,2936837,c † b Andre D,Andre D,4116055,,,4116055,9,13,1,0,69.23
4638,576,2023 Titans Second League,2023,32995,02/03/2024,20240302,3304,3306,1,TUKS 5,Aerton Helena,2936841,c Substitute b Neyko S,Neyko S,4116051,,,4116051,0,3,0,0,0.00
4638,576,2023 Titans Second League,2023,32995,02/03/2024,20240302,3304,3306,1,TUKS 5,Johanco Faihst,3255252,b Pieter P,Pieter P,4116054,,,4116054,69,75,9,1,92.00
4638,576,2023 Titans Second League,2023,32995,02/03/2024,20240302,3304,3306,1,TUKS 5,Christian Strydom,2936847,c † b Adam R,Adam R,4116050,,,4116050,15,30,1,0,50.00
4638,576,2023 Titans Second League,2023,32995,02/03/2024,20240302,3304,3306,1,TUKS 5,Martin Van Tonder,2840539,c Substitute b Andre D,Andre D,4116055,,,4116055,13,20,3,0,65.00
4638,576,2023 Titans Second League,2023,32995,02/03/2024,20240302,3304,3306,1,TUKS 5,Gerhard De Bruin,2936835,c Substitute b Pieter P,Pieter P,4116054,,,4116054,10,20,0,0,50.00
4638,576,2023 Titans Second League,2023,32995,02/03/2024,20240302,3304,3306,1,TUKS 5,Martin Childs-Hurn,2936849,lbw b Neyko S,Neyko S,4116051,,,4116051,0,7,0,0,0.00
4638,576,2023 Titans Second League,2023,32995,02/03/2024,20240302,3304,3306,1,TUKS 5,Nico De Bruyn,3180581,run out (Substitute),,,,,,2,13,0,0,15.38
4638,576,2023 Titans Second League,2023,32995,02/03/2024,20240302,3304,3306,1,TUKS 5,Donovan Du Toit,3713457,lbw b Travis J,Travis J,3678955,,,3678955,12,20,2,0,60.00
4638,576,2023 Titans Second League,2023,32995,02/03/2024,20240302,3304,3306,1,TUKS 5,Elandré Van Den Berg,3713456,not out,,,,,,1,8,0,0,12.50
4638,576,2023 Titans Second League,2023,32995,02/03/2024,20240302,3304,3306,2,HARLEQUINS 3,Peter Harold,4116053,c Johanco F b Christian S,Johanco F,3255252,Christian S,2936847,"3255252,2936847",40,39,4,1,102.56
4638,576,2023 Titans Second League,2023,32995,02/03/2024,20240302,3304,3306,2,HARLEQUINS 3,Keegan Thiele,4116049,c Johanco F b Christian S,Johanco F,3255252,Christian S,2936847,"3255252,2936847",14,11,3,0,127.27
4638,576,2023 Titans Second League,2023,32995,02/03/2024,20240302,3304,3306,2,HARLEQUINS 3,Christiaan Steyn,3179091,c † Frits S b Gerhard D,Frits S,2936846,Gerhard D,2936835,"2936846,2936835",9,27,1,0,33.33
4638,576,2023 Titans Second League,2023,32995,02/03/2024,20240302,3304,3306,2,HARLEQUINS 3,Adam Richards,4116050,b Christian S,Christian S,2936847,,,2936847,0,9,0,0,0.00
4638,576,2023 Titans Second League,2023,32995,02/03/2024,20240302,3304,3306,2,HARLEQUINS 3,Louan Nel,3163477,b Johanco F,Johanco F,3255252,,,3255252,26,30,2,0,86.67
4638,576,2023 Titans Second League,2023,32995,02/03/2024,20240302,3304,3306,2,HARLEQUINS 3,Neyko Stiglingh,4116051,c Martin V b Johanco F,Martin V,2840539,Johanco F,3255252,"2840539,3255252",34,31,6,0,109.68
4638,576,2023 Titans Second League,2023,32995,02/03/2024,20240302,3304,3306,2,HARLEQUINS 3,Steyn Niemand,4116052,not out,,,,,,15,11,1,0,136.36
4638,576,2023 Titans Second League,2023,32995,02/03/2024,20240302,3304,3306,2,HARLEQUINS 3,Pieter Pretorius,4116054,not out,,,,,,0,1,0,0,0.00
4561,576,2023 Titans Second League,2023,32995,24/02/2024,20240224,3307,3299,1,IRENE VILLAGERS 4,Matthew Thurbon,2985834,c Kyle K b Albert M,Kyle K,2985826,Albert M,4024779,"2985826,4024779",11,7,1,0,157.14
4561,576,2023 Titans Second League,2023,32995,24/02/2024,20240224,3307,3299,1,IRENE VILLAGERS 4,Ryan Thurbon,3771716,b Tristan D,Tristan D,3912805,,,3912805,7,21,0,0,33.33
4561,576,2023 Titans Second League,2023,32995,24/02/2024,20240224,3307,3299,1,IRENE VILLAGERS 4,Brent Hartley,2985828,b Albert M,Albert M,4024779,,,4024779,2,2,0,0,100.00
4561,576,2023 Titans Second League,2023,32995,24/02/2024,20240224,3307,3299,1,IRENE VILLAGERS 4,Gunter Geyer,3146508,c&b Albert M,Albert M,4024779,,,4024779,2,6,0,0,33.33
4561,576,2023 Titans Second League,2023,32995,24/02/2024,20240224,3307,3299,1,IRENE VILLAGERS 4,Emile Van De Merwe,4063606,c † Joshua I b Albert M,Joshua I,4100289,Albert M,4024779,"4100289,4024779",12,19,1,0,63.16
4561,576,2023 Titans Second League,2023,32995,24/02/2024,20240224,3307,3299,1,IRENE VILLAGERS 4,Clayton Brunsdon,4100291,c Tristan D b Kyle K,Tristan D,3912805,Kyle K,2985826,"3912805,2985826",18,32,2,0,56.25
4561,576,2023 Titans Second League,2023,32995,24/02/2024,20240224,3307,3299,1,IRENE VILLAGERS 4,Christoff Pompie Helm,2985831,c Josh J b Jacques V,Josh J,4100288,Jacques V,3795662,"4100288,3795662",5,41,0,0,12.20
4561,576,2023 Titans Second League,2023,32995,24/02/2024,20240224,3307,3299,1,IRENE VILLAGERS 4,Amohelang Sebati,3795244,lbw b Kyle K,Kyle K,2985826,,,2985826,0,4,0,0,0.00
4561,576,2023 Titans Second League,2023,32995,24/02/2024,20240224,3307,3299,1,IRENE VILLAGERS 4,Erick Knoesen,3912420,b Kyle K,Kyle K,2985826,,,2985826,0,2,0,0,0.00
4561,576,2023 Titans Second League,2023,32995,24/02/2024,20240224,3307,3299,1,IRENE VILLAGERS 4,Mohapi Molete,2985827,not out,,,,,,4,13,0,0,30.77
4561,576,2023 Titans Second League,2023,32995,24/02/2024,20240224,3307,3299,1,IRENE VILLAGERS 4,Jaco Joubert,4100290,b Jacques V,Jacques V,3795662,,,3795662,4,6,1,0,66.67
4561,576,2023 Titans Second League,2023,32995,24/02/2024,20240224,3307,3299,2,IRENE VILLAGERS 3,Divan Cilliers,3713448,not out,,,,,,22,26,2,1,84.62
4561,576,2023 Titans Second League,2023,32995,24/02/2024,20240224,3307,3299,2,IRENE VILLAGERS 3,Marcel Cilliers,3713449,b Clayton B,Clayton B,4100291,,,4100291,43,33,5,2,130.30
4561,576,2023 Titans Second League,2023,32995,24/02/2024,20240224,3307,3299,2,IRENE VILLAGERS 3,Jaco Ventet,4100287,not out,,,,,,3,8,0,0,37.50
4553,576,2023 Titans Second League,2023,32995,24/02/2024,20240224,3305,3304,1,TUT 3,Nico Minnaar,3713344,c Tiaan E b Christian S,Tiaan E,2936837,Christian S,2936847,"2936837,2936847",33,35,5,1,94.29
4553,576,2023 Titans Second League,2023,32995,24/02/2024,20240224,3305,3304,1,TUT 3,Ryan Seymore,4100168,c Christian S b Gerhard D,Christian S,2936847,Gerhard D,2936835,"2936847,2936835",8,36,0,0,22.22
4553,576,2023 Titans Second League,2023,32995,24/02/2024,20240224,3305,3304,1,TUT 3,Stefan Olivier,3729935,c † Johanco F b Christian S,Johanco F,3255252,Christian S,2936847,"3255252,2936847",9,14,1,0,64.29
4553,576,2023 Titans Second League,2023,32995,24/02/2024,20240224,3305,3304,1,TUT 3,Niel Coetzee,3018224,b Christian S,Christian S,2936847,,,2936847,8,13,1,0,61.54
4553,576,2023 Titans Second League,2023,32995,24/02/2024,20240224,3305,3304,1,TUT 3,Jeandre Roux,3018228,c Martin V b Christian S,Martin V,2840539,Christian S,2936847,"2840539,2936847",0,8,0,0,0.00
4553,576,2023 Titans Second League,2023,32995,24/02/2024,20240224,3305,3304,1,TUT 3,Stefan Grobler,3018230,c Johan P b Donovan d,Johan P,3255251,Donovan d,3713457,"3255251,3713457",106,64,7,8,165.62
4553,576,2023 Titans Second League,2023,32995,24/02/2024,20240224,3305,3304,1,TUT 3,Erik Van Deventer,3033825,c Martin V b Donovan d,Martin V,2840539,Donovan d,3713457,"2840539,3713457",26,36,0,3,72.22
4553,576,2023 Titans Second League,2023,32995,24/02/2024,20240224,3305,3304,1,TUT 3,Dewald Basson,3018234,not out,,,,,,27,46,2,0,58.70
4553,576,2023 Titans Second League,2023,32995,24/02/2024,20240224,3305,3304,1,TUT 3,Micheal Tut3,3772114,b Martin V,Martin V,2840539,,,2840539,0,3,0,0,0.00
4553,576,2023 Titans Second League,2023,32995,24/02/2024,20240224,3305,3304,1,TUT 3,Mark Bekker,3146406,not out,,,,,,8,17,0,0,47.06
4553,576,2023 Titans Second League,2023,32995,24/02/2024,20240224,3305,3304,2,TUKS 5,Johan Pretorius,3255251,Retired Out,,,,,,31,34,6,0,91.18
4553,576,2023 Titans Second League,2023,32995,24/02/2024,20240224,3305,3304,2,TUKS 5,Nico De Bruyn,3180581,b Mark B,Mark B,3146406,,,3146406,2,17,0,0,11.76
4553,576,2023 Titans Second League,2023,32995,24/02/2024,20240224,3305,3304,2,TUKS 5,Johanco Faihst,3255252,not out,,,,,,115,111,8,6,103.60
4553,576,2023 Titans Second League,2023,32995,24/02/2024,20240224,3305,3304,2,TUKS 5,Christian Strydom,2936847,c Ryan S b Stefan O,Ryan S,4100168,Stefan O,3729935,"4100168,3729935",48,48,4,1,100.00
4553,576,2023 Titans Second League,2023,32995,24/02/2024,20240224,3305,3304,2,TUKS 5,Martin Van Tonder,2840539,b Ryan S,Ryan S,4100168,,,4100168,3,5,0,0,60.00
4553,576,2023 Titans Second League,2023,32995,24/02/2024,20240224,3305,3304,2,TUKS 5,Tiaan Engelbrecht,2936837,b Stefan O,Stefan O,3729935,,,3729935,0,3,0,0,0.00
4553,576,2023 Titans Second League,2023,32995,24/02/2024,20240224,3305,3304,2,TUKS 5,Gerhard De Bruin,2936835,b Jeandre R,Jeandre R,3018228,,,3018228,24,37,1,1,64.86
4553,576,2023 Titans Second League,2023,32995,24/02/2024,20240224,3305,3304,2,TUKS 5,Donovan Du Toit,3713457,not out,,,,,,1,4,0,0,25.00
4487,576,2023 Titans Second League,2023,32995,17/02/2024,20240217,3300,3307,1,PHSOB 3,Heinrich Bisschoff,2936904,c Matthew T b Gunter G,Matthew T,2985834,Gunter G,3146508,"2985834,3146508",134,108,11,8,124.07
4487,576,2023 Titans Second League,2023,32995,17/02/2024,20240217,3300,3307,1,PHSOB 3,Walli Vayani,4081461,c Gunter G b Bennie V,Gunter G,3146508,Bennie V,3745424,"3146508,3745424",36,35,3,2,102.86
4487,576,2023 Titans Second League,2023,32995,17/02/2024,20240217,3300,3307,1,PHSOB 3,Matt Collett,4081460,b Christoff Pompie H,Christoff Pompie H,2985831,,,2985831,35,45,4,0,77.78
4487,576,2023 Titans Second League,2023,32995,17/02/2024,20240217,3300,3307,1,PHSOB 3,Yatin Koul,4081459,c Emile V b Ruan E,Emile V,4063606,Ruan E,2985830,"4063606,2985830",33,16,6,1,206.25
4487,576,2023 Titans Second League,2023,32995,17/02/2024,20240217,3300,3307,1,PHSOB 3,Brad Goss,4081458,c Joshua I b Ruan E,Joshua I,4063607,Ruan E,2985830,"4063607,2985830",12,12,1,0,100.00
4487,576,2023 Titans Second League,2023,32995,17/02/2024,20240217,3300,3307,1,PHSOB 3,Justin Van Bassen,2936896,b Gerrie V,Gerrie V,4081456,,,4081456,2,5,0,0,40.00
4487,576,2023 Titans Second League,2023,32995,17/02/2024,20240217,3300,3307,1,PHSOB 3,Ruan Brenner,3180560,not out,,,,,,28,18,5,0,155.56
4487,576,2023 Titans Second League,2023,32995,17/02/2024,20240217,3300,3307,1,PHSOB 3,Nuzi Ndlovu,4081457,not out,,,,,,3,2,0,0,150.00
4487,576,2023 Titans Second League,2023,32995,17/02/2024,20240217,3300,3307,2,IRENE VILLAGERS 4,Matthew Thurbon,2985834,c Substitute b Andro V,Andro V,3713342,,,3713342,30,18,3,1,166.67
4487,576,2023 Titans Second League,2023,32995,17/02/2024,20240217,3300,3307,2,IRENE VILLAGERS 4,Bennie Viljoen,3745424,b Andro V,Andro V,3713342,,,3713342,7,6,1,0,116.67
4487,576,2023 Titans Second League,2023,32995,17/02/2024,20240217,3300,3307,2,IRENE VILLAGERS 4,Gerrie Viljoen,4081456,c Substitute b Andro V,Andro V,3713342,,,3713342,27,25,3,0,108.00
4487,576,2023 Titans Second League,2023,32995,17/02/2024,20240217,3300,3307,2,IRENE VILLAGERS 4,Gunter Geyer,3146508,c&b Andro V,Andro V,3713342,,,3713342,19,14,4,0,135.71
4487,576,2023 Titans Second League,2023,32995,17/02/2024,20240217,3300,3307,2,IRENE VILLAGERS 4,Emile Van De Merwe,4063606,run out ( Andro V ),Andro V,3713342,,,3713342,7,16,1,0,43.75
4487,576,2023 Titans Second League,2023,32995,17/02/2024,20240217,3300,3307,2,IRENE VILLAGERS 4,Ruan Ebersohn,2985830,run out ( Andro V ),Andro V,3713342,,,3713342,2,11,0,0,18.18
4487,576,2023 Titans Second League,2023,32995,17/02/2024,20240217,3300,3307,2,IRENE VILLAGERS 4,Christoff Pompie Helm,2985831,c Substitute b Brad G,Brad G,4081458,,,4081458,13,14,2,0,92.86
4487,576,2023 Titans Second League,2023,32995,17/02/2024,20240217,3300,3307,2,IRENE VILLAGERS 4,Amohelang Sebati,3795244,c&b Regan P,Regan P,3713341,,,3713341,8,20,0,1,40.00
4487,576,2023 Titans Second League,2023,32995,17/02/2024,20240217,3300,3307,2,IRENE VILLAGERS 4,Joshua Isaacs,4063607,not out,,,,,,13,15,1,0,86.67
4487,576,2023 Titans Second League,2023,32995,17/02/2024,20240217,3300,3307,2,IRENE VILLAGERS 4,Brent Hartley,2985828,c&b Ruan B,Ruan B,3180560,,,3180560,11,20,2,0,55.00
4487,576,2023 Titans Second League,2023,32995,17/02/2024,20240217,3300,3307,2,IRENE VILLAGERS 4,Mohapi Molete,2985827,c Substitute b Ruan B,Ruan B,3180560,,,3180560,0,11,0,0,0.00
4470,576,2023 Titans Second League,2023,32995,17/02/2024,20240217,3304,3302,1,TUKS 5,Frits Snyman,2936846,b Piet B,Piet B,4063611,,,4063611,36,58,3,0,62.07
4470,576,2023 Titans Second League,2023,32995,17/02/2024,20240217,3304,3302,1,TUKS 5,Johan Pretorius,3255251,c Substitute b Piet B,Piet B,4063611,,,4063611,73,96,6,2,76.04
4470,576,2023 Titans Second League,2023,32995,17/02/2024,20240217,3304,3302,1,TUKS 5,Aerton Helena,2936841,b Tiaan L,Tiaan L,2934784,,,2934784,4,7,0,0,57.14
4470,576,2023 Titans Second League,2023,32995,17/02/2024,20240217,3304,3302,1,TUKS 5,Johanco Faihst,3255252,c Substitute b Piet B,Piet B,4063611,,,4063611,1,5,0,0,20.00
4470,576,2023 Titans Second League,2023,32995,17/02/2024,20240217,3304,3302,1,TUKS 5,Christian Strydom,2936847,c Substitute b Tiaan L,Tiaan L,2934784,,,2934784,0,5,0,0,0.00
4470,576,2023 Titans Second League,2023,32995,17/02/2024,20240217,3304,3302,1,TUKS 5,Tiaan Engelbrecht,2936837,c&b Tiaan L,Tiaan L,2934784,,,2934784,1,3,0,0,33.33
4470,576,2023 Titans Second League,2023,32995,17/02/2024,20240217,3304,3302,1,TUKS 5,Gerhard De Bruin,2936835,c Substitute b JP R,JP R,3031810,,,3031810,3,16,0,0,18.75
4470,576,2023 Titans Second League,2023,32995,17/02/2024,20240217,3304,3302,1,TUKS 5,Nico De Bruyn,3180581,c † Christie K b JP R,Christie K,3772083,JP R,3031810,"3772083,3031810",18,29,0,1,62.07
4470,576,2023 Titans Second League,2023,32995,17/02/2024,20240217,3304,3302,1,TUKS 5,Martin Van Tonder,2840539,not out,,,,,,10,13,1,0,76.92
4470,576,2023 Titans Second League,2023,32995,17/02/2024,20240217,3304,3302,1,TUKS 5,Donovan Du Toit,3713457,c Substitute b JP R,JP R,3031810,,,3031810,2,6,0,0,33.33
4470,576,2023 Titans Second League,2023,32995,17/02/2024,20240217,3304,3302,1,TUKS 5,Elandré Van Den Berg,3713456,c Substitute b Keaton S,Keaton S,2944947,,,2944947,1,3,0,0,33.33
4470,576,2023 Titans Second League,2023,32995,17/02/2024,20240217,3304,3302,2,SINOVILLE 3,Tiaan Lotter,2934784,c Gerhard D b Tiaan E,Gerhard D,2936835,Tiaan E,2936837,"2936835,2936837",25,22,4,0,113.64
4470,576,2023 Titans Second League,2023,32995,17/02/2024,20240217,3304,3302,2,SINOVILLE 3,Keldon Van Zyl,3812052,c Donovan d b Christian S,Donovan d,3713457,Christian S,2936847,"3713457,2936847",17,32,2,0,53.12
4470,576,2023 Titans Second League,2023,32995,17/02/2024,20240217,3304,3302,2,SINOVILLE 3,Piet Botha,4063611,c Johan P b Aerton H,Johan P,3255251,Aerton H,2936841,"3255251,2936841",42,69,5,0,60.87
4470,576,2023 Titans Second League,2023,32995,17/02/2024,20240217,3304,3302,2,SINOVILLE 3,Danie Schoeman,4081323,c Elandré v b Johanco F,Elandré v,3713456,Johanco F,3255252,"3713456,3255252",18,40,2,0,45.00
4470,576,2023 Titans Second League,2023,32995,17/02/2024,20240217,3304,3302,2,SINOVILLE 3,Berno Klopper,3180553,not out,,,,,,24,28,1,1,85.71
4470,576,2023 Titans Second League,2023,32995,17/02/2024,20240217,3304,3302,2,SINOVILLE 3,Pieter Oosthuizen,4063614,c Christian S b Nico d,Christian S,2936847,Nico d,3180581,"2936847,3180581",14,35,1,0,40.00
4470,576,2023 Titans Second League,2023,32995,17/02/2024,20240217,3304,3302,2,SINOVILLE 3,Andre Schoombee,3772961,b Tiaan E,Tiaan E,2936837,,,2936837,3,7,0,0,42.86
4470,576,2023 Titans Second League,2023,32995,17/02/2024,20240217,3304,3302,2,SINOVILLE 3,Keaton Steenkamp,2944947,not out,,,,,,9,5,0,1,180.00
4386,576,2023 Titans Second League,2023,32995,10/02/2024,20240210,3302,3307,1,SINOVILLE 3,Tiaan Lotter,2934784,lbw b Gunter G,Gunter G,3771717,,,3771717,6,11,0,1,54.55
4386,576,2023 Titans Second League,2023,32995,10/02/2024,20240210,3302,3307,1,SINOVILLE 3,Christie Klopper,3772083,c&b Ruan E,Ruan E,2985830,,,2985830,12,16,2,0,75.00
4386,576,2023 Titans Second League,2023,32995,10/02/2024,20240210,3302,3307,1,SINOVILLE 3,Piet Botha,4063611,c&b Christoff Pompie H,Christoff Pompie H,2985831,,,2985831,8,33,1,0,24.24
4386,576,2023 Titans Second League,2023,32995,10/02/2024,20240210,3302,3307,1,SINOVILLE 3,Jj Du Toit,3226765,c&b Henco I,Henco I,4063609,,,4063609,22,40,4,0,55.00
4386,576,2023 Titans Second League,2023,32995,10/02/2024,20240210,3302,3307,1,SINOVILLE 3,Christo Weiss,2588485,c Janru B b Christoff Pompie H,Janru B,4063608,Christoff Pompie H,2985831,"4063608,2985831",0,6,0,0,0.00
4386,576,2023 Titans Second League,2023,32995,10/02/2024,20240210,3302,3307,1,SINOVILLE 3,Keaton Steenkamp,2944947,c&b Mohapi M,Mohapi M,2985827,,,2985827,10,11,0,1,90.91
4386,576,2023 Titans Second League,2023,32995,10/02/2024,20240210,3302,3307,1,SINOVILLE 3,Pieter Oosthuizen,4063614,b Christoff Pompie H,Christoff Pompie H,2985831,,,2985831,2,8,0,0,25.00
4386,576,2023 Titans Second League,2023,32995,10/02/2024,20240210,3302,3307,1,SINOVILLE 3,Andre Schoombee,3772961,c † Joshua I b Amohelang S,Joshua I,4063607,Amohelang S,3795244,"4063607,3795244",36,54,2,2,66.67
4386,576,2023 Titans Second League,2023,32995,10/02/2024,20240210,3302,3307,1,SINOVILLE 3,Berno Klopper,3180553,b Gunter G,Gunter G,3771717,,,3771717,24,23,2,0,104.35
4386,576,2023 Titans Second League,2023,32995,10/02/2024,20240210,3302,3307,1,SINOVILLE 3,Ian Dorfling,4063612,not out,,,,,,0,8,0,0,0.00
4386,576,2023 Titans Second League,2023,32995,10/02/2024,20240210,3302,3307,1,SINOVILLE 3,Jeandre Van Molledorf,4063992,not out,,,,,,0,0,0,0,0.00
4386,576,2023 Titans Second League,2023,32995,10/02/2024,20240210,3302,3307,2,IRENE VILLAGERS 4,Matthew Thurbon,2985834,c Substitute b Andre S,Andre S,3772961,,,3772961,14,23,2,0,60.87
4386,576,2023 Titans Second League,2023,32995,10/02/2024,20240210,3302,3307,2,IRENE VILLAGERS 4,Brent Hartley,2985828,b Andre S,Andre S,3772961,,,3772961,21,42,2,0,50.00
4386,576,2023 Titans Second League,2023,32995,10/02/2024,20240210,3302,3307,2,IRENE VILLAGERS 4,Emile Van De Merwe,4063606,c Tiaan L b Piet B,Tiaan L,2934784,Piet B,4063611,"2934784,4063611",24,34,2,0,70.59
4386,576,2023 Titans Second League,2023,32995,10/02/2024,20240210,3302,3307,2,IRENE VILLAGERS 4,Gunter Geyser,3771717,c Substitute b Jeandre V,Jeandre V,4063992,,,4063992,64,51,7,5,125.49
4386,576,2023 Titans Second League,2023,32995,10/02/2024,20240210,3302,3307,2,IRENE VILLAGERS 4,Christoff Pompie Helm,2985831,lbw b Piet B,Piet B,4063611,,,4063611,0,1,0,0,0.00
4386,576,2023 Titans Second League,2023,32995,10/02/2024,20240210,3302,3307,2,IRENE VILLAGERS 4,Henco Irene,4063609,not out,,,,,,0,2,0,0,0.00
4386,576,2023 Titans Second League,2023,32995,10/02/2024,20240210,3302,3307,2,IRENE VILLAGERS 4,Ruan Ebersohn,2985830,c Substitute b Piet B,Piet B,4063611,,,4063611,9,13,1,0,69.23
4386,576,2023 Titans Second League,2023,32995,10/02/2024,20240210,3302,3307,2,IRENE VILLAGERS 4,Joshua Isaacs,4063607,c&b Berno K,Berno K,3180553,,,3180553,10,9,1,0,111.11
4386,576,2023 Titans Second League,2023,32995,10/02/2024,20240210,3302,3307,2,IRENE VILLAGERS 4,Janru Brandt,4063608,not out,,,,,,2,16,0,0,12.50
4386,576,2023 Titans Second League,2023,32995,10/02/2024,20240210,3302,3307,2,IRENE VILLAGERS 4,Mohapi Molete,2985827,not out,,,,,,5,10,0,0,50.00
4300,576,2023 Titans Second League,2023,32995,03/02/2024,20240203,3299,3305,1,IRENE VILLAGERS 3,Divan Cilliers,3713448,Retired Hurt,,,,,,12,25,1,0,48.00
4300,576,2023 Titans Second League,2023,32995,03/02/2024,20240203,3299,3305,1,IRENE VILLAGERS 3,Gerbrant Vivers,3729931,lbw b Nico M,Nico M,3713344,,,3713344,29,55,2,1,52.73
4300,576,2023 Titans Second League,2023,32995,03/02/2024,20240203,3299,3305,1,IRENE VILLAGERS 3,Ryan Thurbon,3713447,b Nico M,Nico M,3713344,,,3713344,2,19,0,0,10.53
4300,576,2023 Titans Second League,2023,32995,03/02/2024,20240203,3299,3305,1,IRENE VILLAGERS 3,Marcel Cilliers,3713449,c † b Dewald B,Dewald B,3018234,,,3018234,44,51,6,1,86.27
4300,576,2023 Titans Second League,2023,32995,03/02/2024,20240203,3299,3305,1,IRENE VILLAGERS 3,Henco Murphy,3771718,run out ( Stefan G ),Stefan G,3018230,,,3018230,4,14,0,0,28.57
4300,576,2023 Titans Second League,2023,32995,03/02/2024,20240203,3299,3305,1,IRENE VILLAGERS 3,Hendré Van Niekerk,3713455,b Stefan G,Stefan G,3018230,,,3018230,16,23,1,1,69.57
4300,576,2023 Titans Second League,2023,32995,03/02/2024,20240203,3299,3305,1,IRENE VILLAGERS 3,Gerhard Swanepoel,3713453,c † Niel C b Micheal T,Niel C,3018224,Micheal T,3772114,"3018224,3772114",51,33,3,4,154.55
4300,576,2023 Titans Second League,2023,32995,03/02/2024,20240203,3299,3305,1,IRENE VILLAGERS 3,Jacques Van Rooyen,3795662,c&b Riaan S,Riaan S,3713347,,,3713347,9,18,0,1,50.00
4300,576,2023 Titans Second League,2023,32995,03/02/2024,20240203,3299,3305,1,IRENE VILLAGERS 3,Albert Myburgh,4024779,c † Niel C b Charl P,Niel C,3018224,Charl P,3018226,"3018224,3018226",6,18,0,0,33.33
4300,576,2023 Titans Second League,2023,32995,03/02/2024,20240203,3299,3305,1,IRENE VILLAGERS 3,Kyle Kunneke,2985826,not out,,,,,,14,7,0,1,200.00
4300,576,2023 Titans Second League,2023,32995,03/02/2024,20240203,3299,3305,1,IRENE VILLAGERS 3,Ruan Ebersohn,4024777,not out,,,,,,9,7,1,0,128.57
4300,576,2023 Titans Second League,2023,32995,03/02/2024,20240203,3299,3305,2,TUT 3,Charl Prinsloo,3018226,b Gerhard S,Gerhard S,3713453,,,3713453,17,39,2,0,43.59
4300,576,2023 Titans Second League,2023,32995,03/02/2024,20240203,3299,3305,2,TUT 3,Barry Van Nieuwenhuize,3713345,c Substitute b Albert M,Albert M,4024779,,,4024779,8,22,1,0,36.36
4300,576,2023 Titans Second League,2023,32995,03/02/2024,20240203,3299,3305,2,TUT 3,Niel Coetzee,3018224,c Substitute b Albert M,Albert M,4024779,,,4024779,0,2,0,0,0.00
4300,576,2023 Titans Second League,2023,32995,03/02/2024,20240203,3299,3305,2,TUT 3,Nico Minnaar,3713344,c † Henco M b Jacques V,Henco M,3771718,Jacques V,3795662,"3771718,3795662",24,15,2,2,160.00
4300,576,2023 Titans Second League,2023,32995,03/02/2024,20240203,3299,3305,2,TUT 3,Jeandre Roux,3018228,not out,,,,,,76,108,6,1,70.37
4300,576,2023 Titans Second League,2023,32995,03/02/2024,20240203,3299,3305,2,TUT 3,Charl Foxcroft,2097177,lbw b Jacques V,Jacques V,3795662,,,3795662,0,2,0,0,0.00
4300,576,2023 Titans Second League,2023,32995,03/02/2024,20240203,3299,3305,2,TUT 3,Stefan Grobler,3018230,c Substitute b Hendré v,Hendré v,3713455,,,3713455,59,47,2,5,125.53
4300,576,2023 Titans Second League,2023,32995,03/02/2024,20240203,3299,3305,2,TUT 3,Dewald Basson,3018234,b Ruan E,Ruan E,4024777,,,4024777,21,22,3,0,95.45
4300,576,2023 Titans Second League,2023,32995,03/02/2024,20240203,3299,3305,2,TUT 3,Micheal Tut3,3772114,c † b Ruan E,Ruan E,4024777,,,4024777,1,2,0,0,50.00
4300,576,2023 Titans Second League,2023,32995,03/02/2024,20240203,3299,3305,2,TUT 3,Mark Bekker,3146406,not out,,,,,,4,2,0,0,200.00
4299,576,2023 Titans Second League,2023,32995,03/02/2024,20240203,3298,3304,1,CBCOB 3,Dylan Kotze,2987579,c Tiaan E b Martin V,Tiaan E,2936837,Martin V,2840539,"2936837,2840539",9,20,1,0,45.00
4299,576,2023 Titans Second League,2023,32995,03/02/2024,20240203,3298,3304,1,CBCOB 3,Rigardt Saaiman,3729566,c&b Tiaan E,Tiaan E,2936837,,,2936837,4,23,0,0,17.39
4299,576,2023 Titans Second League,2023,32995,03/02/2024,20240203,3298,3304,1,CBCOB 3,Adriaan Venter,3673677,c Martin V b Andre V,Martin V,2840539,Andre V,3266939,"2840539,3266939",56,62,2,3,90.32
4299,576,2023 Titans Second League,2023,32995,03/02/2024,20240203,3298,3304,1,CBCOB 3,Stephan Van Den Berg,3266950,c Martin C b Donovan d,Martin C,2936849,Donovan d,3713457,"2936849,3713457",8,15,1,0,53.33
4299,576,2023 Titans Second League,2023,32995,03/02/2024,20240203,3298,3304,1,CBCOB 3,Rudi Loibner,2935397,c Martin C b Gerhard D,Martin C,2936849,Gerhard D,2936835,"2936849,2936835",0,4,0,0,0.00
4299,576,2023 Titans Second League,2023,32995,03/02/2024,20240203,3298,3304,1,CBCOB 3,Bernard Wentzel,3928433,c Johan P b Gerhard D,Johan P,3255251,Gerhard D,2936835,"3255251,2936835",2,6,0,0,33.33
4299,576,2023 Titans Second League,2023,32995,03/02/2024,20240203,3298,3304,1,CBCOB 3,Reghard Lehman,4046237,c Elandré v b Martin V,Elandré v,3713456,Martin V,2840539,"3713456,2840539",36,75,2,0,48.00
4299,576,2023 Titans Second League,2023,32995,03/02/2024,20240203,3298,3304,1,CBCOB 3,Alec Cbc,4046235,c Johan P b Martin C,Johan P,3255251,Martin C,2936849,"3255251,2936849",27,27,2,1,100.00
4299,576,2023 Titans Second League,2023,32995,03/02/2024,20240203,3298,3304,1,CBCOB 3,Marko Liebenberg,4046344,c Elandré v b Martin C,Elandré v,3713456,Martin C,2936849,"3713456,2936849",0,1,0,0,0.00
4299,576,2023 Titans Second League,2023,32995,03/02/2024,20240203,3298,3304,1,CBCOB 3,Ruben Rossouw,4046236,b Martin V,Martin V,2840539,,,2840539,29,23,2,1,126.09
4299,576,2023 Titans Second League,2023,32995,03/02/2024,20240203,3298,3304,1,CBCOB 3,Dillan Chatham,3928461,not out,,,,,,3,4,0,0,75.00
4299,576,2023 Titans Second League,2023,32995,03/02/2024,20240203,3298,3304,2,TUKS 5,Frits Snyman,2936846,St Rudi L b Rigardt S,Rudi L,2935397,Rigardt S,3729566,"2935397,3729566",36,50,5,0,72.00
4299,576,2023 Titans Second League,2023,32995,03/02/2024,20240203,3298,3304,2,TUKS 5,Riccardo Oosthuizen,2936842,b Rigardt S,Rigardt S,3729566,,,3729566,34,38,5,0,89.47
4299,576,2023 Titans Second League,2023,32995,03/02/2024,20240203,3298,3304,2,TUKS 5,Tiaan Engelbrecht,2936837,b Rigardt S,Rigardt S,3729566,,,3729566,18,19,3,0,94.74
4299,576,2023 Titans Second League,2023,32995,03/02/2024,20240203,3298,3304,2,TUKS 5,Johan Pretorius,3255251,c Substitute b Dillan C,Dillan C,3928461,,,3928461,40,64,2,1,62.50
4299,576,2023 Titans Second League,2023,32995,03/02/2024,20240203,3298,3304,2,TUKS 5,Martin Van Tonder,2840539,c Substitute b Dylan K,Dylan K,2987579,,,2987579,0,1,0,0,0.00
4299,576,2023 Titans Second League,2023,32995,03/02/2024,20240203,3298,3304,2,TUKS 5,Gerhard De Bruin,2936835,not out,,,,,,53,62,3,1,85.48
4299,576,2023 Titans Second League,2023,32995,03/02/2024,20240203,3298,3304,2,TUKS 5,Donovan Du Toit,3713457,not out,,,,,,9,14,0,0,64.29
4242,576,2023 Titans Second League,2023,32995,27/01/2024,20240127,3304,3299,1,TUKS 5,Frits Snyman,2936846,c Substitute b Sibusiso M,Sibusiso M,4024776,,,4024776,8,39,0,0,20.51
4242,576,2023 Titans Second League,2023,32995,27/01/2024,20240127,3304,3299,1,TUKS 5,Johan Pretorius,3255251,c † Henco M b Albert M,Henco M,3771718,Albert M,4024779,"3771718,4024779",3,14,0,0,21.43
4242,576,2023 Titans Second League,2023,32995,27/01/2024,20240127,3304,3299,1,TUKS 5,Aerton Helena,2936841,c † Henco M b Albert M,Henco M,3771718,Albert M,4024779,"3771718,4024779",14,21,1,0,66.67
4242,576,2023 Titans Second League,2023,32995,27/01/2024,20240127,3304,3299,1,TUKS 5,Christian Strydom,2936847,b Albert M,Albert M,4024779,,,4024779,22,48,1,0,45.83
4242,576,2023 Titans Second League,2023,32995,27/01/2024,20240127,3304,3299,1,TUKS 5,Martin Van Tonder,2840539,c&b Sibusiso M,Sibusiso M,4024776,,,4024776,2,6,0,0,33.33
4242,576,2023 Titans Second League,2023,32995,27/01/2024,20240127,3304,3299,1,TUKS 5,Nico De Bruyn,3180581,c&b Jacques V,Jacques V,3795662,,,3795662,0,3,0,0,0.00
4242,576,2023 Titans Second League,2023,32995,27/01/2024,20240127,3304,3299,1,TUKS 5,Tiaan Engelbrecht,2936837,not out,,,,,,64,73,0,1,87.67
4242,576,2023 Titans Second League,2023,32995,27/01/2024,20240127,3304,3299,1,TUKS 5,Ivan Venter,2936845,c Substitute b Kyle K,Kyle K,2985826,,,2985826,19,37,0,1,51.35
4242,576,2023 Titans Second League,2023,32995,27/01/2024,20240127,3304,3299,1,TUKS 5,Eben Botha,2936848,run out (Substitute),,,,,,5,16,0,0,31.25
4242,576,2023 Titans Second League,2023,32995,27/01/2024,20240127,3304,3299,1,TUKS 5,Andre Van Wyk,3266939,c † Henco M b Kyle K,Henco M,3771718,Kyle K,2985826,"3771718,2985826",5,11,0,0,45.45
4242,576,2023 Titans Second League,2023,32995,27/01/2024,20240127,3304,3299,1,TUKS 5,Elandré Van Den Berg,3713456,c Substitute b Kyle K,Kyle K,2985826,,,2985826,1,3,0,0,33.33
4242,576,2023 Titans Second League,2023,32995,27/01/2024,20240127,3304,3299,2,IRENE VILLAGERS 3,Stefan Strydom,2985833,b Christian S,Christian S,2936847,,,2936847,24,21,3,1,114.29
4242,576,2023 Titans Second League,2023,32995,27/01/2024,20240127,3304,3299,2,IRENE VILLAGERS 3,Divan Cilliers,3713448,c Ivan V b Tiaan E,Ivan V,2936845,Tiaan E,2936837,"2936845,2936837",16,14,2,0,114.29
4242,576,2023 Titans Second League,2023,32995,27/01/2024,20240127,3304,3299,2,IRENE VILLAGERS 3,Sibusiso Mxube,4024776,lbw b Martin V,Martin V,2840539,,,2840539,1,4,0,0,25.00
4242,576,2023 Titans Second League,2023,32995,27/01/2024,20240127,3304,3299,2,IRENE VILLAGERS 3,Marcel Cilliers,3713449,not out,,,,,,53,78,1,2,67.95
4242,576,2023 Titans Second League,2023,32995,27/01/2024,20240127,3304,3299,2,IRENE VILLAGERS 3,Henco Murphy,3771718,c Aerton H b Elandré v,Aerton H,2936841,Elandré v,3713456,"2936841,3713456",8,13,1,0,61.54
4242,576,2023 Titans Second League,2023,32995,27/01/2024,20240127,3304,3299,2,IRENE VILLAGERS 3,Matthew Collins,3729933,b Aerton H,Aerton H,2936841,,,2936841,13,18,2,0,72.22
4242,576,2023 Titans Second League,2023,32995,27/01/2024,20240127,3304,3299,2,IRENE VILLAGERS 3,Albert Myburgh,4024779,b Aerton H,Aerton H,2936841,,,2936841,4,21,0,0,19.05
4242,576,2023 Titans Second League,2023,32995,27/01/2024,20240127,3304,3299,2,IRENE VILLAGERS 3,Jacques Van Rooyen,3795662,not out,,,,,,4,5,1,0,80.00
4174,576,2023 Titans Second League,2023,32995,21/01/2024,20240121,3300,3304,1,PHSOB 3,Sheldon Meiring,3772079,c Marius B b Tiaan E,Marius B,2936833,Tiaan E,2936837,"2936833,2936837",17,20,3,0,85.00
4174,576,2023 Titans Second League,2023,32995,21/01/2024,20240121,3300,3304,1,PHSOB 3,Heinrich Bisschoff,2936904,c Nico d b Christian S,Nico d,3180581,Christian S,2936847,"3180581,2936847",95,107,11,1,88.79
4174,576,2023 Titans Second League,2023,32995,21/01/2024,20240121,3300,3304,1,PHSOB 3,Justin Van Bassen,2936896,c Tiaan E b Donovan d,Tiaan E,2936837,Donovan d,3713457,"2936837,3713457",22,24,2,1,91.67
4174,576,2023 Titans Second League,2023,32995,21/01/2024,20240121,3300,3304,1,PHSOB 3,Duan St Arnaud,3145215,b Christian S,Christian S,2936847,,,2936847,0,3,0,0,0.00
4174,576,2023 Titans Second League,2023,32995,21/01/2024,20240121,3300,3304,1,PHSOB 3,Pippie Kemm,3033949,lbw b Aerton H,Aerton H,2936841,,,2936841,29,53,2,0,54.72
4174,576,2023 Titans Second League,2023,32995,21/01/2024,20240121,3300,3304,1,PHSOB 3,Tyler Lockhart,3772078,c Martin V b Andre V,Martin V,2840539,Andre V,3266939,"2840539,3266939",4,21,0,0,19.05
4174,576,2023 Titans Second League,2023,32995,21/01/2024,20240121,3300,3304,1,PHSOB 3,Steven Meyburgh,2937220,c Aerton H b Riccardo O,Aerton H,2936841,Riccardo O,2936842,"2936841,2936842",3,3,0,0,100.00
4174,576,2023 Titans Second League,2023,32995,21/01/2024,20240121,3300,3304,1,PHSOB 3,James Twycross,2936917,b Martin V,Martin V,2840539,,,2840539,16,16,0,1,100.00
4174,576,2023 Titans Second League,2023,32995,21/01/2024,20240121,3300,3304,1,PHSOB 3,Christo Swanepoel,2936900,b Christian S,Christian S,2936847,,,2936847,15,14,0,1,107.14
4174,576,2023 Titans Second League,2023,32995,21/01/2024,20240121,3300,3304,1,PHSOB 3,Andro Vosloo,3713342,b Christian S,Christian S,2936847,,,2936847,1,3,0,0,33.33
4174,576,2023 Titans Second League,2023,32995,21/01/2024,20240121,3300,3304,1,PHSOB 3,Michael Stoop,2936908,not out,,,,,,5,6,0,0,83.33
4174,576,2023 Titans Second League,2023,32995,21/01/2024,20240121,3300,3304,2,TUKS 5,Frits Snyman,2936846,b Steven M,Steven M,2937220,,,2937220,13,27,0,0,48.15
4174,576,2023 Titans Second League,2023,32995,21/01/2024,20240121,3300,3304,2,TUKS 5,Riccardo Oosthuizen,2936842,b Andro V,Andro V,3713342,,,3713342,6,13,1,0,46.15
4174,576,2023 Titans Second League,2023,32995,21/01/2024,20240121,3300,3304,2,TUKS 5,Aerton Helena,2936841,c † Justin V b James T,Justin V,2936896,James T,2936917,"2936896,2936917",37,39,5,0,94.87
4174,576,2023 Titans Second League,2023,32995,21/01/2024,20240121,3300,3304,2,TUKS 5,Christian Strydom,2936847,b Steven M,Steven M,2937220,,,2937220,21,46,0,1,45.65
4174,576,2023 Titans Second League,2023,32995,21/01/2024,20240121,3300,3304,2,TUKS 5,Johan Pretorius,3255251,c Substitute b Christo S,Christo S,2936900,,,2936900,38,60,1,1,63.33
4174,576,2023 Titans Second League,2023,32995,21/01/2024,20240121,3300,3304,2,TUKS 5,Martin Van Tonder,2840539,lbw b James T,James T,2936917,,,2936917,2,6,0,0,33.33
4174,576,2023 Titans Second League,2023,32995,21/01/2024,20240121,3300,3304,2,TUKS 5,Tiaan Engelbrecht,2936837,b Christo S,Christo S,2936900,,,2936900,1,5,0,0,20.00
4174,576,2023 Titans Second League,2023,32995,21/01/2024,20240121,3300,3304,2,TUKS 5,Marius Bornman,2936833,b Christo S,Christo S,2936900,,,2936900,0,3,0,0,0.00
4174,576,2023 Titans Second League,2023,32995,21/01/2024,20240121,3300,3304,2,TUKS 5,Nico De Bruyn,3180581,c † Justin V b Michael S,Justin V,2936896,Michael S,2936908,"2936896,2936908",25,32,1,0,78.12
4174,576,2023 Titans Second League,2023,32995,21/01/2024,20240121,3300,3304,2,TUKS 5,Donovan Du Toit,3713457,c Substitute b Michael S,Michael S,2936908,,,2936908,12,17,0,1,70.59
4174,576,2023 Titans Second League,2023,32995,21/01/2024,20240121,3300,3304,2,TUKS 5,Andre Van Wyk,3266939,not out,,,,,,3,6,0,0,50.00
4173,576,2023 Titans Second League,2023,32995,20/01/2024,20240120,3298,3302,1,CBCOB 3,Rigardt Saaiman,3729566,b Christo B,Christo B,3928458,,,3928458,21,27,0,0,77.78
4173,576,2023 Titans Second League,2023,32995,20/01/2024,20240120,3298,3302,1,CBCOB 3,Cornel Cbc3,3266951,c b,,,,,,0,1,0,0,0.00
4173,576,2023 Titans Second League,2023,32995,20/01/2024,20240120,3298,3302,1,CBCOB 3,Kian Hoeuner,3928431,c b,,,,,,1,3,0,0,33.33
4173,576,2023 Titans Second League,2023,32995,20/01/2024,20240120,3298,3302,1,CBCOB 3,Dian Van Der Walt,2936868,b,,,,,,0,1,0,0,0.00
4173,576,2023 Titans Second League,2023,32995,20/01/2024,20240120,3298,3302,1,CBCOB 3,Hj Roux,3928432,c b,,,,,,10,6,0,0,166.67
4173,576,2023 Titans Second League,2023,32995,20/01/2024,20240120,3298,3302,1,CBCOB 3,Paul Gouws,3056110,b,,,,,,52,38,0,0,136.84
4173,576,2023 Titans Second League,2023,32995,20/01/2024,20240120,3298,3302,1,CBCOB 3,Gerrald Gouws,3056111,not out,,,,,,21,12,0,0,175.00
4173,576,2023 Titans Second League,2023,32995,20/01/2024,20240120,3298,3302,1,CBCOB 3,Bernard Wentzel,3928433,not out,,,,,,14,14,0,0,100.00
4173,576,2023 Titans Second League,2023,32995,20/01/2024,20240120,3298,3302,2,SINOVILLE 3,Tiaan Lotter,2934784,c b Dillan C,Dillan C,3928461,,,3928461,23,34,0,0,67.65
4173,576,2023 Titans Second League,2023,32995,20/01/2024,20240120,3298,3302,2,SINOVILLE 3,Hanco Hertzog,3928457,b Rigardt S,Rigardt S,3729566,,,3729566,11,9,0,0,122.22
4173,576,2023 Titans Second League,2023,32995,20/01/2024,20240120,3298,3302,2,SINOVILLE 3,Christo Borman,3928458,b Dillan C,Dillan C,3928461,,,3928461,14,10,0,0,140.00
4173,576,2023 Titans Second League,2023,32995,20/01/2024,20240120,3298,3302,2,SINOVILLE 3,Andre Kruyshaar,3772081,c b Dillan C,Dillan C,3928461,,,3928461,9,13,0,0,69.23
4173,576,2023 Titans Second League,2023,32995,20/01/2024,20240120,3298,3302,2,SINOVILLE 3,Jan Verwas,3795657,c b Jaden B,Jaden B,3783165,,,3783165,38,20,0,0,190.00
4173,576,2023 Titans Second League,2023,32995,20/01/2024,20240120,3298,3302,2,SINOVILLE 3,Berno Klopper,3180553,c b Bernard W,Bernard W,3928433,,,3928433,14,11,0,0,127.27
4173,576,2023 Titans Second League,2023,32995,20/01/2024,20240120,3298,3302,2,SINOVILLE 3,Keaton Steenkamp,2944947,not out,,,,,,12,4,0,0,300.00
4173,576,2023 Titans Second League,2023,32995,20/01/2024,20240120,3298,3302,2,SINOVILLE 3,Tiaan Borman,3772082,not out,,,,,,1,1,0,0,100.00
4158,576,2023 Titans Second League,2023,32995,20/01/2024,20240120,3307,3305,1,IRENE VILLAGERS 4,Stefan Strydom,2985833,c&b Stefan G,Stefan G,3018230,,,3018230,0,2,0,0,0.00
4158,576,2023 Titans Second League,2023,32995,20/01/2024,20240120,3307,3305,1,IRENE VILLAGERS 4,Brent Hartley,2985828,c&b Dewald B,Dewald B,3018234,,,3018234,14,21,3,0,66.67
4158,576,2023 Titans Second League,2023,32995,20/01/2024,20240120,3307,3305,1,IRENE VILLAGERS 4,Ryan Thorburn,3163540,lbw b Mark B,Mark B,3146406,,,3146406,6,28,0,0,21.43
4158,576,2023 Titans Second League,2023,32995,20/01/2024,20240120,3307,3305,1,IRENE VILLAGERS 4,Gerhard Scheepers,3927337,c&b Dewald B,Dewald B,3018234,,,3018234,8,13,0,0,61.54
4158,576,2023 Titans Second League,2023,32995,20/01/2024,20240120,3307,3305,1,IRENE VILLAGERS 4,Gerbrandt Viviers,3018253,c&b Riaan S,Riaan S,3713347,,,3713347,21,20,2,2,105.00
4158,576,2023 Titans Second League,2023,32995,20/01/2024,20240120,3307,3305,1,IRENE VILLAGERS 4,Ruan Ebersohn,2985830,c&b Dewald B,Dewald B,3018234,,,3018234,0,1,0,0,0.00
4158,576,2023 Titans Second League,2023,32995,20/01/2024,20240120,3307,3305,1,IRENE VILLAGERS 4,Christoff Pompie Helm,2985831,c Stefan G b Dewald B,Stefan G,3018230,Dewald B,3018234,"3018230,3018234",13,35,2,0,37.14
4158,576,2023 Titans Second League,2023,32995,20/01/2024,20240120,3307,3305,1,IRENE VILLAGERS 4,Ruan Schoeman,3927338,b Wessel M,Wessel M,3713343,,,3713343,1,10,0,0,10.00
4158,576,2023 Titans Second League,2023,32995,20/01/2024,20240120,3307,3305,1,IRENE VILLAGERS 4,Jacques Van Rooyen,3745426,c Dewald B b Wessel M,Dewald B,3018234,Wessel M,3713343,"3018234,3713343",19,12,1,2,158.33
4158,576,2023 Titans Second League,2023,32995,20/01/2024,20240120,3307,3305,1,IRENE VILLAGERS 4,Donovan Kretschmer,3749171,not out,,,,,,6,5,1,0,120.00
4158,576,2023 Titans Second League,2023,32995,20/01/2024,20240120,3307,3305,1,IRENE VILLAGERS 4,Amohelang Sebati,3795244,c&b Micheal T,Micheal T,3772114,,,3772114,7,16,1,0,43.75
4158,576,2023 Titans Second League,2023,32995,20/01/2024,20240120,3307,3305,2,TUT 3,Charl Prinsloo,3018226,not out,,,,,,79,92,11,2,85.87
4158,576,2023 Titans Second League,2023,32995,20/01/2024,20240120,3307,3305,2,TUT 3,Wessel Marais,3713343,c Gerhard S b Jacques V,Gerhard S,3927337,Jacques V,3745426,"3927337,3745426",1,4,0,0,25.00
4158,576,2023 Titans Second League,2023,32995,20/01/2024,20240120,3307,3305,2,TUT 3,Jeandre Roux,3018228,c&b Amohelang S,Amohelang S,3795244,,,3795244,15,32,1,0,46.88
4158,576,2023 Titans Second League,2023,32995,20/01/2024,20240120,3307,3305,2,TUT 3,Niel Coetzee,3018224,b Gerhard S,Gerhard S,3927337,,,3927337,12,13,2,0,92.31
4158,576,2023 Titans Second League,2023,32995,20/01/2024,20240120,3307,3305,2,TUT 3,Charl Foxcroft,2097177,b Gerhard S,Gerhard S,3927337,,,3927337,0,1,0,0,0.00
4158,576,2023 Titans Second League,2023,32995,20/01/2024,20240120,3307,3305,2,TUT 3,Daylan Scheepers,3927336,c&b Gerhard S,Gerhard S,3927337,,,3927337,1,2,0,0,50.00
4158,576,2023 Titans Second League,2023,32995,20/01/2024,20240120,3307,3305,2,TUT 3,Stefan Grobler,3018230,not out,,,,,,9,6,2,0,150.00
4126,576,2023 Titans Second League,2023,32995,13/01/2024,20240113,3299,3298,1,IRENE VILLAGERS 3,Divan Cilliers,3713448,lbw b Ivan H,Ivan H,3729571,,,3729571,9,16,2,0,56.25
4126,576,2023 Titans Second League,2023,32995,13/01/2024,20240113,3299,3298,1,IRENE VILLAGERS 3,Marcel Cilliers,3713449,run out ( Ivan H ),Ivan H,3729571,,,3729571,8,2,2,0,400.00
4126,576,2023 Titans Second League,2023,32995,13/01/2024,20240113,3299,3298,1,IRENE VILLAGERS 3,Nick Brook,3745432,c † b Devon A,Devon A,3242449,,,3242449,121,109,11,6,111.01
4126,576,2023 Titans Second League,2023,32995,13/01/2024,20240113,3299,3298,1,IRENE VILLAGERS 3,Chris Van Niekerk,3713451,c&b Rigardt S,Rigardt S,3729566,,,3729566,12,11,1,0,109.09
4126,576,2023 Titans Second League,2023,32995,13/01/2024,20240113,3299,3298,1,IRENE VILLAGERS 3,Henco Murphy,3771718,b Rigardt S,Rigardt S,3729566,,,3729566,4,8,1,0,50.00
4126,576,2023 Titans Second League,2023,32995,13/01/2024,20240113,3299,3298,1,IRENE VILLAGERS 3,Tristan De Klerk,3912805,c&b Rigardt S,Rigardt S,3729566,,,3729566,8,30,0,1,26.67
4126,576,2023 Titans Second League,2023,32995,13/01/2024,20240113,3299,3298,1,IRENE VILLAGERS 3,Gerhard Swanepoel,3713453,lbw b Devon A,Devon A,3242449,,,3242449,19,35,1,0,54.29
4126,576,2023 Titans Second League,2023,32995,13/01/2024,20240113,3299,3298,1,IRENE VILLAGERS 3,Matthew Collins,3729933,c † b Devon A,Devon A,3242449,,,3242449,7,17,0,0,41.18
4126,576,2023 Titans Second League,2023,32995,13/01/2024,20240113,3299,3298,1,IRENE VILLAGERS 3,Jacques Van Rooyen,3795662,not out,,,,,,24,16,3,1,150.00
4126,576,2023 Titans Second League,2023,32995,13/01/2024,20240113,3299,3298,1,IRENE VILLAGERS 3,Kyle Kunneke,2985826,not out,,,,,,5,8,0,0,62.50
4122,576,2023 Titans Second League,2023,32995,13/01/2024,20240113,3304,3307,1,TUKS 5,Ivan Venter,2936845,b Botha G,Botha G,3795241,,,3795241,21,28,4,0,75.00
4122,576,2023 Titans Second League,2023,32995,13/01/2024,20240113,3304,3307,1,TUKS 5,Tiaan Engelbrecht,2936837,c Substitute b Ruan E,Ruan E,2985830,,,2985830,14,11,1,0,127.27
4122,576,2023 Titans Second League,2023,32995,13/01/2024,20240113,3304,3307,1,TUKS 5,Aerton Helena,2936841,c&b Botha G,Botha G,3795241,,,3795241,128,97,14,2,131.96
4122,576,2023 Titans Second League,2023,32995,13/01/2024,20240113,3304,3307,1,TUKS 5,Christian Strydom,2936847,c Substitute b Amohelang S,Amohelang S,3795244,,,3795244,42,63,5,0,66.67
4122,576,2023 Titans Second League,2023,32995,13/01/2024,20240113,3304,3307,1,TUKS 5,Martin Van Tonder,2840539,St Brent H b Erick K,Brent H,2985828,Erick K,3912420,"2985828,3912420",23,17,2,0,135.29
4122,576,2023 Titans Second League,2023,32995,13/01/2024,20240113,3304,3307,1,TUKS 5,Gerhard De Bruin,2936835,c Substitute b Erick K,Erick K,3912420,,,3912420,0,1,0,0,0.00
4122,576,2023 Titans Second League,2023,32995,13/01/2024,20240113,3304,3307,1,TUKS 5,Jaco De Vos,2936844,not out,,,,,,47,30,7,1,156.67
4122,576,2023 Titans Second League,2023,32995,13/01/2024,20240113,3304,3307,1,TUKS 5,Donovan Du Toit,3713457,b Botha G,Botha G,3795241,,,3795241,7,13,0,0,53.85
4122,576,2023 Titans Second League,2023,32995,13/01/2024,20240113,3304,3307,1,TUKS 5,Elandré Van Den Berg,3713456,not out,,,,,,7,15,0,0,46.67
4122,576,2023 Titans Second League,2023,32995,13/01/2024,20240113,3304,3307,2,IRENE VILLAGERS 4,Jared Fourie,3783167,c Aerton H b Christian S,Aerton H,2936841,Christian S,2936847,"2936841,2936847",8,24,0,0,33.33
4122,576,2023 Titans Second League,2023,32995,13/01/2024,20240113,3304,3307,2,IRENE VILLAGERS 4,Gerbrandt Viviers,3018253,b Martin V,Martin V,2840539,,,2840539,1,6,0,0,16.67
4122,576,2023 Titans Second League,2023,32995,13/01/2024,20240113,3304,3307,2,IRENE VILLAGERS 4,Ryan Thurbon,3771716,c Christian S b Gerhard D,Christian S,2936847,Gerhard D,2936835,"2936847,2936835",13,37,1,0,35.14
4122,576,2023 Titans Second League,2023,32995,13/01/2024,20240113,3304,3307,2,IRENE VILLAGERS 4,Gunter Geyer,3146508,b Christian S,Christian S,2936847,,,2936847,18,20,4,0,90.00
4122,576,2023 Titans Second League,2023,32995,13/01/2024,20240113,3304,3307,2,IRENE VILLAGERS 4,Christoff Pompie Helm,2985831,b Gerhard D,Gerhard D,2936835,,,2936835,0,1,0,0,0.00
4122,576,2023 Titans Second League,2023,32995,13/01/2024,20240113,3304,3307,2,IRENE VILLAGERS 4,Brent Hartley,2985828,not out,,,,,,4,6,0,0,66.67
4122,576,2023 Titans Second League,2023,32995,13/01/2024,20240113,3304,3307,2,IRENE VILLAGERS 4,Ruan Ebersohn,2985830,not out,,,,,,2,2,0,0,100.00
4003,576,2023 Titans Second League,2023,32995,02/12/2023,20231202,3302,3303,1,SINOVILLE 3,Pieter Janse Van Rensburg,2934773,c b Klippies M,Klippies M,3812054,,,3812054,109,97,0,0,112.37
4003,576,2023 Titans Second League,2023,32995,02/12/2023,20231202,3302,3303,1,SINOVILLE 3,Tiaan Lotter,2934784,c b Ian D,Ian D,3795252,,,3795252,7,11,0,0,63.64
4003,576,2023 Titans Second League,2023,32995,02/12/2023,20231202,3302,3303,1,SINOVILLE 3,Zandre Jordaan,2934760,Retired Hurt,,,,,,103,62,0,0,166.13
4003,576,2023 Titans Second League,2023,32995,02/12/2023,20231202,3302,3303,1,SINOVILLE 3,Jan Verwas,3795657,c b Andre K,Andre K,3795248,,,3795248,17,26,0,0,65.38
4003,576,2023 Titans Second League,2023,32995,02/12/2023,20231202,3302,3303,1,SINOVILLE 3,Keaton Steenkamp,2944947,c b Andre K,Andre K,3795248,,,3795248,14,15,0,0,93.33
4003,576,2023 Titans Second League,2023,32995,02/12/2023,20231202,3302,3303,1,SINOVILLE 3,Jj Du Toit,3226765,c b Ian D,Ian D,3795252,,,3795252,11,16,0,0,68.75
4003,576,2023 Titans Second League,2023,32995,02/12/2023,20231202,3302,3303,1,SINOVILLE 3,Franco Von Mollendorf,3812051,b Andre K,Andre K,3795248,,,3795248,0,5,0,0,0.00
4003,576,2023 Titans Second League,2023,32995,02/12/2023,20231202,3302,3303,1,SINOVILLE 3,Keldon Van Zyl,3812052,not out,,,,,,13,22,0,0,59.09
4003,576,2023 Titans Second League,2023,32995,02/12/2023,20231202,3302,3303,1,SINOVILLE 3,Keagon Van Zyl,3812056,c b Ian D,Ian D,3795252,,,3795252,2,4,0,0,50.00
4003,576,2023 Titans Second League,2023,32995,02/12/2023,20231202,3302,3303,1,SINOVILLE 3,Juan Van Den Berg,2987480,not out,,,,,,3,5,0,0,60.00
4003,576,2023 Titans Second League,2023,32995,02/12/2023,20231202,3302,3303,2,SINOVILLE 4,Marco Rudolph,3795245,c b Ruan B,Ruan B,2936745,,,2936745,54,57,0,0,94.74
4003,576,2023 Titans Second League,2023,32995,02/12/2023,20231202,3302,3303,2,SINOVILLE 4,Andre Kruyshaar,3795248,c b Juan V,Juan V,2987480,,,2987480,8,7,0,0,114.29
4003,576,2023 Titans Second League,2023,32995,02/12/2023,20231202,3302,3303,2,SINOVILLE 4,Sallas De Jager,3812055,c b Juan V,Juan V,2987480,,,2987480,5,9,0,0,55.56
4003,576,2023 Titans Second League,2023,32995,02/12/2023,20231202,3302,3303,2,SINOVILLE 4,Wian Van Deventer,3255254,lbw b Juan V,Juan V,2987480,,,2987480,33,22,0,0,150.00
4003,576,2023 Titans Second League,2023,32995,02/12/2023,20231202,3302,3303,2,SINOVILLE 4,Luca Bairos,3586611,c b Juan V,Juan V,2987480,,,2987480,0,3,0,0,0.00
4003,576,2023 Titans Second League,2023,32995,02/12/2023,20231202,3302,3303,2,SINOVILLE 4,Stanley Fabri,3056139,b Juan V,Juan V,2987480,,,2987480,3,7,0,0,42.86
4003,576,2023 Titans Second League,2023,32995,02/12/2023,20231202,3302,3303,2,SINOVILLE 4,Klippies Marais,3812054,c b Keldon v,Keldon v,3812052,,,3812052,3,7,0,0,42.86
4003,576,2023 Titans Second League,2023,32995,02/12/2023,20231202,3302,3303,2,SINOVILLE 4,Du Preez Prinsloo,3242451,lbw b Ruan B,Ruan B,2936745,,,2936745,11,14,0,0,78.57
4003,576,2023 Titans Second League,2023,32995,02/12/2023,20231202,3302,3303,2,SINOVILLE 4,Jp Roets,3195753,b Ruan B,Ruan B,2936745,,,2936745,23,23,0,0,100.00
4003,576,2023 Titans Second League,2023,32995,02/12/2023,20231202,3302,3303,2,SINOVILLE 4,Danie Kruger,3745390,not out,,,,,,1,8,0,0,12.50
4003,576,2023 Titans Second League,2023,32995,02/12/2023,20231202,3302,3303,2,SINOVILLE 4,Ian Dorfling,3795252,b Pieter J,Pieter J,2934773,,,2934773,0,4,0,0,0.00
3906,576,2023 Titans Second League,2023,32995,25/11/2023,20231125,3302,3299,1,SINOVILLE 3,Wian Munnik,3795658,c † Gerhard S b Tyler M,Gerhard S,3713453,Tyler M,3729934,"3713453,3729934",5,9,1,0,55.56
3906,576,2023 Titans Second League,2023,32995,25/11/2023,20231125,3302,3299,1,SINOVILLE 3,Divan Behrens,3257324,c † Gerhard S b Hendré v,Gerhard S,3713453,Hendré v,3713455,"3713453,3713455",75,86,6,2,87.21
3906,576,2023 Titans Second League,2023,32995,25/11/2023,20231125,3302,3299,1,SINOVILLE 3,Tiaan Lotter,2934784,c&b Jacques V,Jacques V,3795662,,,3795662,48,29,5,3,165.52
3906,576,2023 Titans Second League,2023,32995,25/11/2023,20231125,3302,3299,1,SINOVILLE 3,Jan Verwas,3795657,c&b Kyle K,Kyle K,2985826,,,2985826,29,34,5,0,85.29
3906,576,2023 Titans Second League,2023,32995,25/11/2023,20231125,3302,3299,1,SINOVILLE 3,Ruben Munnik,3795660,c&b Kyle K,Kyle K,2985826,,,2985826,4,31,0,0,12.90
3906,576,2023 Titans Second League,2023,32995,25/11/2023,20231125,3302,3299,1,SINOVILLE 3,Stephan Lotter,2990921,c&b Josh B,Josh B,3795663,,,3795663,17,15,1,1,113.33
3906,576,2023 Titans Second League,2023,32995,25/11/2023,20231125,3302,3299,1,SINOVILLE 3,Keaton Steenkamp,2944947,c&b Jared F,Jared F,3795661,,,3795661,7,12,1,0,58.33
3906,576,2023 Titans Second League,2023,32995,25/11/2023,20231125,3302,3299,1,SINOVILLE 3,Dieter Munnik,3795659,lbw b Jared F,Jared F,3795661,,,3795661,11,16,1,0,68.75
3906,576,2023 Titans Second League,2023,32995,25/11/2023,20231125,3302,3299,1,SINOVILLE 3,Berno Klopper,3180553,c&b Josh B,Josh B,3795663,,,3795663,0,4,0,0,0.00
3906,576,2023 Titans Second League,2023,32995,25/11/2023,20231125,3302,3299,1,SINOVILLE 3,Christie Klopper,3772083,c&b Josh B,Josh B,3795663,,,3795663,0,4,0,0,0.00
3906,576,2023 Titans Second League,2023,32995,25/11/2023,20231125,3302,3299,1,SINOVILLE 3,Jp Roets,3031810,not out,,,,,,0,0,0,0,0.00
3906,576,2023 Titans Second League,2023,32995,25/11/2023,20231125,3302,3299,2,IRENE VILLAGERS 3,Divan Cilliers,3713448,c Berno K b Keaton S,Berno K,3180553,Keaton S,2944947,"3180553,2944947",22,21,5,0,104.76
3906,576,2023 Titans Second League,2023,32995,25/11/2023,20231125,3302,3299,2,IRENE VILLAGERS 3,Jared Fourie,3795661,c&b Divan B,Divan B,3257324,,,3257324,0,7,0,0,0.00
3906,576,2023 Titans Second League,2023,32995,25/11/2023,20231125,3302,3299,2,IRENE VILLAGERS 3,Nick Brook,3745432,c Stephan L b Ruben M,Stephan L,2990921,Ruben M,3795660,"2990921,3795660",68,86,6,1,79.07
3906,576,2023 Titans Second League,2023,32995,25/11/2023,20231125,3302,3299,2,IRENE VILLAGERS 3,Chris Van Niekerk,3713451,b Divan B,Divan B,3257324,,,3257324,0,8,0,0,0.00
3906,576,2023 Titans Second League,2023,32995,25/11/2023,20231125,3302,3299,2,IRENE VILLAGERS 3,Gerhard Swanepoel,3713453,b JP R,JP R,3031810,,,3031810,12,17,0,0,70.59
3906,576,2023 Titans Second League,2023,32995,25/11/2023,20231125,3302,3299,2,IRENE VILLAGERS 3,Hendré Van Niekerk,3713455,c&b JP R,JP R,3031810,,,3031810,1,2,0,0,50.00
3906,576,2023 Titans Second League,2023,32995,25/11/2023,20231125,3302,3299,2,IRENE VILLAGERS 3,Matthew Collins,3729933,lbw b JP R,JP R,3031810,,,3031810,19,20,2,0,95.00
3906,576,2023 Titans Second League,2023,32995,25/11/2023,20231125,3302,3299,2,IRENE VILLAGERS 3,Jacques Van Rooyen,3795662,c Divan B b Tiaan L,Divan B,3257324,Tiaan L,2934784,"3257324,2934784",6,7,0,1,85.71
3906,576,2023 Titans Second League,2023,32995,25/11/2023,20231125,3302,3299,2,IRENE VILLAGERS 3,Kyle Kunneke,2985826,not out,,,,,,44,59,4,0,74.58
3906,576,2023 Titans Second League,2023,32995,25/11/2023,20231125,3302,3299,2,IRENE VILLAGERS 3,Josh Botes,3795663,St Christie K b Ruben M,Christie K,3772083,Ruben M,3795660,"3772083,3795660",6,9,0,0,66.67
3906,576,2023 Titans Second League,2023,32995,25/11/2023,20231125,3302,3299,2,IRENE VILLAGERS 3,Tyler Miller,3729934,b Keaton S,Keaton S,2944947,,,2944947,6,12,1,0,50.00
3901,576,2023 Titans Second League,2023,32995,25/11/2023,20231125,3298,3300,1,CBCOB 3,Willem Sevenster,2049746,lbw b Andro V,Andro V,3713342,,,3713342,30,21,4,2,142.86
3901,576,2023 Titans Second League,2023,32995,25/11/2023,20231125,3298,3300,1,CBCOB 3,Dillon Kotze,3729565,c Callen S b Ruan B,Callen S,3782749,Ruan B,3180560,"3782749,3180560",6,30,1,0,20.00
3901,576,2023 Titans Second League,2023,32995,25/11/2023,20231125,3298,3300,1,CBCOB 3,Rigardt Saaiman,3729566,c&b Andro V,Andro V,3713342,,,3713342,6,10,1,0,60.00
3901,576,2023 Titans Second League,2023,32995,25/11/2023,20231125,3298,3300,1,CBCOB 3,Louis Van Zyl,3003071,c James T b Justin V,James T,2936917,Justin V,2936896,"2936917,2936896",39,52,5,2,75.00
3901,576,2023 Titans Second League,2023,32995,25/11/2023,20231125,3298,3300,1,CBCOB 3,Johan Broekman,3069548,Hit Wicket Ruan B,Ruan B,3180560,,,3180560,1,13,0,0,7.69
3901,576,2023 Titans Second League,2023,32995,25/11/2023,20231125,3298,3300,1,CBCOB 3,Armin Havenga,3729570,c Ruan B b Justin V,Ruan B,3180560,Justin V,2936896,"3180560,2936896",24,33,3,1,72.73
3901,576,2023 Titans Second League,2023,32995,25/11/2023,20231125,3298,3300,1,CBCOB 3,Hj A,3795620,b Justin V,Justin V,2936896,,,2936896,17,15,1,1,113.33
3901,576,2023 Titans Second League,2023,32995,25/11/2023,20231125,3298,3300,1,CBCOB 3,Motheo B,3795621,c&b James T,James T,2936917,,,2936917,6,14,0,1,42.86
3901,576,2023 Titans Second League,2023,32995,25/11/2023,20231125,3298,3300,1,CBCOB 3,Raymond Vd Berg,3795619,c&b Justin V,Justin V,2936896,,,2936896,2,5,0,0,40.00
3901,576,2023 Titans Second League,2023,32995,25/11/2023,20231125,3298,3300,1,CBCOB 3,Dian Van Der Walt,2936868,b Justin V,Justin V,2936896,,,2936896,5,9,1,0,55.56
3901,576,2023 Titans Second League,2023,32995,25/11/2023,20231125,3298,3300,1,CBCOB 3,Ivan Havenga,3729571,not out,,,,,,0,1,0,0,0.00
3901,576,2023 Titans Second League,2023,32995,25/11/2023,20231125,3298,3300,2,PHSOB 3,Sheldon Meiring,3772079,c Johan B b Dian V,Johan B,3069548,Dian V,2936868,"3069548,2936868",1,7,0,0,14.29
3901,576,2023 Titans Second League,2023,32995,25/11/2023,20231125,3298,3300,2,PHSOB 3,Duan St Arnaud,3145215,c † Willem S b Ivan H,Willem S,2049746,Ivan H,3729571,"2049746,3729571",0,7,0,0,0.00
3901,576,2023 Titans Second League,2023,32995,25/11/2023,20231125,3298,3300,2,PHSOB 3,Callen Stephen,3782749,not out,,,,,,71,79,8,5,89.87
3901,576,2023 Titans Second League,2023,32995,25/11/2023,20231125,3298,3300,2,PHSOB 3,Pippie Kemm,3033949,not out,,,,,,58,67,9,1,86.57
3892,576,2023 Titans Second League,2023,32995,25/11/2023,20231125,3303,3307,1,SINOVILLE 4,Deon Van Huysteen,3795246,b Christoff Pompie H,Christoff Pompie H,2985831,,,2985831,35,41,3,1,85.37
3892,576,2023 Titans Second League,2023,32995,25/11/2023,20231125,3303,3307,1,SINOVILLE 4,Marco Rudolph,3795245,c Matthew T b Ruan E,Matthew T,2985834,Ruan E,2985830,"2985834,2985830",14,18,2,1,77.78
3892,576,2023 Titans Second League,2023,32995,25/11/2023,20231125,3303,3307,1,SINOVILLE 4,Aidan Van Der Westhuizen,3795247,c Ruan E b Botha G,Ruan E,2985830,Botha G,3795241,"2985830,3795241",24,36,3,1,66.67
3892,576,2023 Titans Second League,2023,32995,25/11/2023,20231125,3303,3307,1,SINOVILLE 4,Luca Bairos,3586611,c Elro V b Christoff Pompie H,Elro V,3745425,Christoff Pompie H,2985831,"3745425,2985831",14,17,2,0,82.35
3892,576,2023 Titans Second League,2023,32995,25/11/2023,20231125,3303,3307,1,SINOVILLE 4,Ruan Prinsloo,3795251,c Botha G b Stefan S,Botha G,3795241,Stefan S,2985833,"3795241,2985833",51,48,4,0,106.25
3892,576,2023 Titans Second League,2023,32995,25/11/2023,20231125,3303,3307,1,SINOVILLE 4,Andre Kruyshaar,3795248,c Logan C b Amohelang S,Logan C,3795243,Amohelang S,3795244,"3795243,3795244",9,13,0,0,69.23
3892,576,2023 Titans Second League,2023,32995,25/11/2023,20231125,3303,3307,1,SINOVILLE 4,Stanley Fabri,3056139,b Logan C,Logan C,3795243,,,3795243,19,31,1,0,61.29
3892,576,2023 Titans Second League,2023,32995,25/11/2023,20231125,3303,3307,1,SINOVILLE 4,Du Preez Prinsloo,3242451,run out ( Matthew T ),Matthew T,2985834,,,2985834,3,8,0,0,37.50
3892,576,2023 Titans Second League,2023,32995,25/11/2023,20231125,3303,3307,1,SINOVILLE 4,Martin Faber,3795250,St Stefan S b Stefan S,Stefan S,2985833,Stefan S,2985833,"2985833,2985833",7,9,0,0,77.78
3892,576,2023 Titans Second League,2023,32995,25/11/2023,20231125,3303,3307,1,SINOVILLE 4,Ian Dorfling,3795252,not out,,,,,,3,2,0,0,150.00
3892,576,2023 Titans Second League,2023,32995,25/11/2023,20231125,3303,3307,1,SINOVILLE 4,Dries Van Der Lith,2934771,b Logan C,Logan C,3795243,,,3795243,0,1,0,0,0.00
3892,576,2023 Titans Second League,2023,32995,25/11/2023,20231125,3303,3307,2,IRENE VILLAGERS 4,Matthew Thurbon,2985834,c Martin F b Aidan V,Martin F,3795250,Aidan V,3795247,"3795250,3795247",26,35,4,0,74.29
3892,576,2023 Titans Second League,2023,32995,25/11/2023,20231125,3303,3307,2,IRENE VILLAGERS 4,Stefan Strydom,2985833,c Martin F b Aidan V,Martin F,3795250,Aidan V,3795247,"3795250,3795247",23,24,5,0,95.83
3892,576,2023 Titans Second League,2023,32995,25/11/2023,20231125,3303,3307,2,IRENE VILLAGERS 4,Christoff Pompie Helm,2985831,b Andre K,Andre K,3795248,,,3795248,27,52,2,0,51.92
3892,576,2023 Titans Second League,2023,32995,25/11/2023,20231125,3303,3307,2,IRENE VILLAGERS 4,Ryan Thurbon,3771716,b Aidan V,Aidan V,3795247,,,3795247,0,3,0,0,0.00
3892,576,2023 Titans Second League,2023,32995,25/11/2023,20231125,3303,3307,2,IRENE VILLAGERS 4,Ruan Ebersohn,2985830,b Dries V,Dries V,2934771,,,2934771,25,60,2,0,41.67
3892,576,2023 Titans Second League,2023,32995,25/11/2023,20231125,3303,3307,2,IRENE VILLAGERS 4,Botha Geldenhuis,3795241,c Ian D b Andre K,Ian D,3795252,Andre K,3795248,"3795252,3795248",2,8,0,0,25.00
3892,576,2023 Titans Second League,2023,32995,25/11/2023,20231125,3303,3307,2,IRENE VILLAGERS 4,Logan Claasen,3795243,St Deon V b Andre K,Deon V,3795246,Andre K,3795248,"3795246,3795248",0,2,0,0,0.00
3892,576,2023 Titans Second League,2023,32995,25/11/2023,20231125,3303,3307,2,IRENE VILLAGERS 4,Amohelang Sebati,3795244,c Stanley F b Aidan V,Stanley F,3056139,Aidan V,3795247,"3056139,3795247",12,24,2,0,50.00
3892,576,2023 Titans Second League,2023,32995,25/11/2023,20231125,3303,3307,2,IRENE VILLAGERS 4,Elro Van Der Heever,3745425,c Martin F b Marco R,Martin F,3795250,Marco R,3795245,"3795250,3795245",1,8,0,0,12.50
3892,576,2023 Titans Second League,2023,32995,25/11/2023,20231125,3303,3307,2,IRENE VILLAGERS 4,Chumani Ngcokovane,3795242,c Martin F b Andre K,Martin F,3795250,Andre K,3795248,"3795250,3795248",4,10,1,0,40.00
3892,576,2023 Titans Second League,2023,32995,25/11/2023,20231125,3303,3307,2,IRENE VILLAGERS 4,Brent Hartley,2985828,not out,,,,,,0,3,0,0,0.00
3807,576,2023 Titans Second League,2023,32995,18/11/2023,20231118,3306,3304,1,HARLEQUINS 3,Shafiq Jacobs,3783177,c † Frits S b Martin V,Frits S,2936846,Martin V,2840539,"2936846,2840539",12,8,3,0,150.00
3807,576,2023 Titans Second League,2023,32995,18/11/2023,20231118,3306,3304,1,HARLEQUINS 3,Koketjo Moselenyane,3783176,b Martin V,Martin V,2840539,,,2840539,10,10,1,1,100.00
3807,576,2023 Titans Second League,2023,32995,18/11/2023,20231118,3306,3304,1,HARLEQUINS 3,Pete Harlequins 3,3783175,c † Frits S b Donovan d,Frits S,2936846,Donovan d,3713457,"2936846,3713457",103,120,14,1,85.83
3807,576,2023 Titans Second League,2023,32995,18/11/2023,20231118,3306,3304,1,HARLEQUINS 3,Qiyaam Harlequins 3,3783174,c † Frits S b Elandré v,Frits S,2936846,Elandré v,3713456,"2936846,3713456",21,23,5,0,91.30
3807,576,2023 Titans Second League,2023,32995,18/11/2023,20231118,3306,3304,1,HARLEQUINS 3,Christoff Van Rooyen,3783173,not out,,,,,,76,88,5,1,86.36
3807,576,2023 Titans Second League,2023,32995,18/11/2023,20231118,3306,3304,1,HARLEQUINS 3,Stiaan Schmiedeskamp,3783172,not out,,,,,,15,21,1,0,71.43
3807,576,2023 Titans Second League,2023,32995,18/11/2023,20231118,3306,3304,2,TUKS 5,Frits Snyman,2936846,b Joe V,Joe V,3783170,,,3783170,58,84,6,0,69.05
3807,576,2023 Titans Second League,2023,32995,18/11/2023,20231118,3306,3304,2,TUKS 5,Nico De Bruyn,3180581,c Substitute b Burgert K,Burgert K,3783168,,,3783168,23,20,2,1,115.00
3807,576,2023 Titans Second League,2023,32995,18/11/2023,20231118,3306,3304,2,TUKS 5,Aerton Helena,2936841,c Substitute b Gerrie M,Gerrie M,3783169,,,3783169,28,26,2,1,107.69
3807,576,2023 Titans Second League,2023,32995,18/11/2023,20231118,3306,3304,2,TUKS 5,Christian Strydom,2936847,c Substitute b Pieter R,Pieter R,2939189,,,2939189,52,44,7,2,118.18
3807,576,2023 Titans Second League,2023,32995,18/11/2023,20231118,3306,3304,2,TUKS 5,Martin Van Tonder,2840539,not out,,,,,,9,8,1,0,112.50
3807,576,2023 Titans Second League,2023,32995,18/11/2023,20231118,3306,3304,2,TUKS 5,Marius Bornman,2936833,not out,,,,,,14,4,3,0,350.00
3806,576,2023 Titans Second League,2023,32995,18/11/2023,20231118,3298,3307,1,CBCOB 3,Willem Sevenster,2049746,c&b Jacques V,Jacques V,3745426,,,3745426,27,14,1,2,192.86
3806,576,2023 Titans Second League,2023,32995,18/11/2023,20231118,3298,3307,1,CBCOB 3,Dylan Kotze,2987579,c Brent H b Elro V,Brent H,2985828,Elro V,3745425,"2985828,3745425",1,2,0,0,50.00
3806,576,2023 Titans Second League,2023,32995,18/11/2023,20231118,3298,3307,1,CBCOB 3,Simion Muller,3783164,lbw b Jacques V,Jacques V,3745426,,,3745426,11,14,2,0,78.57
3806,576,2023 Titans Second League,2023,32995,18/11/2023,20231118,3298,3307,1,CBCOB 3,Louis Van Zyl,3003071,c&b Jacques V,Jacques V,3745426,,,3745426,22,15,4,0,146.67
3806,576,2023 Titans Second League,2023,32995,18/11/2023,20231118,3298,3307,1,CBCOB 3,Paul Gouws,3056110,b Donavan K,Donavan K,3018251,,,3018251,22,31,4,0,70.97
3806,576,2023 Titans Second League,2023,32995,18/11/2023,20231118,3298,3307,1,CBCOB 3,Rigardt Saaiman,3729566,b Jacques V,Jacques V,3745426,,,3745426,24,49,3,0,48.98
3806,576,2023 Titans Second League,2023,32995,18/11/2023,20231118,3298,3307,1,CBCOB 3,Rudi Loibner,2935397,b Ruan E,Ruan E,2985830,,,2985830,0,5,0,0,0.00
3806,576,2023 Titans Second League,2023,32995,18/11/2023,20231118,3298,3307,1,CBCOB 3,Johan Broekman,3069548,not out,,,,,,31,22,4,0,140.91
3806,576,2023 Titans Second League,2023,32995,18/11/2023,20231118,3298,3307,1,CBCOB 3,Gerrald Gouws,3056111,b Jacques V,Jacques V,3745426,,,3745426,3,5,0,0,60.00
3806,576,2023 Titans Second League,2023,32995,18/11/2023,20231118,3298,3307,1,CBCOB 3,Wessel Herbst,3783166,b Jared F,Jared F,3783167,,,3783167,6,7,1,0,85.71
3806,576,2023 Titans Second League,2023,32995,18/11/2023,20231118,3298,3307,1,CBCOB 3,Jaden Beukes,3783165,c&b Jared F,Jared F,3783167,,,3783167,0,1,0,0,0.00
3806,576,2023 Titans Second League,2023,32995,18/11/2023,20231118,3298,3307,2,IRENE VILLAGERS 4,Stefan Strydom,2985833,c Louis v b Paul G,Louis v,3003071,Paul G,3056110,"3003071,3056110",30,19,6,0,157.89
3806,576,2023 Titans Second League,2023,32995,18/11/2023,20231118,3298,3307,2,IRENE VILLAGERS 4,Matthew Thurbon,2985834,b Wessel H,Wessel H,3783166,,,3783166,19,22,2,0,86.36
3806,576,2023 Titans Second League,2023,32995,18/11/2023,20231118,3298,3307,2,IRENE VILLAGERS 4,Ryan Thurbon,3771716,b Rigardt S,Rigardt S,3729566,,,3729566,10,40,1,0,25.00
3806,576,2023 Titans Second League,2023,32995,18/11/2023,20231118,3298,3307,2,IRENE VILLAGERS 4,Brent Hartley,2985828,b Johan B,Johan B,3069548,,,3069548,5,24,0,0,20.83
3806,576,2023 Titans Second League,2023,32995,18/11/2023,20231118,3298,3307,2,IRENE VILLAGERS 4,Jacques Van Rooyen,3745426,c&b Wessel H,Wessel H,3783166,,,3783166,6,6,1,0,100.00
3806,576,2023 Titans Second League,2023,32995,18/11/2023,20231118,3298,3307,2,IRENE VILLAGERS 4,Jared Fourie,3783167,b Rigardt S,Rigardt S,3729566,,,3729566,0,6,0,0,0.00
3806,576,2023 Titans Second League,2023,32995,18/11/2023,20231118,3298,3307,2,IRENE VILLAGERS 4,Christoff Pompie Helm,2985831,not out,,,,,,26,56,1,0,46.43
3806,576,2023 Titans Second League,2023,32995,18/11/2023,20231118,3298,3307,2,IRENE VILLAGERS 4,Donavan Kretschmer,3018251,c Paul G b Johan B,Paul G,3056110,Johan B,3069548,"3056110,3069548",0,2,0,0,0.00
3806,576,2023 Titans Second League,2023,32995,18/11/2023,20231118,3298,3307,2,IRENE VILLAGERS 4,Ruan Ebersohn,2985830,c Willem S b Jaden B,Willem S,2049746,Jaden B,3783165,"2049746,3783165",7,24,1,0,29.17
3806,576,2023 Titans Second League,2023,32995,18/11/2023,20231118,3298,3307,2,IRENE VILLAGERS 4,Elro Van Der Heever,3745425,c Rigardt S b Louis v,Rigardt S,3729566,Louis v,3003071,"3729566,3003071",0,9,0,0,0.00
3795,576,2023 Titans Second League,2023,32995,18/11/2023,20231118,3300,3299,1,PHSOB 3,Christo Swanepoel,2936900,c Bennie V b Tyler M,Bennie V,3713450,Tyler M,3729934,"3713450,3729934",4,15,0,0,26.67
3795,576,2023 Titans Second League,2023,32995,18/11/2023,20231118,3300,3299,1,PHSOB 3,Callen Stephen,3782749,b Matthew C,Matthew C,3729933,,,3729933,0,3,0,0,0.00
3795,576,2023 Titans Second League,2023,32995,18/11/2023,20231118,3300,3299,1,PHSOB 3,Heinrich Bisschoff,2936904,c Nick B b Gerhard S,Nick B,3745432,Gerhard S,3713453,"3745432,3713453",76,89,6,2,85.39
3795,576,2023 Titans Second League,2023,32995,18/11/2023,20231118,3300,3299,1,PHSOB 3,Duan St Arnaud,3145215,c Kyle K b Hendré v,Kyle K,2985826,Hendré v,3713455,"2985826,3713455",56,75,9,0,74.67
3795,576,2023 Titans Second League,2023,32995,18/11/2023,20231118,3300,3299,1,PHSOB 3,Phillip Bester,3782750,c Gerhard S b Hendré v,Gerhard S,3713453,Hendré v,3713455,"3713453,3713455",1,11,0,0,9.09
3795,576,2023 Titans Second League,2023,32995,18/11/2023,20231118,3300,3299,1,PHSOB 3,Justin Van Bassen,2936896,c Hendré v b Kyle K,Hendré v,3713455,Kyle K,2985826,"3713455,2985826",4,3,1,0,133.33
3795,576,2023 Titans Second League,2023,32995,18/11/2023,20231118,3300,3299,1,PHSOB 3,Sheldon Meiring,3772079,not out,,,,,,48,42,4,1,114.29
3795,576,2023 Titans Second League,2023,32995,18/11/2023,20231118,3300,3299,1,PHSOB 3,Steven Meyburgh,2937220,c Henco M b Tyler M,Henco M,3771718,Tyler M,3729934,"3771718,3729934",0,1,0,0,0.00
3795,576,2023 Titans Second League,2023,32995,18/11/2023,20231118,3300,3299,1,PHSOB 3,Jj Lesolang,3772080,c Bennie V b Gerhard S,Bennie V,3713450,Gerhard S,3713453,"3713450,3713453",2,6,0,0,33.33
3795,576,2023 Titans Second League,2023,32995,18/11/2023,20231118,3300,3299,1,PHSOB 3,Tyler Lockhart,3772078,not out,,,,,,9,19,0,0,47.37
3795,576,2023 Titans Second League,2023,32995,18/11/2023,20231118,3300,3299,2,IRENE VILLAGERS 3,Divan Cilliers,3713448,c&b Steven M,Steven M,2937220,,,2937220,58,45,6,4,128.89
3795,576,2023 Titans Second League,2023,32995,18/11/2023,20231118,3300,3299,2,IRENE VILLAGERS 3,Justin Reynolds,3713446,c Justin V b Christo S,Justin V,2936896,Christo S,2936900,"2936896,2936900",0,3,0,0,0.00
3795,576,2023 Titans Second League,2023,32995,18/11/2023,20231118,3300,3299,2,IRENE VILLAGERS 3,Bennie Viljoen,3713450,b Regan P,Regan P,3713341,,,3713341,10,15,1,0,66.67
3795,576,2023 Titans Second League,2023,32995,18/11/2023,20231118,3300,3299,2,IRENE VILLAGERS 3,Nick Brook,3745432,not out,,,,,,51,49,4,3,104.08
3795,576,2023 Titans Second League,2023,32995,18/11/2023,20231118,3300,3299,2,IRENE VILLAGERS 3,Henco Murphy,3771718,not out,,,,,,10,22,0,0,45.45
3691,576,2023 Titans Second League,2023,32995,11/11/2023,20231111,3305,3304,1,TUT 3,Niel Coetzee,3018224,c Lehlohonolo M b Donovan d,Lehlohonolo M,3266899,Donovan d,3713457,"3266899,3713457",29,72,3,0,40.28
3691,576,2023 Titans Second League,2023,32995,11/11/2023,20231111,3305,3304,1,TUT 3,Barry Van Nieuwenhuize,3713345,c † Johanco F b Tiaan E,Johanco F,3255252,Tiaan E,2936837,"3255252,2936837",8,21,0,0,38.10
3691,576,2023 Titans Second League,2023,32995,11/11/2023,20231111,3305,3304,1,TUT 3,Nico Minnaar,3713344,c † Johanco F b Martin V,Johanco F,3255252,Martin V,2840539,"3255252,2840539",5,5,1,0,100.00
3691,576,2023 Titans Second League,2023,32995,11/11/2023,20231111,3305,3304,1,TUT 3,Wessel Maree,2449861,c † Johanco F b Gerhard D,Johanco F,3255252,Gerhard D,2936835,"3255252,2936835",8,13,2,0,61.54
3691,576,2023 Titans Second League,2023,32995,11/11/2023,20231111,3305,3304,1,TUT 3,Jeandre Roux,3018228,b Christian S,Christian S,2936847,,,2936847,0,4,0,0,0.00
3691,576,2023 Titans Second League,2023,32995,11/11/2023,20231111,3305,3304,1,TUT 3,Stefan Grobler,3018230,c Andre V b Donovan d,Andre V,3266939,Donovan d,3713457,"3266939,3713457",27,26,2,2,103.85
3691,576,2023 Titans Second League,2023,32995,11/11/2023,20231111,3305,3304,1,TUT 3,Charl Foxcroft,2097177,not out,,,,,,24,33,2,0,72.73
3691,576,2023 Titans Second League,2023,32995,11/11/2023,20231111,3305,3304,1,TUT 3,Mark Bekker,3146406,c Marius B b Donovan d,Marius B,2936833,Donovan d,3713457,"2936833,3713457",7,10,0,1,70.00
3691,576,2023 Titans Second League,2023,32995,11/11/2023,20231111,3305,3304,1,TUT 3,Micheal Tut3,3772114,c Gerhard D b Aerton H,Gerhard D,2936835,Aerton H,2936841,"2936835,2936841",0,10,0,0,0.00
3691,576,2023 Titans Second League,2023,32995,11/11/2023,20231111,3305,3304,1,TUT 3,Dewald Basson,3018234,b Lehlohonolo M,Lehlohonolo M,3266899,,,3266899,3,22,0,0,13.64
3691,576,2023 Titans Second League,2023,32995,11/11/2023,20231111,3305,3304,1,TUT 3,Riaan Scheepers,3713347,b Lehlohonolo M,Lehlohonolo M,3266899,,,3266899,5,6,1,0,83.33
3691,576,2023 Titans Second League,2023,32995,11/11/2023,20231111,3305,3304,2,TUKS 5,Marius Bornman,2936833,b Nico M,Nico M,3713344,,,3713344,18,8,4,0,225.00
3691,576,2023 Titans Second League,2023,32995,11/11/2023,20231111,3305,3304,2,TUKS 5,Martin Van Tonder,2840539,b Nico M,Nico M,3713344,,,3713344,38,30,5,0,126.67
3691,576,2023 Titans Second League,2023,32995,11/11/2023,20231111,3305,3304,2,TUKS 5,Aerton Helena,2936841,not out,,,,,,50,51,8,0,98.04
3691,576,2023 Titans Second League,2023,32995,11/11/2023,20231111,3305,3304,2,TUKS 5,Johanco Faihst,3255252,not out,,,,,,20,28,3,0,71.43
3689,576,2023 Titans Second League,2023,32995,11/11/2023,20231111,3300,3302,1,PHSOB 3,Tyler Lockhart,3772078,c Davie F b Wian v,Davie F,3277437,Wian v,3257325,"3277437,3257325",6,20,1,0,30.00
3689,576,2023 Titans Second League,2023,32995,11/11/2023,20231111,3300,3302,1,PHSOB 3,Christo Swanepoel,2936900,c Berno K b Stanley F,Berno K,3180553,Stanley F,3056139,"3180553,3056139",4,16,1,0,25.00
3689,576,2023 Titans Second League,2023,32995,11/11/2023,20231111,3300,3302,1,PHSOB 3,Jade Richter,2936920,c † Christie K b Hendre D,Christie K,3772083,Hendre D,2987477,"3772083,2987477",20,21,5,0,95.24
3689,576,2023 Titans Second League,2023,32995,11/11/2023,20231111,3300,3302,1,PHSOB 3,Duan St Arnaud,3145215,c Stanley F b Tiaan B,Stanley F,3056139,Tiaan B,3772082,"3056139,3772082",104,94,8,8,110.64
3689,576,2023 Titans Second League,2023,32995,11/11/2023,20231111,3300,3302,1,PHSOB 3,Justin Van Bassen,2936896,run out ( Hendre D / Andre K ),Hendre D,2987477,Andre K,3772081,"2987477,3772081",20,13,2,2,153.85
3689,576,2023 Titans Second League,2023,32995,11/11/2023,20231111,3300,3302,1,PHSOB 3,Sheldon Meiring,3772079,c Substitute b Hendre D,Hendre D,2987477,,,2987477,10,11,0,1,90.91
3689,576,2023 Titans Second League,2023,32995,11/11/2023,20231111,3300,3302,1,PHSOB 3,Ruan Brenner,3180560,b Stanley F,Stanley F,3056139,,,3056139,54,50,6,4,108.00
3689,576,2023 Titans Second League,2023,32995,11/11/2023,20231111,3300,3302,1,PHSOB 3,Jj Lesolang,3772080,c&b Quintin P,Quintin P,3745417,,,3745417,1,6,0,0,16.67
3689,576,2023 Titans Second League,2023,32995,11/11/2023,20231111,3300,3302,1,PHSOB 3,Steven Meyburgh,2937220,c Berno K b Wian v,Berno K,3180553,Wian v,3257325,"3180553,3257325",40,23,2,4,173.91
3689,576,2023 Titans Second League,2023,32995,11/11/2023,20231111,3300,3302,1,PHSOB 3,Regan Pruss,3713341,not out,,,,,,8,7,1,0,114.29
3689,576,2023 Titans Second League,2023,32995,11/11/2023,20231111,3300,3302,1,PHSOB 3,Andro Vosloo,3713342,b Stanley F,Stanley F,3056139,,,3056139,9,4,0,1,225.00
3689,576,2023 Titans Second League,2023,32995,11/11/2023,20231111,3300,3302,2,SINOVILLE 3,Quintin Pretorius,3745417,Retired Out,,,,,,68,41,5,7,165.85
3689,576,2023 Titans Second League,2023,32995,11/11/2023,20231111,3300,3302,2,SINOVILLE 3,Marco Rudolph,3229694,c&b Andro V,Andro V,3713342,,,3713342,20,20,4,0,100.00
3689,576,2023 Titans Second League,2023,32995,11/11/2023,20231111,3300,3302,2,SINOVILLE 3,Hendre Du Toit,2987477,c † Justin V b Andro V,Justin V,2936896,Andro V,3713342,"2936896,3713342",1,11,0,0,9.09
3689,576,2023 Titans Second League,2023,32995,11/11/2023,20231111,3300,3302,2,SINOVILLE 3,Wian Van Deventer,3257325,c JJ L b Christo S,JJ L,3772080,Christo S,2936900,"3772080,2936900",31,24,4,2,129.17
3689,576,2023 Titans Second League,2023,32995,11/11/2023,20231111,3300,3302,2,SINOVILLE 3,Tiaan Borman,3772082,lbw b Steven M,Steven M,2937220,,,2937220,0,1,0,0,0.00
3689,576,2023 Titans Second League,2023,32995,11/11/2023,20231111,3300,3302,2,SINOVILLE 3,Davie Fabri,3277437,b Steven M,Steven M,2937220,,,2937220,0,6,0,0,0.00
3689,576,2023 Titans Second League,2023,32995,11/11/2023,20231111,3300,3302,2,SINOVILLE 3,Berno Klopper,3180553,c&b Steven M,Steven M,2937220,,,2937220,12,14,2,0,85.71
3689,576,2023 Titans Second League,2023,32995,11/11/2023,20231111,3300,3302,2,SINOVILLE 3,Stanley Fabri,3056139,c Jade R b Steven M,Jade R,2936920,Steven M,2937220,"2936920,2937220",17,12,2,1,141.67
3689,576,2023 Titans Second League,2023,32995,11/11/2023,20231111,3300,3302,2,SINOVILLE 3,Andre Schoombee,3772084,lbw b Christo S,Christo S,2936900,,,2936900,5,9,1,0,55.56
3689,576,2023 Titans Second League,2023,32995,11/11/2023,20231111,3300,3302,2,SINOVILLE 3,Andre Kruyshaar,3772081,b Christo S,Christo S,2936900,,,2936900,1,7,0,0,14.29
3689,576,2023 Titans Second League,2023,32995,11/11/2023,20231111,3300,3302,2,SINOVILLE 3,Christie Klopper,3772083,not out,,,,,,0,1,0,0,0.00
3683,576,2023 Titans Second League,2023,32995,11/11/2023,20231111,3307,3299,1,IRENE VILLAGERS 4,Stefan Strydom,2985833,c Nick B b Juan V,Nick B,3745432,Juan V,3771719,"3745432,3771719",0,1,0,0,0.00
3683,576,2023 Titans Second League,2023,32995,11/11/2023,20231111,3307,3299,1,IRENE VILLAGERS 4,Gerbrandt Viviers,3018253,Retired Out,,,,,,43,39,7,1,110.26
3683,576,2023 Titans Second League,2023,32995,11/11/2023,20231111,3307,3299,1,IRENE VILLAGERS 4,Matthew Thurbon,2985834,c Matthew C b Kyle K,Matthew C,3729933,Kyle K,2985826,"3729933,2985826",18,37,1,0,48.65
3683,576,2023 Titans Second League,2023,32995,11/11/2023,20231111,3307,3299,1,IRENE VILLAGERS 4,Ryan Thurbon,3771716,lbw b Kyle K,Kyle K,2985826,,,2985826,6,25,0,0,24.00
3683,576,2023 Titans Second League,2023,32995,11/11/2023,20231111,3307,3299,1,IRENE VILLAGERS 4,Gunter Geyser,3771717,c Matthew C b Chris v,Matthew C,3729933,Chris v,3713451,"3729933,3713451",65,69,6,4,94.20
3683,576,2023 Titans Second League,2023,32995,11/11/2023,20231111,3307,3299,1,IRENE VILLAGERS 4,Brent Hartley,2985828,c Matthew C b Kyle K,Matthew C,3729933,Kyle K,2985826,"3729933,2985826",5,9,1,0,55.56
3683,576,2023 Titans Second League,2023,32995,11/11/2023,20231111,3307,3299,1,IRENE VILLAGERS 4,Christoff Pompie Helm,2985831,b Juan V,Juan V,3771719,,,3771719,2,13,0,0,15.38
3683,576,2023 Titans Second League,2023,32995,11/11/2023,20231111,3307,3299,1,IRENE VILLAGERS 4,Mulder Kotze,2985832,c Chris v b Gerhard S,Chris v,3713451,Gerhard S,3713453,"3713451,3713453",8,14,0,1,57.14
3683,576,2023 Titans Second League,2023,32995,11/11/2023,20231111,3307,3299,1,IRENE VILLAGERS 4,Donavan Kretschmer,3018251,b Gerhard S,Gerhard S,3713453,,,3713453,0,4,0,0,0.00
3683,576,2023 Titans Second League,2023,32995,11/11/2023,20231111,3307,3299,1,IRENE VILLAGERS 4,Jacques Van Rooyen,3745426,not out,,,,,,34,20,2,3,170.00
3683,576,2023 Titans Second League,2023,32995,11/11/2023,20231111,3307,3299,1,IRENE VILLAGERS 4,Ruan Ebersohn,2985830,b Juan V,Juan V,3771719,,,3771719,0,3,0,0,0.00
3683,576,2023 Titans Second League,2023,32995,11/11/2023,20231111,3307,3299,2,IRENE VILLAGERS 3,Divan Cilliers,3713448,run out ( Gunter G ),Gunter G,3771717,,,3771717,35,33,3,2,106.06
3683,576,2023 Titans Second League,2023,32995,11/11/2023,20231111,3307,3299,2,IRENE VILLAGERS 3,Bennie Viljoen,3713450,run out ( Gunter G ),Gunter G,3771717,,,3771717,47,29,8,0,162.07
3683,576,2023 Titans Second League,2023,32995,11/11/2023,20231111,3307,3299,2,IRENE VILLAGERS 3,Nick Brook,3745432,lbw b Gunter G,Gunter G,3771717,,,3771717,34,43,2,1,79.07
3683,576,2023 Titans Second League,2023,32995,11/11/2023,20231111,3307,3299,2,IRENE VILLAGERS 3,Henco Murphy,3771718,run out ( Donavan K ),Donavan K,3018251,,,3018251,31,55,2,0,56.36
3683,576,2023 Titans Second League,2023,32995,11/11/2023,20231111,3307,3299,2,IRENE VILLAGERS 3,Gerhard Swanepoel,3713453,b Ruan E,Ruan E,2985830,,,2985830,15,17,1,1,88.24
3683,576,2023 Titans Second League,2023,32995,11/11/2023,20231111,3307,3299,2,IRENE VILLAGERS 3,Marcel Cilliers,3713449,not out,,,,,,10,17,1,0,58.82
3683,576,2023 Titans Second League,2023,32995,11/11/2023,20231111,3307,3299,2,IRENE VILLAGERS 3,Hendré Van Niekerk,3713455,b Ruan E,Ruan E,2985830,,,2985830,1,3,0,0,33.33
3683,576,2023 Titans Second League,2023,32995,11/11/2023,20231111,3307,3299,2,IRENE VILLAGERS 3,Chris Van Niekerk,3713451,not out,,,,,,4,6,0,0,66.67
3581,576,2023 Titans Second League,2023,32995,04/11/2023,20231104,3302,3304,1,SINOVILLE 3,Kenny Rothe,3759636,c Andre V b Elandré v,Andre V,3266939,Elandré v,3713456,"3266939,3713456",25,32,2,0,78.12
3581,576,2023 Titans Second League,2023,32995,04/11/2023,20231104,3302,3304,1,SINOVILLE 3,Ivan Schoeman,3759630,c Riccardo O b Martin V,Riccardo O,2936842,Martin V,2840539,"2936842,2840539",34,27,5,1,125.93
3581,576,2023 Titans Second League,2023,32995,04/11/2023,20231104,3302,3304,1,SINOVILLE 3,Seun Bornman,3759631,c&b Aerton H,Aerton H,2936841,,,2936841,25,18,3,1,138.89
3581,576,2023 Titans Second League,2023,32995,04/11/2023,20231104,3302,3304,1,SINOVILLE 3,Darren Seale,3759640,lbw b Lee-John M,Lee-John M,3759628,,,3759628,11,27,1,0,40.74
3581,576,2023 Titans Second League,2023,32995,04/11/2023,20231104,3302,3304,1,SINOVILLE 3,Nico Labuschagne,3759638,c Donovan d b Elandré v,Donovan d,3713457,Elandré v,3713456,"3713457,3713456",4,4,1,0,100.00
3581,576,2023 Titans Second League,2023,32995,04/11/2023,20231104,3302,3304,1,SINOVILLE 3,Renier Bornman,3759634,c Aerton H b Nico d,Aerton H,2936841,Nico d,3180581,"2936841,3180581",16,15,2,1,106.67
3581,576,2023 Titans Second League,2023,32995,04/11/2023,20231104,3302,3304,1,SINOVILLE 3,Andries Botha,3759633,c Donovan d b Aerton H,Donovan d,3713457,Aerton H,2936841,"3713457,2936841",22,28,1,0,78.57
3581,576,2023 Titans Second League,2023,32995,04/11/2023,20231104,3302,3304,1,SINOVILLE 3,Robert Bornman,3759635,c Donovan d b Riccardo O,Donovan d,3713457,Riccardo O,2936842,"3713457,2936842",3,6,0,0,50.00
3581,576,2023 Titans Second League,2023,32995,04/11/2023,20231104,3302,3304,1,SINOVILLE 3,Jaco Ferreira,3759639,c Aerton H b Andre V,Aerton H,2936841,Andre V,3266939,"2936841,3266939",2,5,0,0,40.00
3581,576,2023 Titans Second League,2023,32995,04/11/2023,20231104,3302,3304,1,SINOVILLE 3,Brandon Van Der Merwe,3759637,b Andre V,Andre V,3266939,,,3266939,1,4,0,0,25.00
3581,576,2023 Titans Second League,2023,32995,04/11/2023,20231104,3302,3304,1,SINOVILLE 3,Riaan Labuschagne,3759632,not out,,,,,,3,16,0,0,18.75
3581,576,2023 Titans Second League,2023,32995,04/11/2023,20231104,3302,3304,2,TUKS 5,Frits Snyman,2936846,c Substitute b Seun B,Seun B,3759631,,,3759631,25,53,2,0,47.17
3581,576,2023 Titans Second League,2023,32995,04/11/2023,20231104,3302,3304,2,TUKS 5,Nico De Bruyn,3180581,c † Darren S b Renier B,Darren S,3759640,Renier B,3759634,"3759640,3759634",20,26,3,0,76.92
3581,576,2023 Titans Second League,2023,32995,04/11/2023,20231104,3302,3304,2,TUKS 5,Aerton Helena,2936841,c † Darren S b Seun B,Darren S,3759640,Seun B,3759631,"3759640,3759631",27,21,3,0,128.57
3581,576,2023 Titans Second League,2023,32995,04/11/2023,20231104,3302,3304,2,TUKS 5,Riccardo Oosthuizen,2936842,b Riaan L,Riaan L,3759632,,,3759632,39,42,5,0,92.86
3581,576,2023 Titans Second League,2023,32995,04/11/2023,20231104,3302,3304,2,TUKS 5,Martin Van Tonder,2840539,b Renier B,Renier B,3759634,,,3759634,1,6,0,0,16.67
3581,576,2023 Titans Second League,2023,32995,04/11/2023,20231104,3302,3304,2,TUKS 5,Eben Botha,2936848,run out ( Seun B ),Seun B,3759631,,,3759631,7,16,0,0,43.75
3581,576,2023 Titans Second League,2023,32995,04/11/2023,20231104,3302,3304,2,TUKS 5,Donovan Du Toit,3713457,c † Darren S b Seun B,Darren S,3759640,Seun B,3759631,"3759640,3759631",5,8,1,0,62.50
3581,576,2023 Titans Second League,2023,32995,04/11/2023,20231104,3302,3304,2,TUKS 5,Lee-John Maans,3759628,lbw b Renier B,Renier B,3759634,,,3759634,0,5,0,0,0.00
3581,576,2023 Titans Second League,2023,32995,04/11/2023,20231104,3302,3304,2,TUKS 5,Elandré Van Den Berg,3713456,not out,,,,,,10,19,0,0,52.63
3581,576,2023 Titans Second League,2023,32995,04/11/2023,20231104,3302,3304,2,TUKS 5,Andre Van Wyk,3266939,b Riaan L,Riaan L,3759632,,,3759632,4,5,1,0,80.00
3581,576,2023 Titans Second League,2023,32995,04/11/2023,20231104,3302,3304,2,TUKS 5,Wilnell Strydom,3759629,lbw b Ivan S,Ivan S,3759630,,,3759630,2,3,0,0,66.67
3428,576,2023 Titans Second League,2023,32995,28/10/2023,20231028,3299,3306,1,IRENE VILLAGERS 3,Divan Cilliers,3713448,c&b Etienne T,Etienne T,3745434,,,3745434,35,39,4,1,89.74
3428,576,2023 Titans Second League,2023,32995,28/10/2023,20231028,3299,3306,1,IRENE VILLAGERS 3,Ryan Thurbon,3713447,lbw b Oliver B,Oliver B,2934812,,,2934812,2,13,0,0,15.38
3428,576,2023 Titans Second League,2023,32995,28/10/2023,20231028,3299,3306,1,IRENE VILLAGERS 3,Gerhard Swanepoel,3713453,c † b Oliver B,Oliver B,2934812,,,2934812,7,10,1,0,70.00
3428,576,2023 Titans Second League,2023,32995,28/10/2023,20231028,3299,3306,1,IRENE VILLAGERS 3,Nick Brook,3745432,c † b Oliver B,Oliver B,2934812,,,2934812,22,44,3,0,50.00
3428,576,2023 Titans Second League,2023,32995,28/10/2023,20231028,3299,3306,1,IRENE VILLAGERS 3,Marcel Cilliers,3713449,c&b Etienne T,Etienne T,3745434,,,3745434,1,3,0,0,33.33
3428,576,2023 Titans Second League,2023,32995,28/10/2023,20231028,3299,3306,1,IRENE VILLAGERS 3,Hendré Van Niekerk,3713455,c&b Niel A,Niel A,3745436,,,3745436,15,24,2,0,62.50
3428,576,2023 Titans Second League,2023,32995,28/10/2023,20231028,3299,3306,1,IRENE VILLAGERS 3,Zian De Jager,3745433,c Oliver B b Travis J,Oliver B,2934812,Travis J,3678955,"2934812,3678955",33,21,5,1,157.14
3428,576,2023 Titans Second League,2023,32995,28/10/2023,20231028,3299,3306,1,IRENE VILLAGERS 3,Ruben Van Vuuren,3713452,c Koketjo M b Niel A,Koketjo M,3163476,Niel A,3745436,"3163476,3745436",2,9,0,0,22.22
3428,576,2023 Titans Second League,2023,32995,28/10/2023,20231028,3299,3306,1,IRENE VILLAGERS 3,Matthew Collins,3729933,c Francke B b Etienne T,Francke B,3716534,Etienne T,3745434,"3716534,3745434",18,14,3,0,128.57
3428,576,2023 Titans Second League,2023,32995,28/10/2023,20231028,3299,3306,1,IRENE VILLAGERS 3,Kyle Kunneke,2985826,not out,,,,,,1,5,0,0,20.00
3428,576,2023 Titans Second League,2023,32995,28/10/2023,20231028,3299,3306,1,IRENE VILLAGERS 3,Tyler Miller,3729934,c Niel A b Travis J,Niel A,3745436,Travis J,3678955,"3745436,3678955",0,6,0,0,0.00
3428,576,2023 Titans Second League,2023,32995,28/10/2023,20231028,3299,3306,2,HARLEQUINS 3,Christiaan Steyn,3179091,c&b Matthew C,Matthew C,3729933,,,3729933,0,5,0,0,0.00
3428,576,2023 Titans Second League,2023,32995,28/10/2023,20231028,3299,3306,2,HARLEQUINS 3,Jonathan Barwick,3745435,c Zian D b Tyler M,Zian D,3745433,Tyler M,3729934,"3745433,3729934",66,66,10,2,100.00
3428,576,2023 Titans Second League,2023,32995,28/10/2023,20231028,3299,3306,2,HARLEQUINS 3,Etienne Tait,3745434,b Matthew C,Matthew C,3729933,,,3729933,28,28,5,0,100.00
3428,576,2023 Titans Second League,2023,32995,28/10/2023,20231028,3299,3306,2,HARLEQUINS 3,Pieter Roos,2939189,lbw b Matthew C,Matthew C,3729933,,,3729933,0,2,0,0,0.00
3428,576,2023 Titans Second League,2023,32995,28/10/2023,20231028,3299,3306,2,HARLEQUINS 3,Ridhaa Jacobs,2939141,b Kyle K,Kyle K,2985826,,,2985826,7,21,1,0,33.33
3428,576,2023 Titans Second League,2023,32995,28/10/2023,20231028,3299,3306,2,HARLEQUINS 3,Francke Botha,3716534,run out ( Kyle K ),Kyle K,2985826,,,2985826,6,12,0,0,50.00
3428,576,2023 Titans Second League,2023,32995,28/10/2023,20231028,3299,3306,2,HARLEQUINS 3,Koketjo Moselenyane,3163476,c&b Kyle K,Kyle K,2985826,,,2985826,11,12,2,0,91.67
3428,576,2023 Titans Second League,2023,32995,28/10/2023,20231028,3299,3306,2,HARLEQUINS 3,Travis Joshua,3678955,not out,,,,,,8,26,0,0,30.77
3428,576,2023 Titans Second League,2023,32995,28/10/2023,20231028,3299,3306,2,HARLEQUINS 3,Gilan Mellet,3163470,not out,,,,,,5,24,0,0,20.83
3426,576,2023 Titans Second League,2023,32995,28/10/2023,20231028,3307,3302,1,IRENE VILLAGERS 4,Stefan Strydom,2985833,c Duncan A b Riaan D,Duncan A,3745419,Riaan D,3163488,"3745419,3163488",16,17,3,0,94.12
3426,576,2023 Titans Second League,2023,32995,28/10/2023,20231028,3307,3302,1,IRENE VILLAGERS 4,Gerbrandt Viviers,3018253,b Niel B,Niel B,3745418,,,3745418,23,20,3,1,115.00
3426,576,2023 Titans Second League,2023,32995,28/10/2023,20231028,3307,3302,1,IRENE VILLAGERS 4,Matthew Thurbon,2985834,lbw b Quintin P,Quintin P,3745417,,,3745417,18,23,2,0,78.26
3426,576,2023 Titans Second League,2023,32995,28/10/2023,20231028,3307,3302,1,IRENE VILLAGERS 4,Bennie Viljoen,3745424,c JP R b Hendre D,JP R,3031810,Hendre D,2987477,"3031810,2987477",64,66,7,0,96.97
3426,576,2023 Titans Second League,2023,32995,28/10/2023,20231028,3307,3302,1,IRENE VILLAGERS 4,Brent Hartley,2985828,c Duncan A b Hendre D,Duncan A,3745419,Hendre D,2987477,"3745419,2987477",9,24,0,0,37.50
3426,576,2023 Titans Second League,2023,32995,28/10/2023,20231028,3307,3302,1,IRENE VILLAGERS 4,Jacques Van Rooyen,3745426,lbw b Quintin P,Quintin P,3745417,,,3745417,0,5,0,0,0.00
3426,576,2023 Titans Second League,2023,32995,28/10/2023,20231028,3307,3302,1,IRENE VILLAGERS 4,Christoff Pompie Helm,2985831,c Berno K b Hendre D,Berno K,3180553,Hendre D,2987477,"3180553,2987477",1,7,0,0,14.29
3426,576,2023 Titans Second League,2023,32995,28/10/2023,20231028,3307,3302,1,IRENE VILLAGERS 4,Donavan Kretschmer,3018251,c Tiaan B b Niel B,Tiaan B,3745420,Niel B,3745418,"3745420,3745418",34,60,3,0,56.67
3426,576,2023 Titans Second League,2023,32995,28/10/2023,20231028,3307,3302,1,IRENE VILLAGERS 4,Ruan Ebersohn,2985830,not out,,,,,,25,21,2,0,119.05
3426,576,2023 Titans Second League,2023,32995,28/10/2023,20231028,3307,3302,2,SINOVILLE 3,Quintin Pretorius,3745417,not out,,,,,,87,64,11,2,135.94
3426,576,2023 Titans Second League,2023,32995,28/10/2023,20231028,3307,3302,2,SINOVILLE 3,Niel Britz,3745418,c&b Bennie V,Bennie V,3745424,,,3745424,60,31,10,1,193.55
3426,576,2023 Titans Second League,2023,32995,28/10/2023,20231028,3307,3302,2,SINOVILLE 3,Hendre Du Toit,2987477,b Christoff Pompie H,Christoff Pompie H,2985831,,,2985831,19,8,3,1,237.50
3426,576,2023 Titans Second League,2023,32995,28/10/2023,20231028,3307,3302,2,SINOVILLE 3,Michael Coetzer,3745423,lbw b Christoff Pompie H,Christoff Pompie H,2985831,,,2985831,0,3,0,0,0.00
3426,576,2023 Titans Second League,2023,32995,28/10/2023,20231028,3307,3302,2,SINOVILLE 3,Tiaan Botha,3745420,c&b Christoff Pompie H,Christoff Pompie H,2985831,,,2985831,0,1,0,0,0.00
3426,576,2023 Titans Second League,2023,32995,28/10/2023,20231028,3307,3302,2,SINOVILLE 3,Duncan Ackerman,3745419,c Elro V b Christoff Pompie H,Elro V,3745425,Christoff Pompie H,2985831,"3745425,2985831",6,9,1,0,66.67
3426,576,2023 Titans Second League,2023,32995,28/10/2023,20231028,3307,3302,2,SINOVILLE 3,Riaan Davel,3163488,b Christoff Pompie H,Christoff Pompie H,2985831,,,2985831,6,14,0,0,42.86
3426,576,2023 Titans Second League,2023,32995,28/10/2023,20231028,3307,3302,2,SINOVILLE 3,Berno Klopper,3180553,not out,,,,,,10,17,1,0,58.82
3425,576,2023 Titans Second League,2023,32995,28/10/2023,20231028,3303,3304,1,SINOVILLE 4,Tiaan Lotter,2934784,c † Frits S b Donovan d,Frits S,2936846,Donovan d,3713457,"2936846,3713457",44,31,7,0,141.94
3425,576,2023 Titans Second League,2023,32995,28/10/2023,20231028,3303,3304,1,SINOVILLE 4,Keaton Steenkamp,2944947,lbw b Martin V,Martin V,2840539,,,2840539,1,3,0,0,33.33
3425,576,2023 Titans Second League,2023,32995,28/10/2023,20231028,3303,3304,1,SINOVILLE 4,Reinhardt Hamman,3745388,c Gerhard D b Nico d,Gerhard D,2936835,Nico d,3180581,"2936835,3180581",132,87,19,2,151.72
3425,576,2023 Titans Second League,2023,32995,28/10/2023,20231028,3303,3304,1,SINOVILLE 4,Dries Van Der Lith,2934771,c Mikky H b Donovan d,Mikky H,3745386,Donovan d,3713457,"3745386,3713457",6,9,0,1,66.67
3425,576,2023 Titans Second League,2023,32995,28/10/2023,20231028,3303,3304,1,SINOVILLE 4,Jordan Lewis,3745387,c † Frits S b Christian S,Frits S,2936846,Christian S,2936847,"2936846,2936847",16,28,3,0,57.14
3425,576,2023 Titans Second League,2023,32995,28/10/2023,20231028,3303,3304,1,SINOVILLE 4,Maritz Bezuidenhout,3180554,c † Frits S b Gerhard D,Frits S,2936846,Gerhard D,2936835,"2936846,2936835",39,51,2,0,76.47
3425,576,2023 Titans Second League,2023,32995,28/10/2023,20231028,3303,3304,1,SINOVILLE 4,Andre Schoombee,3745389,b Donovan d,Donovan d,3713457,,,3713457,19,24,2,0,79.17
3425,576,2023 Titans Second League,2023,32995,28/10/2023,20231028,3303,3304,1,SINOVILLE 4,Wj Knoetze,3745391,b Gerhard D,Gerhard D,2936835,,,2936835,2,11,0,0,18.18
3425,576,2023 Titans Second League,2023,32995,28/10/2023,20231028,3303,3304,1,SINOVILLE 4,Danie Kruger,3745390,not out,,,,,,1,5,0,0,20.00
3425,576,2023 Titans Second League,2023,32995,28/10/2023,20231028,3303,3304,1,SINOVILLE 4,Sub Sub,3745392,b Gerhard D,Gerhard D,2936835,,,2936835,1,3,0,0,33.33
3425,576,2023 Titans Second League,2023,32995,28/10/2023,20231028,3303,3304,2,TUKS 5,Frits Snyman,2936846,c Substitute b Keaton S,Keaton S,2944947,,,2944947,0,1,0,0,0.00
3425,576,2023 Titans Second League,2023,32995,28/10/2023,20231028,3303,3304,2,TUKS 5,Riccardo Oosthuizen,2936842,c Substitute b Danie K,Danie K,3745390,,,3745390,69,61,10,0,113.11
3425,576,2023 Titans Second League,2023,32995,28/10/2023,20231028,3303,3304,2,TUKS 5,Nico De Bruyn,3180581,lbw b Andre S,Andre S,3745389,,,3745389,4,15,1,0,26.67
3425,576,2023 Titans Second League,2023,32995,28/10/2023,20231028,3303,3304,2,TUKS 5,Christian Strydom,2936847,c Substitute b Danie K,Danie K,3745390,,,3745390,18,21,2,0,85.71
3425,576,2023 Titans Second League,2023,32995,28/10/2023,20231028,3303,3304,2,TUKS 5,Martin Van Tonder,2840539,c Substitute b Danie K,Danie K,3745390,,,3745390,8,7,1,0,114.29
3425,576,2023 Titans Second League,2023,32995,28/10/2023,20231028,3303,3304,2,TUKS 5,Gerhard De Bruin,2936835,b Danie K,Danie K,3745390,,,3745390,19,19,4,0,100.00
3425,576,2023 Titans Second League,2023,32995,28/10/2023,20231028,3303,3304,2,TUKS 5,Tiaan Engelbrecht,2936837,c Substitute b Danie K,Danie K,3745390,,,3745390,0,1,0,0,0.00
3425,576,2023 Titans Second League,2023,32995,28/10/2023,20231028,3303,3304,2,TUKS 5,Marius Bornman,2936833,c Substitute b Danie K,Danie K,3745390,,,3745390,9,6,2,0,150.00
3425,576,2023 Titans Second League,2023,32995,28/10/2023,20231028,3303,3304,2,TUKS 5,Martin Childs-Hurn,2936849,c † Tiaan L b Keaton S,Tiaan L,2934784,Keaton S,2944947,"2934784,2944947",2,4,0,0,50.00
3425,576,2023 Titans Second League,2023,32995,28/10/2023,20231028,3303,3304,2,TUKS 5,Donovan Du Toit,3713457,not out,,,,,,7,13,0,0,53.85
3425,576,2023 Titans Second League,2023,32995,28/10/2023,20231028,3303,3304,2,TUKS 5,Mikky Hudson,3745386,b Maritz B,Maritz B,3180554,,,3180554,2,22,0,0,9.09
3281,576,2023 Titans Second League,2023,32995,21/10/2023,20231021,3299,3305,1,IRENE VILLAGERS 3,Stefan Strydom,2985833,c&b Riaan S,Riaan S,3713347,,,3713347,18,19,3,0,94.74
3281,576,2023 Titans Second League,2023,32995,21/10/2023,20231021,3299,3305,1,IRENE VILLAGERS 3,Gerbrant Vivers,3729931,lbw b Mark B,Mark B,3146406,,,3146406,27,31,3,0,87.10
3281,576,2023 Titans Second League,2023,32995,21/10/2023,20231021,3299,3305,1,IRENE VILLAGERS 3,Ryan Thurbon,3713447,lbw b Stefan G,Stefan G,3018230,,,3018230,21,38,2,0,55.26
3281,576,2023 Titans Second League,2023,32995,21/10/2023,20231021,3299,3305,1,IRENE VILLAGERS 3,Richard Williams,3729932,c&b Erik V,Erik V,3033825,,,3033825,39,41,3,0,95.12
3281,576,2023 Titans Second League,2023,32995,21/10/2023,20231021,3299,3305,1,IRENE VILLAGERS 3,Gerhard Swanepoel,3713453,b Erik V,Erik V,3033825,,,3033825,1,5,0,0,20.00
3281,576,2023 Titans Second League,2023,32995,21/10/2023,20231021,3299,3305,1,IRENE VILLAGERS 3,Marcel Cilliers,3713449,c Barry V b Dirkie K,Barry V,3713345,Dirkie K,3713346,"3713345,3713346",42,42,4,2,100.00
3281,576,2023 Titans Second League,2023,32995,21/10/2023,20231021,3299,3305,1,IRENE VILLAGERS 3,Bennie Viljoen,3713450,b Stefan G,Stefan G,3018230,,,3018230,2,6,0,0,33.33
3281,576,2023 Titans Second League,2023,32995,21/10/2023,20231021,3299,3305,1,IRENE VILLAGERS 3,Matthew Collins,3729933,c&b Dirkie K,Dirkie K,3713346,,,3713346,6,10,0,0,60.00
3281,576,2023 Titans Second League,2023,32995,21/10/2023,20231021,3299,3305,1,IRENE VILLAGERS 3,Ruben Van Vuuren,3713452,b Dirkie K,Dirkie K,3713346,,,3713346,13,23,1,0,56.52
3281,576,2023 Titans Second League,2023,32995,21/10/2023,20231021,3299,3305,1,IRENE VILLAGERS 3,Tyler Miller,3729934,c Charl F b Erik V,Charl F,2097177,Erik V,3033825,"2097177,3033825",6,11,0,0,54.55
3281,576,2023 Titans Second League,2023,32995,21/10/2023,20231021,3299,3305,1,IRENE VILLAGERS 3,Kyle Kunneke,2985826,not out,,,,,,1,3,0,0,33.33
3281,576,2023 Titans Second League,2023,32995,21/10/2023,20231021,3299,3305,2,TUT 3,Charl Prinsloo,3018226,c † Gerbrant V b Richard W,Gerbrant V,3729931,Richard W,3729932,"3729931,3729932",42,73,4,0,57.53
3281,576,2023 Titans Second League,2023,32995,21/10/2023,20231021,3299,3305,2,TUT 3,Dewald Basson,3018234,b Ruben v,Ruben v,3713452,,,3713452,4,8,1,0,50.00
3281,576,2023 Titans Second League,2023,32995,21/10/2023,20231021,3299,3305,2,TUT 3,Mark Bekker,3146406,c Marcel C b Ruben v,Marcel C,3713449,Ruben v,3713452,"3713449,3713452",0,3,0,0,0.00
3281,576,2023 Titans Second League,2023,32995,21/10/2023,20231021,3299,3305,2,TUT 3,Stefan Grobler,3018230,c Tyler M b Ruben v,Tyler M,3729934,Ruben v,3713452,"3729934,3713452",0,3,0,0,0.00
3281,576,2023 Titans Second League,2023,32995,21/10/2023,20231021,3299,3305,2,TUT 3,Stefan Olivier,3729935,b Richard W,Richard W,3729932,,,3729932,37,25,5,2,148.00
3281,576,2023 Titans Second League,2023,32995,21/10/2023,20231021,3299,3305,2,TUT 3,Niel Coetzee,3018224,c Tyler M b Kyle K,Tyler M,3729934,Kyle K,2985826,"3729934,2985826",5,23,0,0,21.74
3281,576,2023 Titans Second League,2023,32995,21/10/2023,20231021,3299,3305,2,TUT 3,Barry Van Nieuwenhuize,3713345,b Richard W,Richard W,3729932,,,3729932,1,11,0,0,9.09
3281,576,2023 Titans Second League,2023,32995,21/10/2023,20231021,3299,3305,2,TUT 3,Charl Foxcroft,2097177,lbw b Kyle K,Kyle K,2985826,,,2985826,7,14,1,0,50.00
3281,576,2023 Titans Second League,2023,32995,21/10/2023,20231021,3299,3305,2,TUT 3,Erik Van Deventer,3033825,not out,,,,,,15,24,2,0,62.50
3281,576,2023 Titans Second League,2023,32995,21/10/2023,20231021,3299,3305,2,TUT 3,Dirkie Kruger,3713346,c Ryan T b Kyle K,Ryan T,3713447,Kyle K,2985826,"3713447,2985826",3,6,0,0,50.00
3281,576,2023 Titans Second League,2023,32995,21/10/2023,20231021,3299,3305,2,TUT 3,Riaan Scheepers,3713347,b Kyle K,Kyle K,2985826,,,2985826,1,4,0,0,25.00
3278,576,2023 Titans Second League,2023,32995,21/10/2023,20231021,3304,3298,1,TUKS 5,Frits Snyman,2936846,lbw b Ivan H,Ivan H,3729571,,,3729571,4,9,0,0,44.44
3278,576,2023 Titans Second League,2023,32995,21/10/2023,20231021,3304,3298,1,TUKS 5,Nico De Bruyn,3180581,c Gerrald G b Paul G,Gerrald G,3056111,Paul G,3056110,"3056111,3056110",12,33,2,0,36.36
3278,576,2023 Titans Second League,2023,32995,21/10/2023,20231021,3304,3298,1,TUKS 5,Nico Kruger,2936834,c Ruben P b Paul G,Ruben P,3729568,Paul G,3056110,"3729568,3056110",1,3,0,0,33.33
3278,576,2023 Titans Second League,2023,32995,21/10/2023,20231021,3304,3298,1,TUKS 5,Christian Strydom,2936847,c Paul G b Rigardt S,Paul G,3056110,Rigardt S,3729566,"3056110,3729566",77,81,10,2,95.06
3278,576,2023 Titans Second League,2023,32995,21/10/2023,20231021,3304,3298,1,TUKS 5,Martin Van Tonder,2840539,c Louis v b Rigardt S,Louis v,3003071,Rigardt S,3729566,"3003071,3729566",33,44,6,0,75.00
3278,576,2023 Titans Second League,2023,32995,21/10/2023,20231021,3304,3298,1,TUKS 5,Tiaan Engelbrecht,2936837,b Rigardt S,Rigardt S,3729566,,,3729566,0,1,0,0,0.00
3278,576,2023 Titans Second League,2023,32995,21/10/2023,20231021,3304,3298,1,TUKS 5,Gerhard De Bruin,2936835,c Rigardt S b Louis v,Rigardt S,3729566,Louis v,3003071,"3729566,3003071",0,1,0,0,0.00
3278,576,2023 Titans Second League,2023,32995,21/10/2023,20231021,3304,3298,1,TUKS 5,Donovan Du Toit,3713457,c Paul G b Rigardt S,Paul G,3056110,Rigardt S,3729566,"3056110,3729566",7,10,1,0,70.00
3278,576,2023 Titans Second League,2023,32995,21/10/2023,20231021,3304,3298,1,TUKS 5,Eben Botha,2936848,c Mandilulane C b Rigardt S,Mandilulane C,3729567,Rigardt S,3729566,"3729567,3729566",21,30,2,0,70.00
3278,576,2023 Titans Second League,2023,32995,21/10/2023,20231021,3304,3298,1,TUKS 5,Andre Van Wyk,3266939,not out,,,,,,12,28,0,1,42.86
3278,576,2023 Titans Second League,2023,32995,21/10/2023,20231021,3304,3298,1,TUKS 5,Elandré Van Den Berg,3713456,lbw b Dillon K,Dillon K,3729565,,,3729565,5,10,0,0,50.00
3278,576,2023 Titans Second League,2023,32995,21/10/2023,20231021,3304,3298,2,CBCOB 3,Rigardt Saaiman,3729566,c Gerhard D b Tiaan E,Gerhard D,2936835,Tiaan E,2936837,"2936835,2936837",26,28,5,0,92.86
3278,576,2023 Titans Second League,2023,32995,21/10/2023,20231021,3304,3298,2,CBCOB 3,Dillon Kotze,3729565,not out,,,,,,100,125,17,0,80.00
3278,576,2023 Titans Second League,2023,32995,21/10/2023,20231021,3304,3298,2,CBCOB 3,Armin Havenga,3729570,c Gerhard D b Elandré v,Gerhard D,2936835,Elandré v,3713456,"2936835,3713456",41,60,6,0,68.33
3278,576,2023 Titans Second League,2023,32995,21/10/2023,20231021,3304,3298,2,CBCOB 3,Louis Van Zyl,3003071,not out,,,,,,9,5,2,0,180.00
3157,576,2023 Titans Second League,2023,32995,14/10/2023,20231014,3304,3299,1,TUKS 5,Johan Pretorius,3255251,c Chris v b Ruben v,Chris v,3713451,Ruben v,3713452,"3713451,3713452",11,17,2,0,64.71
3157,576,2023 Titans Second League,2023,32995,14/10/2023,20231014,3304,3299,1,TUKS 5,Frits Snyman,2936846,b Kyle K,Kyle K,2985826,,,2985826,13,23,2,0,56.52
3157,576,2023 Titans Second League,2023,32995,14/10/2023,20231014,3304,3299,1,TUKS 5,Marius Bornman,2936833,b Kyle K,Kyle K,2985826,,,2985826,0,6,0,0,0.00
3157,576,2023 Titans Second League,2023,32995,14/10/2023,20231014,3304,3299,1,TUKS 5,Martin Van Tonder,2840539,b Ruben v,Ruben v,3713452,,,3713452,6,12,1,0,50.00
3157,576,2023 Titans Second League,2023,32995,14/10/2023,20231014,3304,3299,1,TUKS 5,Christian Strydom,2936847,lbw b Kyle K,Kyle K,2985826,,,2985826,10,18,0,0,55.56
3157,576,2023 Titans Second League,2023,32995,14/10/2023,20231014,3304,3299,1,TUKS 5,Gerhard De Bruin,2936835,c Ruben v b Kyle K,Ruben v,3713452,Kyle K,2985826,"3713452,2985826",0,2,0,0,0.00
3157,576,2023 Titans Second League,2023,32995,14/10/2023,20231014,3304,3299,1,TUKS 5,Tiaan Engelbrecht,2936837,c Kyle K b Chris v,Kyle K,2985826,Chris v,3713451,"2985826,3713451",14,16,1,1,87.50
3157,576,2023 Titans Second League,2023,32995,14/10/2023,20231014,3304,3299,1,TUKS 5,Martin Childs-Hurn,2936849,c&b Chris v,Chris v,3713451,,,3713451,4,9,1,0,44.44
3157,576,2023 Titans Second League,2023,32995,14/10/2023,20231014,3304,3299,1,TUKS 5,Donovan Du Toit,3713457,b Kyle K,Kyle K,2985826,,,2985826,14,8,2,1,175.00
3157,576,2023 Titans Second League,2023,32995,14/10/2023,20231014,3304,3299,1,TUKS 5,Andre Van Wyk,3266939,b Chris v,Chris v,3713451,,,3713451,0,2,0,0,0.00
3157,576,2023 Titans Second League,2023,32995,14/10/2023,20231014,3304,3299,1,TUKS 5,Elandré Van Den Berg,3713456,not out,,,,,,0,0,0,0,0.00
3157,576,2023 Titans Second League,2023,32995,14/10/2023,20231014,3304,3299,2,IRENE VILLAGERS 3,Ryan Thurbon,3713447,c Donovan d b Tiaan E,Donovan d,3713457,Tiaan E,2936837,"3713457,2936837",1,11,0,0,9.09
3157,576,2023 Titans Second League,2023,32995,14/10/2023,20231014,3304,3299,2,IRENE VILLAGERS 3,Justin Reynolds,3713446,run out ( Tiaan E / Gerhard D ),Tiaan E,2936837,Gerhard D,2936835,"2936837,2936835",0,0,0,0,0.00
3157,576,2023 Titans Second League,2023,32995,14/10/2023,20231014,3304,3299,2,IRENE VILLAGERS 3,Divan Cilliers,3713448,lbw b Martin V,Martin V,2840539,,,2840539,0,1,0,0,0.00
3157,576,2023 Titans Second League,2023,32995,14/10/2023,20231014,3304,3299,2,IRENE VILLAGERS 3,Bennie Viljoen,3713450,c † Frits S b Martin V,Frits S,2936846,Martin V,2840539,"2936846,2840539",0,2,0,0,0.00
3157,576,2023 Titans Second League,2023,32995,14/10/2023,20231014,3304,3299,2,IRENE VILLAGERS 3,Marcel Cilliers,3713449,c Gerhard D b Christian S,Gerhard D,2936835,Christian S,2936847,"2936835,2936847",19,21,4,0,90.48
3157,576,2023 Titans Second League,2023,32995,14/10/2023,20231014,3304,3299,2,IRENE VILLAGERS 3,Hendré Van Niekerk,3713455,lbw b Tiaan E,Tiaan E,2936837,,,2936837,0,8,0,0,0.00
3157,576,2023 Titans Second League,2023,32995,14/10/2023,20231014,3304,3299,2,IRENE VILLAGERS 3,Gerhard Swanepoel,3713453,not out,,,,,,34,26,5,1,130.77
3157,576,2023 Titans Second League,2023,32995,14/10/2023,20231014,3304,3299,2,IRENE VILLAGERS 3,Ruben Van Vuuren,3713452,not out,,,,,,30,25,3,1,120.00
3155,576,2023 Titans Second League,2023,32995,14/10/2023,20231014,3300,3305,1,PHSOB 3,Christo Swanepoel,2936900,c Dewald B b Nico M,Dewald B,3018234,Nico M,3713344,"3018234,3713344",15,29,2,0,51.72
3155,576,2023 Titans Second League,2023,32995,14/10/2023,20231014,3300,3305,1,PHSOB 3,Alten Du Plessis,3713340,c † Niel C b Stefan G,Niel C,3018224,Stefan G,3018230,"3018224,3018230",5,13,1,0,38.46
3155,576,2023 Titans Second League,2023,32995,14/10/2023,20231014,3300,3305,1,PHSOB 3,Keegan Holmwood,3713339,b Wessel M,Wessel M,3713343,,,3713343,14,55,3,0,25.45
3155,576,2023 Titans Second League,2023,32995,14/10/2023,20231014,3300,3305,1,PHSOB 3,Justin Van Bassen,2936896,b Nico M,Nico M,3713344,,,3713344,0,4,0,0,0.00
3155,576,2023 Titans Second League,2023,32995,14/10/2023,20231014,3300,3305,1,PHSOB 3,Emil Rolfes,2936903,c † Niel C b Dewald B,Niel C,3018224,Dewald B,3018234,"3018224,3018234",6,10,1,0,60.00
3155,576,2023 Titans Second League,2023,32995,14/10/2023,20231014,3300,3305,1,PHSOB 3,Kevin Pretorius,2936906,c Mark B b Dewald B,Mark B,3146406,Dewald B,3018234,"3146406,3018234",13,17,1,1,76.47
3155,576,2023 Titans Second League,2023,32995,14/10/2023,20231014,3300,3305,1,PHSOB 3,Ruan Brenner,3180560,c Barry V b Stefan G,Barry V,3713345,Stefan G,3018230,"3713345,3018230",40,59,3,2,67.80
3155,576,2023 Titans Second League,2023,32995,14/10/2023,20231014,3300,3305,1,PHSOB 3,Steven Meyburgh,2937220,c Stefan G b Mark B,Stefan G,3018230,Mark B,3146406,"3018230,3146406",6,14,1,0,42.86
3155,576,2023 Titans Second League,2023,32995,14/10/2023,20231014,3300,3305,1,PHSOB 3,Michael Stoop,2936908,run out ( Mark B ),Mark B,3146406,,,3146406,9,26,1,0,34.62
3155,576,2023 Titans Second League,2023,32995,14/10/2023,20231014,3300,3305,1,PHSOB 3,Regan Pruss,3713341,b Riaan S,Riaan S,3713347,,,3713347,5,7,1,0,71.43
3155,576,2023 Titans Second League,2023,32995,14/10/2023,20231014,3300,3305,1,PHSOB 3,Andro Vosloo,3713342,not out,,,,,,2,5,0,0,40.00
3155,576,2023 Titans Second League,2023,32995,14/10/2023,20231014,3300,3305,2,TUT 3,Charl Prinsloo,3018226,c Emil R b Steven M,Emil R,2936903,Steven M,2937220,"2936903,2937220",57,64,12,0,89.06
3155,576,2023 Titans Second League,2023,32995,14/10/2023,20231014,3300,3305,2,TUT 3,Niel Coetzee,3018224,c&b Andro V,Andro V,3713342,,,3713342,4,17,0,0,23.53
3155,576,2023 Titans Second League,2023,32995,14/10/2023,20231014,3300,3305,2,TUT 3,Wessel Marais,3713343,c&b Steven M,Steven M,2937220,,,2937220,27,27,5,1,100.00
3155,576,2023 Titans Second League,2023,32995,14/10/2023,20231014,3300,3305,2,TUT 3,Nico Minnaar,3713344,St Justin V b Steven M,Justin V,2936896,Steven M,2937220,"2936896,2937220",40,24,1,5,166.67
3155,576,2023 Titans Second League,2023,32995,14/10/2023,20231014,3300,3305,2,TUT 3,Mark Bekker,3146406,b Ruan B,Ruan B,3180560,,,3180560,2,5,0,0,40.00
3155,576,2023 Titans Second League,2023,32995,14/10/2023,20231014,3300,3305,2,TUT 3,Stefan Grobler,3018230,c Keegan H b Ruan B,Keegan H,3713339,Ruan B,3180560,"3713339,3180560",0,2,0,0,0.00
3155,576,2023 Titans Second League,2023,32995,14/10/2023,20231014,3300,3305,2,TUT 3,Charl Foxcroft,2097177,not out,,,,,,4,5,1,0,80.00
3155,576,2023 Titans Second League,2023,32995,14/10/2023,20231014,3300,3305,2,TUT 3,Barry Van Nieuwenhuize,3713345,not out,,,,,,0,2,0,0,0.00
