MATCH_ID,LEAGUE_ID,LEAGUE_NAME,LEAGUE_YEAR,CLUB_ID,MATCH_DATE,MATCH_DATE_KEY,TEAM_ONE_ID,TEAM_TWO_ID,INNINGS,BATTING_TEAM,BATTING_TEAM_ID,BOWLING_TEAM,BOWLING_TEAM_ID,PLAYER,PLAYER_ID,OVERS,MAIDENS,DOT_BALLS,RUNS,WICKETS,ECONOMY,EXTRAS_TEXT
8620,949,2025/2026 TITANS SECOND LEAGUE,2025,32995,07/03/2026,20260307,5427,5428,1,IRENE VILLAGERS 3,5427,PHSOB 3,5428,André Duvenhage,6336328,2.0,0,9,9,0,4.50,(3 w)
8620,949,2025/2026 TITANS SECOND LEAGUE,2025,32995,07/03/2026,20260307,5427,5428,1,IRENE VILLAGERS 3,5427,PHSOB 3,5428,Burgert Kloppers,4742888,8.0,1,33,32,3,4.00,(2 w)
8620,949,2025/2026 TITANS SECOND LEAGUE,2025,32995,07/03/2026,20260307,5427,5428,1,IRENE VILLAGERS 3,5427,PHSOB 3,5428,Connor Walker,6654205,1.0,0,4,7,0,7.00,(3 w)
8620,949,2025/2026 TITANS SECOND LEAGUE,2025,32995,07/03/2026,20260307,5427,5428,1,IRENE VILLAGERS 3,5427,PHSOB 3,5428,Brian Kershaw,4688792,8.0,1,37,24,1,3.00,(1 w)
8620,949,2025/2026 TITANS SECOND LEAGUE,2025,32995,07/03/2026,20260307,5427,5428,1,IRENE VILLAGERS 3,5427,PHSOB 3,5428,Emil Rolfes,2936903,2.0,0,5,19,0,9.50,(2 w)
8620,949,2025/2026 TITANS SECOND LEAGUE,2025,32995,07/03/2026,20260307,5427,5428,1,IRENE VILLAGERS 3,5427,PHSOB 3,5428,Christopher Bouwer,6654204,8.0,0,26,45,0,5.62,
8620,949,2025/2026 TITANS SECOND LEAGUE,2025,32995,07/03/2026,20260307,5427,5428,1,IRENE VILLAGERS 3,5427,PHSOB 3,5428,Fredrik Strydom,6654203,3.0,0,11,16,0,5.33,(4 w1 nb)
8620,949,2025/2026 TITANS SECOND LEAGUE,2025,32995,07/03/2026,20260307,5427,5428,1,IRENE VILLAGERS 3,5427,PHSOB 3,5428,Marcel Cronjé,6336326,6.0,0,16,38,1,6.33,(3 w)
8620,949,2025/2026 TITANS SECOND LEAGUE,2025,32995,07/03/2026,20260307,5427,5428,1,IRENE VILLAGERS 3,5427,PHSOB 3,5428,Hayden Van Den Heever,6372013,2.0,0,3,20,1,10.00,(2 w)
8620,949,2025/2026 TITANS SECOND LEAGUE,2025,32995,07/03/2026,20260307,5427,5428,2,PHSOB 3,5428,IRENE VILLAGERS 3,5427,Neil Jansen,4655259,5.0,0,16,31,2,6.20,(3 w)
8620,949,2025/2026 TITANS SECOND LEAGUE,2025,32995,07/03/2026,20260307,5427,5428,2,PHSOB 3,5428,IRENE VILLAGERS 3,5427,Werner Pretorius,4756703,6.0,0,24,18,2,3.00,(4 w)
8620,949,2025/2026 TITANS SECOND LEAGUE,2025,32995,07/03/2026,20260307,5427,5428,2,PHSOB 3,5428,IRENE VILLAGERS 3,5427,Waldemar Bodenstein,6299549,6.0,0,16,38,0,6.33,(2 w)
8620,949,2025/2026 TITANS SECOND LEAGUE,2025,32995,07/03/2026,20260307,5427,5428,2,PHSOB 3,5428,IRENE VILLAGERS 3,5427,Barend Pelser,4854733,6.2,0,18,36,3,5.68,(1 w)
8620,949,2025/2026 TITANS SECOND LEAGUE,2025,32995,07/03/2026,20260307,5427,5428,2,PHSOB 3,5428,IRENE VILLAGERS 3,5427,Jacques Van Rooyen,3795662,8.0,0,29,39,1,4.88,(5 w)
8620,949,2025/2026 TITANS SECOND LEAGUE,2025,32995,07/03/2026,20260307,5427,5428,2,PHSOB 3,5428,IRENE VILLAGERS 3,5427,Kyle Kunneke,2985826,8.0,0,19,36,2,4.50,(1 w)
8556,949,2025/2026 TITANS SECOND LEAGUE,2025,32995,28/02/2026,20260228,5426,5432,1,HARLEQUINS 3,5426,IRENE VILLAGERS 4,5432,Brandon Polyblank,6336390,5.0,0,12,45,0,9.00,(3 w)
8556,949,2025/2026 TITANS SECOND LEAGUE,2025,32995,28/02/2026,20260228,5426,5432,1,HARLEQUINS 3,5426,IRENE VILLAGERS 4,5432,Mulalo Mavhalane,6570652,3.0,0,8,25,0,8.33,(1 w1 nb)
8556,949,2025/2026 TITANS SECOND LEAGUE,2025,32995,28/02/2026,20260228,5426,5432,1,HARLEQUINS 3,5426,IRENE VILLAGERS 4,5432,Jacques Van Rooyen,3745426,8.0,0,36,31,1,3.88,(1 w)
8556,949,2025/2026 TITANS SECOND LEAGUE,2025,32995,28/02/2026,20260228,5426,5432,1,HARLEQUINS 3,5426,IRENE VILLAGERS 4,5432,Barend Pelser,4874775,5.0,0,17,36,0,7.20,(3 w)
8556,949,2025/2026 TITANS SECOND LEAGUE,2025,32995,28/02/2026,20260228,5426,5432,1,HARLEQUINS 3,5426,IRENE VILLAGERS 4,5432,Clayton Brunsdon,4100291,8.0,0,30,45,2,5.62,
8556,949,2025/2026 TITANS SECOND LEAGUE,2025,32995,28/02/2026,20260228,5426,5432,1,HARLEQUINS 3,5426,IRENE VILLAGERS 4,5432,Ruan Ebersohn,2985830,3.0,0,7,29,0,9.67,
8553,949,2025/2026 TITANS SECOND LEAGUE,2025,32995,28/02/2026,20260228,5430,5425,1,TUKS 5,5430,CBCOB 3,5425,Altus Cbc,6644492,8.0,0,36,30,5,3.75,(8 w)
8553,949,2025/2026 TITANS SECOND LEAGUE,2025,32995,28/02/2026,20260228,5430,5425,1,TUKS 5,5430,CBCOB 3,5425,Janro De Bruin,6299640,4.0,0,17,9,1,2.25,
8553,949,2025/2026 TITANS SECOND LEAGUE,2025,32995,28/02/2026,20260228,5430,5425,1,TUKS 5,5430,CBCOB 3,5425,Jean Cbc,6644490,5.0,0,21,21,1,4.20,(1 w)
8553,949,2025/2026 TITANS SECOND LEAGUE,2025,32995,28/02/2026,20260228,5430,5425,1,TUKS 5,5430,CBCOB 3,5425,Duanne Cbc,6644491,5.0,0,21,24,1,4.80,(3 w)
8553,949,2025/2026 TITANS SECOND LEAGUE,2025,32995,28/02/2026,20260228,5430,5425,1,TUKS 5,5430,CBCOB 3,5425,Henry Cbc,6442337,3.4,0,15,11,2,3.00,(1 w)
8553,949,2025/2026 TITANS SECOND LEAGUE,2025,32995,28/02/2026,20260228,5430,5425,2,CBCOB 3,5425,TUKS 5,5430,Tiaan Engelbrecht,2936837,4.0,0,11,20,1,5.00,(1 w)
8553,949,2025/2026 TITANS SECOND LEAGUE,2025,32995,28/02/2026,20260228,5430,5425,2,CBCOB 3,5425,TUKS 5,5430,Christian Strydom,2936847,4.0,1,18,11,3,2.75,
8500,949,2025/2026 TITANS SECOND LEAGUE,2025,32995,21/02/2026,20260221,5430,5429,1,TUKS 5,5430,SINOVILLE 3,5429,Andre Schoombee,3772084,5.0,0,22,26,1,5.20,(6 w1 nb)
8500,949,2025/2026 TITANS SECOND LEAGUE,2025,32995,21/02/2026,20260221,5430,5429,1,TUKS 5,5430,SINOVILLE 3,5429,Pj Richter,6552362,4.0,0,18,14,0,3.50,(3 w)
8500,949,2025/2026 TITANS SECOND LEAGUE,2025,32995,21/02/2026,20260221,5430,5429,1,TUKS 5,5430,SINOVILLE 3,5429,Christo Weiss,2588485,9.0,2,40,38,4,4.22,(5 w)
8500,949,2025/2026 TITANS SECOND LEAGUE,2025,32995,21/02/2026,20260221,5430,5429,1,TUKS 5,5430,SINOVILLE 3,5429,Janu Olivier,4973941,5.0,1,21,24,2,4.80,(3 w)
8500,949,2025/2026 TITANS SECOND LEAGUE,2025,32995,21/02/2026,20260221,5430,5429,1,TUKS 5,5430,SINOVILLE 3,5429,James Van Der Merwe,5000388,5.0,1,19,20,2,4.00,(1 w)
8500,949,2025/2026 TITANS SECOND LEAGUE,2025,32995,21/02/2026,20260221,5430,5429,1,TUKS 5,5430,SINOVILLE 3,5429,Braam Sinoville,3257329,1.0,0,3,5,0,5.00,(1 w)
8500,949,2025/2026 TITANS SECOND LEAGUE,2025,32995,21/02/2026,20260221,5430,5429,2,SINOVILLE 3,5429,TUKS 5,5430,Christian Strydom,2936847,9.0,0,40,32,5,3.56,(2 w)
8500,949,2025/2026 TITANS SECOND LEAGUE,2025,32995,21/02/2026,20260221,5430,5429,2,SINOVILLE 3,5429,TUKS 5,5430,Martin Van Tonder,2840539,5.0,1,22,22,1,4.40,(3 w)
8500,949,2025/2026 TITANS SECOND LEAGUE,2025,32995,21/02/2026,20260221,5430,5429,2,SINOVILLE 3,5429,TUKS 5,5430,Arno La Cock,6631980,5.0,1,25,21,1,4.20,(11 w)
8500,949,2025/2026 TITANS SECOND LEAGUE,2025,32995,21/02/2026,20260221,5430,5429,2,SINOVILLE 3,5429,TUKS 5,5430,Carvel Pillay,6631981,4.0,0,13,23,2,5.75,
8500,949,2025/2026 TITANS SECOND LEAGUE,2025,32995,21/02/2026,20260221,5430,5429,2,SINOVILLE 3,5429,TUKS 5,5430,Puseletso Mogofe,6631979,3.0,1,14,6,1,2.00,
8483,949,2025/2026 TITANS SECOND LEAGUE,2025,32995,21/02/2026,20260221,5425,5432,1,CBCOB 3,5425,IRENE VILLAGERS 4,5432,Brandon Polyblank,6336390,8.0,0,34,44,5,5.50,(3 w2 nb)
8483,949,2025/2026 TITANS SECOND LEAGUE,2025,32995,21/02/2026,20260221,5425,5432,1,CBCOB 3,5425,IRENE VILLAGERS 4,5432,Jacques Van Rooyen,3745426,8.0,1,36,28,3,3.50,(5 w)
8483,949,2025/2026 TITANS SECOND LEAGUE,2025,32995,21/02/2026,20260221,5425,5432,1,CBCOB 3,5425,IRENE VILLAGERS 4,5432,Chris Klopper,4673667,3.0,1,14,7,0,2.33,
8483,949,2025/2026 TITANS SECOND LEAGUE,2025,32995,21/02/2026,20260221,5425,5432,1,CBCOB 3,5425,IRENE VILLAGERS 4,5432,Eugene Botha,4973974,5.0,1,18,34,0,6.80,(5 w)
8483,949,2025/2026 TITANS SECOND LEAGUE,2025,32995,21/02/2026,20260221,5425,5432,1,CBCOB 3,5425,IRENE VILLAGERS 4,5432,Ruan Ebersohn,2985830,2.0,0,7,10,0,5.00,
8483,949,2025/2026 TITANS SECOND LEAGUE,2025,32995,21/02/2026,20260221,5425,5432,1,CBCOB 3,5425,IRENE VILLAGERS 4,5432,Stiaan Heymans,4673670,2.1,0,7,11,2,5.08,
8483,949,2025/2026 TITANS SECOND LEAGUE,2025,32995,21/02/2026,20260221,5425,5432,1,CBCOB 3,5425,IRENE VILLAGERS 4,5432,Clayton Brunsdon,4100291,2.0,0,8,11,0,5.50,(1 w)
8483,949,2025/2026 TITANS SECOND LEAGUE,2025,32995,21/02/2026,20260221,5425,5432,2,IRENE VILLAGERS 4,5432,CBCOB 3,5425,Jandre Lotheringen,6629544,5.0,0,25,16,1,3.20,(7 w)
8483,949,2025/2026 TITANS SECOND LEAGUE,2025,32995,21/02/2026,20260221,5425,5432,2,IRENE VILLAGERS 4,5432,CBCOB 3,5425,Janro De Bruin,6299640,6.1,1,32,13,5,2.11,(1 w)
8483,949,2025/2026 TITANS SECOND LEAGUE,2025,32995,21/02/2026,20260221,5425,5432,2,IRENE VILLAGERS 4,5432,CBCOB 3,5425,Franco Vd Mescht,6629543,3.0,0,14,7,3,2.33,
8483,949,2025/2026 TITANS SECOND LEAGUE,2025,32995,21/02/2026,20260221,5425,5432,2,IRENE VILLAGERS 4,5432,CBCOB 3,5425,Faf Potgieter,6390079,1.0,0,4,2,1,2.00,
8480,949,2025/2026 TITANS SECOND LEAGUE,2025,32995,21/02/2026,20260221,5427,5431,1,IRENE VILLAGERS 3,5427,TUT 3,5431,Divan Potgieter,4673570,8.0,3,41,9,2,1.12,
8480,949,2025/2026 TITANS SECOND LEAGUE,2025,32995,21/02/2026,20260221,5427,5431,1,IRENE VILLAGERS 3,5427,TUT 3,5431,Stefan Grobler,3018230,8.0,3,37,25,1,3.12,(1 w1 nb)
8480,949,2025/2026 TITANS SECOND LEAGUE,2025,32995,21/02/2026,20260221,5427,5431,1,IRENE VILLAGERS 3,5427,TUT 3,5431,Dewald Basson,3018234,8.0,2,35,29,1,3.62,(1 w)
8480,949,2025/2026 TITANS SECOND LEAGUE,2025,32995,21/02/2026,20260221,5427,5431,1,IRENE VILLAGERS 3,5427,TUT 3,5431,Hendrik Ferreira,4891854,4.0,0,11,23,1,5.75,(1 w)
8480,949,2025/2026 TITANS SECOND LEAGUE,2025,32995,21/02/2026,20260221,5427,5431,1,IRENE VILLAGERS 3,5427,TUT 3,5431,Stefan Olivier,3729935,5.0,0,12,56,1,11.20,
8480,949,2025/2026 TITANS SECOND LEAGUE,2025,32995,21/02/2026,20260221,5427,5431,1,IRENE VILLAGERS 3,5427,TUT 3,5431,Jean Steyn,6592526,3.0,0,8,37,1,12.33,(2 w)
8480,949,2025/2026 TITANS SECOND LEAGUE,2025,32995,21/02/2026,20260221,5427,5431,1,IRENE VILLAGERS 3,5427,TUT 3,5431,Dewet Lombaard,6552293,2.0,0,4,26,0,13.00,
8480,949,2025/2026 TITANS SECOND LEAGUE,2025,32995,21/02/2026,20260221,5427,5431,1,IRENE VILLAGERS 3,5427,TUT 3,5431,Jeandre Roux,3018228,2.0,0,5,13,1,6.50,(1 w)
8480,949,2025/2026 TITANS SECOND LEAGUE,2025,32995,21/02/2026,20260221,5427,5431,2,TUT 3,5431,IRENE VILLAGERS 3,5427,Neil Jansen,6299550,8.0,1,35,27,3,3.38,(2 w3 nb)
8480,949,2025/2026 TITANS SECOND LEAGUE,2025,32995,21/02/2026,20260221,5427,5431,2,TUT 3,5431,IRENE VILLAGERS 3,5427,Werner Pretorius,4756703,4.0,0,16,17,0,4.25,(2 w)
8480,949,2025/2026 TITANS SECOND LEAGUE,2025,32995,21/02/2026,20260221,5427,5431,2,TUT 3,5431,IRENE VILLAGERS 3,5427,Waldemar Bodenstein,6299549,8.0,1,31,23,1,2.88,
8480,949,2025/2026 TITANS SECOND LEAGUE,2025,32995,21/02/2026,20260221,5427,5431,2,TUT 3,5431,IRENE VILLAGERS 3,5427,Kyle Kunneke,2985826,8.0,0,32,25,2,3.12,(1 w)
8480,949,2025/2026 TITANS SECOND LEAGUE,2025,32995,21/02/2026,20260221,5427,5431,2,TUT 3,5431,IRENE VILLAGERS 3,5427,Cj Jordaan,4892048,8.0,0,33,33,2,4.12,(8 w)
8480,949,2025/2026 TITANS SECOND LEAGUE,2025,32995,21/02/2026,20260221,5427,5431,2,TUT 3,5431,IRENE VILLAGERS 3,5427,Justin Pretorius,6407259,0.5,0,4,1,1,1.20,
8474,949,2025/2026 TITANS SECOND LEAGUE,2025,32995,21/02/2026,20260221,5426,5428,1,HARLEQUINS 3,5426,PHSOB 3,5428,André Duvenhage,6336328,4.0,0,21,12,2,3.00,(3 w)
8474,949,2025/2026 TITANS SECOND LEAGUE,2025,32995,21/02/2026,20260221,5426,5428,1,HARLEQUINS 3,5426,PHSOB 3,5428,Ben Hough,6592585,3.0,0,14,21,0,7.00,(8 w)
8474,949,2025/2026 TITANS SECOND LEAGUE,2025,32995,21/02/2026,20260221,5426,5428,1,HARLEQUINS 3,5426,PHSOB 3,5428,Burgert Kloppers,4742888,5.0,0,21,22,2,4.40,(3 w)
8474,949,2025/2026 TITANS SECOND LEAGUE,2025,32995,21/02/2026,20260221,5426,5428,1,HARLEQUINS 3,5426,PHSOB 3,5428,Christoper Bouwer,6407256,7.1,0,27,49,4,6.84,(1 w)
8474,949,2025/2026 TITANS SECOND LEAGUE,2025,32995,21/02/2026,20260221,5426,5428,1,HARLEQUINS 3,5426,PHSOB 3,5428,Arno Kruger,6336327,3.0,0,12,15,2,5.00,(3 w)
8474,949,2025/2026 TITANS SECOND LEAGUE,2025,32995,21/02/2026,20260221,5426,5428,2,PHSOB 3,5428,HARLEQUINS 3,5426,Juan Viljoen,4729877,3.0,2,17,1,1,0.33,
8474,949,2025/2026 TITANS SECOND LEAGUE,2025,32995,21/02/2026,20260221,5426,5428,2,PHSOB 3,5428,HARLEQUINS 3,5426,Michael Flanagan,6613296,4.0,0,14,34,0,8.50,(8 w1 nb)
8474,949,2025/2026 TITANS SECOND LEAGUE,2025,32995,21/02/2026,20260221,5426,5428,2,PHSOB 3,5428,HARLEQUINS 3,5426,Ulrich Breytenbach,6592628,2.0,0,7,16,2,8.00,(2 w)
8474,949,2025/2026 TITANS SECOND LEAGUE,2025,32995,21/02/2026,20260221,5426,5428,2,PHSOB 3,5428,HARLEQUINS 3,5426,Henco Erasmus,6629315,5.0,1,20,28,0,5.60,(5 w)
8474,949,2025/2026 TITANS SECOND LEAGUE,2025,32995,21/02/2026,20260221,5426,5428,2,PHSOB 3,5428,HARLEQUINS 3,5426,Francke Botha,6390022,2.0,0,8,18,0,9.00,(1 w)
8474,949,2025/2026 TITANS SECOND LEAGUE,2025,32995,21/02/2026,20260221,5426,5428,2,PHSOB 3,5428,HARLEQUINS 3,5426,Ruan Coetzer,6336357,2.0,0,6,19,0,9.50,(1 w)
8474,949,2025/2026 TITANS SECOND LEAGUE,2025,32995,21/02/2026,20260221,5426,5428,2,PHSOB 3,5428,HARLEQUINS 3,5426,Willem Jacobs,5005715,0.5,0,3,9,1,10.80,(2 w)
8398,949,2025/2026 TITANS SECOND LEAGUE,2025,32995,14/02/2026,20260214,5425,5426,1,CBCOB 3,5425,HARLEQUINS 3,5426,Juan Viljoen,4729877,6.0,0,30,20,3,3.33,(2 w)
8398,949,2025/2026 TITANS SECOND LEAGUE,2025,32995,14/02/2026,20260214,5425,5426,1,CBCOB 3,5425,HARLEQUINS 3,5426,Ulrich Breytenbach,6592628,7.0,1,28,40,0,5.71,(6 w)
8398,949,2025/2026 TITANS SECOND LEAGUE,2025,32995,14/02/2026,20260214,5425,5426,1,CBCOB 3,5425,HARLEQUINS 3,5426,Devon Horn,6613295,3.3,0,13,22,2,6.29,(3 w)
8398,949,2025/2026 TITANS SECOND LEAGUE,2025,32995,14/02/2026,20260214,5425,5426,1,CBCOB 3,5425,HARLEQUINS 3,5426,Michael Flanagan,6613296,5.0,1,22,23,0,4.60,
8398,949,2025/2026 TITANS SECOND LEAGUE,2025,32995,14/02/2026,20260214,5425,5426,1,CBCOB 3,5425,HARLEQUINS 3,5426,Willem Jacobs,5005715,7.0,0,23,39,0,5.57,
8398,949,2025/2026 TITANS SECOND LEAGUE,2025,32995,14/02/2026,20260214,5425,5426,1,CBCOB 3,5425,HARLEQUINS 3,5426,Henry Knell,6613294,2.0,0,7,7,1,3.50,
8398,949,2025/2026 TITANS SECOND LEAGUE,2025,32995,14/02/2026,20260214,5425,5426,1,CBCOB 3,5425,HARLEQUINS 3,5426,Willie Kamffer,6299174,1.0,0,2,12,1,12.00,
8398,949,2025/2026 TITANS SECOND LEAGUE,2025,32995,14/02/2026,20260214,5425,5426,1,CBCOB 3,5425,HARLEQUINS 3,5426,Karel Vd Walt,6355781,1.0,0,4,5,1,5.00,
8398,949,2025/2026 TITANS SECOND LEAGUE,2025,32995,14/02/2026,20260214,5425,5426,2,HARLEQUINS 3,5426,CBCOB 3,5425,Janro De Bruin,6299640,5.0,2,23,18,1,3.60,
8398,949,2025/2026 TITANS SECOND LEAGUE,2025,32995,14/02/2026,20260214,5425,5426,2,HARLEQUINS 3,5426,CBCOB 3,5425,Altys Cbc,6613298,4.0,1,21,11,1,2.75,(4 w)
8398,949,2025/2026 TITANS SECOND LEAGUE,2025,32995,14/02/2026,20260214,5425,5426,2,HARLEQUINS 3,5426,CBCOB 3,5425,Alec Jordaan,4715851,8.0,0,37,27,4,3.38,(5 w)
8398,949,2025/2026 TITANS SECOND LEAGUE,2025,32995,14/02/2026,20260214,5425,5426,2,HARLEQUINS 3,5426,CBCOB 3,5425,Reghardt Jordaan,6613299,5.0,0,21,16,1,3.20,(1 w)
8398,949,2025/2026 TITANS SECOND LEAGUE,2025,32995,14/02/2026,20260214,5425,5426,2,HARLEQUINS 3,5426,CBCOB 3,5425,Mark Yafee,6552299,2.3,0,10,16,1,6.40,(7 w)
8392,949,2025/2026 TITANS SECOND LEAGUE,2025,32995,14/02/2026,20260214,5430,5427,1,TUKS 5,5430,IRENE VILLAGERS 3,5427,Neil Jansen,4655259,6.0,0,28,16,2,2.67,(6 w)
8392,949,2025/2026 TITANS SECOND LEAGUE,2025,32995,14/02/2026,20260214,5430,5427,1,TUKS 5,5430,IRENE VILLAGERS 3,5427,Barend Pelser,4854733,7.0,0,32,18,1,2.57,(2 w)
8392,949,2025/2026 TITANS SECOND LEAGUE,2025,32995,14/02/2026,20260214,5430,5427,1,TUKS 5,5430,IRENE VILLAGERS 3,5427,Jared Fourie,3795661,7.0,1,29,25,1,3.57,(1 w)
8392,949,2025/2026 TITANS SECOND LEAGUE,2025,32995,14/02/2026,20260214,5430,5427,1,TUKS 5,5430,IRENE VILLAGERS 3,5427,Jacques Van Rooyen,3795662,8.0,0,36,20,2,2.50,(1 w)
8392,949,2025/2026 TITANS SECOND LEAGUE,2025,32995,14/02/2026,20260214,5430,5427,1,TUKS 5,5430,IRENE VILLAGERS 3,5427,Waldemar Bodenstein,6299549,5.5,1,29,9,4,1.54,(2 w)
8392,949,2025/2026 TITANS SECOND LEAGUE,2025,32995,14/02/2026,20260214,5430,5427,1,TUKS 5,5430,IRENE VILLAGERS 3,5427,Kyle Kunneke,2985826,3.0,0,10,9,0,3.00,
8392,949,2025/2026 TITANS SECOND LEAGUE,2025,32995,14/02/2026,20260214,5430,5427,2,IRENE VILLAGERS 3,5427,TUKS 5,5430,Tiaan Engelbrecht,2936837,2.0,0,7,14,0,7.00,(1 w)
8392,949,2025/2026 TITANS SECOND LEAGUE,2025,32995,14/02/2026,20260214,5430,5427,2,IRENE VILLAGERS 3,5427,TUKS 5,5430,Henry Van Der Merwe,6389981,8.0,0,35,29,0,3.62,
8392,949,2025/2026 TITANS SECOND LEAGUE,2025,32995,14/02/2026,20260214,5430,5427,2,IRENE VILLAGERS 3,5427,TUKS 5,5430,Reinhardt Hamann,6371950,6.0,0,27,15,1,2.50,(2 w)
8392,949,2025/2026 TITANS SECOND LEAGUE,2025,32995,14/02/2026,20260214,5430,5427,2,IRENE VILLAGERS 3,5427,TUKS 5,5430,Johan Nel,4655263,6.0,0,28,14,2,2.33,(4 w)
8392,949,2025/2026 TITANS SECOND LEAGUE,2025,32995,14/02/2026,20260214,5430,5427,2,IRENE VILLAGERS 3,5427,TUKS 5,5430,Tihardt Kruger,3242942,5.5,0,21,28,0,4.80,(1 w)
8318,949,2025/2026 TITANS SECOND LEAGUE,2025,32995,07/02/2026,20260207,5426,5429,1,HARLEQUINS 3,5426,SINOVILLE 3,5429,Henk Fick,6352771,4.0,0,18,19,0,4.75,(5 w)
8318,949,2025/2026 TITANS SECOND LEAGUE,2025,32995,07/02/2026,20260207,5426,5429,1,HARLEQUINS 3,5426,SINOVILLE 3,5429,Lee Bukes,6592626,8.0,1,29,28,3,3.50,(2 w)
8318,949,2025/2026 TITANS SECOND LEAGUE,2025,32995,07/02/2026,20260207,5426,5429,1,HARLEQUINS 3,5426,SINOVILLE 3,5429,Ryno Vermaak,6299554,3.0,0,9,28,0,9.33,(2 w)
8318,949,2025/2026 TITANS SECOND LEAGUE,2025,32995,07/02/2026,20260207,5426,5429,1,HARLEQUINS 3,5426,SINOVILLE 3,5429,Hendre Du Toit,2987477,8.0,0,26,30,1,3.75,(1 w)
8318,949,2025/2026 TITANS SECOND LEAGUE,2025,32995,07/02/2026,20260207,5426,5429,1,HARLEQUINS 3,5426,SINOVILLE 3,5429,Werner Swart,6592625,4.0,0,13,37,1,9.25,(6 w2 nb)
8318,949,2025/2026 TITANS SECOND LEAGUE,2025,32995,07/02/2026,20260207,5426,5429,1,HARLEQUINS 3,5426,SINOVILLE 3,5429,Antonie Minnaar,6404467,2.0,0,4,23,0,11.50,(1 w)
8318,949,2025/2026 TITANS SECOND LEAGUE,2025,32995,07/02/2026,20260207,5426,5429,1,HARLEQUINS 3,5426,SINOVILLE 3,5429,Rivan Stoman,6352780,4.0,0,13,29,1,7.25,(6 w)
8318,949,2025/2026 TITANS SECOND LEAGUE,2025,32995,07/02/2026,20260207,5426,5429,1,HARLEQUINS 3,5426,SINOVILLE 3,5429,Ian Dorfling,4063612,3.0,0,6,31,1,10.33,(4 w1 nb)
8318,949,2025/2026 TITANS SECOND LEAGUE,2025,32995,07/02/2026,20260207,5426,5429,1,HARLEQUINS 3,5426,SINOVILLE 3,5429,Julian Otto,6352767,4.0,0,13,21,1,5.25,(1 w1 nb)
8318,949,2025/2026 TITANS SECOND LEAGUE,2025,32995,07/02/2026,20260207,5426,5429,2,SINOVILLE 3,5429,HARLEQUINS 3,5426,Juan Viljoen,4729877,8.0,1,26,41,1,5.12,(3 w)
8318,949,2025/2026 TITANS SECOND LEAGUE,2025,32995,07/02/2026,20260207,5426,5429,2,SINOVILLE 3,5429,HARLEQUINS 3,5426,Willem Jacobs,5005715,8.0,0,26,53,3,6.62,(1 w3 nb)
8318,949,2025/2026 TITANS SECOND LEAGUE,2025,32995,07/02/2026,20260207,5426,5429,2,SINOVILLE 3,5429,HARLEQUINS 3,5426,Ulrich Breytenbach,6592628,8.0,0,37,26,2,3.25,(4 w)
8318,949,2025/2026 TITANS SECOND LEAGUE,2025,32995,07/02/2026,20260207,5426,5429,2,SINOVILLE 3,5429,HARLEQUINS 3,5426,Kholisile Khuzwayo,6407265,7.0,0,25,33,0,4.71,(2 w)
8318,949,2025/2026 TITANS SECOND LEAGUE,2025,32995,07/02/2026,20260207,5426,5429,2,SINOVILLE 3,5429,HARLEQUINS 3,5426,Ruan Coetzer,6336357,4.0,0,6,41,1,10.25,(4 w1 nb)
8318,949,2025/2026 TITANS SECOND LEAGUE,2025,32995,07/02/2026,20260207,5426,5429,2,SINOVILLE 3,5429,HARLEQUINS 3,5426,Patrick Mouton,6592627,5.0,0,9,48,0,9.60,(1 w)
8313,949,2025/2026 TITANS SECOND LEAGUE,2025,32995,07/02/2026,20260207,5428,5425,1,PHSOB 3,5428,CBCOB 3,5425,Rohan Van Der Walt,6299643,4.0,0,16,21,0,5.25,(7 w)
8313,949,2025/2026 TITANS SECOND LEAGUE,2025,32995,07/02/2026,20260207,5428,5425,1,PHSOB 3,5428,CBCOB 3,5425,Janro De Bruin,6299640,9.0,1,38,34,1,3.78,(1 w)
8313,949,2025/2026 TITANS SECOND LEAGUE,2025,32995,07/02/2026,20260207,5428,5425,1,PHSOB 3,5428,CBCOB 3,5425,Keegan Pickard,6592581,3.0,0,8,32,0,10.67,(5 w1 nb)
8313,949,2025/2026 TITANS SECOND LEAGUE,2025,32995,07/02/2026,20260207,5428,5425,1,PHSOB 3,5428,CBCOB 3,5425,Matthew Field,6592582,4.0,0,16,37,2,9.25,(11 w1 nb)
8313,949,2025/2026 TITANS SECOND LEAGUE,2025,32995,07/02/2026,20260207,5428,5425,1,PHSOB 3,5428,CBCOB 3,5425,Kai Trumplemann,4691512,6.0,0,21,55,1,9.17,(3 w)
8313,949,2025/2026 TITANS SECOND LEAGUE,2025,32995,07/02/2026,20260207,5428,5425,1,PHSOB 3,5428,CBCOB 3,5425,Senekal Cbc,6442336,9.0,0,24,67,2,7.44,(13 w)
8313,949,2025/2026 TITANS SECOND LEAGUE,2025,32995,07/02/2026,20260207,5428,5425,1,PHSOB 3,5428,CBCOB 3,5425,Richard Bean,6592579,7.0,0,29,34,0,4.86,(4 w)
8313,949,2025/2026 TITANS SECOND LEAGUE,2025,32995,07/02/2026,20260207,5428,5425,1,PHSOB 3,5428,CBCOB 3,5425,Mark Yafee,6552299,3.0,1,11,16,2,5.33,(3 w)
8313,949,2025/2026 TITANS SECOND LEAGUE,2025,32995,07/02/2026,20260207,5428,5425,2,CBCOB 3,5425,PHSOB 3,5428,Ben Hough,6592585,8.0,1,34,39,2,4.88,(5 w)
8313,949,2025/2026 TITANS SECOND LEAGUE,2025,32995,07/02/2026,20260207,5428,5425,2,CBCOB 3,5425,PHSOB 3,5428,Brian Panashe,6592586,1.0,0,4,14,1,14.00,(9 w)
8313,949,2025/2026 TITANS SECOND LEAGUE,2025,32995,07/02/2026,20260207,5428,5425,2,CBCOB 3,5425,PHSOB 3,5428,Franco Ferriera,6592583,6.0,2,30,13,3,2.17,(2 w)
8313,949,2025/2026 TITANS SECOND LEAGUE,2025,32995,07/02/2026,20260207,5428,5425,2,CBCOB 3,5425,PHSOB 3,5428,Emil Rolfes,2936903,2.0,0,6,15,1,7.50,
8313,949,2025/2026 TITANS SECOND LEAGUE,2025,32995,07/02/2026,20260207,5428,5425,2,CBCOB 3,5425,PHSOB 3,5428,Brian Kershaw,4688792,5.1,2,25,14,1,2.71,(2 w)
8313,949,2025/2026 TITANS SECOND LEAGUE,2025,32995,07/02/2026,20260207,5428,5425,2,CBCOB 3,5425,PHSOB 3,5428,Gerrie Van Rooyen,6592584,3.0,1,16,8,1,2.67,(2 w)
8311,949,2025/2026 TITANS SECOND LEAGUE,2025,32995,07/02/2026,20260207,5430,5431,1,TUKS 5,5430,TUT 3,5431,Divan Potgieter,4673570,8.0,0,31,28,1,3.50,
8311,949,2025/2026 TITANS SECOND LEAGUE,2025,32995,07/02/2026,20260207,5430,5431,1,TUKS 5,5430,TUT 3,5431,Stefan Grobler,3018230,5.0,1,20,18,1,3.60,(3 w1 nb)
8311,949,2025/2026 TITANS SECOND LEAGUE,2025,32995,07/02/2026,20260207,5430,5431,1,TUKS 5,5430,TUT 3,5431,Dewald Basson,3018234,8.0,0,32,32,3,4.00,(3 w1 nb)
8311,949,2025/2026 TITANS SECOND LEAGUE,2025,32995,07/02/2026,20260207,5430,5431,1,TUKS 5,5430,TUT 3,5431,Leon Smith,4673571,6.0,0,18,38,1,6.33,(1 w)
8311,949,2025/2026 TITANS SECOND LEAGUE,2025,32995,07/02/2026,20260207,5430,5431,1,TUKS 5,5430,TUT 3,5431,Gary Van Blerk,4673569,3.0,0,5,29,1,9.67,(9 w)
8311,949,2025/2026 TITANS SECOND LEAGUE,2025,32995,07/02/2026,20260207,5430,5431,1,TUKS 5,5430,TUT 3,5431,Hendrik Ferreira,4891854,3.0,0,11,18,0,6.00,(4 w)
8311,949,2025/2026 TITANS SECOND LEAGUE,2025,32995,07/02/2026,20260207,5430,5431,1,TUKS 5,5430,TUT 3,5431,Jean Steyn,6592526,1.4,0,6,4,3,2.40,
8311,949,2025/2026 TITANS SECOND LEAGUE,2025,32995,07/02/2026,20260207,5430,5431,2,TUT 3,5431,TUKS 5,5430,Tiaan Engelbrecht,2936837,7.0,2,31,27,1,3.86,(3 w1 nb)
8311,949,2025/2026 TITANS SECOND LEAGUE,2025,32995,07/02/2026,20260207,5430,5431,2,TUT 3,5431,TUKS 5,5430,Martin Van Tonder,2840539,5.2,2,24,18,0,3.38,(2 w)
8311,949,2025/2026 TITANS SECOND LEAGUE,2025,32995,07/02/2026,20260207,5430,5431,2,TUT 3,5431,TUKS 5,5430,Christian Strydom,2936847,6.0,1,23,25,0,4.17,(1 w)
8311,949,2025/2026 TITANS SECOND LEAGUE,2025,32995,07/02/2026,20260207,5430,5431,2,TUT 3,5431,TUKS 5,5430,Ryan Blyth,6592525,4.5,0,21,19,1,3.93,(3 w1 nb)
8311,949,2025/2026 TITANS SECOND LEAGUE,2025,32995,07/02/2026,20260207,5430,5431,2,TUT 3,5431,TUKS 5,5430,Johan Nel,4655263,6.1,1,25,21,0,3.41,
8311,949,2025/2026 TITANS SECOND LEAGUE,2025,32995,07/02/2026,20260207,5430,5431,2,TUT 3,5431,TUKS 5,5430,Lehlohonolo Moshoati,3266899,3.0,0,8,21,0,7.00,(1 w)
8311,949,2025/2026 TITANS SECOND LEAGUE,2025,32995,07/02/2026,20260207,5430,5431,2,TUT 3,5431,TUKS 5,5430,Tihardt Kruger,3242942,1.5,0,4,18,0,9.82,(4 w)
8311,949,2025/2026 TITANS SECOND LEAGUE,2025,32995,07/02/2026,20260207,5430,5431,2,TUT 3,5431,TUKS 5,5430,Andre Van Wyk,3266939,2.0,0,8,16,0,8.00,(2 w)
8309,949,2025/2026 TITANS SECOND LEAGUE,2025,32995,07/02/2026,20260207,5432,5427,1,IRENE VILLAGERS 4,5432,IRENE VILLAGERS 3,5427,Neil Jansen,4655259,4.0,0,19,13,0,3.25,(6 w)
8309,949,2025/2026 TITANS SECOND LEAGUE,2025,32995,07/02/2026,20260207,5432,5427,1,IRENE VILLAGERS 4,5432,IRENE VILLAGERS 3,5427,Werner Pretorius,4756703,4.0,1,20,11,0,2.75,(2 w)
8309,949,2025/2026 TITANS SECOND LEAGUE,2025,32995,07/02/2026,20260207,5432,5427,1,IRENE VILLAGERS 4,5432,IRENE VILLAGERS 3,5427,Barend Pelser,6407260,6.0,1,25,26,0,4.33,(2 w)
8309,949,2025/2026 TITANS SECOND LEAGUE,2025,32995,07/02/2026,20260207,5432,5427,1,IRENE VILLAGERS 4,5432,IRENE VILLAGERS 3,5427,Jacques Van Rooyen,3795662,9.0,0,38,42,1,4.67,(2 w)
8309,949,2025/2026 TITANS SECOND LEAGUE,2025,32995,07/02/2026,20260207,5432,5427,1,IRENE VILLAGERS 4,5432,IRENE VILLAGERS 3,5427,Jared Fourie,3795661,9.0,1,36,29,1,3.22,(1 w)
8309,949,2025/2026 TITANS SECOND LEAGUE,2025,32995,07/02/2026,20260207,5432,5427,1,IRENE VILLAGERS 4,5432,IRENE VILLAGERS 3,5427,Johan Broekman,4756705,7.0,1,30,32,1,4.57,(8 w)
8309,949,2025/2026 TITANS SECOND LEAGUE,2025,32995,07/02/2026,20260207,5432,5427,1,IRENE VILLAGERS 4,5432,IRENE VILLAGERS 3,5427,Kyle Kunneke,2985826,6.0,0,22,21,3,3.50,
8309,949,2025/2026 TITANS SECOND LEAGUE,2025,32995,07/02/2026,20260207,5432,5427,2,IRENE VILLAGERS 3,5427,IRENE VILLAGERS 4,5432,Austin Prins,6590932,5.0,1,23,20,1,4.00,(2 w1 nb)
8309,949,2025/2026 TITANS SECOND LEAGUE,2025,32995,07/02/2026,20260207,5432,5427,2,IRENE VILLAGERS 3,5427,IRENE VILLAGERS 4,5432,Mulalo Mavhalane,6570652,4.0,0,17,11,0,2.75,(3 w)
8309,949,2025/2026 TITANS SECOND LEAGUE,2025,32995,07/02/2026,20260207,5432,5427,2,IRENE VILLAGERS 3,5427,IRENE VILLAGERS 4,5432,Brandon Polyblank,6336390,6.0,0,26,24,1,4.00,(2 w)
8309,949,2025/2026 TITANS SECOND LEAGUE,2025,32995,07/02/2026,20260207,5432,5427,2,IRENE VILLAGERS 3,5427,IRENE VILLAGERS 4,5432,Eugene Botha,4973974,7.0,0,19,42,2,6.00,(0 w1 nb)
8309,949,2025/2026 TITANS SECOND LEAGUE,2025,32995,07/02/2026,20260207,5432,5427,2,IRENE VILLAGERS 3,5427,IRENE VILLAGERS 4,5432,Xavier Dido,6552348,2.2,0,9,22,1,9.43,(5 w)
8309,949,2025/2026 TITANS SECOND LEAGUE,2025,32995,07/02/2026,20260207,5432,5427,2,IRENE VILLAGERS 3,5427,IRENE VILLAGERS 4,5432,Clayton Brunsdon,4100291,3.5,0,8,34,1,8.87,
8309,949,2025/2026 TITANS SECOND LEAGUE,2025,32995,07/02/2026,20260207,5432,5427,2,IRENE VILLAGERS 3,5427,IRENE VILLAGERS 4,5432,Ruan Ebersohn,2985830,2.0,0,5,16,0,8.00,(1 w)
8261,949,2025/2026 TITANS SECOND LEAGUE,2025,32995,31/01/2026,20260131,5432,5431,1,IRENE VILLAGERS 4,5432,TUT 3,5431,Divan Potgieter,4673570,9.2,1,38,33,2,3.54,(2 w)
8261,949,2025/2026 TITANS SECOND LEAGUE,2025,32995,31/01/2026,20260131,5432,5431,1,IRENE VILLAGERS 4,5432,TUT 3,5431,Charl Prinsloo,3018226,5.4,1,28,10,1,1.76,(2 w1 nb)
8261,949,2025/2026 TITANS SECOND LEAGUE,2025,32995,31/01/2026,20260131,5432,5431,1,IRENE VILLAGERS 4,5432,TUT 3,5431,Dewald Basson,3018234,3.0,0,15,5,0,1.67,
8261,949,2025/2026 TITANS SECOND LEAGUE,2025,32995,31/01/2026,20260131,5432,5431,1,IRENE VILLAGERS 4,5432,TUT 3,5431,Gary Van Blerk,4673569,6.5,1,37,23,1,3.37,(15 w)
8261,949,2025/2026 TITANS SECOND LEAGUE,2025,32995,31/01/2026,20260131,5432,5431,1,IRENE VILLAGERS 4,5432,TUT 3,5431,Leon Smith,4673571,1.0,0,2,8,0,8.00,
8256,949,2025/2026 TITANS SECOND LEAGUE,2025,32995,31/01/2026,20260131,5427,5426,1,IRENE VILLAGERS 3,5427,HARLEQUINS 3,5426,Juan Viljoen,4729877,9.0,1,33,41,1,4.56,(2 w)
8256,949,2025/2026 TITANS SECOND LEAGUE,2025,32995,31/01/2026,20260131,5427,5426,1,IRENE VILLAGERS 3,5427,HARLEQUINS 3,5426,Willem Jacobs,5005715,9.0,0,19,72,3,8.00,(2 w1 nb)
8256,949,2025/2026 TITANS SECOND LEAGUE,2025,32995,31/01/2026,20260131,5427,5426,1,IRENE VILLAGERS 3,5427,HARLEQUINS 3,5426,Ruan Coetzer,6336357,3.0,0,8,39,0,13.00,(5 w1 nb)
8256,949,2025/2026 TITANS SECOND LEAGUE,2025,32995,31/01/2026,20260131,5427,5426,1,IRENE VILLAGERS 3,5427,HARLEQUINS 3,5426,Kholisile Khuzwayo,6407265,9.0,1,26,80,2,8.89,
8256,949,2025/2026 TITANS SECOND LEAGUE,2025,32995,31/01/2026,20260131,5427,5426,1,IRENE VILLAGERS 3,5427,HARLEQUINS 3,5426,Willie Kamffer,6299174,3.0,0,2,50,0,16.67,(0 w1 nb)
8256,949,2025/2026 TITANS SECOND LEAGUE,2025,32995,31/01/2026,20260131,5427,5426,1,IRENE VILLAGERS 3,5427,HARLEQUINS 3,5426,Dimitri Saunders,6552289,5.0,0,16,34,0,6.80,(4 w)
8256,949,2025/2026 TITANS SECOND LEAGUE,2025,32995,31/01/2026,20260131,5427,5426,1,IRENE VILLAGERS 3,5427,HARLEQUINS 3,5426,Karel Vd Walt,6355781,3.0,0,7,33,0,11.00,(2 w)
8256,949,2025/2026 TITANS SECOND LEAGUE,2025,32995,31/01/2026,20260131,5427,5426,1,IRENE VILLAGERS 3,5427,HARLEQUINS 3,5426,Fritz De Villiers,6570616,3.0,0,5,29,0,9.67,(5 w)
8256,949,2025/2026 TITANS SECOND LEAGUE,2025,32995,31/01/2026,20260131,5427,5426,1,IRENE VILLAGERS 3,5427,HARLEQUINS 3,5426,Kopano Thema,6570617,1.0,0,1,11,0,11.00,(0 w1 nb)
8256,949,2025/2026 TITANS SECOND LEAGUE,2025,32995,31/01/2026,20260131,5427,5426,2,HARLEQUINS 3,5426,IRENE VILLAGERS 3,5427,Neil Jansen,4655262,5.0,0,20,36,1,7.20,(5 w)
8256,949,2025/2026 TITANS SECOND LEAGUE,2025,32995,31/01/2026,20260131,5427,5426,2,HARLEQUINS 3,5426,IRENE VILLAGERS 3,5427,Werner Pretorius,4756703,4.0,0,18,9,0,2.25,(2 w)
8256,949,2025/2026 TITANS SECOND LEAGUE,2025,32995,31/01/2026,20260131,5427,5426,2,HARLEQUINS 3,5426,IRENE VILLAGERS 3,5427,Justin Pretorius,6407259,3.0,0,13,19,1,6.33,(3 w)
8256,949,2025/2026 TITANS SECOND LEAGUE,2025,32995,31/01/2026,20260131,5427,5426,2,HARLEQUINS 3,5426,IRENE VILLAGERS 3,5427,Jacques Van Rooyen,3795662,6.1,0,26,14,5,2.27,
8256,949,2025/2026 TITANS SECOND LEAGUE,2025,32995,31/01/2026,20260131,5427,5426,2,HARLEQUINS 3,5426,IRENE VILLAGERS 3,5427,Kyle Kunneke,2985826,4.0,1,17,14,2,3.50,(3 w)
8254,949,2025/2026 TITANS SECOND LEAGUE,2025,32995,31/01/2026,20260131,5430,5428,1,TUKS 5,5430,PHSOB 3,5428,Burgert Kloppers,4742888,6.0,2,30,16,1,2.67,(2 w)
8254,949,2025/2026 TITANS SECOND LEAGUE,2025,32995,31/01/2026,20260131,5430,5428,1,TUKS 5,5430,PHSOB 3,5428,Jaco Fourie,4688790,6.0,0,24,28,1,4.67,(3 w)
8254,949,2025/2026 TITANS SECOND LEAGUE,2025,32995,31/01/2026,20260131,5430,5428,1,TUKS 5,5430,PHSOB 3,5428,Gerhard Bezuidenhout,6570586,4.0,0,12,37,1,9.25,(2 w2 nb)
8254,949,2025/2026 TITANS SECOND LEAGUE,2025,32995,31/01/2026,20260131,5430,5428,1,TUKS 5,5430,PHSOB 3,5428,Steven Meyburgh,2937220,9.0,1,30,50,4,5.56,
8254,949,2025/2026 TITANS SECOND LEAGUE,2025,32995,31/01/2026,20260131,5430,5428,1,TUKS 5,5430,PHSOB 3,5428,Emil Rolfes,2936903,2.0,0,5,20,0,10.00,
8254,949,2025/2026 TITANS SECOND LEAGUE,2025,32995,31/01/2026,20260131,5430,5428,1,TUKS 5,5430,PHSOB 3,5428,Brian Kershaw,4688792,8.3,1,35,29,2,3.41,
8254,949,2025/2026 TITANS SECOND LEAGUE,2025,32995,31/01/2026,20260131,5430,5428,1,TUKS 5,5430,PHSOB 3,5428,Hayden Van Den Heever,6372013,1.0,0,3,12,1,12.00,(1 w)
8254,949,2025/2026 TITANS SECOND LEAGUE,2025,32995,31/01/2026,20260131,5430,5428,1,TUKS 5,5430,PHSOB 3,5428,Marko De Cock,4688791,3.0,0,13,15,0,5.00,(1 w)
8254,949,2025/2026 TITANS SECOND LEAGUE,2025,32995,31/01/2026,20260131,5430,5428,2,PHSOB 3,5428,TUKS 5,5430,Tiaan Engelbrecht,2936837,6.3,1,30,20,2,3.08,
8254,949,2025/2026 TITANS SECOND LEAGUE,2025,32995,31/01/2026,20260131,5430,5428,2,PHSOB 3,5428,TUKS 5,5430,Martin Van Tonder,2840539,5.0,0,19,23,0,4.60,
8254,949,2025/2026 TITANS SECOND LEAGUE,2025,32995,31/01/2026,20260131,5430,5428,2,PHSOB 3,5428,TUKS 5,5430,Christian Strydom,2936847,3.0,0,13,16,0,5.33,(2 w)
8254,949,2025/2026 TITANS SECOND LEAGUE,2025,32995,31/01/2026,20260131,5430,5428,2,PHSOB 3,5428,TUKS 5,5430,Reinhardt Hamann,6371950,7.0,0,30,30,1,4.29,(6 w)
8254,949,2025/2026 TITANS SECOND LEAGUE,2025,32995,31/01/2026,20260131,5430,5428,2,PHSOB 3,5428,TUKS 5,5430,Johan Nel,4655263,9.0,0,33,51,2,5.67,(4 w)
8254,949,2025/2026 TITANS SECOND LEAGUE,2025,32995,31/01/2026,20260131,5430,5428,2,PHSOB 3,5428,TUKS 5,5430,Tihardt Kruger,3242942,3.0,0,10,18,0,6.00,(4 w)
8254,949,2025/2026 TITANS SECOND LEAGUE,2025,32995,31/01/2026,20260131,5430,5428,2,PHSOB 3,5428,TUKS 5,5430,Andre Van Wyk,3266939,5.0,1,23,19,1,3.80,(4 w)
8254,949,2025/2026 TITANS SECOND LEAGUE,2025,32995,31/01/2026,20260131,5430,5428,2,PHSOB 3,5428,TUKS 5,5430,Donovan Du Toit,3713457,6.0,0,22,29,2,4.83,(1 w)
8212,949,2025/2026 TITANS SECOND LEAGUE,2025,32995,24/01/2026,20260124,5428,5429,1,PHSOB 3,5428,SINOVILLE 3,5429,Rivan Stoman,6352780,4.0,0,11,39,1,9.75,(9 w)
8212,949,2025/2026 TITANS SECOND LEAGUE,2025,32995,24/01/2026,20260124,5428,5429,1,PHSOB 3,5428,SINOVILLE 3,5429,Pj Richter,6552362,6.0,0,23,37,2,6.17,(1 w2 nb)
8212,949,2025/2026 TITANS SECOND LEAGUE,2025,32995,24/01/2026,20260124,5428,5429,1,PHSOB 3,5428,SINOVILLE 3,5429,Hendre Du Toit,2987477,8.0,0,27,52,2,6.50,(2 w)
8212,949,2025/2026 TITANS SECOND LEAGUE,2025,32995,24/01/2026,20260124,5428,5429,1,PHSOB 3,5428,SINOVILLE 3,5429,Ian Dorfling,4063612,4.0,0,16,30,0,7.50,(1 w1 nb)
8212,949,2025/2026 TITANS SECOND LEAGUE,2025,32995,24/01/2026,20260124,5428,5429,1,PHSOB 3,5428,SINOVILLE 3,5429,Juan Venter,6552360,8.0,0,28,52,2,6.50,(3 w)
8212,949,2025/2026 TITANS SECOND LEAGUE,2025,32995,24/01/2026,20260124,5428,5429,1,PHSOB 3,5428,SINOVILLE 3,5429,Jason Van Loggenberg,6552363,8.0,1,27,52,2,6.50,(9 w)
8212,949,2025/2026 TITANS SECOND LEAGUE,2025,32995,24/01/2026,20260124,5428,5429,1,PHSOB 3,5428,SINOVILLE 3,5429,Ruben Erasmus,6352785,2.0,0,6,14,0,7.00,(3 w1 nb)
8212,949,2025/2026 TITANS SECOND LEAGUE,2025,32995,24/01/2026,20260124,5428,5429,2,SINOVILLE 3,5429,PHSOB 3,5428,Burgert Kloppers,4742888,6.0,1,28,34,2,5.67,(3 w1 nb)
8212,949,2025/2026 TITANS SECOND LEAGUE,2025,32995,24/01/2026,20260124,5428,5429,2,SINOVILLE 3,5429,PHSOB 3,5428,Emil Rolfes,2936903,2.0,0,5,22,1,11.00,(2 w)
8212,949,2025/2026 TITANS SECOND LEAGUE,2025,32995,24/01/2026,20260124,5428,5429,2,SINOVILLE 3,5429,PHSOB 3,5428,Brian Kershaw,4688792,4.0,0,14,33,0,8.25,(1 w)
8212,949,2025/2026 TITANS SECOND LEAGUE,2025,32995,24/01/2026,20260124,5428,5429,2,SINOVILLE 3,5429,PHSOB 3,5428,Steven Meyburgh,2937220,7.4,0,27,28,4,3.65,
8212,949,2025/2026 TITANS SECOND LEAGUE,2025,32995,24/01/2026,20260124,5428,5429,2,SINOVILLE 3,5429,PHSOB 3,5428,Christoper Bouwer,6407256,5.0,0,17,22,2,4.40,(1 w)
8210,949,2025/2026 TITANS SECOND LEAGUE,2025,32995,24/01/2026,20260124,5432,5430,1,IRENE VILLAGERS 4,5432,TUKS 5,5430,Tiaan Engelbrecht,2936837,6.0,0,21,32,2,5.33,(1 w)
8210,949,2025/2026 TITANS SECOND LEAGUE,2025,32995,24/01/2026,20260124,5432,5430,1,IRENE VILLAGERS 4,5432,TUKS 5,5430,Martin Van Tonder,2840539,4.0,0,17,29,0,7.25,(4 w)
8210,949,2025/2026 TITANS SECOND LEAGUE,2025,32995,24/01/2026,20260124,5432,5430,1,IRENE VILLAGERS 4,5432,TUKS 5,5430,Christian Strydom,2936847,5.0,0,21,19,0,3.80,(1 w)
8210,949,2025/2026 TITANS SECOND LEAGUE,2025,32995,24/01/2026,20260124,5432,5430,1,IRENE VILLAGERS 4,5432,TUKS 5,5430,Nico Kruger,2936834,7.0,0,28,44,6,6.29,(5 w1 nb)
8210,949,2025/2026 TITANS SECOND LEAGUE,2025,32995,24/01/2026,20260124,5432,5430,1,IRENE VILLAGERS 4,5432,TUKS 5,5430,Johan Nel,4655263,4.0,0,16,18,0,4.50,(1 w)
8210,949,2025/2026 TITANS SECOND LEAGUE,2025,32995,24/01/2026,20260124,5432,5430,1,IRENE VILLAGERS 4,5432,TUKS 5,5430,Mj Kruger,3056984,1.0,0,5,1,0,1.00,
8210,949,2025/2026 TITANS SECOND LEAGUE,2025,32995,24/01/2026,20260124,5432,5430,1,IRENE VILLAGERS 4,5432,TUKS 5,5430,Reinhardt Hamann,6371950,0.4,0,3,1,0,1.50,
8210,949,2025/2026 TITANS SECOND LEAGUE,2025,32995,24/01/2026,20260124,5432,5430,2,TUKS 5,5430,IRENE VILLAGERS 4,5432,Brandon Polyblank,6336390,4.0,0,18,27,0,6.75,(4 w)
8210,949,2025/2026 TITANS SECOND LEAGUE,2025,32995,24/01/2026,20260124,5432,5430,2,TUKS 5,5430,IRENE VILLAGERS 4,5432,Eugene Botha,4973974,8.0,0,20,73,3,9.12,(3 w1 nb)
8210,949,2025/2026 TITANS SECOND LEAGUE,2025,32995,24/01/2026,20260124,5432,5430,2,TUKS 5,5430,IRENE VILLAGERS 4,5432,Clayton Brunsdon,4100291,1.0,0,0,20,0,20.00,
8210,949,2025/2026 TITANS SECOND LEAGUE,2025,32995,24/01/2026,20260124,5432,5430,2,TUKS 5,5430,IRENE VILLAGERS 4,5432,Ruan Ebersohn,2985830,3.0,0,12,17,0,5.67,(3 w)
8210,949,2025/2026 TITANS SECOND LEAGUE,2025,32995,24/01/2026,20260124,5432,5430,2,TUKS 5,5430,IRENE VILLAGERS 4,5432,Stiaan Heymans,4673670,0.5,0,1,11,0,13.20,
8208,949,2025/2026 TITANS SECOND LEAGUE,2025,32995,24/01/2026,20260124,5425,5427,1,CBCOB 3,5425,IRENE VILLAGERS 3,5427,Werner Pretorius,4756703,5.0,0,21,21,1,4.20,(3 w)
8208,949,2025/2026 TITANS SECOND LEAGUE,2025,32995,24/01/2026,20260124,5425,5427,1,CBCOB 3,5425,IRENE VILLAGERS 3,5427,Eugene Pelzer,6552298,3.0,0,11,26,2,8.67,
8208,949,2025/2026 TITANS SECOND LEAGUE,2025,32995,24/01/2026,20260124,5425,5427,1,CBCOB 3,5425,IRENE VILLAGERS 3,5427,Gunter Geyer,2985804,4.0,0,19,10,1,2.50,(5 w)
8208,949,2025/2026 TITANS SECOND LEAGUE,2025,32995,24/01/2026,20260124,5425,5427,1,CBCOB 3,5425,IRENE VILLAGERS 3,5427,Jacques Van Rooyen,3795662,8.0,1,30,35,1,4.38,(9 w)
8208,949,2025/2026 TITANS SECOND LEAGUE,2025,32995,24/01/2026,20260124,5425,5427,1,CBCOB 3,5425,IRENE VILLAGERS 3,5427,Waldemar Bodenstein,6299549,8.0,1,31,37,1,4.62,(4 w)
8208,949,2025/2026 TITANS SECOND LEAGUE,2025,32995,24/01/2026,20260124,5425,5427,1,CBCOB 3,5425,IRENE VILLAGERS 3,5427,Kyle Kunneke,2985826,4.0,0,13,16,2,4.00,(1 w)
8208,949,2025/2026 TITANS SECOND LEAGUE,2025,32995,24/01/2026,20260124,5425,5427,2,IRENE VILLAGERS 3,5427,CBCOB 3,5425,Rohan Van Der Walt,6299643,5.0,0,20,26,1,5.20,(2 w)
8208,949,2025/2026 TITANS SECOND LEAGUE,2025,32995,24/01/2026,20260124,5425,5427,2,IRENE VILLAGERS 3,5427,CBCOB 3,5425,Janro De Bruin,6299640,4.0,0,18,15,0,3.75,(1 w)
8208,949,2025/2026 TITANS SECOND LEAGUE,2025,32995,24/01/2026,20260124,5425,5427,2,IRENE VILLAGERS 3,5427,CBCOB 3,5425,Mark Yafee,6552299,4.0,1,13,17,0,4.25,(3 w)
8208,949,2025/2026 TITANS SECOND LEAGUE,2025,32995,24/01/2026,20260124,5425,5427,2,IRENE VILLAGERS 3,5427,CBCOB 3,5425,Rigardt Saaiman,3729566,8.0,2,34,26,1,3.25,
8208,949,2025/2026 TITANS SECOND LEAGUE,2025,32995,24/01/2026,20260124,5425,5427,2,IRENE VILLAGERS 3,5427,CBCOB 3,5425,Stefan Ferreira,6552300,7.3,0,23,53,2,7.07,(2 w)
8208,949,2025/2026 TITANS SECOND LEAGUE,2025,32995,24/01/2026,20260124,5425,5427,2,IRENE VILLAGERS 3,5427,CBCOB 3,5425,Justin Van Bassen,4673824,1.0,0,4,3,0,3.00,(1 w)
8208,949,2025/2026 TITANS SECOND LEAGUE,2025,32995,24/01/2026,20260124,5425,5427,2,IRENE VILLAGERS 3,5427,CBCOB 3,5425,Dillon Kotze,3729565,2.0,0,6,11,2,5.50,
8207,949,2025/2026 TITANS SECOND LEAGUE,2025,32995,24/01/2026,20260124,5426,5431,1,HARLEQUINS 3,5426,TUT 3,5431,Divan Potgieter,4673570,9.0,2,38,33,6,3.67,(3 w)
8207,949,2025/2026 TITANS SECOND LEAGUE,2025,32995,24/01/2026,20260124,5426,5431,1,HARLEQUINS 3,5426,TUT 3,5431,Stefan Grobler,3018230,9.0,2,43,18,3,2.00,(2 w3 nb)
8207,949,2025/2026 TITANS SECOND LEAGUE,2025,32995,24/01/2026,20260124,5426,5431,1,HARLEQUINS 3,5426,TUT 3,5431,Dewald Basson,3018234,7.2,0,30,27,1,3.68,(1 w)
8207,949,2025/2026 TITANS SECOND LEAGUE,2025,32995,24/01/2026,20260124,5426,5431,2,TUT 3,5431,HARLEQUINS 3,5426,Juan Viljoen,4729877,5.0,0,24,15,0,3.00,(3 w)
8207,949,2025/2026 TITANS SECOND LEAGUE,2025,32995,24/01/2026,20260124,5426,5431,2,TUT 3,5431,HARLEQUINS 3,5426,Willem Jacobs,5005715,5.0,0,19,22,0,4.40,(1 w2 nb)
8207,949,2025/2026 TITANS SECOND LEAGUE,2025,32995,24/01/2026,20260124,5426,5431,2,TUT 3,5431,HARLEQUINS 3,5426,Ruan Coetzer,6336357,2.0,0,7,10,0,5.00,(3 w)
8207,949,2025/2026 TITANS SECOND LEAGUE,2025,32995,24/01/2026,20260124,5426,5431,2,TUT 3,5431,HARLEQUINS 3,5426,Kholisile Khuzwayo,6407265,3.3,0,12,23,0,6.57,(2 w)
8207,949,2025/2026 TITANS SECOND LEAGUE,2025,32995,24/01/2026,20260124,5426,5431,2,TUT 3,5431,HARLEQUINS 3,5426,Karel Vd Walt,6355781,2.0,0,7,13,0,6.50,(2 w)
8207,949,2025/2026 TITANS SECOND LEAGUE,2025,32995,24/01/2026,20260124,5426,5431,2,TUT 3,5431,HARLEQUINS 3,5426,Stefan Van Jaarsveld,6552292,1.0,0,5,1,0,1.00,
8170,949,2025/2026 TITANS SECOND LEAGUE,2025,32995,06/12/2025,20251206,5432,5428,1,IRENE VILLAGERS 4,5432,PHSOB 3,5428,Edwin De Waal,4742889,4.0,0,14,33,1,8.25,(4 w)
8170,949,2025/2026 TITANS SECOND LEAGUE,2025,32995,06/12/2025,20251206,5432,5428,1,IRENE VILLAGERS 4,5432,PHSOB 3,5428,Burgert Kloppers,4742888,8.0,1,34,26,3,3.25,(2 w)
8170,949,2025/2026 TITANS SECOND LEAGUE,2025,32995,06/12/2025,20251206,5432,5428,1,IRENE VILLAGERS 4,5432,PHSOB 3,5428,Christo Swanepoel,2936900,3.0,0,9,27,0,9.00,(6 w)
8170,949,2025/2026 TITANS SECOND LEAGUE,2025,32995,06/12/2025,20251206,5432,5428,1,IRENE VILLAGERS 4,5432,PHSOB 3,5428,Brian Kershaw,4688792,9.0,0,33,32,2,3.56,(8 w)
8170,949,2025/2026 TITANS SECOND LEAGUE,2025,32995,06/12/2025,20251206,5432,5428,1,IRENE VILLAGERS 4,5432,PHSOB 3,5428,Joubert Eybers,6390024,9.0,1,28,54,2,6.00,
8170,949,2025/2026 TITANS SECOND LEAGUE,2025,32995,06/12/2025,20251206,5432,5428,1,IRENE VILLAGERS 4,5432,PHSOB 3,5428,Pj Mckechnie,3000408,3.0,0,9,29,0,9.67,(0 w2 nb)
8170,949,2025/2026 TITANS SECOND LEAGUE,2025,32995,06/12/2025,20251206,5432,5428,1,IRENE VILLAGERS 4,5432,PHSOB 3,5428,Steven Meyburgh,2937220,9.0,1,29,54,1,6.00,(2 w2 nb)
8170,949,2025/2026 TITANS SECOND LEAGUE,2025,32995,06/12/2025,20251206,5432,5428,2,PHSOB 3,5428,IRENE VILLAGERS 4,5432,Brandon Polyblank,6336390,6.0,0,18,50,2,8.33,(1 w)
8170,949,2025/2026 TITANS SECOND LEAGUE,2025,32995,06/12/2025,20251206,5432,5428,2,PHSOB 3,5428,IRENE VILLAGERS 4,5432,Ruan Ebersohn,2985830,6.0,0,22,42,1,7.00,
8170,949,2025/2026 TITANS SECOND LEAGUE,2025,32995,06/12/2025,20251206,5432,5428,2,PHSOB 3,5428,IRENE VILLAGERS 4,5432,Mohapi Molete,2985827,7.0,0,22,30,1,4.29,
8170,949,2025/2026 TITANS SECOND LEAGUE,2025,32995,06/12/2025,20251206,5432,5428,2,PHSOB 3,5428,IRENE VILLAGERS 4,5432,Clayton Brunsdon,4100291,9.0,0,35,37,3,4.11,
8170,949,2025/2026 TITANS SECOND LEAGUE,2025,32995,06/12/2025,20251206,5432,5428,2,PHSOB 3,5428,IRENE VILLAGERS 4,5432,Christoff Pompie Helm,2985831,4.0,0,14,24,0,6.00,
8170,949,2025/2026 TITANS SECOND LEAGUE,2025,32995,06/12/2025,20251206,5432,5428,2,PHSOB 3,5428,IRENE VILLAGERS 4,5432,Werner Pretorius,4688690,4.0,0,17,19,1,4.75,(2 w)
8170,949,2025/2026 TITANS SECOND LEAGUE,2025,32995,06/12/2025,20251206,5432,5428,2,PHSOB 3,5428,IRENE VILLAGERS 4,5432,Tristan Beetge,4658060,2.3,1,10,11,2,4.40,
8168,949,2025/2026 TITANS SECOND LEAGUE,2025,32995,06/12/2025,20251206,5425,5429,1,CBCOB 3,5425,SINOVILLE 3,5429,Ryno Vermaak,6299554,7.0,0,25,43,1,6.14,(2 w2 nb)
8168,949,2025/2026 TITANS SECOND LEAGUE,2025,32995,06/12/2025,20251206,5425,5429,1,CBCOB 3,5425,SINOVILLE 3,5429,Jason Gillard,3003090,9.0,1,39,24,1,2.67,(1 w)
8168,949,2025/2026 TITANS SECOND LEAGUE,2025,32995,06/12/2025,20251206,5425,5429,1,CBCOB 3,5425,SINOVILLE 3,5429,Janu Olivier,4973941,6.0,0,32,14,1,2.33,(3 w4 nb)
8168,949,2025/2026 TITANS SECOND LEAGUE,2025,32995,06/12/2025,20251206,5425,5429,1,CBCOB 3,5425,SINOVILLE 3,5429,Ruan Venter,4673574,6.0,0,22,29,2,4.83,(4 w)
8168,949,2025/2026 TITANS SECOND LEAGUE,2025,32995,06/12/2025,20251206,5425,5429,1,CBCOB 3,5425,SINOVILLE 3,5429,Rivan Stoman,6352780,4.5,1,19,24,1,4.97,(1 w)
8168,949,2025/2026 TITANS SECOND LEAGUE,2025,32995,06/12/2025,20251206,5425,5429,1,CBCOB 3,5425,SINOVILLE 3,5429,Jd Van Wyk,4688794,1.0,0,1,15,0,15.00,
8168,949,2025/2026 TITANS SECOND LEAGUE,2025,32995,06/12/2025,20251206,5425,5429,1,CBCOB 3,5425,SINOVILLE 3,5429,Zandré Nel,3031806,3.0,0,8,28,2,9.33,(1 w)
8168,949,2025/2026 TITANS SECOND LEAGUE,2025,32995,06/12/2025,20251206,5425,5429,2,SINOVILLE 3,5429,CBCOB 3,5425,Jordan Cbc,6442338,5.0,0,19,37,2,7.40,(19 w)
8168,949,2025/2026 TITANS SECOND LEAGUE,2025,32995,06/12/2025,20251206,5425,5429,2,SINOVILLE 3,5429,CBCOB 3,5425,Janro De Bruin,6299640,4.0,0,15,36,0,9.00,(1 w)
8168,949,2025/2026 TITANS SECOND LEAGUE,2025,32995,06/12/2025,20251206,5425,5429,2,SINOVILLE 3,5429,CBCOB 3,5425,Henry Cbc,6442337,7.5,0,30,48,2,6.13,(2 w)
8168,949,2025/2026 TITANS SECOND LEAGUE,2025,32995,06/12/2025,20251206,5425,5429,2,SINOVILLE 3,5429,CBCOB 3,5425,Faf Potgieter,6390079,5.0,1,20,21,3,4.20,(1 w)
8168,949,2025/2026 TITANS SECOND LEAGUE,2025,32995,06/12/2025,20251206,5425,5429,2,SINOVILLE 3,5429,CBCOB 3,5425,Jaden Beukes,6299645,2.0,1,9,7,2,3.50,
8102,949,2025/2026 TITANS SECOND LEAGUE,2025,32995,29/11/2025,20251129,5426,5430,1,HARLEQUINS 3,5426,TUKS 5,5430,Tiaan Engelbrecht,2936837,7.0,1,28,29,2,4.14,(3 w)
8102,949,2025/2026 TITANS SECOND LEAGUE,2025,32995,29/11/2025,20251129,5426,5430,1,HARLEQUINS 3,5426,TUKS 5,5430,Martin Van Tonder,2840539,8.0,0,29,32,0,4.00,(3 w)
8102,949,2025/2026 TITANS SECOND LEAGUE,2025,32995,29/11/2025,20251129,5426,5430,1,HARLEQUINS 3,5426,TUKS 5,5430,Sydney Stanley,6389980,3.0,0,11,19,1,6.33,(7 w)
8102,949,2025/2026 TITANS SECOND LEAGUE,2025,32995,29/11/2025,20251129,5426,5430,1,HARLEQUINS 3,5426,TUKS 5,5430,Johan Nel,4655263,7.0,0,24,32,2,4.57,(1 w)
8102,949,2025/2026 TITANS SECOND LEAGUE,2025,32995,29/11/2025,20251129,5426,5430,1,HARLEQUINS 3,5426,TUKS 5,5430,Rickus Engelbrecht,6423335,5.0,0,19,35,0,7.00,
8102,949,2025/2026 TITANS SECOND LEAGUE,2025,32995,29/11/2025,20251129,5426,5430,1,HARLEQUINS 3,5426,TUKS 5,5430,Jerry Lesige,6299177,3.0,0,12,20,0,6.67,(0 w1 nb)
8102,949,2025/2026 TITANS SECOND LEAGUE,2025,32995,29/11/2025,20251129,5426,5430,1,HARLEQUINS 3,5426,TUKS 5,5430,Tihardt Kruger,3242942,5.0,0,10,38,0,7.60,(1 w)
8102,949,2025/2026 TITANS SECOND LEAGUE,2025,32995,29/11/2025,20251129,5426,5430,1,HARLEQUINS 3,5426,TUKS 5,5430,Andre Van Wyk,3266939,2.0,0,5,15,0,7.50,(3 w)
8102,949,2025/2026 TITANS SECOND LEAGUE,2025,32995,29/11/2025,20251129,5426,5430,2,TUKS 5,5430,HARLEQUINS 3,5426,Leo Pelser,6355782,3.0,0,12,9,0,3.00,(2 w)
8102,949,2025/2026 TITANS SECOND LEAGUE,2025,32995,29/11/2025,20251129,5426,5430,2,TUKS 5,5430,HARLEQUINS 3,5426,Haadi Abdul,6407263,4.0,0,14,26,0,6.50,(2 w)
8102,949,2025/2026 TITANS SECOND LEAGUE,2025,32995,29/11/2025,20251129,5426,5430,2,TUKS 5,5430,HARLEQUINS 3,5426,Juan Viljoen,4729877,6.0,0,24,32,0,5.33,(4 w)
8102,949,2025/2026 TITANS SECOND LEAGUE,2025,32995,29/11/2025,20251129,5426,5430,2,TUKS 5,5430,HARLEQUINS 3,5426,Ruan Coetzer,6336357,2.0,0,5,17,0,8.50,(1 w)
8102,949,2025/2026 TITANS SECOND LEAGUE,2025,32995,29/11/2025,20251129,5426,5430,2,TUKS 5,5430,HARLEQUINS 3,5426,Willem Jacobs,5005715,7.0,0,21,36,3,5.14,(5 w)
8102,949,2025/2026 TITANS SECOND LEAGUE,2025,32995,29/11/2025,20251129,5426,5430,2,TUKS 5,5430,HARLEQUINS 3,5426,Pieter Roos,2939189,2.2,1,10,17,2,7.29,
8102,949,2025/2026 TITANS SECOND LEAGUE,2025,32995,29/11/2025,20251129,5426,5430,2,TUKS 5,5430,HARLEQUINS 3,5426,Eddie Stephen,6299173,1.0,0,3,15,0,15.00,(0 w2 nb)
8102,949,2025/2026 TITANS SECOND LEAGUE,2025,32995,29/11/2025,20251129,5426,5430,2,TUKS 5,5430,HARLEQUINS 3,5426,Kholi Willows,6299172,6.0,1,20,29,5,4.83,(1 w3 nb)
8012,949,2025/2026 TITANS SECOND LEAGUE,2025,32995,22/11/2025,20251122,5426,5432,1,HARLEQUINS 3,5426,IRENE VILLAGERS 4,5432,Robert Vermeulen,6407267,5.0,0,21,27,1,5.40,(9 w)
8012,949,2025/2026 TITANS SECOND LEAGUE,2025,32995,22/11/2025,20251122,5426,5432,1,HARLEQUINS 3,5426,IRENE VILLAGERS 4,5432,Brandon Polyblank,6336390,6.0,1,26,29,5,4.83,(8 w)
8012,949,2025/2026 TITANS SECOND LEAGUE,2025,32995,22/11/2025,20251122,5426,5432,1,HARLEQUINS 3,5426,IRENE VILLAGERS 4,5432,Devon Horn,6407266,4.0,0,15,35,0,8.75,(13 w)
8012,949,2025/2026 TITANS SECOND LEAGUE,2025,32995,22/11/2025,20251122,5426,5432,1,HARLEQUINS 3,5426,IRENE VILLAGERS 4,5432,Rian Klopper,4769742,5.0,0,21,20,1,4.00,(0 w4 nb)
8012,949,2025/2026 TITANS SECOND LEAGUE,2025,32995,22/11/2025,20251122,5426,5432,1,HARLEQUINS 3,5426,IRENE VILLAGERS 4,5432,Clayton Brunsdon,4100291,9.0,2,38,45,1,5.00,
8012,949,2025/2026 TITANS SECOND LEAGUE,2025,32995,22/11/2025,20251122,5426,5432,1,HARLEQUINS 3,5426,IRENE VILLAGERS 4,5432,Eugene Botha,4973974,8.0,0,35,27,1,3.38,(1 w)
8012,949,2025/2026 TITANS SECOND LEAGUE,2025,32995,22/11/2025,20251122,5426,5432,1,HARLEQUINS 3,5426,IRENE VILLAGERS 4,5432,Christoff Pompie Helm,2985831,2.0,0,8,7,0,3.50,
8012,949,2025/2026 TITANS SECOND LEAGUE,2025,32995,22/11/2025,20251122,5426,5432,1,HARLEQUINS 3,5426,IRENE VILLAGERS 4,5432,Stiaan Heymans,4673670,0.3,0,2,2,1,4.00,
8012,949,2025/2026 TITANS SECOND LEAGUE,2025,32995,22/11/2025,20251122,5426,5432,2,IRENE VILLAGERS 4,5432,HARLEQUINS 3,5426,Juan Viljoen,4729877,5.0,0,20,19,1,3.80,(1 w)
8012,949,2025/2026 TITANS SECOND LEAGUE,2025,32995,22/11/2025,20251122,5426,5432,2,IRENE VILLAGERS 4,5432,HARLEQUINS 3,5426,Haadi Abdul,6407263,5.0,0,17,28,0,5.60,(7 w)
8012,949,2025/2026 TITANS SECOND LEAGUE,2025,32995,22/11/2025,20251122,5426,5432,2,IRENE VILLAGERS 4,5432,HARLEQUINS 3,5426,Eddie Stephen,6299173,4.0,0,16,24,2,6.00,(3 w1 nb)
8012,949,2025/2026 TITANS SECOND LEAGUE,2025,32995,22/11/2025,20251122,5426,5432,2,IRENE VILLAGERS 4,5432,HARLEQUINS 3,5426,Neo Ngarize,6407264,4.0,1,16,22,0,5.50,(3 w)
8012,949,2025/2026 TITANS SECOND LEAGUE,2025,32995,22/11/2025,20251122,5426,5432,2,IRENE VILLAGERS 4,5432,HARLEQUINS 3,5426,Willie Kamffer,6299174,1.0,0,4,4,1,4.00,(0 w1 nb)
8012,949,2025/2026 TITANS SECOND LEAGUE,2025,32995,22/11/2025,20251122,5426,5432,2,IRENE VILLAGERS 4,5432,HARLEQUINS 3,5426,Willem Jacobs,5005715,1.0,0,1,14,0,14.00,
8011,949,2025/2026 TITANS SECOND LEAGUE,2025,32995,22/11/2025,20251122,5427,5428,1,IRENE VILLAGERS 3,5427,PHSOB 3,5428,Wilhelm Best,6372014,5.0,0,19,38,0,7.60,(4 w)
8011,949,2025/2026 TITANS SECOND LEAGUE,2025,32995,22/11/2025,20251122,5427,5428,1,IRENE VILLAGERS 3,5427,PHSOB 3,5428,Burgert Kloppers,4742888,7.0,0,30,32,2,4.57,(7 w)
8011,949,2025/2026 TITANS SECOND LEAGUE,2025,32995,22/11/2025,20251122,5427,5428,1,IRENE VILLAGERS 3,5427,PHSOB 3,5428,Marcel Cronjé,6336326,8.0,1,35,45,2,5.62,(6 w)
8011,949,2025/2026 TITANS SECOND LEAGUE,2025,32995,22/11/2025,20251122,5427,5428,1,IRENE VILLAGERS 3,5427,PHSOB 3,5428,Christoper Bouwer,6407256,9.0,2,37,36,3,4.00,(1 w1 nb)
8011,949,2025/2026 TITANS SECOND LEAGUE,2025,32995,22/11/2025,20251122,5427,5428,1,IRENE VILLAGERS 3,5427,PHSOB 3,5428,Joubert Eybers,6390024,9.0,2,40,36,2,4.00,(1 w)
8011,949,2025/2026 TITANS SECOND LEAGUE,2025,32995,22/11/2025,20251122,5427,5428,1,IRENE VILLAGERS 3,5427,PHSOB 3,5428,Steven Meyburgh,2937220,3.0,0,11,30,0,10.00,(3 w1 nb)
8011,949,2025/2026 TITANS SECOND LEAGUE,2025,32995,22/11/2025,20251122,5427,5428,1,IRENE VILLAGERS 3,5427,PHSOB 3,5428,Matt Collett,4081460,1.2,0,3,11,1,8.25,
8011,949,2025/2026 TITANS SECOND LEAGUE,2025,32995,22/11/2025,20251122,5427,5428,2,PHSOB 3,5428,IRENE VILLAGERS 3,5427,Neil Jansen,4655259,4.0,2,21,9,1,2.25,
8011,949,2025/2026 TITANS SECOND LEAGUE,2025,32995,22/11/2025,20251122,5427,5428,2,PHSOB 3,5428,IRENE VILLAGERS 3,5427,Barend Pelser,4854733,3.0,0,11,21,0,7.00,(5 w)
8011,949,2025/2026 TITANS SECOND LEAGUE,2025,32995,22/11/2025,20251122,5427,5428,2,PHSOB 3,5428,IRENE VILLAGERS 3,5427,Elgun Boecker,4702810,3.0,0,9,21,0,7.00,
8011,949,2025/2026 TITANS SECOND LEAGUE,2025,32995,22/11/2025,20251122,5427,5428,2,PHSOB 3,5428,IRENE VILLAGERS 3,5427,Justin Pretorius,6407259,2.0,0,6,23,0,11.50,(6 w)
8011,949,2025/2026 TITANS SECOND LEAGUE,2025,32995,22/11/2025,20251122,5427,5428,2,PHSOB 3,5428,IRENE VILLAGERS 3,5427,Kyle Kunneke,2985826,6.0,0,24,26,1,4.33,(3 w)
8011,949,2025/2026 TITANS SECOND LEAGUE,2025,32995,22/11/2025,20251122,5427,5428,2,PHSOB 3,5428,IRENE VILLAGERS 3,5427,Waldemar Bodenstein,6299549,5.0,1,21,14,2,2.80,(1 w)
7901,949,2025/2026 TITANS SECOND LEAGUE,2025,32995,15/11/2025,20251115,5432,5425,1,IRENE VILLAGERS 4,5432,CBCOB 3,5425,Janro De Bruin,6299640,4.0,1,20,20,1,5.00,(7 w)
7901,949,2025/2026 TITANS SECOND LEAGUE,2025,32995,15/11/2025,20251115,5432,5425,1,IRENE VILLAGERS 4,5432,CBCOB 3,5425,Jeandre Pfister,6390081,3.5,0,18,10,1,2.61,
7898,949,2025/2026 TITANS SECOND LEAGUE,2025,32995,15/11/2025,20251115,5426,5428,1,HARLEQUINS 3,5426,PHSOB 3,5428,Burgert Kloppers,4742888,4.0,1,19,16,1,4.00,(3 w)
7898,949,2025/2026 TITANS SECOND LEAGUE,2025,32995,15/11/2025,20251115,5426,5428,1,HARLEQUINS 3,5426,PHSOB 3,5428,Edwin De Waal,4742889,4.0,1,22,11,5,2.75,(3 w)
7898,949,2025/2026 TITANS SECOND LEAGUE,2025,32995,15/11/2025,20251115,5426,5428,1,HARLEQUINS 3,5426,PHSOB 3,5428,Regan Pruss,3713341,1.5,0,6,17,1,9.27,
7898,949,2025/2026 TITANS SECOND LEAGUE,2025,32995,15/11/2025,20251115,5426,5428,1,HARLEQUINS 3,5426,PHSOB 3,5428,Dylan Howe-Dreyer,2936902,1.0,0,5,5,2,5.00,(3 w1 nb)
7898,949,2025/2026 TITANS SECOND LEAGUE,2025,32995,15/11/2025,20251115,5426,5428,2,PHSOB 3,5428,HARLEQUINS 3,5426,Juan Viljoen,4729877,6.0,0,27,21,2,3.50,(1 w)
7898,949,2025/2026 TITANS SECOND LEAGUE,2025,32995,15/11/2025,20251115,5426,5428,2,PHSOB 3,5428,HARLEQUINS 3,5426,Ettienne Tait,2939149,6.0,0,22,28,3,4.67,(2 w)
7898,949,2025/2026 TITANS SECOND LEAGUE,2025,32995,15/11/2025,20251115,5426,5428,2,PHSOB 3,5428,HARLEQUINS 3,5426,Ruan Coetzer,6336357,0.4,0,2,5,0,7.50,
7896,949,2025/2026 TITANS SECOND LEAGUE,2025,32995,15/11/2025,20251115,5429,5430,1,SINOVILLE 3,5429,TUKS 5,5430,Tiaan Engelbrecht,2936837,5.2,1,28,13,2,2.44,
7896,949,2025/2026 TITANS SECOND LEAGUE,2025,32995,15/11/2025,20251115,5429,5430,1,SINOVILLE 3,5429,TUKS 5,5430,Martin Van Tonder,2840539,5.0,1,25,13,3,2.60,(3 w)
7896,949,2025/2026 TITANS SECOND LEAGUE,2025,32995,15/11/2025,20251115,5429,5430,1,SINOVILLE 3,5429,TUKS 5,5430,Christian Strydom,2936847,0.4,0,2,4,1,6.00,(1 w)
7896,949,2025/2026 TITANS SECOND LEAGUE,2025,32995,15/11/2025,20251115,5429,5430,1,SINOVILLE 3,5429,TUKS 5,5430,Johan Nel,4655263,4.0,2,20,11,2,2.75,
7896,949,2025/2026 TITANS SECOND LEAGUE,2025,32995,15/11/2025,20251115,5429,5430,1,SINOVILLE 3,5429,TUKS 5,5430,Andrè Smith,6371951,3.3,0,14,17,2,4.86,(3 w)
7896,949,2025/2026 TITANS SECOND LEAGUE,2025,32995,15/11/2025,20251115,5429,5430,2,TUKS 5,5430,SINOVILLE 3,5429,Ryno Vermaak,6299554,3.0,0,10,25,1,8.33,
7896,949,2025/2026 TITANS SECOND LEAGUE,2025,32995,15/11/2025,20251115,5429,5430,2,TUKS 5,5430,SINOVILLE 3,5429,Hendre Du Toit,2987477,3.2,0,8,29,1,8.70,(2 w)
7896,949,2025/2026 TITANS SECOND LEAGUE,2025,32995,15/11/2025,20251115,5429,5430,2,TUKS 5,5430,SINOVILLE 3,5429,Jd Van Wyk,4688794,1.0,0,3,12,0,12.00,(3 w)
7790,949,2025/2026 TITANS SECOND LEAGUE,2025,32995,08/11/2025,20251108,5431,5428,1,TUT 3,5431,PHSOB 3,5428,Wilhelm Best,6372014,8.0,0,35,31,3,3.88,(6 w)
7790,949,2025/2026 TITANS SECOND LEAGUE,2025,32995,08/11/2025,20251108,5431,5428,1,TUT 3,5431,PHSOB 3,5428,Heinz Hellmann,6372012,2.0,0,8,17,0,8.50,(3 w2 nb)
7790,949,2025/2026 TITANS SECOND LEAGUE,2025,32995,08/11/2025,20251108,5431,5428,1,TUT 3,5431,PHSOB 3,5428,Regan Pruss,3713341,8.0,0,32,26,4,3.25,
7790,949,2025/2026 TITANS SECOND LEAGUE,2025,32995,08/11/2025,20251108,5431,5428,1,TUT 3,5431,PHSOB 3,5428,Brian Kershaw,4688792,8.0,4,41,13,1,1.62,
7790,949,2025/2026 TITANS SECOND LEAGUE,2025,32995,08/11/2025,20251108,5431,5428,1,TUT 3,5431,PHSOB 3,5428,Edwin De Waal,4742889,7.0,1,28,31,0,4.43,(1 w)
7790,949,2025/2026 TITANS SECOND LEAGUE,2025,32995,08/11/2025,20251108,5431,5428,1,TUT 3,5431,PHSOB 3,5428,Pj Mckechnie,3000408,4.0,0,13,37,1,9.25,(1 w)
7790,949,2025/2026 TITANS SECOND LEAGUE,2025,32995,08/11/2025,20251108,5431,5428,1,TUT 3,5431,PHSOB 3,5428,Coert Du Plessis,3771285,2.0,0,3,25,0,12.50,(0 w1 nb)
7790,949,2025/2026 TITANS SECOND LEAGUE,2025,32995,08/11/2025,20251108,5431,5428,1,TUT 3,5431,PHSOB 3,5428,Hayden Van Den Heever,6372013,1.0,0,3,6,0,6.00,
7790,949,2025/2026 TITANS SECOND LEAGUE,2025,32995,08/11/2025,20251108,5431,5428,2,PHSOB 3,5428,TUT 3,5431,Divan Potgieter,4673570,6.0,0,24,34,1,5.67,(2 w)
7790,949,2025/2026 TITANS SECOND LEAGUE,2025,32995,08/11/2025,20251108,5431,5428,2,PHSOB 3,5428,TUT 3,5431,Neiko Stigling,6299637,6.0,0,23,36,2,6.00,(5 w)
7790,949,2025/2026 TITANS SECOND LEAGUE,2025,32995,08/11/2025,20251108,5431,5428,2,PHSOB 3,5428,TUT 3,5431,Stefan Grobler,3018230,4.0,0,12,24,1,6.00,(5 w)
7790,949,2025/2026 TITANS SECOND LEAGUE,2025,32995,08/11/2025,20251108,5431,5428,2,PHSOB 3,5428,TUT 3,5431,Dewald Basson,3018234,8.0,0,29,48,0,6.00,(3 w)
7790,949,2025/2026 TITANS SECOND LEAGUE,2025,32995,08/11/2025,20251108,5431,5428,2,PHSOB 3,5428,TUT 3,5431,Stefan Olivier,3729935,6.0,1,20,36,2,6.00,
7790,949,2025/2026 TITANS SECOND LEAGUE,2025,32995,08/11/2025,20251108,5431,5428,2,PHSOB 3,5428,TUT 3,5431,Hendrik Ferreira,4891854,1.4,0,5,22,0,13.20,(0 w1 nb)
7777,949,2025/2026 TITANS SECOND LEAGUE,2025,32995,08/11/2025,20251108,5427,5430,1,IRENE VILLAGERS 3,5427,TUKS 5,5430,Tiaan Engelbrecht,2936837,8.0,1,39,24,2,3.00,(1 w)
7777,949,2025/2026 TITANS SECOND LEAGUE,2025,32995,08/11/2025,20251108,5427,5430,1,IRENE VILLAGERS 3,5427,TUKS 5,5430,Martin Van Tonder,2840539,5.0,1,24,13,1,2.60,(2 w)
7777,949,2025/2026 TITANS SECOND LEAGUE,2025,32995,08/11/2025,20251108,5427,5430,1,IRENE VILLAGERS 3,5427,TUKS 5,5430,Johan Nel,4655263,5.2,2,24,25,2,4.69,(1 w)
7777,949,2025/2026 TITANS SECOND LEAGUE,2025,32995,08/11/2025,20251108,5427,5430,1,IRENE VILLAGERS 3,5427,TUKS 5,5430,Christian Strydom,2936847,8.0,2,35,29,1,3.62,(3 w)
7777,949,2025/2026 TITANS SECOND LEAGUE,2025,32995,08/11/2025,20251108,5427,5430,1,IRENE VILLAGERS 3,5427,TUKS 5,5430,Andrè Smith,6371951,8.0,2,34,26,4,3.25,
7777,949,2025/2026 TITANS SECOND LEAGUE,2025,32995,08/11/2025,20251108,5427,5430,1,IRENE VILLAGERS 3,5427,TUKS 5,5430,Donovan Du Toit,3713457,3.0,0,8,24,0,8.00,(3 w)
7777,949,2025/2026 TITANS SECOND LEAGUE,2025,32995,08/11/2025,20251108,5427,5430,2,TUKS 5,5430,IRENE VILLAGERS 3,5427,Elgun Boecker,4702810,8.0,1,35,21,2,2.62,(1 w)
7777,949,2025/2026 TITANS SECOND LEAGUE,2025,32995,08/11/2025,20251108,5427,5430,2,TUKS 5,5430,IRENE VILLAGERS 3,5427,Jean Botes,6355844,6.0,1,24,40,2,6.67,(5 w)
7777,949,2025/2026 TITANS SECOND LEAGUE,2025,32995,08/11/2025,20251108,5427,5430,2,TUKS 5,5430,IRENE VILLAGERS 3,5427,Jacques Van Rooyen,3795662,7.0,0,29,25,0,3.57,
7777,949,2025/2026 TITANS SECOND LEAGUE,2025,32995,08/11/2025,20251108,5427,5430,2,TUKS 5,5430,IRENE VILLAGERS 3,5427,Tshepo Molite,4892046,3.0,0,12,17,1,5.67,(1 w)
7777,949,2025/2026 TITANS SECOND LEAGUE,2025,32995,08/11/2025,20251108,5427,5430,2,TUKS 5,5430,IRENE VILLAGERS 3,5427,Josua Marx,6336355,6.1,0,23,29,1,4.70,(2 w)
7777,949,2025/2026 TITANS SECOND LEAGUE,2025,32995,08/11/2025,20251108,5427,5430,2,TUKS 5,5430,IRENE VILLAGERS 3,5427,Devon Horn,6355843,1.0,0,2,9,0,9.00,(1 w)
7775,949,2025/2026 TITANS SECOND LEAGUE,2025,32995,08/11/2025,20251108,5429,5432,1,SINOVILLE 3,5429,IRENE VILLAGERS 4,5432,Chris Klopper,4673667,6.0,0,28,21,1,3.50,(7 w1 nb)
7775,949,2025/2026 TITANS SECOND LEAGUE,2025,32995,08/11/2025,20251108,5429,5432,1,SINOVILLE 3,5429,IRENE VILLAGERS 4,5432,Brandon Polyblank,6336390,6.0,1,24,37,0,6.17,(2 w1 nb)
7775,949,2025/2026 TITANS SECOND LEAGUE,2025,32995,08/11/2025,20251108,5429,5432,1,SINOVILLE 3,5429,IRENE VILLAGERS 4,5432,Ruan Ebersohn,2985830,4.0,0,11,37,0,9.25,
7775,949,2025/2026 TITANS SECOND LEAGUE,2025,32995,08/11/2025,20251108,5429,5432,1,SINOVILLE 3,5429,IRENE VILLAGERS 4,5432,Mohapi Molete,2985827,6.0,0,17,46,0,7.67,(4 w1 nb)
7775,949,2025/2026 TITANS SECOND LEAGUE,2025,32995,08/11/2025,20251108,5429,5432,1,SINOVILLE 3,5429,IRENE VILLAGERS 4,5432,Stiaan Heymans,4673670,8.0,0,25,53,6,6.62,(10 w)
7775,949,2025/2026 TITANS SECOND LEAGUE,2025,32995,08/11/2025,20251108,5429,5432,1,SINOVILLE 3,5429,IRENE VILLAGERS 4,5432,Christoff Pompie Helm,2985831,7.1,1,21,38,3,5.30,(2 w)
7775,949,2025/2026 TITANS SECOND LEAGUE,2025,32995,08/11/2025,20251108,5429,5432,1,SINOVILLE 3,5429,IRENE VILLAGERS 4,5432,Andre Klopper,4688691,2.0,0,3,22,0,11.00,(5 w)
7775,949,2025/2026 TITANS SECOND LEAGUE,2025,32995,08/11/2025,20251108,5429,5432,2,IRENE VILLAGERS 4,5432,SINOVILLE 3,5429,Henk Fick,6352771,6.0,0,24,29,0,4.83,
7775,949,2025/2026 TITANS SECOND LEAGUE,2025,32995,08/11/2025,20251108,5429,5432,2,IRENE VILLAGERS 4,5432,SINOVILLE 3,5429,Juan Van Den Berg,2987480,8.0,0,33,29,3,3.62,(3 w)
7775,949,2025/2026 TITANS SECOND LEAGUE,2025,32995,08/11/2025,20251108,5429,5432,2,IRENE VILLAGERS 4,5432,SINOVILLE 3,5429,Jd Van Wyk,5000390,7.0,0,21,48,2,6.86,(3 w)
7775,949,2025/2026 TITANS SECOND LEAGUE,2025,32995,08/11/2025,20251108,5429,5432,2,IRENE VILLAGERS 4,5432,SINOVILLE 3,5429,Tiaan Borman,3772082,8.0,0,22,61,2,7.62,(1 w)
7775,949,2025/2026 TITANS SECOND LEAGUE,2025,32995,08/11/2025,20251108,5429,5432,2,IRENE VILLAGERS 4,5432,SINOVILLE 3,5429,Hendre Du Toit,2987477,6.0,1,22,45,0,7.50,
7775,949,2025/2026 TITANS SECOND LEAGUE,2025,32995,08/11/2025,20251108,5429,5432,2,IRENE VILLAGERS 4,5432,SINOVILLE 3,5429,Gerhard Batt,6299553,2.0,0,6,12,0,6.00,
7775,949,2025/2026 TITANS SECOND LEAGUE,2025,32995,08/11/2025,20251108,5429,5432,2,IRENE VILLAGERS 4,5432,SINOVILLE 3,5429,Julian Otto,6352767,3.0,0,6,27,1,9.00,
7677,949,2025/2026 TITANS SECOND LEAGUE,2025,32995,01/11/2025,20251101,5428,5425,1,PHSOB 3,5428,CBCOB 3,5425,Alec Jordaan,4715851,9.0,3,46,22,2,2.44,(8 w)
7677,949,2025/2026 TITANS SECOND LEAGUE,2025,32995,01/11/2025,20251101,5428,5425,1,PHSOB 3,5428,CBCOB 3,5425,Rohan Van Der Walt,6299643,6.0,0,19,31,0,5.17,(3 w)
7677,949,2025/2026 TITANS SECOND LEAGUE,2025,32995,01/11/2025,20251101,5428,5425,1,PHSOB 3,5428,CBCOB 3,5425,Alex Brown,6358567,6.0,0,18,38,1,6.33,(2 w)
7677,949,2025/2026 TITANS SECOND LEAGUE,2025,32995,01/11/2025,20251101,5428,5425,1,PHSOB 3,5428,CBCOB 3,5425,Dean Van Bassen,6358569,6.0,0,18,42,0,7.00,(3 w)
7677,949,2025/2026 TITANS SECOND LEAGUE,2025,32995,01/11/2025,20251101,5428,5425,1,PHSOB 3,5428,CBCOB 3,5425,Heinrich Klue,6358565,9.0,0,34,33,3,3.67,(3 w)
7677,949,2025/2026 TITANS SECOND LEAGUE,2025,32995,01/11/2025,20251101,5428,5425,1,PHSOB 3,5428,CBCOB 3,5425,Adriaan Venter,3673677,7.0,0,22,55,1,7.86,(1 w1 nb)
7677,949,2025/2026 TITANS SECOND LEAGUE,2025,32995,01/11/2025,20251101,5428,5425,1,PHSOB 3,5428,CBCOB 3,5425,Dylan Kotze,6299638,2.0,0,7,10,0,5.00,(3 w)
7677,949,2025/2026 TITANS SECOND LEAGUE,2025,32995,01/11/2025,20251101,5428,5425,2,CBCOB 3,5425,PHSOB 3,5428,Nathan Fox,6358570,5.0,1,22,32,0,6.40,(5 w)
7677,949,2025/2026 TITANS SECOND LEAGUE,2025,32995,01/11/2025,20251101,5428,5425,2,CBCOB 3,5425,PHSOB 3,5428,Christo Swanepoel,2936900,3.0,0,7,41,0,13.67,(9 w)
7677,949,2025/2026 TITANS SECOND LEAGUE,2025,32995,01/11/2025,20251101,5428,5425,2,CBCOB 3,5425,PHSOB 3,5428,Edwin De Waal,4742889,3.0,0,9,32,0,10.67,(2 w)
7677,949,2025/2026 TITANS SECOND LEAGUE,2025,32995,01/11/2025,20251101,5428,5425,2,CBCOB 3,5425,PHSOB 3,5428,Brian Kershaw,4688792,9.0,0,29,43,0,4.78,(2 w)
7677,949,2025/2026 TITANS SECOND LEAGUE,2025,32995,01/11/2025,20251101,5428,5425,2,CBCOB 3,5425,PHSOB 3,5428,Steven Meyburgh,2937220,9.0,0,29,40,2,4.44,(3 w1 nb)
7677,949,2025/2026 TITANS SECOND LEAGUE,2025,32995,01/11/2025,20251101,5428,5425,2,CBCOB 3,5425,PHSOB 3,5428,Callen Stephen,3782749,4.3,0,11,25,1,5.56,
7677,949,2025/2026 TITANS SECOND LEAGUE,2025,32995,01/11/2025,20251101,5428,5425,2,CBCOB 3,5425,PHSOB 3,5428,Dylan Howe-Dreyer,2936902,3.0,0,12,15,0,5.00,(1 w)
7654,949,2025/2026 TITANS SECOND LEAGUE,2025,32995,01/11/2025,20251101,5432,5427,1,IRENE VILLAGERS 4,5432,IRENE VILLAGERS 3,5427,Neil Jansen,4655262,7.0,1,30,25,2,3.57,
7654,949,2025/2026 TITANS SECOND LEAGUE,2025,32995,01/11/2025,20251101,5432,5427,1,IRENE VILLAGERS 4,5432,IRENE VILLAGERS 3,5427,Jean Botes,6355844,6.0,1,21,39,2,6.50,(4 w)
7654,949,2025/2026 TITANS SECOND LEAGUE,2025,32995,01/11/2025,20251101,5432,5427,1,IRENE VILLAGERS 4,5432,IRENE VILLAGERS 3,5427,Devon Horn,6355843,5.0,0,19,24,0,4.80,(5 w)
7654,949,2025/2026 TITANS SECOND LEAGUE,2025,32995,01/11/2025,20251101,5432,5427,1,IRENE VILLAGERS 4,5432,IRENE VILLAGERS 3,5427,Kyle Kunneke,2985826,8.0,1,32,25,1,3.12,(2 w)
7654,949,2025/2026 TITANS SECOND LEAGUE,2025,32995,01/11/2025,20251101,5432,5427,1,IRENE VILLAGERS 4,5432,IRENE VILLAGERS 3,5427,Jacques Van Rooyen,3795662,8.0,0,36,19,1,2.38,(5 w)
7654,949,2025/2026 TITANS SECOND LEAGUE,2025,32995,01/11/2025,20251101,5432,5427,1,IRENE VILLAGERS 4,5432,IRENE VILLAGERS 3,5427,Tshepo Molite,4892046,2.0,0,7,16,0,8.00,(2 w1 nb)
7654,949,2025/2026 TITANS SECOND LEAGUE,2025,32995,01/11/2025,20251101,5432,5427,1,IRENE VILLAGERS 4,5432,IRENE VILLAGERS 3,5427,Waldemar Bodenstein,6299549,4.0,0,13,20,2,5.00,(1 w)
7654,949,2025/2026 TITANS SECOND LEAGUE,2025,32995,01/11/2025,20251101,5432,5427,2,IRENE VILLAGERS 3,5427,IRENE VILLAGERS 4,5432,Chris Klopper,4673667,5.2,1,25,18,3,3.38,(4 w)
7654,949,2025/2026 TITANS SECOND LEAGUE,2025,32995,01/11/2025,20251101,5432,5427,2,IRENE VILLAGERS 3,5427,IRENE VILLAGERS 4,5432,Brandon Polyblank,6336390,4.0,0,16,26,1,6.50,(5 w)
7654,949,2025/2026 TITANS SECOND LEAGUE,2025,32995,01/11/2025,20251101,5432,5427,2,IRENE VILLAGERS 3,5427,IRENE VILLAGERS 4,5432,Eugene Botha,4973974,7.0,1,28,28,3,4.00,(5 w)
7654,949,2025/2026 TITANS SECOND LEAGUE,2025,32995,01/11/2025,20251101,5432,5427,2,IRENE VILLAGERS 3,5427,IRENE VILLAGERS 4,5432,Mohapi Molete,2985827,5.0,0,13,29,1,5.80,(1 w)
7654,949,2025/2026 TITANS SECOND LEAGUE,2025,32995,01/11/2025,20251101,5432,5427,2,IRENE VILLAGERS 3,5427,IRENE VILLAGERS 4,5432,Ruan Ebersohn,2985830,4.0,1,20,7,2,1.75,
7654,949,2025/2026 TITANS SECOND LEAGUE,2025,32995,01/11/2025,20251101,5432,5427,2,IRENE VILLAGERS 3,5427,IRENE VILLAGERS 4,5432,Clayton Brunsdon,4100291,3.0,0,9,18,0,6.00,
7649,949,2025/2026 TITANS SECOND LEAGUE,2025,32995,01/11/2025,20251101,5429,5426,1,SINOVILLE 3,5429,HARLEQUINS 3,5426,Leo Pelser,6355782,7.0,0,26,44,1,6.29,(1 w)
7649,949,2025/2026 TITANS SECOND LEAGUE,2025,32995,01/11/2025,20251101,5429,5426,1,SINOVILLE 3,5429,HARLEQUINS 3,5426,Juan Viljoen,4729877,8.0,0,29,47,0,5.88,(6 w)
7649,949,2025/2026 TITANS SECOND LEAGUE,2025,32995,01/11/2025,20251101,5429,5426,1,SINOVILLE 3,5429,HARLEQUINS 3,5426,Jd Buys,4973938,2.0,0,5,21,0,10.50,(1 w)
7649,949,2025/2026 TITANS SECOND LEAGUE,2025,32995,01/11/2025,20251101,5429,5426,1,SINOVILLE 3,5429,HARLEQUINS 3,5426,Ettienne Tait,2939149,8.0,0,24,59,1,7.38,(3 w)
7649,949,2025/2026 TITANS SECOND LEAGUE,2025,32995,01/11/2025,20251101,5429,5426,1,SINOVILLE 3,5429,HARLEQUINS 3,5426,Ruan Coetzer,6336357,3.0,0,5,38,0,12.67,
7649,949,2025/2026 TITANS SECOND LEAGUE,2025,32995,01/11/2025,20251101,5429,5426,1,SINOVILLE 3,5429,HARLEQUINS 3,5426,Dewald Van Der Walt,3276817,2.0,0,5,21,0,10.50,(8 w)
7649,949,2025/2026 TITANS SECOND LEAGUE,2025,32995,01/11/2025,20251101,5429,5426,1,SINOVILLE 3,5429,HARLEQUINS 3,5426,Karel Vd Walt,6355781,1.0,0,1,17,0,17.00,
7649,949,2025/2026 TITANS SECOND LEAGUE,2025,32995,01/11/2025,20251101,5429,5426,1,SINOVILLE 3,5429,HARLEQUINS 3,5426,Eddie Stephen,6299173,2.0,0,7,18,0,9.00,(1 w1 nb)
7649,949,2025/2026 TITANS SECOND LEAGUE,2025,32995,01/11/2025,20251101,5429,5426,1,SINOVILLE 3,5429,HARLEQUINS 3,5426,Pieter Roos,2939189,7.0,1,21,53,5,7.57,(7 w)
7649,949,2025/2026 TITANS SECOND LEAGUE,2025,32995,01/11/2025,20251101,5429,5426,2,HARLEQUINS 3,5426,SINOVILLE 3,5429,Henk Fick,6352771,5.0,0,20,26,0,5.20,(1 w)
7649,949,2025/2026 TITANS SECOND LEAGUE,2025,32995,01/11/2025,20251101,5429,5426,2,HARLEQUINS 3,5426,SINOVILLE 3,5429,Ryno Vermaak,6299554,5.0,0,15,39,1,7.80,(2 w)
7649,949,2025/2026 TITANS SECOND LEAGUE,2025,32995,01/11/2025,20251101,5429,5426,2,HARLEQUINS 3,5426,SINOVILLE 3,5429,Ricardo Pretorius,6355784,5.0,0,24,26,1,5.20,(8 w)
7649,949,2025/2026 TITANS SECOND LEAGUE,2025,32995,01/11/2025,20251101,5429,5426,2,HARLEQUINS 3,5426,SINOVILLE 3,5429,Rivan Stoman,6352780,4.0,0,13,31,4,7.75,(1 w1 Hatrick)
7649,949,2025/2026 TITANS SECOND LEAGUE,2025,32995,01/11/2025,20251101,5429,5426,2,HARLEQUINS 3,5426,SINOVILLE 3,5429,Jd Van Wyk,4688794,3.0,0,13,15,1,5.00,(4 w)
7649,949,2025/2026 TITANS SECOND LEAGUE,2025,32995,01/11/2025,20251101,5429,5426,2,HARLEQUINS 3,5426,SINOVILLE 3,5429,Julian Otto,6352767,2.4,0,6,23,2,8.62,(1 w1 nb)
7648,949,2025/2026 TITANS SECOND LEAGUE,2025,32995,01/11/2025,20251101,5430,5431,1,TUKS 5,5430,TUT 3,5431,Neiko Stigling,6299637,7.0,0,24,49,1,7.00,(5 w)
7648,949,2025/2026 TITANS SECOND LEAGUE,2025,32995,01/11/2025,20251101,5430,5431,1,TUKS 5,5430,TUT 3,5431,Devin Almeida,6299636,3.0,0,11,15,1,5.00,(3 w)
7648,949,2025/2026 TITANS SECOND LEAGUE,2025,32995,01/11/2025,20251101,5430,5431,1,TUKS 5,5430,TUT 3,5431,Dewald Basson,3018234,8.0,2,38,20,2,2.50,(1 w)
7648,949,2025/2026 TITANS SECOND LEAGUE,2025,32995,01/11/2025,20251101,5430,5431,1,TUKS 5,5430,TUT 3,5431,Stefan Grobler,3018230,7.0,0,29,30,1,4.29,(4 w)
7648,949,2025/2026 TITANS SECOND LEAGUE,2025,32995,01/11/2025,20251101,5430,5431,1,TUKS 5,5430,TUT 3,5431,Charl Prinsloo,3018226,3.0,0,8,26,0,8.67,
7648,949,2025/2026 TITANS SECOND LEAGUE,2025,32995,01/11/2025,20251101,5430,5431,1,TUKS 5,5430,TUT 3,5431,Stefan Olivier,3729935,7.0,0,23,42,2,6.00,(1 w)
7648,949,2025/2026 TITANS SECOND LEAGUE,2025,32995,01/11/2025,20251101,5430,5431,1,TUKS 5,5430,TUT 3,5431,Leon Smith,4673571,3.0,0,4,33,0,11.00,
7648,949,2025/2026 TITANS SECOND LEAGUE,2025,32995,01/11/2025,20251101,5430,5431,1,TUKS 5,5430,TUT 3,5431,Hendrik Ferreira,4891854,2.0,0,8,13,0,6.50,
7648,949,2025/2026 TITANS SECOND LEAGUE,2025,32995,01/11/2025,20251101,5430,5431,2,TUT 3,5431,TUKS 5,5430,Tiaan Engelbrecht,2936837,8.0,0,28,40,0,5.00,(3 w)
7648,949,2025/2026 TITANS SECOND LEAGUE,2025,32995,01/11/2025,20251101,5430,5431,2,TUT 3,5431,TUKS 5,5430,Martin Van Tonder,2840539,7.0,0,24,41,1,5.86,(8 w)
7648,949,2025/2026 TITANS SECOND LEAGUE,2025,32995,01/11/2025,20251101,5430,5431,2,TUT 3,5431,TUKS 5,5430,Johan Nel,4655263,7.0,1,25,21,0,3.00,
7648,949,2025/2026 TITANS SECOND LEAGUE,2025,32995,01/11/2025,20251101,5430,5431,2,TUT 3,5431,TUKS 5,5430,Christian Strydom,2936847,8.0,0,27,44,2,5.50,(3 w)
7648,949,2025/2026 TITANS SECOND LEAGUE,2025,32995,01/11/2025,20251101,5430,5431,2,TUT 3,5431,TUKS 5,5430,Andre Van Wyk,3266939,5.0,0,10,44,1,8.80,(2 w)
7648,949,2025/2026 TITANS SECOND LEAGUE,2025,32995,01/11/2025,20251101,5430,5431,2,TUT 3,5431,TUKS 5,5430,Tihardt Kruger,3242942,2.0,0,2,22,0,11.00,(1 w)
7648,949,2025/2026 TITANS SECOND LEAGUE,2025,32995,01/11/2025,20251101,5430,5431,2,TUT 3,5431,TUKS 5,5430,Nico Kruger,2936834,2.0,0,7,12,2,6.00,(1 w)
7488,949,2025/2026 TITANS SECOND LEAGUE,2025,32995,25/10/2025,20251025,5431,5432,1,TUT 3,5431,IRENE VILLAGERS 4,5432,Chris Klopper,4673667,8.0,0,34,46,1,5.75,(5 w)
7488,949,2025/2026 TITANS SECOND LEAGUE,2025,32995,25/10/2025,20251025,5431,5432,1,TUT 3,5431,IRENE VILLAGERS 4,5432,Pj Van Der Merwe,4854676,4.0,0,18,26,0,6.50,(7 w)
7488,949,2025/2026 TITANS SECOND LEAGUE,2025,32995,25/10/2025,20251025,5431,5432,1,TUT 3,5431,IRENE VILLAGERS 4,5432,Ruan Ebersohn,2985830,8.0,1,42,17,2,2.12,(7 w)
7488,949,2025/2026 TITANS SECOND LEAGUE,2025,32995,25/10/2025,20251025,5431,5432,1,TUT 3,5431,IRENE VILLAGERS 4,5432,Rohann Rossouw,6336391,2.0,0,7,25,0,12.50,(4 w3 nb)
7488,949,2025/2026 TITANS SECOND LEAGUE,2025,32995,25/10/2025,20251025,5431,5432,1,TUT 3,5431,IRENE VILLAGERS 4,5432,Mohapi Molete,2985827,8.0,1,31,67,1,8.38,
7488,949,2025/2026 TITANS SECOND LEAGUE,2025,32995,25/10/2025,20251025,5431,5432,1,TUT 3,5431,IRENE VILLAGERS 4,5432,Brandon Polyblank,6336390,6.0,0,18,41,2,6.83,(2 w1 nb)
7488,949,2025/2026 TITANS SECOND LEAGUE,2025,32995,25/10/2025,20251025,5431,5432,1,TUT 3,5431,IRENE VILLAGERS 4,5432,Christoff Pompie Helm,2985831,2.0,0,2,31,0,15.50,(7 w)
7488,949,2025/2026 TITANS SECOND LEAGUE,2025,32995,25/10/2025,20251025,5431,5432,1,TUT 3,5431,IRENE VILLAGERS 4,5432,Stiaan Heymans,4673670,2.0,0,2,24,0,12.00,
7488,949,2025/2026 TITANS SECOND LEAGUE,2025,32995,25/10/2025,20251025,5431,5432,2,IRENE VILLAGERS 4,5432,TUT 3,5431,Divan Potgieter,4673570,8.0,1,34,33,5,4.12,(3 w)
7488,949,2025/2026 TITANS SECOND LEAGUE,2025,32995,25/10/2025,20251025,5431,5432,2,IRENE VILLAGERS 4,5432,TUT 3,5431,Gary Van Blerk,4673569,3.0,0,5,31,0,10.33,(8 w)
7488,949,2025/2026 TITANS SECOND LEAGUE,2025,32995,25/10/2025,20251025,5431,5432,2,IRENE VILLAGERS 4,5432,TUT 3,5431,Stefan Grobler,3018230,6.0,0,30,21,1,3.50,(2 w3 nb)
7488,949,2025/2026 TITANS SECOND LEAGUE,2025,32995,25/10/2025,20251025,5431,5432,2,IRENE VILLAGERS 4,5432,TUT 3,5431,Dewald Basson,3018234,4.0,0,17,14,2,3.50,(2 w)
7488,949,2025/2026 TITANS SECOND LEAGUE,2025,32995,25/10/2025,20251025,5431,5432,2,IRENE VILLAGERS 4,5432,TUT 3,5431,Leon Smith,4673571,3.0,0,15,6,2,2.00,(3 w)
7486,949,2025/2026 TITANS SECOND LEAGUE,2025,32995,25/10/2025,20251025,5426,5427,1,HARLEQUINS 3,5426,IRENE VILLAGERS 3,5427,Barend Pelser,4854733,7.0,2,33,22,3,3.14,(1 w)
7486,949,2025/2026 TITANS SECOND LEAGUE,2025,32995,25/10/2025,20251025,5426,5427,1,HARLEQUINS 3,5426,IRENE VILLAGERS 3,5427,Werner Pretorius,4756703,5.0,0,21,31,4,6.20,(4 w1 nb)
7486,949,2025/2026 TITANS SECOND LEAGUE,2025,32995,25/10/2025,20251025,5426,5427,1,HARLEQUINS 3,5426,IRENE VILLAGERS 3,5427,Tshepo Molite,4892046,3.0,1,16,8,0,2.67,(1 w2 nb)
7486,949,2025/2026 TITANS SECOND LEAGUE,2025,32995,25/10/2025,20251025,5426,5427,1,HARLEQUINS 3,5426,IRENE VILLAGERS 3,5427,Kyle Kunneke,2985826,2.0,0,10,5,1,2.50,
7486,949,2025/2026 TITANS SECOND LEAGUE,2025,32995,25/10/2025,20251025,5426,5427,2,IRENE VILLAGERS 3,5427,HARLEQUINS 3,5426,Hein Swanepoel,4649924,2.0,0,10,20,0,10.00,(12 w)
7486,949,2025/2026 TITANS SECOND LEAGUE,2025,32995,25/10/2025,20251025,5426,5427,2,IRENE VILLAGERS 3,5427,HARLEQUINS 3,5426,Juan Viljoen,4729877,4.0,0,16,20,1,5.00,(2 w)
7486,949,2025/2026 TITANS SECOND LEAGUE,2025,32995,25/10/2025,20251025,5426,5427,2,IRENE VILLAGERS 3,5427,HARLEQUINS 3,5426,Dewald Van Der Walt,3276817,3.0,1,14,17,0,5.67,(1 w)
7486,949,2025/2026 TITANS SECOND LEAGUE,2025,32995,25/10/2025,20251025,5426,5427,2,IRENE VILLAGERS 3,5427,HARLEQUINS 3,5426,Ivan Snyman,6336359,1.0,0,3,9,0,9.00,(3 w)
7486,949,2025/2026 TITANS SECOND LEAGUE,2025,32995,25/10/2025,20251025,5426,5427,2,IRENE VILLAGERS 3,5427,HARLEQUINS 3,5426,Ruan Coetzer,6336357,0.4,0,3,4,1,6.00,
7484,949,2025/2026 TITANS SECOND LEAGUE,2025,32995,25/10/2025,20251025,5428,5430,1,PHSOB 3,5428,TUKS 5,5430,Tiaan Engelbrecht,2936837,5.0,0,21,26,1,5.20,
7484,949,2025/2026 TITANS SECOND LEAGUE,2025,32995,25/10/2025,20251025,5428,5430,1,PHSOB 3,5428,TUKS 5,5430,Martin Van Tonder,2840539,8.0,0,32,47,5,5.88,(3 w)
7484,949,2025/2026 TITANS SECOND LEAGUE,2025,32995,25/10/2025,20251025,5428,5430,1,PHSOB 3,5428,TUKS 5,5430,Christian Strydom,2936847,6.0,0,21,48,0,8.00,(4 w)
7484,949,2025/2026 TITANS SECOND LEAGUE,2025,32995,25/10/2025,20251025,5428,5430,1,PHSOB 3,5428,TUKS 5,5430,Johan Nel,4655263,5.0,0,22,30,1,6.00,(3 w)
7484,949,2025/2026 TITANS SECOND LEAGUE,2025,32995,25/10/2025,20251025,5428,5430,1,PHSOB 3,5428,TUKS 5,5430,Lehlohonolo Moshoati,3266899,5.0,0,15,39,0,7.80,(2 w)
7484,949,2025/2026 TITANS SECOND LEAGUE,2025,32995,25/10/2025,20251025,5428,5430,1,PHSOB 3,5428,TUKS 5,5430,Riccardo Oosthuizen,2936842,5.0,0,9,46,0,9.20,(2 w)
7484,949,2025/2026 TITANS SECOND LEAGUE,2025,32995,25/10/2025,20251025,5428,5430,1,PHSOB 3,5428,TUKS 5,5430,Donovan Du Toit,3713457,5.0,0,19,29,1,5.80,(6 w)
7484,949,2025/2026 TITANS SECOND LEAGUE,2025,32995,25/10/2025,20251025,5428,5430,1,PHSOB 3,5428,TUKS 5,5430,Andre Van Wyk,3266939,4.0,0,7,31,1,7.75,(1 w)
7484,949,2025/2026 TITANS SECOND LEAGUE,2025,32995,25/10/2025,20251025,5428,5430,1,PHSOB 3,5428,TUKS 5,5430,Tihardt Kruger,3242942,1.1,0,4,4,1,3.43,(1 w)
7484,949,2025/2026 TITANS SECOND LEAGUE,2025,32995,25/10/2025,20251025,5428,5430,2,TUKS 5,5430,PHSOB 3,5428,Burgert Kloppers,4742888,5.0,0,18,39,0,7.80,(8 w)
7484,949,2025/2026 TITANS SECOND LEAGUE,2025,32995,25/10/2025,20251025,5428,5430,2,TUKS 5,5430,PHSOB 3,5428,André Duvenhage,6336328,7.0,2,30,35,3,5.00,
7484,949,2025/2026 TITANS SECOND LEAGUE,2025,32995,25/10/2025,20251025,5428,5430,2,TUKS 5,5430,PHSOB 3,5428,Regan Pruss,3713341,5.0,0,21,29,4,5.80,(3 w)
7484,949,2025/2026 TITANS SECOND LEAGUE,2025,32995,25/10/2025,20251025,5428,5430,2,TUKS 5,5430,PHSOB 3,5428,Brian Kershaw,4688792,9.0,2,38,35,3,3.89,(1 w)
7484,949,2025/2026 TITANS SECOND LEAGUE,2025,32995,25/10/2025,20251025,5428,5430,2,TUKS 5,5430,PHSOB 3,5428,Christo Swanepoel,2936900,3.0,0,7,46,0,15.33,(6 w)
7484,949,2025/2026 TITANS SECOND LEAGUE,2025,32995,25/10/2025,20251025,5428,5430,2,TUKS 5,5430,PHSOB 3,5428,Michael Kershaw,6297242,6.0,0,19,49,0,8.17,(3 w1 nb)
7373,949,2025/2026 TITANS SECOND LEAGUE,2025,32995,11/10/2025,20251011,5425,5431,1,CBCOB 3,5425,TUT 3,5431,Divan Potgieter,4673570,6.0,1,28,22,1,3.67,(2 w)
7373,949,2025/2026 TITANS SECOND LEAGUE,2025,32995,11/10/2025,20251011,5425,5431,1,CBCOB 3,5425,TUT 3,5431,Nico Minnaar,3713344,8.0,0,33,37,2,4.62,(1 w)
7373,949,2025/2026 TITANS SECOND LEAGUE,2025,32995,11/10/2025,20251011,5425,5431,1,CBCOB 3,5425,TUT 3,5431,Dewald Basson,3018234,9.0,1,44,27,4,3.00,(7 w)
7373,949,2025/2026 TITANS SECOND LEAGUE,2025,32995,11/10/2025,20251011,5425,5431,1,CBCOB 3,5425,TUT 3,5431,Neiko Stigling,6299637,9.0,0,46,30,2,3.33,(10 w3 nb)
7373,949,2025/2026 TITANS SECOND LEAGUE,2025,32995,11/10/2025,20251011,5425,5431,1,CBCOB 3,5425,TUT 3,5431,Gary Van Blerk,4673569,2.1,0,8,15,1,6.92,(4 w)
7373,949,2025/2026 TITANS SECOND LEAGUE,2025,32995,11/10/2025,20251011,5425,5431,2,TUT 3,5431,CBCOB 3,5425,Lucky Coetzee,6299644,7.0,0,33,17,4,2.43,(3 w)
7373,949,2025/2026 TITANS SECOND LEAGUE,2025,32995,11/10/2025,20251011,5425,5431,2,TUT 3,5431,CBCOB 3,5425,Janro De Bruin,6299640,5.1,3,26,13,2,2.52,
7373,949,2025/2026 TITANS SECOND LEAGUE,2025,32995,11/10/2025,20251011,5425,5431,2,TUT 3,5431,CBCOB 3,5425,Rohan Van Der Walt,6299643,2.0,0,6,21,0,10.50,(1 w)
7373,949,2025/2026 TITANS SECOND LEAGUE,2025,32995,11/10/2025,20251011,5425,5431,2,TUT 3,5431,CBCOB 3,5425,Alec Jordaan,4715851,5.0,0,16,36,2,7.20,
7373,949,2025/2026 TITANS SECOND LEAGUE,2025,32995,11/10/2025,20251011,5425,5431,2,TUT 3,5431,CBCOB 3,5425,Jaden Beukes,6299645,4.0,1,20,14,1,3.50,(0 w1 nb)
7368,949,2025/2026 TITANS SECOND LEAGUE,2025,32995,11/10/2025,20251011,5429,5427,1,SINOVILLE 3,5429,IRENE VILLAGERS 3,5427,Elgun Boecker,4702810,6.3,0,30,22,5,3.38,(1 w)
7368,949,2025/2026 TITANS SECOND LEAGUE,2025,32995,11/10/2025,20251011,5429,5427,1,SINOVILLE 3,5429,IRENE VILLAGERS 3,5427,Albert Myburgh,4024779,3.0,0,13,9,0,3.00,
7368,949,2025/2026 TITANS SECOND LEAGUE,2025,32995,11/10/2025,20251011,5429,5427,1,SINOVILLE 3,5429,IRENE VILLAGERS 3,5427,Joshua Hall,6299551,5.0,0,22,39,3,7.80,(7 w)
7368,949,2025/2026 TITANS SECOND LEAGUE,2025,32995,11/10/2025,20251011,5429,5427,1,SINOVILLE 3,5429,IRENE VILLAGERS 3,5427,Neil Jansen,6299550,3.0,0,15,15,1,5.00,(6 w)
7368,949,2025/2026 TITANS SECOND LEAGUE,2025,32995,11/10/2025,20251011,5429,5427,1,SINOVILLE 3,5429,IRENE VILLAGERS 3,5427,Jacques Van Rooyen,3795662,1.0,0,5,1,1,1.00,
7368,949,2025/2026 TITANS SECOND LEAGUE,2025,32995,11/10/2025,20251011,5429,5427,2,IRENE VILLAGERS 3,5427,SINOVILLE 3,5429,Ruan Venter,4673574,5.0,0,21,25,2,5.00,(6 w)
7368,949,2025/2026 TITANS SECOND LEAGUE,2025,32995,11/10/2025,20251011,5429,5427,2,IRENE VILLAGERS 3,5427,SINOVILLE 3,5429,Ryno Vermaak,6299554,1.0,0,0,15,0,15.00,(1 w)
7368,949,2025/2026 TITANS SECOND LEAGUE,2025,32995,11/10/2025,20251011,5429,5427,2,IRENE VILLAGERS 3,5427,SINOVILLE 3,5429,Tristan Voshee,6299555,3.0,0,12,25,1,8.33,(1 w1 nb)
7368,949,2025/2026 TITANS SECOND LEAGUE,2025,32995,11/10/2025,20251011,5429,5427,2,IRENE VILLAGERS 3,5427,SINOVILLE 3,5429,Hendre Du Toit,2987477,1.4,0,6,12,0,7.20,
7368,949,2025/2026 TITANS SECOND LEAGUE,2025,32995,11/10/2025,20251011,5429,5427,2,IRENE VILLAGERS 3,5427,SINOVILLE 3,5429,Tiaan Lotter,2934784,1.0,0,3,11,0,11.00,
7365,949,2025/2026 TITANS SECOND LEAGUE,2025,32995,11/10/2025,20251011,5432,5428,1,IRENE VILLAGERS 4,5432,PHSOB 3,5428,Steven Meyburgh,2937220,6.4,0,26,43,2,6.45,(6 w)
7365,949,2025/2026 TITANS SECOND LEAGUE,2025,32995,11/10/2025,20251011,5432,5428,1,IRENE VILLAGERS 4,5432,PHSOB 3,5428,Brian Chataika,6297240,2.0,0,4,44,0,22.00,(11 w5 nb)
7365,949,2025/2026 TITANS SECOND LEAGUE,2025,32995,11/10/2025,20251011,5432,5428,1,IRENE VILLAGERS 4,5432,PHSOB 3,5428,Michael Kershaw,6297242,6.0,0,25,38,1,6.33,(4 w)
7365,949,2025/2026 TITANS SECOND LEAGUE,2025,32995,11/10/2025,20251011,5432,5428,1,IRENE VILLAGERS 4,5432,PHSOB 3,5428,Brian Kershaw,4688792,9.0,0,39,29,3,3.22,(3 w)
7365,949,2025/2026 TITANS SECOND LEAGUE,2025,32995,11/10/2025,20251011,5432,5428,1,IRENE VILLAGERS 4,5432,PHSOB 3,5428,Callen Stephen,3782749,9.0,0,35,44,2,4.89,(5 w)
7365,949,2025/2026 TITANS SECOND LEAGUE,2025,32995,11/10/2025,20251011,5432,5428,1,IRENE VILLAGERS 4,5432,PHSOB 3,5428,Pj Mckechnie,3000408,5.0,0,19,24,0,4.80,(3 w)
7365,949,2025/2026 TITANS SECOND LEAGUE,2025,32995,11/10/2025,20251011,5432,5428,1,IRENE VILLAGERS 4,5432,PHSOB 3,5428,Dylan Howe-Dreyer,2936902,3.0,0,11,20,0,6.67,(7 w)
7365,949,2025/2026 TITANS SECOND LEAGUE,2025,32995,11/10/2025,20251011,5432,5428,2,PHSOB 3,5428,IRENE VILLAGERS 4,5432,Barend Pelser,4874775,7.0,1,28,59,4,8.43,(13 w)
7365,949,2025/2026 TITANS SECOND LEAGUE,2025,32995,11/10/2025,20251011,5432,5428,2,PHSOB 3,5428,IRENE VILLAGERS 4,5432,Jean Botes,6299519,5.0,0,19,48,1,9.60,(9 w)
7365,949,2025/2026 TITANS SECOND LEAGUE,2025,32995,11/10/2025,20251011,5432,5428,2,PHSOB 3,5428,IRENE VILLAGERS 4,5432,Mohapi Molete,2985827,6.0,0,20,35,1,5.83,(3 w1 nb)
7365,949,2025/2026 TITANS SECOND LEAGUE,2025,32995,11/10/2025,20251011,5432,5428,2,PHSOB 3,5428,IRENE VILLAGERS 4,5432,Pj Van Der Merwe,4854676,3.0,1,14,11,0,3.67,(1 w)
7365,949,2025/2026 TITANS SECOND LEAGUE,2025,32995,11/10/2025,20251011,5432,5428,2,PHSOB 3,5428,IRENE VILLAGERS 4,5432,Stiaan Heymans,4673670,4.0,0,17,28,1,7.00,(6 w)
7365,949,2025/2026 TITANS SECOND LEAGUE,2025,32995,11/10/2025,20251011,5432,5428,2,PHSOB 3,5428,IRENE VILLAGERS 4,5432,Ruan Ebersohn,2985830,5.0,0,18,25,0,5.00,(1 w)
7365,949,2025/2026 TITANS SECOND LEAGUE,2025,32995,11/10/2025,20251011,5432,5428,2,PHSOB 3,5428,IRENE VILLAGERS 4,5432,Werner Pretorius,4688690,5.0,1,21,22,1,4.40,(7 w)
7365,949,2025/2026 TITANS SECOND LEAGUE,2025,32995,11/10/2025,20251011,5432,5428,2,PHSOB 3,5428,IRENE VILLAGERS 4,5432,Barend Pelser,6299518,2.0,0,7,10,0,5.00,(1 w)
7365,949,2025/2026 TITANS SECOND LEAGUE,2025,32995,11/10/2025,20251011,5432,5428,2,PHSOB 3,5428,IRENE VILLAGERS 4,5432,Tristan Beetge,4658060,2.0,0,7,10,0,5.00,(1 w)
7359,949,2025/2026 TITANS SECOND LEAGUE,2025,32995,11/10/2025,20251011,5426,5430,1,HARLEQUINS 3,5426,TUKS 5,5430,Tiaan Engelbrecht,2936837,9.0,3,38,38,2,4.22,
7359,949,2025/2026 TITANS SECOND LEAGUE,2025,32995,11/10/2025,20251011,5426,5430,1,HARLEQUINS 3,5426,TUKS 5,5430,Martin Van Tonder,2840539,6.0,1,24,41,2,6.83,(3 w)
7359,949,2025/2026 TITANS SECOND LEAGUE,2025,32995,11/10/2025,20251011,5426,5430,1,HARLEQUINS 3,5426,TUKS 5,5430,Christian Strydom,2936847,5.2,1,25,15,2,2.81,(1 w)
7359,949,2025/2026 TITANS SECOND LEAGUE,2025,32995,11/10/2025,20251011,5426,5430,1,HARLEQUINS 3,5426,TUKS 5,5430,Jerry Lesige,6299177,5.0,1,23,19,2,3.80,(1 w2 nb)
7359,949,2025/2026 TITANS SECOND LEAGUE,2025,32995,11/10/2025,20251011,5426,5430,1,HARLEQUINS 3,5426,TUKS 5,5430,Rolf Behrens,6299176,2.0,0,10,14,0,7.00,(8 w1 nb)
7359,949,2025/2026 TITANS SECOND LEAGUE,2025,32995,11/10/2025,20251011,5426,5430,1,HARLEQUINS 3,5426,TUKS 5,5430,Jaco De Vos,2936844,6.0,1,28,22,1,3.67,(2 w)
7359,949,2025/2026 TITANS SECOND LEAGUE,2025,32995,11/10/2025,20251011,5426,5430,1,HARLEQUINS 3,5426,TUKS 5,5430,Donovan Du Toit,3713457,6.0,1,25,37,1,6.17,(4 w1 nb)
7359,949,2025/2026 TITANS SECOND LEAGUE,2025,32995,11/10/2025,20251011,5426,5430,2,TUKS 5,5430,HARLEQUINS 3,5426,Hein Swanepoel,4649924,9.0,0,37,48,3,5.33,(11 w)
7359,949,2025/2026 TITANS SECOND LEAGUE,2025,32995,11/10/2025,20251011,5426,5430,2,TUKS 5,5430,HARLEQUINS 3,5426,Jody Buys,4729873,5.0,1,25,20,2,4.00,(7 w2 nb)
7359,949,2025/2026 TITANS SECOND LEAGUE,2025,32995,11/10/2025,20251011,5426,5430,2,TUKS 5,5430,HARLEQUINS 3,5426,Juan Human,4673828,1.0,0,2,14,0,14.00,(1 w)
7359,949,2025/2026 TITANS SECOND LEAGUE,2025,32995,11/10/2025,20251011,5426,5430,2,TUKS 5,5430,HARLEQUINS 3,5426,Peet Snyman,6299175,4.1,0,21,16,3,3.84,(6 w)
7359,949,2025/2026 TITANS SECOND LEAGUE,2025,32995,11/10/2025,20251011,5426,5430,2,TUKS 5,5430,HARLEQUINS 3,5426,Eddie Stephen,6299173,2.0,0,8,19,0,9.50,(4 w1 nb)
7359,949,2025/2026 TITANS SECOND LEAGUE,2025,32995,11/10/2025,20251011,5426,5430,2,TUKS 5,5430,HARLEQUINS 3,5426,Dewald Van Der Walt,3276817,3.0,0,13,14,2,4.67,(1 w)
7359,949,2025/2026 TITANS SECOND LEAGUE,2025,32995,11/10/2025,20251011,5426,5430,2,TUKS 5,5430,HARLEQUINS 3,5426,Willie Kamffer,6299174,2.0,0,6,23,0,11.50,
7144,790,2024 Titans Second League,unknown,32995,,,4552,4560,1,CBCOB 3,4552,CENTURION KAVALIERS 3,4560,Aj Jordaan,5045109,4.0,0,9,44,0,11.00,(4 w)
7144,790,2024 Titans Second League,unknown,32995,,,4552,4560,1,CBCOB 3,4552,CENTURION KAVALIERS 3,4560,Keith Slater,5047119,5.0,0,15,40,1,8.00,
7144,790,2024 Titans Second League,unknown,32995,,,4552,4560,1,CBCOB 3,4552,CENTURION KAVALIERS 3,4560,Liam Van Wyk,5045111,10.0,0,40,47,0,4.70,(6 w1 nb)
7144,790,2024 Titans Second League,unknown,32995,,,4552,4560,1,CBCOB 3,4552,CENTURION KAVALIERS 3,4560,Shane Henery,5047116,3.0,0,7,30,0,10.00,(3 w)
7144,790,2024 Titans Second League,unknown,32995,,,4552,4560,1,CBCOB 3,4552,CENTURION KAVALIERS 3,4560,Janco Harholt,5047115,3.0,0,4,36,0,12.00,(1 w)
7144,790,2024 Titans Second League,unknown,32995,,,4552,4560,1,CBCOB 3,4552,CENTURION KAVALIERS 3,4560,Dustyn Du Preez,5047118,2.0,0,5,13,1,6.50,
7144,790,2024 Titans Second League,unknown,32995,,,4552,4560,1,CBCOB 3,4552,CENTURION KAVALIERS 3,4560,Jonathan White,5047117,3.5,0,14,17,1,4.43,(1 w)
7143,790,2024 Titans Second League,2024,32995,29/03/2025,20250329,4560,4552,1,CENTURION KAVALIERS 3,4560,CBCOB 3,4552,Jaden Beukes,3783165,7.0,1,33,36,4,5.14,(5 w)
7143,790,2024 Titans Second League,2024,32995,29/03/2025,20250329,4560,4552,1,CENTURION KAVALIERS 3,4560,CBCOB 3,4552,Nevada Jacobs,4673820,6.3,0,30,25,6,3.85,(6 w1 nb)
7143,790,2024 Titans Second League,2024,32995,29/03/2025,20250329,4560,4552,2,CBCOB 3,4552,CENTURION KAVALIERS 3,4560,Luke Cannata,4704974,5.0,0,18,34,2,6.80,(1 w)
7143,790,2024 Titans Second League,2024,32995,29/03/2025,20250329,4560,4552,2,CBCOB 3,4552,CENTURION KAVALIERS 3,4560,Nathan Hall,5045108,5.1,0,20,22,2,4.26,(1 w)
7143,790,2024 Titans Second League,2024,32995,29/03/2025,20250329,4560,4552,2,CBCOB 3,4552,CENTURION KAVALIERS 3,4560,Liam Van Wyk,5045111,1.0,0,4,8,0,8.00,
7087,790,2024 Titans Second League,2024,32995,22/03/2025,20250322,4556,4552,1,SINOVILLE 3,4556,CBCOB 3,4552,Jaden Beukes,3783165,7.0,1,33,24,1,3.43,(2 w)
7087,790,2024 Titans Second League,2024,32995,22/03/2025,20250322,4556,4552,1,SINOVILLE 3,4556,CBCOB 3,4552,Nevada Jacobs,4673820,6.0,0,24,31,1,5.17,(1 w6 nb)
7087,790,2024 Titans Second League,2024,32995,22/03/2025,20250322,4556,4552,1,SINOVILLE 3,4556,CBCOB 3,4552,Marius Swanepoel,5034372,6.0,1,23,22,1,3.67,(2 w)
7087,790,2024 Titans Second League,2024,32995,22/03/2025,20250322,4556,4552,1,SINOVILLE 3,4556,CBCOB 3,4552,Ivan Havenga,3729571,2.0,0,5,17,1,8.50,(1 w1 nb)
7087,790,2024 Titans Second League,2024,32995,22/03/2025,20250322,4556,4552,1,SINOVILLE 3,4556,CBCOB 3,4552,Rigardt Saaiman,3729566,8.4,1,32,42,4,4.85,
7087,790,2024 Titans Second League,2024,32995,22/03/2025,20250322,4556,4552,1,SINOVILLE 3,4556,CBCOB 3,4552,Justin Van Bassen,4673824,5.0,0,14,22,2,4.40,
7087,790,2024 Titans Second League,2024,32995,22/03/2025,20250322,4556,4552,2,CBCOB 3,4552,SINOVILLE 3,4556,Andre Kruyshaar,3772081,2.1,0,5,17,0,7.85,(2 w)
7087,790,2024 Titans Second League,2024,32995,22/03/2025,20250322,4556,4552,2,CBCOB 3,4552,SINOVILLE 3,4556,Stanley Fabri,3056139,6.0,0,24,39,1,6.50,(2 w)
7087,790,2024 Titans Second League,2024,32995,22/03/2025,20250322,4556,4552,2,CBCOB 3,4552,SINOVILLE 3,4556,Andre Schoombee,3772961,4.0,0,14,34,1,8.50,(2 w)
7087,790,2024 Titans Second League,2024,32995,22/03/2025,20250322,4556,4552,2,CBCOB 3,4552,SINOVILLE 3,4556,Janu Olivier,4973941,2.0,0,5,40,0,20.00,(1 w3 nb)
7087,790,2024 Titans Second League,2024,32995,22/03/2025,20250322,4556,4552,2,CBCOB 3,4552,SINOVILLE 3,4556,Wiehan Nel,2936753,4.0,0,15,26,1,6.50,(2 w)
7087,790,2024 Titans Second League,2024,32995,22/03/2025,20250322,4556,4552,2,CBCOB 3,4552,SINOVILLE 3,4556,Wian Van Deventer,3257325,3.0,0,14,7,1,2.33,(1 w)
7032,790,2024 Titans Second League,2024,32995,15/03/2025,20250315,4554,4555,1,IRENE VILLAGERS 3,4554,PHSOB 3,4555,Francois Mostert,5023418,6.0,3,31,16,1,2.67,
7032,790,2024 Titans Second League,2024,32995,15/03/2025,20250315,4554,4555,1,IRENE VILLAGERS 3,4554,PHSOB 3,4555,Wehan Du Waal,4715788,4.0,0,14,33,0,8.25,(6 w)
7032,790,2024 Titans Second League,2024,32995,15/03/2025,20250315,4554,4555,1,IRENE VILLAGERS 3,4554,PHSOB 3,4555,Sellin De Beer,4715786,5.0,0,17,23,0,4.60,(1 w)
7032,790,2024 Titans Second League,2024,32995,15/03/2025,20250315,4554,4555,1,IRENE VILLAGERS 3,4554,PHSOB 3,4555,Regan Pruss,3713341,6.1,1,25,23,5,3.73,(5 w1 Hatrick)
7032,790,2024 Titans Second League,2024,32995,15/03/2025,20250315,4554,4555,1,IRENE VILLAGERS 3,4554,PHSOB 3,4555,Chad Fortman,2936899,9.0,0,33,29,1,3.22,(5 w)
7032,790,2024 Titans Second League,2024,32995,15/03/2025,20250315,4554,4555,1,IRENE VILLAGERS 3,4554,PHSOB 3,4555,Lafras Jenkins,4143518,9.0,0,31,32,1,3.56,(1 w)
7032,790,2024 Titans Second League,2024,32995,15/03/2025,20250315,4554,4555,1,IRENE VILLAGERS 3,4554,PHSOB 3,4555,Yatin Koul,4081459,3.0,0,11,10,2,3.33,
7032,790,2024 Titans Second League,2024,32995,15/03/2025,20250315,4554,4555,2,PHSOB 3,4555,IRENE VILLAGERS 3,4554,Elgun Boecker,4702810,6.0,0,24,23,2,3.83,
7032,790,2024 Titans Second League,2024,32995,15/03/2025,20250315,4554,4555,2,PHSOB 3,4555,IRENE VILLAGERS 3,4554,Albert Myburgh,4024779,6.0,1,22,48,1,8.00,(1 w)
7032,790,2024 Titans Second League,2024,32995,15/03/2025,20250315,4554,4555,2,PHSOB 3,4555,IRENE VILLAGERS 3,4554,Gunter Geyer,2985804,4.0,0,9,39,1,9.75,(4 w1 nb)
7032,790,2024 Titans Second League,2024,32995,15/03/2025,20250315,4554,4555,2,PHSOB 3,4555,IRENE VILLAGERS 3,4554,Jacques Van Rooyen,3795662,4.0,0,13,19,1,4.75,
7032,790,2024 Titans Second League,2024,32995,15/03/2025,20250315,4554,4555,2,PHSOB 3,4555,IRENE VILLAGERS 3,4554,Shaanthen Thumbiran,4854734,2.0,0,7,22,0,11.00,
7032,790,2024 Titans Second League,2024,32995,15/03/2025,20250315,4554,4555,2,PHSOB 3,4555,IRENE VILLAGERS 3,4554,Tyler Miller,3729934,1.3,0,3,16,2,10.67,(2 w)
7031,790,2024 Titans Second League,2024,32995,15/03/2025,20250315,4553,4558,1,HARLEQUINS 3,4553,TUKS 5,4558,Tiaan Engelbrecht,2936837,5.0,2,27,7,1,1.40,
7031,790,2024 Titans Second League,2024,32995,15/03/2025,20250315,4553,4558,1,HARLEQUINS 3,4553,TUKS 5,4558,Elandré Van Den Berg,3713456,6.0,2,28,21,0,3.50,(3 w)
7031,790,2024 Titans Second League,2024,32995,15/03/2025,20250315,4553,4558,1,HARLEQUINS 3,4553,TUKS 5,4558,Christian Strydom,2936847,4.0,0,17,18,1,4.50,
7031,790,2024 Titans Second League,2024,32995,15/03/2025,20250315,4553,4558,1,HARLEQUINS 3,4553,TUKS 5,4558,Johan Nel,4655263,5.0,0,21,28,1,5.60,(4 w)
7031,790,2024 Titans Second League,2024,32995,15/03/2025,20250315,4553,4558,1,HARLEQUINS 3,4553,TUKS 5,4558,Martin Van Tonder,2840539,5.0,0,22,28,2,5.60,(1 w)
7031,790,2024 Titans Second League,2024,32995,15/03/2025,20250315,4553,4558,1,HARLEQUINS 3,4553,TUKS 5,4558,Lehlohonolo Moshoati,3266899,5.0,0,16,38,0,7.60,(3 w)
7031,790,2024 Titans Second League,2024,32995,15/03/2025,20250315,4553,4558,1,HARLEQUINS 3,4553,TUKS 5,4558,Riccardo Oosthuizen,2936842,4.0,0,18,14,2,3.50,(4 w)
7031,790,2024 Titans Second League,2024,32995,15/03/2025,20250315,4553,4558,1,HARLEQUINS 3,4553,TUKS 5,4558,Andre Van Wyk,3266939,1.4,0,7,9,2,5.40,
7031,790,2024 Titans Second League,2024,32995,15/03/2025,20250315,4553,4558,2,TUKS 5,4558,HARLEQUINS 3,4553,Oliver Beaclerk,4729876,7.0,1,28,27,0,3.86,(4 w)
7031,790,2024 Titans Second League,2024,32995,15/03/2025,20250315,4553,4558,2,TUKS 5,4558,HARLEQUINS 3,4553,Calyle Stolze,4896935,3.0,0,12,26,2,8.67,(4 w1 nb)
7031,790,2024 Titans Second League,2024,32995,15/03/2025,20250315,4553,4558,2,TUKS 5,4558,HARLEQUINS 3,4553,Mike Hartman,5000468,1.2,0,5,9,0,6.75,
7031,790,2024 Titans Second League,2024,32995,15/03/2025,20250315,4553,4558,2,TUKS 5,4558,HARLEQUINS 3,4553,Henre Quins,4878344,6.4,0,27,20,2,3.00,
7031,790,2024 Titans Second League,2024,32995,15/03/2025,20250315,4553,4558,2,TUKS 5,4558,HARLEQUINS 3,4553,Ettienne Tait,2939149,8.4,2,37,25,4,2.88,(3 w)
7031,790,2024 Titans Second League,2024,32995,15/03/2025,20250315,4553,4558,2,TUKS 5,4558,HARLEQUINS 3,4553,Clinton Da Costa,5000469,4.0,0,15,20,0,5.00,(0 w1 nb)
7031,790,2024 Titans Second League,2024,32995,15/03/2025,20250315,4553,4558,2,TUKS 5,4558,HARLEQUINS 3,4553,Dewald Van Der Walt,3276817,6.0,1,27,19,1,3.17,(4 w)
6965,790,2024 Titans Second League,2024,32995,08/03/2025,20250308,4554,4553,1,IRENE VILLAGERS 3,4554,HARLEQUINS 3,4553,Henre Quins,4878344,7.0,0,23,49,1,7.00,
6965,790,2024 Titans Second League,2024,32995,08/03/2025,20250308,4554,4553,1,IRENE VILLAGERS 3,4554,HARLEQUINS 3,4553,Mike Hartman,5000468,4.0,0,14,23,1,5.75,(1 w)
6965,790,2024 Titans Second League,2024,32995,08/03/2025,20250308,4554,4553,1,IRENE VILLAGERS 3,4554,HARLEQUINS 3,4553,Clinton Da Costa,5000469,9.0,0,35,23,1,2.56,
6965,790,2024 Titans Second League,2024,32995,08/03/2025,20250308,4554,4553,1,IRENE VILLAGERS 3,4554,HARLEQUINS 3,4553,Dewald Van Der Walt,3276817,8.0,0,21,47,0,5.88,(4 w)
6965,790,2024 Titans Second League,2024,32995,08/03/2025,20250308,4554,4553,1,IRENE VILLAGERS 3,4554,HARLEQUINS 3,4553,Vuks Bamuza,5000466,9.0,0,32,35,1,3.89,(2 w)
6965,790,2024 Titans Second League,2024,32995,08/03/2025,20250308,4554,4553,1,IRENE VILLAGERS 3,4554,HARLEQUINS 3,4553,Hein Swanepoel,4649924,8.0,0,19,75,1,9.38,(6 w)
6965,790,2024 Titans Second League,2024,32995,08/03/2025,20250308,4554,4553,2,HARLEQUINS 3,4553,IRENE VILLAGERS 3,4554,Elgun Boecker,4702810,7.0,0,25,34,2,4.86,(6 w)
6965,790,2024 Titans Second League,2024,32995,08/03/2025,20250308,4554,4553,2,HARLEQUINS 3,4553,IRENE VILLAGERS 3,4554,Elro Grobeler,4655709,5.0,1,25,13,2,2.60,(4 w)
6965,790,2024 Titans Second League,2024,32995,08/03/2025,20250308,4554,4553,2,HARLEQUINS 3,4553,IRENE VILLAGERS 3,4554,Albert Myburgh,4024779,3.0,0,14,16,0,5.33,(2 w)
6965,790,2024 Titans Second League,2024,32995,08/03/2025,20250308,4554,4553,2,HARLEQUINS 3,4553,IRENE VILLAGERS 3,4554,Tyler Miller,3729934,2.0,1,10,9,0,4.50,(1 w)
6965,790,2024 Titans Second League,2024,32995,08/03/2025,20250308,4554,4553,2,HARLEQUINS 3,4553,IRENE VILLAGERS 3,4554,Shaanthen Thumbiran,4854734,4.0,0,10,30,1,7.50,(1 w)
6965,790,2024 Titans Second League,2024,32995,08/03/2025,20250308,4554,4553,2,HARLEQUINS 3,4553,IRENE VILLAGERS 3,4554,Johan Broekman,4756705,9.0,1,32,50,2,5.56,(0 w1 nb)
6965,790,2024 Titans Second League,2024,32995,08/03/2025,20250308,4554,4553,2,HARLEQUINS 3,4553,IRENE VILLAGERS 3,4554,Barend Pelser,4854733,9.0,0,25,47,0,5.22,(3 w)
6965,790,2024 Titans Second League,2024,32995,08/03/2025,20250308,4554,4553,2,HARLEQUINS 3,4553,IRENE VILLAGERS 3,4554,Chris Klopper,4756702,6.0,0,20,25,1,4.17,(3 w)
6962,790,2024 Titans Second League,2024,32995,08/03/2025,20250308,4556,4558,1,SINOVILLE 3,4556,TUKS 5,4558,Tiaan Engelbrecht,2936837,6.0,0,23,38,3,6.33,(3 w)
6962,790,2024 Titans Second League,2024,32995,08/03/2025,20250308,4556,4558,1,SINOVILLE 3,4556,TUKS 5,4558,Elandré Van Den Berg,3713456,4.0,0,19,12,0,3.00,(1 w)
6962,790,2024 Titans Second League,2024,32995,08/03/2025,20250308,4556,4558,1,SINOVILLE 3,4556,TUKS 5,4558,Christian Strydom,2936847,4.4,0,20,17,0,3.64,(1 w1 nb)
6962,790,2024 Titans Second League,2024,32995,08/03/2025,20250308,4556,4558,1,SINOVILLE 3,4556,TUKS 5,4558,Martin Van Tonder,2840539,5.0,1,27,25,0,5.00,(5 w)
6962,790,2024 Titans Second League,2024,32995,08/03/2025,20250308,4556,4558,1,SINOVILLE 3,4556,TUKS 5,4558,Andre Van Wyk,3266939,3.2,0,9,20,2,6.00,(2 w)
6962,790,2024 Titans Second League,2024,32995,08/03/2025,20250308,4556,4558,1,SINOVILLE 3,4556,TUKS 5,4558,Lehlohonolo Moshoati,3266899,9.0,0,24,62,2,6.89,(4 w)
6962,790,2024 Titans Second League,2024,32995,08/03/2025,20250308,4556,4558,1,SINOVILLE 3,4556,TUKS 5,4558,Nico De Bruyn,3180581,6.0,0,20,36,1,6.00,(2 w)
6962,790,2024 Titans Second League,2024,32995,08/03/2025,20250308,4556,4558,1,SINOVILLE 3,4556,TUKS 5,4558,Riccardo Oosthuizen,2936842,7.0,0,17,37,2,5.29,
6962,790,2024 Titans Second League,2024,32995,08/03/2025,20250308,4556,4558,2,TUKS 5,4558,SINOVILLE 3,4556,Janu Olivier,4973941,9.0,1,36,36,4,4.00,(6 w)
6962,790,2024 Titans Second League,2024,32995,08/03/2025,20250308,4556,4558,2,TUKS 5,4558,SINOVILLE 3,4556,Ruan Venter,4673574,6.0,0,22,38,1,6.33,(9 w)
6962,790,2024 Titans Second League,2024,32995,08/03/2025,20250308,4556,4558,2,TUKS 5,4558,SINOVILLE 3,4556,Stanley Fabri,3056139,5.0,0,19,36,0,7.20,(4 w)
6962,790,2024 Titans Second League,2024,32995,08/03/2025,20250308,4556,4558,2,TUKS 5,4558,SINOVILLE 3,4556,Wiehan Nel,2936753,3.4,0,13,23,1,6.27,
6962,790,2024 Titans Second League,2024,32995,08/03/2025,20250308,4556,4558,2,TUKS 5,4558,SINOVILLE 3,4556,Maans Roubaix,3031813,3.0,0,8,33,0,11.00,(3 w1 nb)
6962,790,2024 Titans Second League,2024,32995,08/03/2025,20250308,4556,4558,2,TUKS 5,4558,SINOVILLE 3,4556,James Van Der Merwe,5000388,7.0,1,29,21,2,3.00,(1 w)
6962,790,2024 Titans Second League,2024,32995,08/03/2025,20250308,4556,4558,2,TUKS 5,4558,SINOVILLE 3,4556,Andre Kruyshaar,3772081,4.0,0,17,8,1,2.00,
6879,790,2024 Titans Second League,2024,32995,01/03/2025,20250301,4554,4559,1,IRENE VILLAGERS 3,4554,TUT 3,4559,Divan Potgieter,4673570,8.0,1,35,23,4,2.88,(1 w)
6879,790,2024 Titans Second League,2024,32995,01/03/2025,20250301,4554,4559,1,IRENE VILLAGERS 3,4554,TUT 3,4559,Nico Minnaar,3713344,8.0,0,33,40,2,5.00,(4 w1 nb)
6879,790,2024 Titans Second League,2024,32995,01/03/2025,20250301,4554,4559,1,IRENE VILLAGERS 3,4554,TUT 3,4559,Stefan Grobler,3018230,6.0,0,28,22,1,3.67,(3 w)
6879,790,2024 Titans Second League,2024,32995,01/03/2025,20250301,4554,4559,1,IRENE VILLAGERS 3,4554,TUT 3,4559,Hendrik Ferreira,4891854,4.2,1,20,13,3,3.00,(0 w1 nb)
6879,790,2024 Titans Second League,2024,32995,01/03/2025,20250301,4554,4559,2,TUT 3,4559,IRENE VILLAGERS 3,4554,Elgun Boecker,4702810,5.0,1,21,19,1,3.80,(5 w)
6879,790,2024 Titans Second League,2024,32995,01/03/2025,20250301,4554,4559,2,TUT 3,4559,IRENE VILLAGERS 3,4554,Elro Grobeler,4655709,5.0,0,21,23,0,4.60,(3 w)
6879,790,2024 Titans Second League,2024,32995,01/03/2025,20250301,4554,4559,2,TUT 3,4559,IRENE VILLAGERS 3,4554,Tyler Miller,3729934,3.0,0,11,16,1,5.33,(3 w)
6879,790,2024 Titans Second League,2024,32995,01/03/2025,20250301,4554,4559,2,TUT 3,4559,IRENE VILLAGERS 3,4554,Jacques Van Rooyen,3795662,7.0,1,31,20,1,2.86,(2 w)
6879,790,2024 Titans Second League,2024,32995,01/03/2025,20250301,4554,4559,2,TUT 3,4559,IRENE VILLAGERS 3,4554,Gunter Geyer,4655258,4.2,0,15,22,2,5.08,(3 w)
6875,790,2024 Titans Second League,2024,32995,01/03/2025,20250301,4557,4558,1,SINOVILLE 4,4557,TUKS 5,4558,Tiaan Engelbrecht,2936837,5.0,1,19,18,1,3.60,
6875,790,2024 Titans Second League,2024,32995,01/03/2025,20250301,4557,4558,1,SINOVILLE 4,4557,TUKS 5,4558,Christian Strydom,2936847,7.0,1,33,17,3,2.43,
6875,790,2024 Titans Second League,2024,32995,01/03/2025,20250301,4557,4558,1,SINOVILLE 4,4557,TUKS 5,4558,Johan Nel,4655263,4.0,0,19,8,4,2.00,
6875,790,2024 Titans Second League,2024,32995,01/03/2025,20250301,4557,4558,1,SINOVILLE 4,4557,TUKS 5,4558,Martin Van Tonder,2840539,1.0,0,4,3,2,3.00,
6875,790,2024 Titans Second League,2024,32995,01/03/2025,20250301,4557,4558,2,TUKS 5,4558,SINOVILLE 4,4557,Ruan Venter,4715814,3.0,0,8,26,0,8.67,(1 w)
6875,790,2024 Titans Second League,2024,32995,01/03/2025,20250301,4557,4558,2,TUKS 5,4558,SINOVILLE 4,4557,Jp Roets,3195753,2.0,0,7,18,0,9.00,(1 w)
6875,790,2024 Titans Second League,2024,32995,01/03/2025,20250301,4557,4558,2,TUKS 5,4558,SINOVILLE 4,4557,Steffan Putter,4973953,0.4,0,2,8,0,12.00,(1 w)
6874,790,2024 Titans Second League,2024,32995,01/03/2025,20250301,4553,4556,1,HARLEQUINS 3,4553,SINOVILLE 3,4556,Stanley Fabri,3056139,6.0,1,33,12,0,2.00,(8 w)
6874,790,2024 Titans Second League,2024,32995,01/03/2025,20250301,4553,4556,1,HARLEQUINS 3,4553,SINOVILLE 3,4556,Hendre Du Toit,2987477,5.0,0,16,32,1,6.40,
6874,790,2024 Titans Second League,2024,32995,01/03/2025,20250301,4553,4556,1,HARLEQUINS 3,4553,SINOVILLE 3,4556,Andre Schoombee,3772084,5.0,0,16,45,0,9.00,(1 w1 nb)
6874,790,2024 Titans Second League,2024,32995,01/03/2025,20250301,4553,4556,1,HARLEQUINS 3,4553,SINOVILLE 3,4556,Dylan Van Wyk,3277436,9.0,1,45,21,4,2.33,(2 w)
6874,790,2024 Titans Second League,2024,32995,01/03/2025,20250301,4553,4556,1,HARLEQUINS 3,4553,SINOVILLE 3,4556,Andre Kruyshaar,3772081,6.5,0,24,44,5,6.44,
6874,790,2024 Titans Second League,2024,32995,01/03/2025,20250301,4553,4556,1,HARLEQUINS 3,4553,SINOVILLE 3,4556,Ryan Kruger,4973940,2.0,0,9,9,0,4.50,(0 w1 nb)
6874,790,2024 Titans Second League,2024,32995,01/03/2025,20250301,4553,4556,2,SINOVILLE 3,4556,HARLEQUINS 3,4553,Oliver Beaclerk,4729876,5.0,0,21,19,3,3.80,(7 w)
6874,790,2024 Titans Second League,2024,32995,01/03/2025,20250301,4553,4556,2,SINOVILLE 3,4556,HARLEQUINS 3,4553,Ettienne Tait,2939149,5.0,2,26,8,2,1.60,
6874,790,2024 Titans Second League,2024,32995,01/03/2025,20250301,4553,4556,2,SINOVILLE 3,4556,HARLEQUINS 3,4553,Khumo Tihocela,4973939,3.0,0,15,7,3,2.33,(3 w1 nb)
6874,790,2024 Titans Second League,2024,32995,01/03/2025,20250301,4553,4556,2,SINOVILLE 3,4556,HARLEQUINS 3,4553,Calyle Stolze,4896935,3.0,0,13,22,0,7.33,(2 w1 nb)
6874,790,2024 Titans Second League,2024,32995,01/03/2025,20250301,4553,4556,2,SINOVILLE 3,4556,HARLEQUINS 3,4553,Dewald Van Der Walt,3276817,6.0,1,26,14,1,2.33,(1 w)
6708,790,2024 Titans Second League,2024,32995,09/02/2025,20250209,4555,4553,1,PHSOB 3,4555,HARLEQUINS 3,4553,Pieter Roos,2939189,2.0,0,0,34,0,17.00,
6708,790,2024 Titans Second League,2024,32995,09/02/2025,20250209,4555,4553,1,PHSOB 3,4555,HARLEQUINS 3,4553,Travis Joshua,3783171,4.3,0,0,25,3,5.56,
6708,790,2024 Titans Second League,2024,32995,09/02/2025,20250209,4555,4553,1,PHSOB 3,4555,HARLEQUINS 3,4553,Henre Quins,4878344,4.0,0,0,31,0,7.75,
6708,790,2024 Titans Second League,2024,32995,09/02/2025,20250209,4555,4553,1,PHSOB 3,4555,HARLEQUINS 3,4553,Dewald Van Der Walt,3276817,8.0,1,0,19,5,2.38,
6708,790,2024 Titans Second League,2024,32995,09/02/2025,20250209,4555,4553,1,PHSOB 3,4555,HARLEQUINS 3,4553,Calyle Stolze,4896935,3.0,0,0,21,1,7.00,
6708,790,2024 Titans Second League,2024,32995,09/02/2025,20250209,4555,4553,1,PHSOB 3,4555,HARLEQUINS 3,4553,Juan Human,4673828,2.0,0,0,16,0,8.00,
6708,790,2024 Titans Second League,2024,32995,09/02/2025,20250209,4555,4553,1,PHSOB 3,4555,HARLEQUINS 3,4553,Dante Meyer,4896936,1.0,0,0,17,0,17.00,
6708,790,2024 Titans Second League,2024,32995,09/02/2025,20250209,4555,4553,1,PHSOB 3,4555,HARLEQUINS 3,4553,Jody Buys,4729873,2.0,0,0,8,1,4.00,
6708,790,2024 Titans Second League,2024,32995,09/02/2025,20250209,4555,4553,2,HARLEQUINS 3,4553,PHSOB 3,4555,Burgert Kloppers,4742888,4.0,0,0,29,2,7.25,
6708,790,2024 Titans Second League,2024,32995,09/02/2025,20250209,4555,4553,2,HARLEQUINS 3,4553,PHSOB 3,4555,Brian Kershaw,4688792,8.0,0,0,31,7,3.88,
6708,790,2024 Titans Second League,2024,32995,09/02/2025,20250209,4555,4553,2,HARLEQUINS 3,4553,PHSOB 3,4555,Steven Meyburgh,2937220,4.0,0,0,23,1,5.75,
6678,790,2024 Titans Second League,2024,32995,08/02/2025,20250208,4557,4554,1,SINOVILLE 4,4557,IRENE VILLAGERS 3,4554,Elgun Boecker,4702810,7.0,0,25,38,0,5.43,(2 w)
6678,790,2024 Titans Second League,2024,32995,08/02/2025,20250208,4557,4554,1,SINOVILLE 4,4557,IRENE VILLAGERS 3,4554,Gerrie Viljoen,3015413,7.0,0,30,26,1,3.71,(1 w)
6678,790,2024 Titans Second League,2024,32995,08/02/2025,20250208,4557,4554,1,SINOVILLE 4,4557,IRENE VILLAGERS 3,4554,Jacques Van Rooyen,3795662,9.0,0,36,40,3,4.44,
6678,790,2024 Titans Second League,2024,32995,08/02/2025,20250208,4557,4554,1,SINOVILLE 4,4557,IRENE VILLAGERS 3,4554,Tshepo Molite,4892046,8.3,1,33,45,4,5.29,(2 w1 nb)
6678,790,2024 Titans Second League,2024,32995,08/02/2025,20250208,4557,4554,1,SINOVILLE 4,4557,IRENE VILLAGERS 3,4554,Cj Jordaan,4892048,9.0,0,33,47,0,5.22,(2 w)
6678,790,2024 Titans Second League,2024,32995,08/02/2025,20250208,4557,4554,1,SINOVILLE 4,4557,IRENE VILLAGERS 3,4554,Mohapi Molete,4756704,3.0,0,10,21,1,7.00,
6678,790,2024 Titans Second League,2024,32995,08/02/2025,20250208,4557,4554,2,IRENE VILLAGERS 3,4554,SINOVILLE 4,4557,Stanley Fabri,3056139,6.0,1,28,21,0,3.50,(2 w)
6678,790,2024 Titans Second League,2024,32995,08/02/2025,20250208,4557,4554,2,IRENE VILLAGERS 3,4554,SINOVILLE 4,4557,Juan Van Den Berg,2987480,9.0,0,38,26,0,2.89,(4 w)
6678,790,2024 Titans Second League,2024,32995,08/02/2025,20250208,4557,4554,2,IRENE VILLAGERS 3,4554,SINOVILLE 4,4557,Keaton Steenkamp,2944947,4.0,0,21,11,0,2.75,(2 w)
6678,790,2024 Titans Second League,2024,32995,08/02/2025,20250208,4557,4554,2,IRENE VILLAGERS 3,4554,SINOVILLE 4,4557,James Van Der Merwe,4892050,8.3,0,29,41,3,4.82,(2 w)
6678,790,2024 Titans Second League,2024,32995,08/02/2025,20250208,4557,4554,2,IRENE VILLAGERS 3,4554,SINOVILLE 4,4557,Piet Botha,4198490,9.0,1,35,32,5,3.56,
6678,790,2024 Titans Second League,2024,32995,08/02/2025,20250208,4557,4554,2,IRENE VILLAGERS 3,4554,SINOVILLE 4,4557,Jp Roets,3195753,5.0,0,15,44,1,8.80,(5 w)
6674,790,2024 Titans Second League,2024,32995,08/02/2025,20250208,4558,4559,1,TUKS 5,4558,TUT 3,4559,Jeandre Du Bruyn,4891852,9.0,0,37,25,3,2.78,(2 w)
6674,790,2024 Titans Second League,2024,32995,08/02/2025,20250208,4558,4559,1,TUKS 5,4558,TUT 3,4559,Jayden Smith,4891853,9.0,1,28,43,0,4.78,(3 w)
6674,790,2024 Titans Second League,2024,32995,08/02/2025,20250208,4558,4559,1,TUKS 5,4558,TUT 3,4559,Dewald Basson,3018234,9.0,0,31,46,1,5.11,(3 w)
6674,790,2024 Titans Second League,2024,32995,08/02/2025,20250208,4558,4559,1,TUKS 5,4558,TUT 3,4559,Stefan Grobler,3018230,5.0,0,19,21,0,4.20,(1 w)
6674,790,2024 Titans Second League,2024,32995,08/02/2025,20250208,4558,4559,1,TUKS 5,4558,TUT 3,4559,Hendrik Ferreira,4891854,8.0,0,24,56,1,7.00,(2 w)
6674,790,2024 Titans Second League,2024,32995,08/02/2025,20250208,4558,4559,1,TUKS 5,4558,TUT 3,4559,Leon Smith,4673571,5.0,0,17,31,2,6.20,
6674,790,2024 Titans Second League,2024,32995,08/02/2025,20250208,4558,4559,2,TUT 3,4559,TUKS 5,4558,Tiaan Engelbrecht,2936837,6.0,2,28,15,1,2.50,(1 w)
6674,790,2024 Titans Second League,2024,32995,08/02/2025,20250208,4558,4559,2,TUT 3,4559,TUKS 5,4558,Elandré Van Den Berg,3713456,7.0,2,33,24,3,3.43,(3 w)
6674,790,2024 Titans Second League,2024,32995,08/02/2025,20250208,4558,4559,2,TUT 3,4559,TUKS 5,4558,Christian Strydom,2936847,9.0,3,47,21,0,2.33,(4 w)
6674,790,2024 Titans Second League,2024,32995,08/02/2025,20250208,4558,4559,2,TUT 3,4559,TUKS 5,4558,Johanco Faihst,3255252,9.0,1,39,31,0,3.44,(6 w)
6674,790,2024 Titans Second League,2024,32995,08/02/2025,20250208,4558,4559,2,TUT 3,4559,TUKS 5,4558,Johan Pretorius,3255251,2.0,0,4,23,0,11.50,(6 w)
6674,790,2024 Titans Second League,2024,32995,08/02/2025,20250208,4558,4559,2,TUT 3,4559,TUKS 5,4558,Nico De Bruyn,3180581,2.0,0,3,26,0,13.00,
6674,790,2024 Titans Second League,2024,32995,08/02/2025,20250208,4558,4559,2,TUT 3,4559,TUKS 5,4558,Andre Van Wyk,3266939,1.0,0,1,17,0,17.00,(2 w)
6674,790,2024 Titans Second League,2024,32995,08/02/2025,20250208,4558,4559,2,TUT 3,4559,TUKS 5,4558,Jock De Jager,4165762,2.0,0,4,22,1,11.00,(3 w)
6674,790,2024 Titans Second League,2024,32995,08/02/2025,20250208,4558,4559,2,TUT 3,4559,TUKS 5,4558,Martin Van Tonder,2840539,3.0,0,11,15,3,5.00,(3 w)
6630,790,2024 Titans Second League,2024,32995,02/02/2025,20250202,4560,4557,1,CENTURION KAVALIERS 3,4560,SINOVILLE 4,4557,Riaan Davel,3163488,9.0,4,45,24,3,2.67,(1 w)
6630,790,2024 Titans Second League,2024,32995,02/02/2025,20250202,4560,4557,1,CENTURION KAVALIERS 3,4560,SINOVILLE 4,4557,Ian Dorfling,3795252,1.0,0,2,12,0,12.00,
6630,790,2024 Titans Second League,2024,32995,02/02/2025,20250202,4560,4557,1,CENTURION KAVALIERS 3,4560,SINOVILLE 4,4557,Dwayne Kruger,4877008,3.0,0,13,20,0,6.67,(0 w1 nb)
6630,790,2024 Titans Second League,2024,32995,02/02/2025,20250202,4560,4557,1,CENTURION KAVALIERS 3,4560,SINOVILLE 4,4557,Jp Roetz,3267058,9.0,2,42,33,1,3.67,(2 w)
6630,790,2024 Titans Second League,2024,32995,02/02/2025,20250202,4560,4557,1,CENTURION KAVALIERS 3,4560,SINOVILLE 4,4557,Piet Botha,4198490,6.3,2,33,7,5,1.08,(1 w)
6630,790,2024 Titans Second League,2024,32995,02/02/2025,20250202,4560,4557,1,CENTURION KAVALIERS 3,4560,SINOVILLE 4,4557,Dylan Van Wyk,2987473,2.0,1,9,4,1,2.00,
6630,790,2024 Titans Second League,2024,32995,02/02/2025,20250202,4560,4557,2,SINOVILLE 4,4557,CENTURION KAVALIERS 3,4560,Chris Coetzee,3719304,3.0,0,6,21,0,7.00,(3 w)
6630,790,2024 Titans Second League,2024,32995,02/02/2025,20250202,4560,4557,2,SINOVILLE 4,4557,CENTURION KAVALIERS 3,4560,Thato Pege,3719303,3.0,0,2,41,0,13.67,
6630,790,2024 Titans Second League,2024,32995,02/02/2025,20250202,4560,4557,2,SINOVILLE 4,4557,CENTURION KAVALIERS 3,4560,Malcolm Lourens,3719302,2.0,0,3,13,0,6.50,
6630,790,2024 Titans Second League,2024,32995,02/02/2025,20250202,4560,4557,2,SINOVILLE 4,4557,CENTURION KAVALIERS 3,4560,Heinrich Maraldo,3031835,2.0,0,3,16,0,8.00,(1 w)
6630,790,2024 Titans Second League,2024,32995,02/02/2025,20250202,4560,4557,2,SINOVILLE 4,4557,CENTURION KAVALIERS 3,4560,Keppie Kavaliers,4877010,1.0,0,1,12,0,12.00,(1 w)
6604,790,2024 Titans Second League,2024,32995,01/02/2025,20250201,4558,4552,1,TUKS 5,4558,CBCOB 3,4552,Alec Jordaan,4715851,6.0,1,27,32,0,5.33,(5 w)
6604,790,2024 Titans Second League,2024,32995,01/02/2025,20250201,4558,4552,1,TUKS 5,4558,CBCOB 3,4552,Nevada Jacobs,4673820,9.0,3,42,35,3,3.89,(6 w)
6604,790,2024 Titans Second League,2024,32995,01/02/2025,20250201,4558,4552,1,TUKS 5,4558,CBCOB 3,4552,Chanluke Van Niewenhuizen,4742886,3.0,0,9,11,0,3.67,
6604,790,2024 Titans Second League,2024,32995,01/02/2025,20250201,4558,4552,1,TUKS 5,4558,CBCOB 3,4552,Zadian Cbc3,4874626,9.0,1,42,28,0,3.11,(6 w)
6604,790,2024 Titans Second League,2024,32995,01/02/2025,20250201,4558,4552,1,TUKS 5,4558,CBCOB 3,4552,Rigardt Saaiman,3729566,9.0,2,39,39,4,4.33,(1 w)
6604,790,2024 Titans Second League,2024,32995,01/02/2025,20250201,4558,4552,1,TUKS 5,4558,CBCOB 3,4552,Wendell Plaatjies,4673818,3.0,0,8,29,2,9.67,(1 w2 nb)
6604,790,2024 Titans Second League,2024,32995,01/02/2025,20250201,4558,4552,2,CBCOB 3,4552,TUKS 5,4558,Tiaan Engelbrecht,2936837,4.0,0,14,25,1,6.25,
6604,790,2024 Titans Second League,2024,32995,01/02/2025,20250201,4558,4552,2,CBCOB 3,4552,TUKS 5,4558,Donovan Du Toit,3713457,4.0,0,13,38,0,9.50,(1 w)
6604,790,2024 Titans Second League,2024,32995,01/02/2025,20250201,4558,4552,2,CBCOB 3,4552,TUKS 5,4558,Christian Strydom,2936847,4.0,1,16,17,1,4.25,
6604,790,2024 Titans Second League,2024,32995,01/02/2025,20250201,4558,4552,2,CBCOB 3,4552,TUKS 5,4558,Nico De Bruyn,3180581,1.0,0,1,16,0,16.00,
6604,790,2024 Titans Second League,2024,32995,01/02/2025,20250201,4558,4552,2,CBCOB 3,4552,TUKS 5,4558,Riccardo Oosthuizen,2936842,5.0,0,14,38,1,7.60,
6604,790,2024 Titans Second League,2024,32995,01/02/2025,20250201,4558,4552,2,CBCOB 3,4552,TUKS 5,4558,Johan Pretorius,3255251,3.0,0,12,20,0,6.67,(5 w1 nb)
6604,790,2024 Titans Second League,2024,32995,01/02/2025,20250201,4558,4552,2,CBCOB 3,4552,TUKS 5,4558,Andre Van Wyk,3266939,3.0,0,10,22,1,7.33,(3 w)
6604,790,2024 Titans Second League,2024,32995,01/02/2025,20250201,4558,4552,2,CBCOB 3,4552,TUKS 5,4558,Elandré Van Den Berg,3713456,2.0,1,11,2,0,1.00,
6564,790,2024 Titans Second League,2024,32995,25/01/2025,20250125,4553,4552,1,HARLEQUINS 3,4553,CBCOB 3,4552,Ivan Havenga,3729571,4.0,0,0,23,0,5.75,
6564,790,2024 Titans Second League,2024,32995,25/01/2025,20250125,4553,4552,1,HARLEQUINS 3,4553,CBCOB 3,4552,Nevada Jacobs,4673820,8.0,0,0,57,2,7.12,
6564,790,2024 Titans Second League,2024,32995,25/01/2025,20250125,4553,4552,1,HARLEQUINS 3,4553,CBCOB 3,4552,Rigardt Saaiman,3729566,9.0,0,0,53,2,5.89,
6564,790,2024 Titans Second League,2024,32995,25/01/2025,20250125,4553,4552,1,HARLEQUINS 3,4553,CBCOB 3,4552,Gerry Gouws,4673823,2.0,0,0,21,0,10.50,
6564,790,2024 Titans Second League,2024,32995,25/01/2025,20250125,4553,4552,1,HARLEQUINS 3,4553,CBCOB 3,4552,Matthew Bottham,2987582,7.0,0,0,54,1,7.71,
6564,790,2024 Titans Second League,2024,32995,25/01/2025,20250125,4553,4552,1,HARLEQUINS 3,4553,CBCOB 3,4552,Wendell Plaatjies,4673818,8.0,0,0,53,3,6.62,
6564,790,2024 Titans Second League,2024,32995,25/01/2025,20250125,4553,4552,1,HARLEQUINS 3,4553,CBCOB 3,4552,Kian Hoeuner,3928431,7.0,0,0,50,1,7.14,
6564,790,2024 Titans Second League,2024,32995,25/01/2025,20250125,4553,4552,2,CBCOB 3,4552,HARLEQUINS 3,4553,Henre Quins,4878344,8.0,0,0,40,0,5.00,
6564,790,2024 Titans Second League,2024,32995,25/01/2025,20250125,4553,4552,2,CBCOB 3,4552,HARLEQUINS 3,4553,Travis Joshua,3783171,4.0,0,0,21,0,5.25,
6564,790,2024 Titans Second League,2024,32995,25/01/2025,20250125,4553,4552,2,CBCOB 3,4552,HARLEQUINS 3,4553,Juan Human,4673828,1.0,0,0,11,0,11.00,
6564,790,2024 Titans Second League,2024,32995,25/01/2025,20250125,4553,4552,2,CBCOB 3,4552,HARLEQUINS 3,4553,Jody Buys,4729873,3.0,0,0,36,0,12.00,
6564,790,2024 Titans Second League,2024,32995,25/01/2025,20250125,4553,4552,2,CBCOB 3,4552,HARLEQUINS 3,4553,Ettienne Tait,2939149,9.0,0,0,28,0,3.11,
6564,790,2024 Titans Second League,2024,32995,25/01/2025,20250125,4553,4552,2,CBCOB 3,4552,HARLEQUINS 3,4553,Dewald Van Der Walt,3276817,7.0,0,0,43,0,6.14,
6564,790,2024 Titans Second League,2024,32995,25/01/2025,20250125,4553,4552,2,CBCOB 3,4552,HARLEQUINS 3,4553,Lessego Teffo,4196334,4.3,0,0,18,0,4.00,
6547,790,2024 Titans Second League,2024,32995,25/01/2025,20250125,4554,4560,1,IRENE VILLAGERS 3,4554,CENTURION KAVALIERS 3,4560,Chris Coetzee,3719304,9.0,2,39,24,1,2.67,
6547,790,2024 Titans Second League,2024,32995,25/01/2025,20250125,4554,4560,1,IRENE VILLAGERS 3,4554,CENTURION KAVALIERS 3,4560,Thato Pege,3719303,3.0,0,5,45,0,15.00,(6 w)
6547,790,2024 Titans Second League,2024,32995,25/01/2025,20250125,4554,4560,1,IRENE VILLAGERS 3,4554,CENTURION KAVALIERS 3,4560,Heinrich Maraldo,3031835,6.0,0,20,41,3,6.83,(1 w1 nb)
6547,790,2024 Titans Second League,2024,32995,25/01/2025,20250125,4554,4560,1,IRENE VILLAGERS 3,4554,CENTURION KAVALIERS 3,4560,Jaydwin Venske,3031828,8.0,1,34,29,3,3.62,(8 w)
6547,790,2024 Titans Second League,2024,32995,25/01/2025,20250125,4554,4560,1,IRENE VILLAGERS 3,4554,CENTURION KAVALIERS 3,4560,Pietman Voster,4854737,4.0,1,11,33,0,8.25,
6547,790,2024 Titans Second League,2024,32995,25/01/2025,20250125,4554,4560,1,IRENE VILLAGERS 3,4554,CENTURION KAVALIERS 3,4560,Nathi Kundhlande,4854738,3.0,0,6,26,0,8.67,(0 w1 nb)
6547,790,2024 Titans Second League,2024,32995,25/01/2025,20250125,4554,4560,1,IRENE VILLAGERS 3,4554,CENTURION KAVALIERS 3,4560,Michael Boyjsens,4854736,6.0,0,19,40,0,6.67,(3 w)
6547,790,2024 Titans Second League,2024,32995,25/01/2025,20250125,4554,4560,1,IRENE VILLAGERS 3,4554,CENTURION KAVALIERS 3,4560,Jayden Potgieter,4854735,3.0,0,11,15,0,5.00,(2 w2 nb)
6547,790,2024 Titans Second League,2024,32995,25/01/2025,20250125,4554,4560,1,IRENE VILLAGERS 3,4554,CENTURION KAVALIERS 3,4560,Meshack Gabeni,3180887,3.0,0,8,18,2,6.00,
6547,790,2024 Titans Second League,2024,32995,25/01/2025,20250125,4554,4560,2,CENTURION KAVALIERS 3,4560,IRENE VILLAGERS 3,4554,Elro Grobeler,4655709,5.0,1,19,23,0,4.60,
6547,790,2024 Titans Second League,2024,32995,25/01/2025,20250125,4554,4560,2,CENTURION KAVALIERS 3,4560,IRENE VILLAGERS 3,4554,Elgun Boecker,4702810,3.0,0,9,24,0,8.00,(1 w)
6547,790,2024 Titans Second League,2024,32995,25/01/2025,20250125,4554,4560,2,CENTURION KAVALIERS 3,4560,IRENE VILLAGERS 3,4554,Jacques Van Rooyen,3795662,7.0,0,25,26,2,3.71,
6547,790,2024 Titans Second League,2024,32995,25/01/2025,20250125,4554,4560,2,CENTURION KAVALIERS 3,4560,IRENE VILLAGERS 3,4554,Matt Vd Mescht,4702807,3.0,0,12,21,0,7.00,(0 w7 nb)
6547,790,2024 Titans Second League,2024,32995,25/01/2025,20250125,4554,4560,2,CENTURION KAVALIERS 3,4560,IRENE VILLAGERS 3,4554,Warren Pollard,4655261,3.0,0,13,10,0,3.33,
6547,790,2024 Titans Second League,2024,32995,25/01/2025,20250125,4554,4560,2,CENTURION KAVALIERS 3,4560,IRENE VILLAGERS 3,4554,Shaanthen Thumbiran,4854734,4.2,0,19,14,5,3.23,(3 w)
6547,790,2024 Titans Second League,2024,32995,25/01/2025,20250125,4554,4560,2,CENTURION KAVALIERS 3,4560,IRENE VILLAGERS 3,4554,Barend Pelser,4854733,4.0,0,16,19,3,4.75,(3 w)
6499,790,2024 Titans Second League,2024,32995,18/01/2025,20250118,4554,4558,1,IRENE VILLAGERS 3,4554,TUKS 5,4558,Tiaan Engelbrecht,2936837,6.0,0,19,41,1,6.83,(4 w)
6499,790,2024 Titans Second League,2024,32995,18/01/2025,20250118,4554,4558,1,IRENE VILLAGERS 3,4554,TUKS 5,4558,Martin Van Tonder,2840539,6.0,1,24,30,0,5.00,(2 w)
6499,790,2024 Titans Second League,2024,32995,18/01/2025,20250118,4554,4558,1,IRENE VILLAGERS 3,4554,TUKS 5,4558,Christian Strydom,2936847,3.3,0,11,26,1,7.43,(1 w)
6499,790,2024 Titans Second League,2024,32995,18/01/2025,20250118,4554,4558,1,IRENE VILLAGERS 3,4554,TUKS 5,4558,Cecil Chitaka,3255253,9.0,0,31,54,4,6.00,(6 w)
6499,790,2024 Titans Second League,2024,32995,18/01/2025,20250118,4554,4558,1,IRENE VILLAGERS 3,4554,TUKS 5,4558,Lehlohonolo Moshoati,3266899,9.0,0,30,43,2,4.78,(4 w)
6499,790,2024 Titans Second League,2024,32995,18/01/2025,20250118,4554,4558,1,IRENE VILLAGERS 3,4554,TUKS 5,4558,Hanco Kruger,4702785,5.0,0,19,26,1,5.20,(2 w1 nb)
6499,790,2024 Titans Second League,2024,32995,18/01/2025,20250118,4554,4558,1,IRENE VILLAGERS 3,4554,TUKS 5,4558,Andre Van Wyk,3266939,1.0,0,4,2,0,2.00,
6499,790,2024 Titans Second League,2024,32995,18/01/2025,20250118,4554,4558,2,TUKS 5,4558,IRENE VILLAGERS 3,4554,Gerrie Viljoen,3015413,5.1,0,24,15,4,2.90,(1 w1 nb)
6499,790,2024 Titans Second League,2024,32995,18/01/2025,20250118,4554,4558,2,TUKS 5,4558,IRENE VILLAGERS 3,4554,Chris Klopper,4756702,6.0,2,31,11,5,1.83,(2 w1 nb)
6499,790,2024 Titans Second League,2024,32995,18/01/2025,20250118,4554,4558,2,TUKS 5,4558,IRENE VILLAGERS 3,4554,Clayton Brunsdon,4837526,4.0,0,14,31,0,7.75,(3 w)
6499,790,2024 Titans Second League,2024,32995,18/01/2025,20250118,4554,4558,2,TUKS 5,4558,IRENE VILLAGERS 3,4554,Gunter Geyer,4655258,6.0,0,27,24,1,4.00,(4 w)
6499,790,2024 Titans Second League,2024,32995,18/01/2025,20250118,4554,4558,2,TUKS 5,4558,IRENE VILLAGERS 3,4554,Mohapi Molete,4756704,3.0,0,9,19,0,6.33,(2 w)
6499,790,2024 Titans Second League,2024,32995,18/01/2025,20250118,4554,4558,2,TUKS 5,4558,IRENE VILLAGERS 3,4554,Tyler Miller,3729934,1.0,0,4,3,0,3.00,
6499,790,2024 Titans Second League,2024,32995,18/01/2025,20250118,4554,4558,2,TUKS 5,4558,IRENE VILLAGERS 3,4554,Divan Cilliers,3713448,4.0,0,12,24,0,6.00,(3 w)
6359,790,2024 Titans Second League,2024,32995,30/11/2024,20241130,4556,4558,1,SINOVILLE 3,4556,TUKS 5,4558,Tiaan Engelbrecht,2936837,8.0,2,36,27,1,3.38,(1 w)
6359,790,2024 Titans Second League,2024,32995,30/11/2024,20241130,4556,4558,1,SINOVILLE 3,4556,TUKS 5,4558,Werner Marneweck,4715784,4.0,0,19,20,1,5.00,(7 w)
6359,790,2024 Titans Second League,2024,32995,30/11/2024,20241130,4556,4558,1,SINOVILLE 3,4556,TUKS 5,4558,Martin Van Tonder,2840539,4.0,0,17,21,0,5.25,(2 w)
6359,790,2024 Titans Second League,2024,32995,30/11/2024,20241130,4556,4558,1,SINOVILLE 3,4556,TUKS 5,4558,Elandré Van Den Berg,3713456,6.0,1,25,27,0,4.50,(2 w)
6359,790,2024 Titans Second League,2024,32995,30/11/2024,20241130,4556,4558,1,SINOVILLE 3,4556,TUKS 5,4558,Donovan Du Toit,3713457,9.0,0,33,47,3,5.22,(2 w)
6359,790,2024 Titans Second League,2024,32995,30/11/2024,20241130,4556,4558,1,SINOVILLE 3,4556,TUKS 5,4558,Riccardo Oosthuizen,2936842,4.0,0,9,42,1,10.50,(4 w)
6359,790,2024 Titans Second League,2024,32995,30/11/2024,20241130,4556,4558,1,SINOVILLE 3,4556,TUKS 5,4558,Jock De Jager,4165762,3.0,1,11,24,1,8.00,(1 w)
6359,790,2024 Titans Second League,2024,32995,30/11/2024,20241130,4556,4558,2,TUKS 5,4558,SINOVILLE 3,4556,Jaydon Blom,4756761,9.0,0,35,46,3,5.11,(3 w)
6359,790,2024 Titans Second League,2024,32995,30/11/2024,20241130,4556,4558,2,TUKS 5,4558,SINOVILLE 3,4556,Ruan Venter,4673574,9.0,0,35,47,2,5.22,(8 w1 nb)
6359,790,2024 Titans Second League,2024,32995,30/11/2024,20241130,4556,4558,2,TUKS 5,4558,SINOVILLE 3,4556,Wiehan Nel,2936753,3.0,0,9,21,0,7.00,(2 w)
6359,790,2024 Titans Second League,2024,32995,30/11/2024,20241130,4556,4558,2,TUKS 5,4558,SINOVILLE 3,4556,Hendre Du Toit,2987477,8.0,0,22,50,3,6.25,
6359,790,2024 Titans Second League,2024,32995,30/11/2024,20241130,4556,4558,2,TUKS 5,4558,SINOVILLE 3,4556,Johan Feute,4729909,5.5,0,18,29,2,4.97,(1 w)
6357,790,2024 Titans Second League,2024,32995,30/11/2024,20241130,4554,4553,1,IRENE VILLAGERS 3,4554,HARLEQUINS 3,4553,Hein Swanepoel,4649924,3.0,0,9,39,0,13.00,(4 w1 nb)
6357,790,2024 Titans Second League,2024,32995,30/11/2024,20241130,4554,4553,1,IRENE VILLAGERS 3,4554,HARLEQUINS 3,4553,Haardi Abdul,4756700,8.0,0,33,35,1,4.38,(2 w)
6357,790,2024 Titans Second League,2024,32995,30/11/2024,20241130,4554,4553,1,IRENE VILLAGERS 3,4554,HARLEQUINS 3,4553,Pieter Roos,2939189,9.0,1,34,63,3,7.00,(9 w)
6357,790,2024 Titans Second League,2024,32995,30/11/2024,20241130,4554,4553,1,IRENE VILLAGERS 3,4554,HARLEQUINS 3,4553,Jody Buys,4729873,9.0,0,38,39,1,4.33,(8 w)
6357,790,2024 Titans Second League,2024,32995,30/11/2024,20241130,4554,4553,1,IRENE VILLAGERS 3,4554,HARLEQUINS 3,4553,Patrick Mounton,4729872,7.0,0,29,29,2,4.14,(0 w1 nb)
6357,790,2024 Titans Second League,2024,32995,30/11/2024,20241130,4554,4553,1,IRENE VILLAGERS 3,4554,HARLEQUINS 3,4553,Nathan Stryfom,4673826,1.5,0,5,11,1,6.00,
6287,790,2024 Titans Second League,2024,32995,23/11/2024,20241123,4552,4555,1,CBCOB 3,4552,PHSOB 3,4555,Brian Kershaw,4688792,9.0,3,45,21,2,2.33,(3 w)
6287,790,2024 Titans Second League,2024,32995,23/11/2024,20241123,4552,4555,1,CBCOB 3,4552,PHSOB 3,4555,Burgert Kloppers,4742888,5.0,1,19,31,2,6.20,(2 w)
6287,790,2024 Titans Second League,2024,32995,23/11/2024,20241123,4552,4555,1,CBCOB 3,4552,PHSOB 3,4555,Tyler Lockhart,4742892,8.1,0,27,54,3,6.61,(1 w)
6287,790,2024 Titans Second League,2024,32995,23/11/2024,20241123,4552,4555,1,CBCOB 3,4552,PHSOB 3,4555,Justin Fourie,2987524,9.0,0,27,61,2,6.78,
6287,790,2024 Titans Second League,2024,32995,23/11/2024,20241123,4552,4555,1,CBCOB 3,4552,PHSOB 3,4555,Edwin De Waal,4742889,4.0,0,11,26,1,6.50,
6287,790,2024 Titans Second League,2024,32995,23/11/2024,20241123,4552,4555,2,PHSOB 3,4555,CBCOB 3,4552,Wessel Herbst,3783166,9.0,1,35,42,0,4.67,
6287,790,2024 Titans Second League,2024,32995,23/11/2024,20241123,4552,4555,2,PHSOB 3,4555,CBCOB 3,4552,Nevada Jacobs,4673820,9.0,2,45,19,4,2.11,
6287,790,2024 Titans Second League,2024,32995,23/11/2024,20241123,4552,4555,2,PHSOB 3,4555,CBCOB 3,4552,Alec Jordaan,4715851,7.0,1,33,17,0,2.43,(4 w)
6287,790,2024 Titans Second League,2024,32995,23/11/2024,20241123,4552,4555,2,PHSOB 3,4555,CBCOB 3,4552,Chanluke Van Niewenhuizen,4742886,3.0,0,12,18,0,6.00,(1 w)
6287,790,2024 Titans Second League,2024,32995,23/11/2024,20241123,4552,4555,2,PHSOB 3,4555,CBCOB 3,4552,Rigardt Saaiman,3729566,7.0,1,30,18,3,2.57,(0 w1 nb)
6287,790,2024 Titans Second League,2024,32995,23/11/2024,20241123,4552,4555,2,PHSOB 3,4555,CBCOB 3,4552,Simion Muller,3783164,3.1,0,12,14,3,4.42,
6223,790,2024 Titans Second League,2024,32995,16/11/2024,20241116,4554,4556,1,IRENE VILLAGERS 3,4554,SINOVILLE 3,4556,Dian Botha,2934759,6.0,1,30,19,0,3.17,(3 w)
6223,790,2024 Titans Second League,2024,32995,16/11/2024,20241116,4554,4556,1,IRENE VILLAGERS 3,4554,SINOVILLE 3,4556,Stanley Fabri,3056139,5.0,0,15,36,1,7.20,(5 w)
6223,790,2024 Titans Second League,2024,32995,16/11/2024,20241116,4554,4556,1,IRENE VILLAGERS 3,4554,SINOVILLE 3,4556,Hendre Du Toit,2987477,4.0,0,11,33,1,8.25,(2 w)
6223,790,2024 Titans Second League,2024,32995,16/11/2024,20241116,4554,4556,1,IRENE VILLAGERS 3,4554,SINOVILLE 3,4556,Wiehan Nel,2936753,3.0,0,8,33,1,11.00,(3 w)
6223,790,2024 Titans Second League,2024,32995,16/11/2024,20241116,4554,4556,1,IRENE VILLAGERS 3,4554,SINOVILLE 3,4556,Johan Feute,4729909,9.0,0,24,85,1,9.44,
6223,790,2024 Titans Second League,2024,32995,16/11/2024,20241116,4554,4556,1,IRENE VILLAGERS 3,4554,SINOVILLE 3,4556,Piet Botha,4063611,9.0,1,37,28,4,3.11,
6223,790,2024 Titans Second League,2024,32995,16/11/2024,20241116,4554,4556,1,IRENE VILLAGERS 3,4554,SINOVILLE 3,4556,Pieter Oosthuizen,4063614,1.2,0,5,11,2,8.25,(3 w)
6223,790,2024 Titans Second League,2024,32995,16/11/2024,20241116,4554,4556,2,SINOVILLE 3,4556,IRENE VILLAGERS 3,4554,Matt Vd Mescht,4702807,6.0,1,26,28,2,4.67,(1 w)
6223,790,2024 Titans Second League,2024,32995,16/11/2024,20241116,4554,4556,2,SINOVILLE 3,4556,IRENE VILLAGERS 3,4554,Elgun Boecker,4702810,8.0,0,35,29,4,3.62,(1 w)
6223,790,2024 Titans Second League,2024,32995,16/11/2024,20241116,4554,4556,2,SINOVILLE 3,4556,IRENE VILLAGERS 3,4554,Gunter Geyer,4655258,4.0,0,14,30,1,7.50,(2 w)
6223,790,2024 Titans Second League,2024,32995,16/11/2024,20241116,4554,4556,2,SINOVILLE 3,4556,IRENE VILLAGERS 3,4554,Neil Jansen,4655262,4.0,1,14,30,0,7.50,(5 w)
6223,790,2024 Titans Second League,2024,32995,16/11/2024,20241116,4554,4556,2,SINOVILLE 3,4556,IRENE VILLAGERS 3,4554,Jacques Van Rooyen,3795662,4.3,0,12,27,2,6.00,(1 w)
6223,790,2024 Titans Second League,2024,32995,16/11/2024,20241116,4554,4556,2,SINOVILLE 3,4556,IRENE VILLAGERS 3,4554,Nicolas Pillay,4729911,2.0,1,10,8,1,4.00,
6219,790,2024 Titans Second League,2024,32995,16/11/2024,20241116,4553,4557,1,HARLEQUINS 3,4553,SINOVILLE 4,4557,Tiaan Borman,4715816,4.0,0,14,33,0,8.25,(3 w)
6219,790,2024 Titans Second League,2024,32995,16/11/2024,20241116,4553,4557,1,HARLEQUINS 3,4553,SINOVILLE 4,4557,Echardt Stuwig,4729879,5.0,2,26,10,0,2.00,(3 w)
6219,790,2024 Titans Second League,2024,32995,16/11/2024,20241116,4553,4557,1,HARLEQUINS 3,4553,SINOVILLE 4,4557,Riaan Davel,3163488,6.0,0,15,67,2,11.17,
6219,790,2024 Titans Second League,2024,32995,16/11/2024,20241116,4553,4557,1,HARLEQUINS 3,4553,SINOVILLE 4,4557,Ruan Venter,4715814,6.0,0,19,59,3,9.83,(4 w)
6219,790,2024 Titans Second League,2024,32995,16/11/2024,20241116,4553,4557,1,HARLEQUINS 3,4553,SINOVILLE 4,4557,Jp Roets,3195753,4.0,0,10,29,0,7.25,(1 w)
6217,790,2024 Titans Second League,2024,32995,16/11/2024,20241116,4558,4560,1,TUKS 5,4558,CENTURION KAVALIERS 3,4560,Chris Coetzee,3719304,9.0,0,28,40,1,4.44,
6217,790,2024 Titans Second League,2024,32995,16/11/2024,20241116,4558,4560,1,TUKS 5,4558,CENTURION KAVALIERS 3,4560,Luke Cannata,4704974,6.0,0,18,46,3,7.67,(9 w)
6217,790,2024 Titans Second League,2024,32995,16/11/2024,20241116,4558,4560,1,TUKS 5,4558,CENTURION KAVALIERS 3,4560,Jaydwin Venske,3031828,7.0,0,17,66,0,9.43,(6 w)
6217,790,2024 Titans Second League,2024,32995,16/11/2024,20241116,4558,4560,1,TUKS 5,4558,CENTURION KAVALIERS 3,4560,Thato Pege,3719303,3.0,0,8,29,0,9.67,(2 w2 nb)
6217,790,2024 Titans Second League,2024,32995,16/11/2024,20241116,4558,4560,1,TUKS 5,4558,CENTURION KAVALIERS 3,4560,Babonke Twetwa,3080703,5.0,0,15,42,0,8.40,(1 w)
6217,790,2024 Titans Second League,2024,32995,16/11/2024,20241116,4558,4560,1,TUKS 5,4558,CENTURION KAVALIERS 3,4560,Keenan Huebsch,4729854,1.0,0,3,16,0,16.00,(11 w1 nb)
6217,790,2024 Titans Second League,2024,32995,16/11/2024,20241116,4558,4560,2,CENTURION KAVALIERS 3,4560,TUKS 5,4558,Tiaan Engelbrecht,2936837,7.0,1,29,32,1,4.57,
6217,790,2024 Titans Second League,2024,32995,16/11/2024,20241116,4558,4560,2,CENTURION KAVALIERS 3,4560,TUKS 5,4558,Martin Van Tonder,2840539,5.0,0,21,18,2,3.60,(2 w)
6217,790,2024 Titans Second League,2024,32995,16/11/2024,20241116,4558,4560,2,CENTURION KAVALIERS 3,4560,TUKS 5,4558,Christian Strydom,2936847,6.0,0,17,40,1,6.67,(2 w)
6217,790,2024 Titans Second League,2024,32995,16/11/2024,20241116,4558,4560,2,CENTURION KAVALIERS 3,4560,TUKS 5,4558,Donovan Du Toit,3713457,3.0,0,6,30,0,10.00,
6217,790,2024 Titans Second League,2024,32995,16/11/2024,20241116,4558,4560,2,CENTURION KAVALIERS 3,4560,TUKS 5,4558,Riccardo Oosthuizen,2936842,2.0,0,6,16,0,8.00,
6217,790,2024 Titans Second League,2024,32995,16/11/2024,20241116,4558,4560,2,CENTURION KAVALIERS 3,4560,TUKS 5,4558,Nico De Bruyn,3180581,5.0,0,14,33,2,6.60,(2 w)
6217,790,2024 Titans Second League,2024,32995,16/11/2024,20241116,4558,4560,2,CENTURION KAVALIERS 3,4560,TUKS 5,4558,Tihardt Kruger,3242942,2.0,0,3,20,1,10.00,(1 w)
6217,790,2024 Titans Second League,2024,32995,16/11/2024,20241116,4558,4560,2,CENTURION KAVALIERS 3,4560,TUKS 5,4558,Marius Bornman,2936833,1.0,0,2,8,0,8.00,
6140,790,2024 Titans Second League,2024,32995,09/11/2024,20241109,4552,4554,1,CBCOB 3,4552,IRENE VILLAGERS 3,4554,Elgun Boecker,4702810,9.0,2,41,33,1,3.67,(1 w)
6140,790,2024 Titans Second League,2024,32995,09/11/2024,20241109,4552,4554,1,CBCOB 3,4552,IRENE VILLAGERS 3,4554,Neil Jansen,4655262,8.0,1,35,40,2,5.00,(9 w)
6140,790,2024 Titans Second League,2024,32995,09/11/2024,20241109,4552,4554,1,CBCOB 3,4552,IRENE VILLAGERS 3,4554,Jared Fourie,3795661,9.0,0,36,56,0,6.22,(5 w)
6140,790,2024 Titans Second League,2024,32995,09/11/2024,20241109,4552,4554,1,CBCOB 3,4552,IRENE VILLAGERS 3,4554,Albert Myburgh,4024779,4.0,0,14,35,0,8.75,(2 w)
6140,790,2024 Titans Second League,2024,32995,09/11/2024,20241109,4552,4554,1,CBCOB 3,4552,IRENE VILLAGERS 3,4554,Jacques Van Rooyen,3795662,9.0,0,33,56,2,6.22,(2 w)
6140,790,2024 Titans Second League,2024,32995,09/11/2024,20241109,4552,4554,1,CBCOB 3,4552,IRENE VILLAGERS 3,4554,Benjamin Cronje,4702808,3.0,1,10,25,0,8.33,(5 w2 nb)
6140,790,2024 Titans Second League,2024,32995,09/11/2024,20241109,4552,4554,1,CBCOB 3,4552,IRENE VILLAGERS 3,4554,Ryno Opperman,4715854,1.0,0,3,6,0,6.00,
6140,790,2024 Titans Second League,2024,32995,09/11/2024,20241109,4552,4554,1,CBCOB 3,4552,IRENE VILLAGERS 3,4554,Stiaan Heymans,4673670,2.0,0,4,39,0,19.50,(1 w)
6140,790,2024 Titans Second League,2024,32995,09/11/2024,20241109,4552,4554,2,IRENE VILLAGERS 3,4554,CBCOB 3,4552,Wessel Herbst,3783166,5.0,0,24,20,2,4.00,(1 w1 nb)
6140,790,2024 Titans Second League,2024,32995,09/11/2024,20241109,4552,4554,2,IRENE VILLAGERS 3,4554,CBCOB 3,4552,Alec Jordaan,4715851,4.5,1,21,20,1,4.14,(1 w)
6140,790,2024 Titans Second League,2024,32995,09/11/2024,20241109,4552,4554,2,IRENE VILLAGERS 3,4554,CBCOB 3,4552,Franco Schmidt,4673821,4.0,1,21,8,1,2.00,(2 w)
6140,790,2024 Titans Second League,2024,32995,09/11/2024,20241109,4552,4554,2,IRENE VILLAGERS 3,4554,CBCOB 3,4552,Divan Haasbroek,4715852,4.0,1,15,24,1,6.00,
6140,790,2024 Titans Second League,2024,32995,09/11/2024,20241109,4552,4554,2,IRENE VILLAGERS 3,4554,CBCOB 3,4552,Rigardt Saaiman,3729566,6.0,0,18,40,2,6.67,
6140,790,2024 Titans Second League,2024,32995,09/11/2024,20241109,4552,4554,2,IRENE VILLAGERS 3,4554,CBCOB 3,4552,Kai Trumplemann,4691512,5.0,1,22,26,2,5.20,
6135,790,2024 Titans Second League,2024,32995,09/11/2024,20241109,4557,4556,1,SINOVILLE 4,4557,SINOVILLE 3,4556,Jaco Van Der Walt,4715817,6.0,0,24,32,2,5.33,(5 w1 nb)
6135,790,2024 Titans Second League,2024,32995,09/11/2024,20241109,4557,4556,1,SINOVILLE 4,4557,SINOVILLE 3,4556,Mollie Sinoville,4063613,9.0,0,33,46,2,5.11,(5 w)
6135,790,2024 Titans Second League,2024,32995,09/11/2024,20241109,4557,4556,1,SINOVILLE 4,4557,SINOVILLE 3,4556,Stanley Fabri,3056139,9.0,1,34,51,2,5.67,(2 w)
6135,790,2024 Titans Second League,2024,32995,09/11/2024,20241109,4557,4556,1,SINOVILLE 4,4557,SINOVILLE 3,4556,Andre Schoombee,3772961,4.0,0,14,27,0,6.75,(1 w3 nb)
6135,790,2024 Titans Second League,2024,32995,09/11/2024,20241109,4557,4556,1,SINOVILLE 4,4557,SINOVILLE 3,4556,Hendre Du Toit,2987477,8.0,0,29,31,2,3.88,
6135,790,2024 Titans Second League,2024,32995,09/11/2024,20241109,4557,4556,1,SINOVILLE 4,4557,SINOVILLE 3,4556,Piet Botha,4063611,7.0,0,23,43,1,6.14,
6135,790,2024 Titans Second League,2024,32995,09/11/2024,20241109,4557,4556,1,SINOVILLE 4,4557,SINOVILLE 3,4556,Grant S,4704970,2.0,0,7,13,0,6.50,(2 w)
6135,790,2024 Titans Second League,2024,32995,09/11/2024,20241109,4557,4556,2,SINOVILLE 3,4556,SINOVILLE 4,4557,Wian Nel,2987474,5.0,0,21,20,0,4.00,(2 w)
6135,790,2024 Titans Second League,2024,32995,09/11/2024,20241109,4557,4556,2,SINOVILLE 3,4556,SINOVILLE 4,4557,Tiaan Borman,4715816,6.0,0,21,31,1,5.17,
6135,790,2024 Titans Second League,2024,32995,09/11/2024,20241109,4557,4556,2,SINOVILLE 3,4556,SINOVILLE 4,4557,Riaan Davel,4715815,7.0,1,30,26,1,3.71,(2 w)
6135,790,2024 Titans Second League,2024,32995,09/11/2024,20241109,4557,4556,2,SINOVILLE 3,4556,SINOVILLE 4,4557,Danie Kruger,3745390,4.0,0,15,23,1,5.75,(4 w)
6135,790,2024 Titans Second League,2024,32995,09/11/2024,20241109,4557,4556,2,SINOVILLE 3,4556,SINOVILLE 4,4557,Ruan Venter,4715814,1.0,0,5,1,0,1.00,
6135,790,2024 Titans Second League,2024,32995,09/11/2024,20241109,4557,4556,2,SINOVILLE 3,4556,SINOVILLE 4,4557,Andre Kruyshaar,3795248,2.2,0,9,12,4,5.14,(1 w1 Hatrick)
6135,790,2024 Titans Second League,2024,32995,09/11/2024,20241109,4557,4556,2,SINOVILLE 3,4556,SINOVILLE 4,4557,Tiaan Malan,4715812,2.0,0,8,9,2,4.50,
6133,790,2024 Titans Second League,2024,32995,09/11/2024,20241109,4558,4555,1,TUKS 5,4558,PHSOB 3,4555,Wehan Du Waal,4715788,6.0,1,33,11,1,1.83,(4 w1 nb)
6133,790,2024 Titans Second League,2024,32995,09/11/2024,20241109,4558,4555,1,TUKS 5,4558,PHSOB 3,4555,Sellin De Beer,4715786,5.0,1,23,12,3,2.40,
6133,790,2024 Titans Second League,2024,32995,09/11/2024,20241109,4558,4555,1,TUKS 5,4558,PHSOB 3,4555,Dewald Dummon,4715787,9.0,0,45,20,4,2.22,(4 w1 nb)
6133,790,2024 Titans Second League,2024,32995,09/11/2024,20241109,4558,4555,1,TUKS 5,4558,PHSOB 3,4555,Brad Goss,4081458,9.0,0,35,45,0,5.00,(1 w)
6133,790,2024 Titans Second League,2024,32995,09/11/2024,20241109,4558,4555,1,TUKS 5,4558,PHSOB 3,4555,Matt Rogerson,2936914,5.0,0,25,13,1,2.60,(4 w)
6133,790,2024 Titans Second League,2024,32995,09/11/2024,20241109,4558,4555,1,TUKS 5,4558,PHSOB 3,4555,Chad Fortman,2936899,2.0,0,6,12,0,6.00,(2 w)
6133,790,2024 Titans Second League,2024,32995,09/11/2024,20241109,4558,4555,1,TUKS 5,4558,PHSOB 3,4555,Matt Collett,4081460,1.2,0,7,1,1,0.75,
6133,790,2024 Titans Second League,2024,32995,09/11/2024,20241109,4558,4555,2,PHSOB 3,4555,TUKS 5,4558,Tiaan Engelbrecht,2936837,6.0,2,29,16,2,2.67,(1 w)
6133,790,2024 Titans Second League,2024,32995,09/11/2024,20241109,4558,4555,2,PHSOB 3,4555,TUKS 5,4558,Gerhard De Bruin,2936835,4.0,0,17,21,1,5.25,(1 w)
6133,790,2024 Titans Second League,2024,32995,09/11/2024,20241109,4558,4555,2,PHSOB 3,4555,TUKS 5,4558,Martin Van Tonder,2840539,4.0,0,16,19,1,4.75,
6133,790,2024 Titans Second League,2024,32995,09/11/2024,20241109,4558,4555,2,PHSOB 3,4555,TUKS 5,4558,Christian Strydom,2936847,4.0,0,16,16,0,4.00,(3 w)
6133,790,2024 Titans Second League,2024,32995,09/11/2024,20241109,4558,4555,2,PHSOB 3,4555,TUKS 5,4558,Werner Marneweck,4715784,5.0,1,21,22,0,4.40,(1 w)
6133,790,2024 Titans Second League,2024,32995,09/11/2024,20241109,4558,4555,2,PHSOB 3,4555,TUKS 5,4558,Donovan Du Toit,3713457,3.3,0,10,25,0,7.14,
6071,790,2024 Titans Second League,2024,32995,03/11/2024,20241103,4556,4560,1,SINOVILLE 3,4556,CENTURION KAVALIERS 3,4560,Chris Coetzee,3719304,9.0,1,38,39,1,4.33,(4 w)
6071,790,2024 Titans Second League,2024,32995,03/11/2024,20241103,4556,4560,1,SINOVILLE 3,4556,CENTURION KAVALIERS 3,4560,Luke Cannata,4704974,7.0,1,31,32,2,4.57,(1 w1 nb)
6071,790,2024 Titans Second League,2024,32995,03/11/2024,20241103,4556,4560,1,SINOVILLE 3,4556,CENTURION KAVALIERS 3,4560,Jaydwin Venske,3031828,7.0,0,29,31,1,4.43,(3 w)
6071,790,2024 Titans Second League,2024,32995,03/11/2024,20241103,4556,4560,1,SINOVILLE 3,4556,CENTURION KAVALIERS 3,4560,Lester Joseph,4704973,5.0,0,13,39,0,7.80,(2 w)
6071,790,2024 Titans Second League,2024,32995,03/11/2024,20241103,4556,4560,1,SINOVILLE 3,4556,CENTURION KAVALIERS 3,4560,Janus Bronkhorst,4704971,3.0,0,7,30,0,10.00,(2 w)
6071,790,2024 Titans Second League,2024,32995,03/11/2024,20241103,4556,4560,1,SINOVILLE 3,4556,CENTURION KAVALIERS 3,4560,Babonke Twetwa,3080703,6.0,1,26,24,3,4.00,(1 w)
6071,790,2024 Titans Second League,2024,32995,03/11/2024,20241103,4556,4560,1,SINOVILLE 3,4556,CENTURION KAVALIERS 3,4560,Thuto Scheepers,4704972,5.0,0,17,36,3,7.20,(7 w2 nb)
6071,790,2024 Titans Second League,2024,32995,03/11/2024,20241103,4556,4560,2,CENTURION KAVALIERS 3,4560,SINOVILLE 3,4556,Andre Schoombee,3772961,9.0,2,42,29,0,3.22,
6071,790,2024 Titans Second League,2024,32995,03/11/2024,20241103,4556,4560,2,CENTURION KAVALIERS 3,4560,SINOVILLE 3,4556,Ruan Venter,4673574,6.0,0,19,54,0,9.00,(2 w)
6071,790,2024 Titans Second League,2024,32995,03/11/2024,20241103,4556,4560,2,CENTURION KAVALIERS 3,4560,SINOVILLE 3,4556,Berno Klopper,3180553,4.0,0,10,24,1,6.00,
6071,790,2024 Titans Second League,2024,32995,03/11/2024,20241103,4556,4560,2,CENTURION KAVALIERS 3,4560,SINOVILLE 3,4556,Pieter Oosthuizen,4063614,7.0,0,19,44,2,6.29,
6071,790,2024 Titans Second League,2024,32995,03/11/2024,20241103,4556,4560,2,CENTURION KAVALIERS 3,4560,SINOVILLE 3,4556,Tiaan Borman,3772082,5.5,0,18,45,3,7.71,
6071,790,2024 Titans Second League,2024,32995,03/11/2024,20241103,4556,4560,2,CENTURION KAVALIERS 3,4560,SINOVILLE 3,4556,Pieter Jansen Van Rensburg,4704969,5.0,0,17,19,1,3.80,(1 w)
6050,790,2024 Titans Second League,2024,32995,02/11/2024,20241102,4554,4557,1,IRENE VILLAGERS 3,4554,SINOVILLE 4,4557,Hanco Hertzog,4165763,1.0,0,3,18,1,18.00,(9 w)
6050,790,2024 Titans Second League,2024,32995,02/11/2024,20241102,4554,4557,1,IRENE VILLAGERS 3,4554,SINOVILLE 4,4557,Rox Marule,4702805,4.0,0,17,27,0,6.75,(13 w)
6050,790,2024 Titans Second League,2024,32995,02/11/2024,20241102,4554,4557,1,IRENE VILLAGERS 3,4554,SINOVILLE 4,4557,Stanley Fabri,3056139,9.0,0,28,54,1,6.00,(2 w)
6050,790,2024 Titans Second League,2024,32995,02/11/2024,20241102,4554,4557,1,IRENE VILLAGERS 3,4554,SINOVILLE 4,4557,Tiaan Du Plessis,4702804,2.0,0,7,15,0,7.50,(4 w)
6050,790,2024 Titans Second League,2024,32995,02/11/2024,20241102,4554,4557,1,IRENE VILLAGERS 3,4554,SINOVILLE 4,4557,Andre Kruyshaar,3795248,8.0,0,17,69,0,8.62,
6050,790,2024 Titans Second League,2024,32995,02/11/2024,20241102,4554,4557,1,IRENE VILLAGERS 3,4554,SINOVILLE 4,4557,Piet Botha,4198490,9.0,1,32,39,0,4.33,(1 w)
6050,790,2024 Titans Second League,2024,32995,02/11/2024,20241102,4554,4557,1,IRENE VILLAGERS 3,4554,SINOVILLE 4,4557,Berno Klopper,3180553,7.0,0,12,71,1,10.14,(5 w)
6050,790,2024 Titans Second League,2024,32995,02/11/2024,20241102,4554,4557,1,IRENE VILLAGERS 3,4554,SINOVILLE 4,4557,Pieter Oosthuisen,4186402,5.0,0,9,30,1,6.00,(1 w)
6050,790,2024 Titans Second League,2024,32995,02/11/2024,20241102,4554,4557,2,SINOVILLE 4,4557,IRENE VILLAGERS 3,4554,Matt Vd Mescht,4702807,5.0,1,21,34,1,6.80,(11 w)
6050,790,2024 Titans Second League,2024,32995,02/11/2024,20241102,4554,4557,2,SINOVILLE 4,4557,IRENE VILLAGERS 3,4554,Elro Grobeler,4655709,6.0,0,25,31,1,5.17,(4 w)
6050,790,2024 Titans Second League,2024,32995,02/11/2024,20241102,4554,4557,2,SINOVILLE 4,4557,IRENE VILLAGERS 3,4554,Benjamin Cronje,4702808,3.0,0,11,16,2,5.33,
6050,790,2024 Titans Second League,2024,32995,02/11/2024,20241102,4554,4557,2,SINOVILLE 4,4557,IRENE VILLAGERS 3,4554,Elgun Boecker,4702810,4.0,0,14,18,0,4.50,(1 w)
6050,790,2024 Titans Second League,2024,32995,02/11/2024,20241102,4554,4557,2,SINOVILLE 4,4557,IRENE VILLAGERS 3,4554,Bennie Viljoen,3713450,4.0,0,15,29,2,7.25,(4 w)
6050,790,2024 Titans Second League,2024,32995,02/11/2024,20241102,4554,4557,2,SINOVILLE 4,4557,IRENE VILLAGERS 3,4554,Acelan Pruss,4655260,5.3,1,26,16,2,2.91,
6050,790,2024 Titans Second League,2024,32995,02/11/2024,20241102,4554,4557,2,SINOVILLE 4,4557,IRENE VILLAGERS 3,4554,Jacques Van Rooyen,3795662,3.0,0,10,15,2,5.00,(2 w)
6050,790,2024 Titans Second League,2024,32995,02/11/2024,20241102,4554,4557,2,SINOVILLE 4,4557,IRENE VILLAGERS 3,4554,Divan Cilliers,3713448,1.0,0,5,6,0,6.00,(5 w)
6045,790,2024 Titans Second League,2024,32995,02/11/2024,20241102,4559,4558,1,TUT 3,4559,TUKS 5,4558,Tiaan Engelbrecht,2936837,5.0,0,17,42,0,8.40,(9 w1 nb)
6045,790,2024 Titans Second League,2024,32995,02/11/2024,20241102,4559,4558,1,TUT 3,4559,TUKS 5,4558,Gerhard De Bruin,2936835,4.0,0,12,41,0,10.25,(2 w)
6045,790,2024 Titans Second League,2024,32995,02/11/2024,20241102,4559,4558,1,TUT 3,4559,TUKS 5,4558,Martin Van Tonder,2840539,6.0,1,26,26,1,4.33,(4 w)
6045,790,2024 Titans Second League,2024,32995,02/11/2024,20241102,4559,4558,1,TUT 3,4559,TUKS 5,4558,Hanco Kruger,4702785,5.0,2,17,45,0,9.00,(6 w1 nb)
6045,790,2024 Titans Second League,2024,32995,02/11/2024,20241102,4559,4558,1,TUT 3,4559,TUKS 5,4558,Tihardt Kruger,3242942,4.0,0,11,28,0,7.00,(5 w)
6045,790,2024 Titans Second League,2024,32995,02/11/2024,20241102,4559,4558,1,TUT 3,4559,TUKS 5,4558,Nico De Bruyn,3180581,5.0,1,19,37,1,7.40,(1 w)
6045,790,2024 Titans Second League,2024,32995,02/11/2024,20241102,4559,4558,1,TUT 3,4559,TUKS 5,4558,Nico Kruger,2936834,9.0,0,22,56,2,6.22,
6045,790,2024 Titans Second League,2024,32995,02/11/2024,20241102,4559,4558,1,TUT 3,4559,TUKS 5,4558,Elandré Van Den Berg,3713456,4.0,0,17,24,2,6.00,(11 w)
6045,790,2024 Titans Second League,2024,32995,02/11/2024,20241102,4559,4558,1,TUT 3,4559,TUKS 5,4558,Jock De Jager,4165762,3.0,0,8,21,1,7.00,(1 w)
6045,790,2024 Titans Second League,2024,32995,02/11/2024,20241102,4559,4558,2,TUKS 5,4558,TUT 3,4559,Nico Minnaar,3713344,9.0,2,40,29,2,3.22,(2 w)
6045,790,2024 Titans Second League,2024,32995,02/11/2024,20241102,4559,4558,2,TUKS 5,4558,TUT 3,4559,Divan Potgieter,4673570,6.0,0,24,31,3,5.17,(1 w)
6045,790,2024 Titans Second League,2024,32995,02/11/2024,20241102,4559,4558,2,TUKS 5,4558,TUT 3,4559,Dewald Basson,3018234,9.0,1,45,28,3,3.11,(6 w)
6045,790,2024 Titans Second League,2024,32995,02/11/2024,20241102,4559,4558,2,TUKS 5,4558,TUT 3,4559,Stefan Grobler,3018230,6.0,0,28,21,1,3.50,(6 w)
6045,790,2024 Titans Second League,2024,32995,02/11/2024,20241102,4559,4558,2,TUKS 5,4558,TUT 3,4559,Gary Van Blerk,4673569,0.1,0,1,0,1,0.00,
5971,790,2024 Titans Second League,2024,32995,27/10/2024,20241027,4558,4552,1,TUKS 5,4558,CBCOB 3,4552,Reghardt Smit,4691513,7.0,1,26,37,3,5.29,(4 w)
5971,790,2024 Titans Second League,2024,32995,27/10/2024,20241027,4558,4552,1,TUKS 5,4558,CBCOB 3,4552,Franco Schmidt,4673821,9.0,0,30,61,0,6.78,(5 w2 nb)
5971,790,2024 Titans Second League,2024,32995,27/10/2024,20241027,4558,4552,1,TUKS 5,4558,CBCOB 3,4552,Gerry Gouws,4673823,6.0,0,20,42,1,7.00,(5 w)
5971,790,2024 Titans Second League,2024,32995,27/10/2024,20241027,4558,4552,1,TUKS 5,4558,CBCOB 3,4552,Paul Gouws,3056110,2.0,0,7,19,0,9.50,(5 w)
5971,790,2024 Titans Second League,2024,32995,27/10/2024,20241027,4558,4552,1,TUKS 5,4558,CBCOB 3,4552,Rigardt Saaiman,3729566,9.0,0,30,37,0,4.11,(4 w)
5971,790,2024 Titans Second League,2024,32995,27/10/2024,20241027,4558,4552,1,TUKS 5,4558,CBCOB 3,4552,Kai Trumplemann,4691512,9.0,1,36,38,5,4.22,(4 w)
5971,790,2024 Titans Second League,2024,32995,27/10/2024,20241027,4558,4552,1,TUKS 5,4558,CBCOB 3,4552,Adriaan Venter,3673677,0.2,0,2,0,1,0.00,
5971,790,2024 Titans Second League,2024,32995,27/10/2024,20241027,4558,4552,2,CBCOB 3,4552,TUKS 5,4558,Tiaan Engelbrecht,2936837,6.0,0,26,24,0,4.00,(2 w)
5971,790,2024 Titans Second League,2024,32995,27/10/2024,20241027,4558,4552,2,CBCOB 3,4552,TUKS 5,4558,Gerhard De Bruin,2936835,5.0,0,17,47,2,9.40,(6 w1 nb)
5971,790,2024 Titans Second League,2024,32995,27/10/2024,20241027,4558,4552,2,CBCOB 3,4552,TUKS 5,4558,Martin Van Tonder,2840539,4.0,0,13,32,1,8.00,(3 w)
5971,790,2024 Titans Second League,2024,32995,27/10/2024,20241027,4558,4552,2,CBCOB 3,4552,TUKS 5,4558,Donovan Du Toit,3713457,6.0,0,24,28,0,4.67,
5971,790,2024 Titans Second League,2024,32995,27/10/2024,20241027,4558,4552,2,CBCOB 3,4552,TUKS 5,4558,Nico De Bruyn,3180581,9.0,0,41,21,3,2.33,(1 w1 nb1 Hatrick)
5971,790,2024 Titans Second League,2024,32995,27/10/2024,20241027,4558,4552,2,CBCOB 3,4552,TUKS 5,4558,Tihardt Kruger,3242942,5.0,0,24,13,2,2.60,(2 w)
5971,790,2024 Titans Second League,2024,32995,27/10/2024,20241027,4558,4552,2,CBCOB 3,4552,TUKS 5,4558,Andre Van Wyk,3266939,3.0,0,12,17,0,5.67,(3 w)
5971,790,2024 Titans Second League,2024,32995,27/10/2024,20241027,4558,4552,2,CBCOB 3,4552,TUKS 5,4558,Riccardo Oosthuizen,2936842,1.3,0,5,5,2,3.33,
5957,790,2024 Titans Second League,2024,32995,26/10/2024,20241026,4555,4556,1,PHSOB 3,4555,SINOVILLE 3,4556,Ruan Venter,4673574,8.0,0,21,54,1,6.75,(4 w)
5957,790,2024 Titans Second League,2024,32995,26/10/2024,20241026,4555,4556,1,PHSOB 3,4555,SINOVILLE 3,4556,Hendre Du Toit,2987477,9.0,0,37,28,2,3.11,
5957,790,2024 Titans Second League,2024,32995,26/10/2024,20241026,4555,4556,1,PHSOB 3,4555,SINOVILLE 3,4556,Hanco Hertzog,3928457,4.0,0,11,43,0,10.75,(13 w1 nb)
5957,790,2024 Titans Second League,2024,32995,26/10/2024,20241026,4555,4556,1,PHSOB 3,4555,SINOVILLE 3,4556,Stanley Fabri,3056139,7.0,1,26,34,2,4.86,(0 w1 nb)
5957,790,2024 Titans Second League,2024,32995,26/10/2024,20241026,4555,4556,1,PHSOB 3,4555,SINOVILLE 3,4556,Piet Botha,4063611,9.0,1,39,30,3,3.33,
5957,790,2024 Titans Second League,2024,32995,26/10/2024,20241026,4555,4556,1,PHSOB 3,4555,SINOVILLE 3,4556,Andre Kruyshaar,3772081,8.0,0,22,45,1,5.62,(1 w)
5957,790,2024 Titans Second League,2024,32995,26/10/2024,20241026,4555,4556,2,SINOVILLE 3,4556,PHSOB 3,4555,Regan Pruss,3713341,6.0,0,20,43,3,7.17,(2 w)
5957,790,2024 Titans Second League,2024,32995,26/10/2024,20241026,4555,4556,2,SINOVILLE 3,4556,PHSOB 3,4555,Christo Swanepoel,2936900,9.0,0,30,55,0,6.11,(4 w)
5957,790,2024 Titans Second League,2024,32995,26/10/2024,20241026,4555,4556,2,SINOVILLE 3,4556,PHSOB 3,4555,Steven Meyburgh,2937220,9.0,1,35,43,1,4.78,(1 w)
5957,790,2024 Titans Second League,2024,32995,26/10/2024,20241026,4555,4556,2,SINOVILLE 3,4556,PHSOB 3,4555,Brian Kershaw,4688792,9.0,2,40,32,1,3.56,(5 w)
5957,790,2024 Titans Second League,2024,32995,26/10/2024,20241026,4555,4556,2,SINOVILLE 3,4556,PHSOB 3,4555,Gerhard Strydom,4688789,3.0,0,13,15,0,5.00,(2 w1 nb)
5957,790,2024 Titans Second League,2024,32995,26/10/2024,20241026,4555,4556,2,SINOVILLE 3,4556,PHSOB 3,4555,Jaco Fourie,4688790,3.0,0,6,28,0,9.33,
5957,790,2024 Titans Second League,2024,32995,26/10/2024,20241026,4555,4556,2,SINOVILLE 3,4556,PHSOB 3,4555,Emil Rolfes,2936903,2.0,0,6,17,0,8.50,(5 w)
5874,790,2024 Titans Second League,2024,32995,19/10/2024,20241019,4552,4553,1,CBCOB 3,4552,HARLEQUINS 3,4553,Reinhardt Engler,4673827,7.0,0,29,37,1,5.29,(5 w1 nb)
5874,790,2024 Titans Second League,2024,32995,19/10/2024,20241019,4552,4553,1,CBCOB 3,4552,HARLEQUINS 3,4553,Travis Joshua,3783171,4.0,0,15,25,1,6.25,(2 w)
5874,790,2024 Titans Second League,2024,32995,19/10/2024,20241019,4552,4553,1,CBCOB 3,4552,HARLEQUINS 3,4553,Juan Human,4673828,4.0,0,15,46,0,11.50,(12 w)
5874,790,2024 Titans Second League,2024,32995,19/10/2024,20241019,4552,4553,1,CBCOB 3,4552,HARLEQUINS 3,4553,Franco Vorster,3730039,5.0,0,14,39,1,7.80,(2 w1 nb)
5874,790,2024 Titans Second League,2024,32995,19/10/2024,20241019,4552,4553,1,CBCOB 3,4552,HARLEQUINS 3,4553,Lessego Teffo,4196334,7.0,0,26,46,1,6.57,(5 w1 nb)
5874,790,2024 Titans Second League,2024,32995,19/10/2024,20241019,4552,4553,1,CBCOB 3,4552,HARLEQUINS 3,4553,Pieter Roos,2939189,5.0,0,16,51,0,10.20,(4 w1 nb)
5874,790,2024 Titans Second League,2024,32995,19/10/2024,20241019,4552,4553,1,CBCOB 3,4552,HARLEQUINS 3,4553,Ewan Erasmus,4673825,3.0,0,11,21,0,7.00,(3 w)
5874,790,2024 Titans Second League,2024,32995,19/10/2024,20241019,4552,4553,2,HARLEQUINS 3,4553,CBCOB 3,4552,Ivan Havenga,3729571,6.0,0,16,63,1,10.50,(4 w)
5874,790,2024 Titans Second League,2024,32995,19/10/2024,20241019,4552,4553,2,HARLEQUINS 3,4553,CBCOB 3,4552,Nevada Jacobs,4673820,7.0,0,22,55,1,7.86,(3 w3 nb)
5874,790,2024 Titans Second League,2024,32995,19/10/2024,20241019,4552,4553,2,HARLEQUINS 3,4553,CBCOB 3,4552,Franco Schmidt,4673821,7.0,0,20,59,2,8.43,(0 w1 nb)
5874,790,2024 Titans Second League,2024,32995,19/10/2024,20241019,4552,4553,2,HARLEQUINS 3,4553,CBCOB 3,4552,Rigardt Saaiman,3729566,5.0,0,15,42,0,8.40,
5874,790,2024 Titans Second League,2024,32995,19/10/2024,20241019,4552,4553,2,HARLEQUINS 3,4553,CBCOB 3,4552,Wendell Plaatjies,4673818,6.0,0,18,41,0,6.83,
5874,790,2024 Titans Second League,2024,32995,19/10/2024,20241019,4552,4553,2,HARLEQUINS 3,4553,CBCOB 3,4552,Rowan Plaatjies,4673819,1.0,0,1,13,1,13.00,
5856,790,2024 Titans Second League,2024,32995,19/10/2024,20241019,4556,4559,1,SINOVILLE 3,4556,TUT 3,4559,Divan Potgieter,4673570,9.0,0,40,32,3,3.56,(4 w)
5856,790,2024 Titans Second League,2024,32995,19/10/2024,20241019,4556,4559,1,SINOVILLE 3,4556,TUT 3,4559,Nico Minnaar,3713344,9.0,4,47,11,3,1.22,
5856,790,2024 Titans Second League,2024,32995,19/10/2024,20241019,4556,4559,1,SINOVILLE 3,4556,TUT 3,4559,Dewald Basson,3018234,9.0,1,42,30,2,3.33,(2 w1 nb)
5856,790,2024 Titans Second League,2024,32995,19/10/2024,20241019,4556,4559,1,SINOVILLE 3,4556,TUT 3,4559,Stefan Grobler,3018230,6.0,1,24,33,1,5.50,(3 w1 nb)
5856,790,2024 Titans Second League,2024,32995,19/10/2024,20241019,4556,4559,1,SINOVILLE 3,4556,TUT 3,4559,Leon Smith,4673571,3.0,0,10,14,1,4.67,
5856,790,2024 Titans Second League,2024,32995,19/10/2024,20241019,4556,4559,2,TUT 3,4559,SINOVILLE 3,4556,Hanco Hertzog,3928457,4.0,0,19,29,1,7.25,(11 w2 nb)
5856,790,2024 Titans Second League,2024,32995,19/10/2024,20241019,4556,4559,2,TUT 3,4559,SINOVILLE 3,4556,Ruan Venter,4673574,6.0,0,25,42,1,7.00,(6 w1 nb)
5856,790,2024 Titans Second League,2024,32995,19/10/2024,20241019,4556,4559,2,TUT 3,4559,SINOVILLE 3,4556,Piet Botha,4063611,9.0,2,42,29,2,3.22,(1 w)
5856,790,2024 Titans Second League,2024,32995,19/10/2024,20241019,4556,4559,2,TUT 3,4559,SINOVILLE 3,4556,Stanley Fabri,3056139,5.2,2,23,28,1,5.25,(6 w)
5852,790,2024 Titans Second League,2024,32995,19/10/2024,20241019,4558,4561,1,TUKS 5,4558,PHSOB 4,4561,Regan Pruss,3759682,7.4,0,26,38,2,4.96,(2 w)
5852,790,2024 Titans Second League,2024,32995,19/10/2024,20241019,4558,4561,1,TUKS 5,4558,PHSOB 4,4561,Burgert Kloppers,4673542,6.0,0,12,53,0,8.83,(2 w)
5852,790,2024 Titans Second League,2024,32995,19/10/2024,20241019,4558,4561,1,TUKS 5,4558,PHSOB 4,4561,Brian Kershaw,4673539,9.0,0,28,46,2,5.11,(2 w)
5852,790,2024 Titans Second League,2024,32995,19/10/2024,20241019,4558,4561,1,TUKS 5,4558,PHSOB 4,4561,Christo Swanepoel,3299532,9.0,1,29,48,1,5.33,(2 w)
5852,790,2024 Titans Second League,2024,32995,19/10/2024,20241019,4558,4561,1,TUKS 5,4558,PHSOB 4,4561,Matt Rodgerson,4100183,1.0,0,3,16,1,16.00,(1 w1 nb)
5852,790,2024 Titans Second League,2024,32995,19/10/2024,20241019,4558,4561,1,TUKS 5,4558,PHSOB 4,4561,Johan Van Antwerpen,4673543,6.0,0,23,38,3,6.33,(5 w)
5852,790,2024 Titans Second League,2024,32995,19/10/2024,20241019,4558,4561,1,TUKS 5,4558,PHSOB 4,4561,Lodewyk Dejager,3719312,3.0,0,11,20,0,6.67,(8 w)
5852,790,2024 Titans Second League,2024,32995,19/10/2024,20241019,4558,4561,2,PHSOB 4,4561,TUKS 5,4558,Tiaan Engelbrecht,2936837,5.0,0,14,43,1,8.60,(5 w)
5852,790,2024 Titans Second League,2024,32995,19/10/2024,20241019,4558,4561,2,PHSOB 4,4561,TUKS 5,4558,Gerhard De Bruin,2936835,5.0,0,14,32,2,6.40,
5852,790,2024 Titans Second League,2024,32995,19/10/2024,20241019,4558,4561,2,PHSOB 4,4561,TUKS 5,4558,Christian Strydom,2936847,7.0,3,34,17,2,2.43,
5852,790,2024 Titans Second League,2024,32995,19/10/2024,20241019,4558,4561,2,PHSOB 4,4561,TUKS 5,4558,Martin Van Tonder,2840539,4.0,0,13,28,1,7.00,(2 w)
5852,790,2024 Titans Second League,2024,32995,19/10/2024,20241019,4558,4561,2,PHSOB 4,4561,TUKS 5,4558,Donovan Du Toit,3713457,9.0,1,35,31,0,3.44,(1 w)
5852,790,2024 Titans Second League,2024,32995,19/10/2024,20241019,4558,4561,2,PHSOB 4,4561,TUKS 5,4558,Nico De Bruyn,3180581,7.0,0,23,33,1,4.71,(3 w)
5852,790,2024 Titans Second League,2024,32995,19/10/2024,20241019,4558,4561,2,PHSOB 4,4561,TUKS 5,4558,Elandré Van Den Berg,3713456,4.0,0,5,35,1,8.75,(1 w)
5852,790,2024 Titans Second League,2024,32995,19/10/2024,20241019,4558,4561,2,PHSOB 4,4561,TUKS 5,4558,Andre Van Wyk,3266939,4.0,1,11,22,0,5.50,(1 w)
5661,790,2024 Titans Second League,2024,32995,12/10/2024,20241012,4554,4558,1,IRENE VILLAGERS 3,4554,TUKS 5,4558,Tiaan Engelbrecht,2936837,5.0,0,20,29,0,5.80,(4 w)
5661,790,2024 Titans Second League,2024,32995,12/10/2024,20241012,4554,4558,1,IRENE VILLAGERS 3,4554,TUKS 5,4558,Gerhard De Bruin,2936835,4.0,0,19,25,1,6.25,(9 w1 nb)
5661,790,2024 Titans Second League,2024,32995,12/10/2024,20241012,4554,4558,1,IRENE VILLAGERS 3,4554,TUKS 5,4558,Christian Strydom,2936847,6.0,0,25,20,2,3.33,(1 w)
5661,790,2024 Titans Second League,2024,32995,12/10/2024,20241012,4554,4558,1,IRENE VILLAGERS 3,4554,TUKS 5,4558,Lehlohonolo Moshoati,3266899,4.0,0,18,21,1,5.25,(4 w)
5661,790,2024 Titans Second League,2024,32995,12/10/2024,20241012,4554,4558,1,IRENE VILLAGERS 3,4554,TUKS 5,4558,Martin Van Tonder,2840539,5.0,0,15,34,1,6.80,(2 w)
5661,790,2024 Titans Second League,2024,32995,12/10/2024,20241012,4554,4558,1,IRENE VILLAGERS 3,4554,TUKS 5,4558,Donovan Du Toit,3713457,9.0,2,41,31,3,3.44,(3 w)
5661,790,2024 Titans Second League,2024,32995,12/10/2024,20241012,4554,4558,1,IRENE VILLAGERS 3,4554,TUKS 5,4558,Riccardo Oosthuizen,2936842,5.0,1,19,26,0,5.20,(1 w)
5661,790,2024 Titans Second League,2024,32995,12/10/2024,20241012,4554,4558,1,IRENE VILLAGERS 3,4554,TUKS 5,4558,Andre Van Wyk,3266939,3.0,0,8,18,0,6.00,(1 w)
5661,790,2024 Titans Second League,2024,32995,12/10/2024,20241012,4554,4558,1,IRENE VILLAGERS 3,4554,TUKS 5,4558,Elandré Van Den Berg,3713456,4.0,2,18,12,1,3.00,(2 w)
5661,790,2024 Titans Second League,2024,32995,12/10/2024,20241012,4554,4558,2,TUKS 5,4558,IRENE VILLAGERS 3,4554,Elro Grobeler,4655709,9.0,0,36,39,4,4.33,(4 w)
5661,790,2024 Titans Second League,2024,32995,12/10/2024,20241012,4554,4558,2,TUKS 5,4558,IRENE VILLAGERS 3,4554,Albert Myburgh,4024779,2.0,0,5,21,0,10.50,(1 w1 nb)
5661,790,2024 Titans Second League,2024,32995,12/10/2024,20241012,4554,4558,2,TUKS 5,4558,IRENE VILLAGERS 3,4554,Neil Jansen,4655262,6.0,1,21,33,3,5.50,(1 w)
5661,790,2024 Titans Second League,2024,32995,12/10/2024,20241012,4554,4558,2,TUKS 5,4558,IRENE VILLAGERS 3,4554,Acelan Pruss,4655260,7.0,0,26,25,0,3.57,(2 w)
5661,790,2024 Titans Second League,2024,32995,12/10/2024,20241012,4554,4558,2,TUKS 5,4558,IRENE VILLAGERS 3,4554,Jacques Van Rooyen,3795662,7.0,0,24,28,1,4.00,(2 w)
5661,790,2024 Titans Second League,2024,32995,12/10/2024,20241012,4554,4558,2,TUKS 5,4558,IRENE VILLAGERS 3,4554,Gunter Geyer,2985804,2.2,1,10,9,2,3.86,(0 w1 nb)
4935,576,2023 Titans Second League,2023,32995,31/03/2024,20240331,3306,3303,1,HARLEQUINS 3,3306,SINOVILLE 4,3303,Andre Schoombee,3745389,4.0,0,16,30,0,7.50,(2 w)
4935,576,2023 Titans Second League,2023,32995,31/03/2024,20240331,3306,3303,1,HARLEQUINS 3,3306,SINOVILLE 4,3303,Riaan Coetzer,4198491,3.0,2,15,13,0,4.33,(3 w)
4935,576,2023 Titans Second League,2023,32995,31/03/2024,20240331,3306,3303,1,HARLEQUINS 3,3306,SINOVILLE 4,3303,Zander Jordaan,2987471,3.0,0,11,20,0,6.67,(2 w)
4935,576,2023 Titans Second League,2023,32995,31/03/2024,20240331,3306,3303,1,HARLEQUINS 3,3306,SINOVILLE 4,3303,Hendrik Hitge,4198492,6.0,0,21,42,2,7.00,(3 w)
4935,576,2023 Titans Second League,2023,32995,31/03/2024,20240331,3306,3303,1,HARLEQUINS 3,3306,SINOVILLE 4,3303,Piet Botha,4198490,9.0,0,35,37,2,4.11,
4935,576,2023 Titans Second League,2023,32995,31/03/2024,20240331,3306,3303,1,HARLEQUINS 3,3306,SINOVILLE 4,3303,Dylan Van Wyk,2987473,5.0,0,18,31,0,6.20,(6 w)
4935,576,2023 Titans Second League,2023,32995,31/03/2024,20240331,3306,3303,1,HARLEQUINS 3,3306,SINOVILLE 4,3303,Jason Weiss,4198489,9.0,0,28,47,2,5.22,(1 w)
4935,576,2023 Titans Second League,2023,32995,31/03/2024,20240331,3306,3303,1,HARLEQUINS 3,3306,SINOVILLE 4,3303,Jg Adendorff,4198488,6.0,0,11,38,1,6.33,(1 w)
4935,576,2023 Titans Second League,2023,32995,31/03/2024,20240331,3306,3303,2,SINOVILLE 4,3303,HARLEQUINS 3,3306,Stiaan Schmiedeskamp,3783172,3.0,0,9,23,0,7.67,(3 w)
4935,576,2023 Titans Second League,2023,32995,31/03/2024,20240331,3306,3303,2,SINOVILLE 4,3303,HARLEQUINS 3,3306,Gerrie Marais,3783169,2.0,0,5,22,0,11.00,(1 w)
4935,576,2023 Titans Second League,2023,32995,31/03/2024,20240331,3306,3303,2,SINOVILLE 4,3303,HARLEQUINS 3,3306,Travis Joshua,3678955,1.0,0,1,15,0,15.00,(1 w)
4935,576,2023 Titans Second League,2023,32995,31/03/2024,20240331,3306,3303,2,SINOVILLE 4,3303,HARLEQUINS 3,3306,Pieter Pretorius,4116054,6.0,0,13,59,0,9.83,(10 w)
4935,576,2023 Titans Second League,2023,32995,31/03/2024,20240331,3306,3303,2,SINOVILLE 4,3303,HARLEQUINS 3,3306,Lessego Teffo,4196334,2.0,0,1,46,0,23.00,
4935,576,2023 Titans Second League,2023,32995,31/03/2024,20240331,3306,3303,2,SINOVILLE 4,3303,HARLEQUINS 3,3306,Pieter Roos,2939189,3.5,0,9,47,0,12.26,(0 w1 nb)
4935,576,2023 Titans Second League,2023,32995,31/03/2024,20240331,3306,3303,2,SINOVILLE 4,3303,HARLEQUINS 3,3306,Rowan Sweetman,4196332,1.0,0,0,32,0,32.00,(1 w)
4935,576,2023 Titans Second League,2023,32995,31/03/2024,20240331,3306,3303,2,SINOVILLE 4,3303,HARLEQUINS 3,3306,Gary Joshua,4198495,2.0,0,3,14,1,7.00,
4935,576,2023 Titans Second League,2023,32995,31/03/2024,20240331,3306,3303,2,SINOVILLE 4,3303,HARLEQUINS 3,3306,Mohammed Korowlay,4198493,1.0,0,2,7,0,7.00,
4934,576,2023 Titans Second League,2023,32995,30/03/2024,20240330,3306,3307,1,HARLEQUINS 3,3306,IRENE VILLAGERS 4,3307,Erick Knoesen,3912420,5.0,0,16,38,1,7.60,(2 w)
4934,576,2023 Titans Second League,2023,32995,30/03/2024,20240330,3306,3307,1,HARLEQUINS 3,3306,IRENE VILLAGERS 4,3307,Christoff Pompie Helm,2985831,9.0,0,28,41,1,4.56,(2 w)
4934,576,2023 Titans Second League,2023,32995,30/03/2024,20240330,3306,3307,1,HARLEQUINS 3,3306,IRENE VILLAGERS 4,3307,Nicolas Conradie,4163790,3.0,0,8,23,0,7.67,(3 w)
4934,576,2023 Titans Second League,2023,32995,30/03/2024,20240330,3306,3307,1,HARLEQUINS 3,3306,IRENE VILLAGERS 4,3307,Jared Fourie,3783167,9.0,1,35,29,1,3.22,(3 w)
4934,576,2023 Titans Second League,2023,32995,30/03/2024,20240330,3306,3307,1,HARLEQUINS 3,3306,IRENE VILLAGERS 4,3307,Clayton Brunsdon,4100291,9.0,0,33,39,2,4.33,
4934,576,2023 Titans Second League,2023,32995,30/03/2024,20240330,3306,3307,1,HARLEQUINS 3,3306,IRENE VILLAGERS 4,3307,Elro Van Der Heever,3745425,8.0,0,16,77,2,9.62,(3 w1 nb)
4934,576,2023 Titans Second League,2023,32995,30/03/2024,20240330,3306,3307,1,HARLEQUINS 3,3306,IRENE VILLAGERS 4,3307,Matthew Thurbon,2985834,1.0,0,2,12,0,12.00,
4934,576,2023 Titans Second League,2023,32995,30/03/2024,20240330,3306,3307,1,HARLEQUINS 3,3306,IRENE VILLAGERS 4,3307,Ryan Thurbon,3771716,1.0,0,2,16,0,16.00,(0 w1 nb)
4934,576,2023 Titans Second League,2023,32995,30/03/2024,20240330,3306,3307,2,IRENE VILLAGERS 4,3307,HARLEQUINS 3,3306,Gerrie Marais,3783169,4.0,0,13,32,1,8.00,(4 w1 nb)
4934,576,2023 Titans Second League,2023,32995,30/03/2024,20240330,3306,3307,2,IRENE VILLAGERS 4,3307,HARLEQUINS 3,3306,Marinus Langerman,4196331,4.0,0,17,22,0,5.50,(2 w)
4934,576,2023 Titans Second League,2023,32995,30/03/2024,20240330,3306,3307,2,IRENE VILLAGERS 4,3307,HARLEQUINS 3,3306,Pieter Pretorius,4116054,9.0,0,32,40,3,4.44,(8 w)
4934,576,2023 Titans Second League,2023,32995,30/03/2024,20240330,3306,3307,2,IRENE VILLAGERS 4,3307,HARLEQUINS 3,3306,Travis Joshua,3678955,1.0,0,4,12,0,12.00,(5 w)
4934,576,2023 Titans Second League,2023,32995,30/03/2024,20240330,3306,3307,2,IRENE VILLAGERS 4,3307,HARLEQUINS 3,3306,Louan Nel,3163477,9.0,1,34,34,2,3.78,(1 w)
4934,576,2023 Titans Second League,2023,32995,30/03/2024,20240330,3306,3307,2,IRENE VILLAGERS 4,3307,HARLEQUINS 3,3306,Lessego Teffo,4196334,4.0,1,13,22,1,5.50,(3 w)
4934,576,2023 Titans Second League,2023,32995,30/03/2024,20240330,3306,3307,2,IRENE VILLAGERS 4,3307,HARLEQUINS 3,3306,Theo Van Rooyen,4196333,2.0,0,8,4,0,2.00,
4934,576,2023 Titans Second League,2023,32995,30/03/2024,20240330,3306,3307,2,IRENE VILLAGERS 4,3307,HARLEQUINS 3,3306,Pieter Roos,2939189,1.0,0,4,7,2,7.00,(1 w)
4916,576,2023 Titans Second League,2023,32995,24/03/2024,20240324,3303,3300,1,SINOVILLE 4,3303,PHSOB 3,3300,Brad Goss,4081458,5.0,1,23,32,0,6.40,(6 w)
4916,576,2023 Titans Second League,2023,32995,24/03/2024,20240324,3303,3300,1,SINOVILLE 4,3303,PHSOB 3,3300,Christo Swanepoel,2936900,6.0,0,31,20,0,3.33,(5 w)
4916,576,2023 Titans Second League,2023,32995,24/03/2024,20240324,3303,3300,1,SINOVILLE 4,3303,PHSOB 3,3300,Dylan Kruger,4187743,4.0,0,16,32,0,8.00,(1 w)
4916,576,2023 Titans Second League,2023,32995,24/03/2024,20240324,3303,3300,1,SINOVILLE 4,3303,PHSOB 3,3300,Tyler Lockhart,4185928,9.0,0,37,50,5,5.56,(3 w)
4916,576,2023 Titans Second League,2023,32995,24/03/2024,20240324,3303,3300,1,SINOVILLE 4,3303,PHSOB 3,3300,Thomas Hobson,4185926,1.0,0,3,12,0,12.00,(3 w)
4916,576,2023 Titans Second League,2023,32995,24/03/2024,20240324,3303,3300,1,SINOVILLE 4,3303,PHSOB 3,3300,Steven Meyburgh,2937220,5.0,0,23,14,2,2.80,(4 w)
4916,576,2023 Titans Second League,2023,32995,24/03/2024,20240324,3303,3300,2,PHSOB 3,3300,SINOVILLE 4,3303,Andre Schoombee,3745389,6.0,0,20,45,3,7.50,(8 w)
4916,576,2023 Titans Second League,2023,32995,24/03/2024,20240324,3303,3300,2,PHSOB 3,3300,SINOVILLE 4,3303,Jayden Blom,4187740,4.0,0,9,44,0,11.00,
4916,576,2023 Titans Second League,2023,32995,24/03/2024,20240324,3303,3300,2,PHSOB 3,3300,SINOVILLE 4,3303,Eugene Joubert,4187738,1.0,0,1,15,0,15.00,
4916,576,2023 Titans Second League,2023,32995,24/03/2024,20240324,3303,3300,2,PHSOB 3,3300,SINOVILLE 4,3303,Schalk Pelzer,4187737,2.0,0,5,32,0,16.00,(7 w)
4916,576,2023 Titans Second League,2023,32995,24/03/2024,20240324,3303,3300,2,PHSOB 3,3300,SINOVILLE 4,3303,Jp Roets,3195753,2.3,0,9,21,0,8.40,
4916,576,2023 Titans Second League,2023,32995,24/03/2024,20240324,3303,3300,2,PHSOB 3,3300,SINOVILLE 4,3303,Ian Dorfling,3795252,1.0,0,4,2,0,2.00,
4910,576,2023 Titans Second League,2023,32995,23/03/2024,20240323,3299,3303,1,IRENE VILLAGERS 3,3299,SINOVILLE 4,3303,Juan Van Den Berg,2987480,9.0,1,35,42,1,4.67,(1 w)
4910,576,2023 Titans Second League,2023,32995,23/03/2024,20240323,3299,3303,1,IRENE VILLAGERS 3,3299,SINOVILLE 4,3303,Hein Loggenberg,2929078,7.0,1,27,28,2,4.00,
4910,576,2023 Titans Second League,2023,32995,23/03/2024,20240323,3299,3303,1,IRENE VILLAGERS 3,3299,SINOVILLE 4,3303,Reinhardt Hamman,3745388,9.0,0,33,42,2,4.67,(0 w4 nb)
4910,576,2023 Titans Second League,2023,32995,23/03/2024,20240323,3299,3303,1,IRENE VILLAGERS 3,3299,SINOVILLE 4,3303,Jp Roets,3195753,9.0,1,37,29,1,3.22,
4910,576,2023 Titans Second League,2023,32995,23/03/2024,20240323,3299,3303,1,IRENE VILLAGERS 3,3299,SINOVILLE 4,3303,Ian Dorfling,3795252,5.0,0,13,33,1,6.60,
4910,576,2023 Titans Second League,2023,32995,23/03/2024,20240323,3299,3303,1,IRENE VILLAGERS 3,3299,SINOVILLE 4,3303,Heinrich Hamman,2987472,5.0,0,12,42,2,8.40,
4910,576,2023 Titans Second League,2023,32995,23/03/2024,20240323,3299,3303,1,IRENE VILLAGERS 3,3299,SINOVILLE 4,3303,Zander Jordaan,2987471,1.0,0,1,10,0,10.00,(3 w)
4910,576,2023 Titans Second League,2023,32995,23/03/2024,20240323,3299,3303,2,SINOVILLE 4,3303,IRENE VILLAGERS 3,3299,Tristan De Klerk,3912805,5.0,1,23,20,0,4.00,(0 w1 nb)
4910,576,2023 Titans Second League,2023,32995,23/03/2024,20240323,3299,3303,2,SINOVILLE 4,3303,IRENE VILLAGERS 3,3299,Trent Hardie,4116169,1.0,0,4,8,0,8.00,(2 w)
4910,576,2023 Titans Second League,2023,32995,23/03/2024,20240323,3299,3303,2,SINOVILLE 4,3303,IRENE VILLAGERS 3,3299,Sam Wearne,4163812,3.0,0,11,23,1,7.67,(8 w)
4910,576,2023 Titans Second League,2023,32995,23/03/2024,20240323,3299,3303,2,SINOVILLE 4,3303,IRENE VILLAGERS 3,3299,Jacques Van Rooyen,3795662,9.0,1,39,45,1,5.00,(3 w)
4910,576,2023 Titans Second League,2023,32995,23/03/2024,20240323,3299,3303,2,SINOVILLE 4,3303,IRENE VILLAGERS 3,3299,Gerhard Swanepoel,3713453,8.0,0,34,19,2,2.38,(4 w)
4910,576,2023 Titans Second League,2023,32995,23/03/2024,20240323,3299,3303,2,SINOVILLE 4,3303,IRENE VILLAGERS 3,3299,Kyle Kunneke,2985826,7.0,0,29,20,3,2.86,(1 w)
4910,576,2023 Titans Second League,2023,32995,23/03/2024,20240323,3299,3303,2,SINOVILLE 4,3303,IRENE VILLAGERS 3,3299,Matthew Collins,3729933,9.0,1,43,31,1,3.44,
4910,576,2023 Titans Second League,2023,32995,23/03/2024,20240323,3299,3303,2,SINOVILLE 4,3303,IRENE VILLAGERS 3,3299,Ab Rasool,4116168,3.0,0,11,11,0,3.67,(3 w)
4906,576,2023 Titans Second League,2023,32995,23/03/2024,20240323,3300,3304,1,PHSOB 3,3300,TUKS 5,3304,Tiaan Engelbrecht,2936837,8.0,3,42,16,2,2.00,(1 w)
4906,576,2023 Titans Second League,2023,32995,23/03/2024,20240323,3300,3304,1,PHSOB 3,3300,TUKS 5,3304,Gerhard De Bruin,2936835,8.0,4,44,11,5,1.38,(1 w)
4906,576,2023 Titans Second League,2023,32995,23/03/2024,20240323,3300,3304,1,PHSOB 3,3300,TUKS 5,3304,Donovan Du Toit,3713457,4.0,0,20,10,1,2.50,(2 w)
4906,576,2023 Titans Second League,2023,32995,23/03/2024,20240323,3300,3304,1,PHSOB 3,3300,TUKS 5,3304,Andre Van Wyk,3266939,3.0,0,11,17,0,5.67,
4906,576,2023 Titans Second League,2023,32995,23/03/2024,20240323,3300,3304,1,PHSOB 3,3300,TUKS 5,3304,Aerton Helena,2936841,5.0,0,20,20,0,4.00,
4906,576,2023 Titans Second League,2023,32995,23/03/2024,20240323,3300,3304,1,PHSOB 3,3300,TUKS 5,3304,Johanco Faihst,3255252,6.4,1,32,14,2,2.10,
4906,576,2023 Titans Second League,2023,32995,23/03/2024,20240323,3300,3304,1,PHSOB 3,3300,TUKS 5,3304,Lehlohonolo Moshoati,3266899,2.0,0,8,12,0,6.00,
4906,576,2023 Titans Second League,2023,32995,23/03/2024,20240323,3300,3304,2,TUKS 5,3304,PHSOB 3,3300,Brad Goss,4081458,4.0,0,19,15,0,3.75,
4906,576,2023 Titans Second League,2023,32995,23/03/2024,20240323,3300,3304,2,TUKS 5,3304,PHSOB 3,3300,Christo Swanepoel,2936900,4.0,1,18,18,1,4.50,(3 w)
4906,576,2023 Titans Second League,2023,32995,23/03/2024,20240323,3300,3304,2,TUKS 5,3304,PHSOB 3,3300,Lafras Jenkins,4143518,8.0,2,33,42,3,5.25,(2 w)
4906,576,2023 Titans Second League,2023,32995,23/03/2024,20240323,3300,3304,2,TUKS 5,3304,PHSOB 3,3300,Steven Meyburgh,2937220,7.0,0,31,27,4,3.86,
4811,576,2023 Titans Second League,2023,32995,17/03/2024,20240317,3303,3304,1,SINOVILLE 4,3303,TUKS 5,3304,Tiaan Engelbrecht,2936837,8.0,0,23,39,0,4.88,(2 w)
4811,576,2023 Titans Second League,2023,32995,17/03/2024,20240317,3303,3304,1,SINOVILLE 4,3303,TUKS 5,3304,Martin Van Tonder,2840539,3.0,0,12,10,0,3.33,
4811,576,2023 Titans Second League,2023,32995,17/03/2024,20240317,3303,3304,1,SINOVILLE 4,3303,TUKS 5,3304,Christian Strydom,2936847,7.0,0,24,44,1,6.29,(4 w)
4811,576,2023 Titans Second League,2023,32995,17/03/2024,20240317,3303,3304,1,SINOVILLE 4,3303,TUKS 5,3304,Gerhard De Bruin,2936835,10.0,1,26,86,2,8.60,(1 w)
4811,576,2023 Titans Second League,2023,32995,17/03/2024,20240317,3303,3304,1,SINOVILLE 4,3303,TUKS 5,3304,Aerton Helena,2936841,8.0,0,28,36,0,4.50,
4811,576,2023 Titans Second League,2023,32995,17/03/2024,20240317,3303,3304,1,SINOVILLE 4,3303,TUKS 5,3304,Riccardo Oosthuizen,2936842,6.0,0,21,44,2,7.33,
4811,576,2023 Titans Second League,2023,32995,17/03/2024,20240317,3303,3304,1,SINOVILLE 4,3303,TUKS 5,3304,Nico De Bruyn,3180581,3.0,0,3,37,1,12.33,
4811,576,2023 Titans Second League,2023,32995,17/03/2024,20240317,3303,3304,2,TUKS 5,3304,SINOVILLE 4,3303,Andre Schoombee,3745389,9.0,0,31,75,3,8.33,(5 w)
4811,576,2023 Titans Second League,2023,32995,17/03/2024,20240317,3303,3304,2,TUKS 5,3304,SINOVILLE 4,3303,Morgan Potgiter,3198242,7.0,1,26,50,1,7.14,(1 w)
4811,576,2023 Titans Second League,2023,32995,17/03/2024,20240317,3303,3304,2,TUKS 5,3304,SINOVILLE 4,3303,Hanco Hertzog,4165763,3.0,0,10,35,0,11.67,(18 w)
4811,576,2023 Titans Second League,2023,32995,17/03/2024,20240317,3303,3304,2,TUKS 5,3304,SINOVILLE 4,3303,Jp Roets,3195753,9.0,0,31,48,2,5.33,(3 w)
4811,576,2023 Titans Second League,2023,32995,17/03/2024,20240317,3303,3304,2,TUKS 5,3304,SINOVILLE 4,3303,Reinhardt Hamman,3745388,3.0,0,9,27,0,9.00,(1 w1 nb)
4811,576,2023 Titans Second League,2023,32995,17/03/2024,20240317,3303,3304,2,TUKS 5,3304,SINOVILLE 4,3303,Heinrich Hamman,2987472,7.1,1,24,30,3,4.19,(1 w)
4811,576,2023 Titans Second League,2023,32995,17/03/2024,20240317,3303,3304,2,TUKS 5,3304,SINOVILLE 4,3303,Christo Bornman,4165764,3.0,0,14,10,1,3.33,
4800,576,2023 Titans Second League,2023,32995,16/03/2024,20240316,3299,3298,1,IRENE VILLAGERS 3,3299,CBCOB 3,3298,Bernard Wentzel,3928433,6.2,1,27,31,1,4.89,(2 w)
4800,576,2023 Titans Second League,2023,32995,16/03/2024,20240316,3299,3298,1,IRENE VILLAGERS 3,3299,CBCOB 3,3298,Ivan Havenga,3729571,4.0,0,15,30,2,7.50,(3 w)
4800,576,2023 Titans Second League,2023,32995,16/03/2024,20240316,3299,3298,1,IRENE VILLAGERS 3,3299,CBCOB 3,3298,Jaco Cbc,4046234,5.0,0,21,24,0,4.80,(2 w1 nb)
4800,576,2023 Titans Second League,2023,32995,16/03/2024,20240316,3299,3298,1,IRENE VILLAGERS 3,3299,CBCOB 3,3298,Rigardt Saaiman,3729566,5.0,0,15,43,0,8.60,(1 w2 nb)
4800,576,2023 Titans Second League,2023,32995,16/03/2024,20240316,3299,3298,1,IRENE VILLAGERS 3,3299,CBCOB 3,3298,Francois Viljoen,3912802,8.0,0,36,20,4,2.50,(7 w)
4800,576,2023 Titans Second League,2023,32995,16/03/2024,20240316,3299,3298,1,IRENE VILLAGERS 3,3299,CBCOB 3,3298,Devon Almeida,3242449,2.0,0,7,14,2,7.00,(6 w)
4800,576,2023 Titans Second League,2023,32995,16/03/2024,20240316,3299,3298,1,IRENE VILLAGERS 3,3299,CBCOB 3,3298,Johan Broekman,3069548,5.0,0,20,15,1,3.00,
4800,576,2023 Titans Second League,2023,32995,16/03/2024,20240316,3299,3298,1,IRENE VILLAGERS 3,3299,CBCOB 3,3298,Papi Cbf,4143516,3.0,0,9,25,0,8.33,(1 w1 nb)
4800,576,2023 Titans Second League,2023,32995,16/03/2024,20240316,3299,3298,2,CBCOB 3,3298,IRENE VILLAGERS 3,3299,Albert Myburgh,4024779,7.2,0,27,28,1,3.82,(1 w)
4800,576,2023 Titans Second League,2023,32995,16/03/2024,20240316,3299,3298,2,CBCOB 3,3298,IRENE VILLAGERS 3,3299,Trent Hardie,4116169,5.0,0,20,31,2,6.20,(2 w)
4800,576,2023 Titans Second League,2023,32995,16/03/2024,20240316,3299,3298,2,CBCOB 3,3298,IRENE VILLAGERS 3,3299,Tristan De Klerk,3912805,6.0,0,15,44,1,7.33,(2 w1 nb)
4800,576,2023 Titans Second League,2023,32995,16/03/2024,20240316,3299,3298,2,CBCOB 3,3298,IRENE VILLAGERS 3,3299,Sam Wearne,4163812,4.0,0,17,14,0,3.50,(3 w)
4800,576,2023 Titans Second League,2023,32995,16/03/2024,20240316,3299,3298,2,CBCOB 3,3298,IRENE VILLAGERS 3,3299,Jacques Van Rooyen,3795662,8.0,0,33,26,2,3.25,(1 w)
4800,576,2023 Titans Second League,2023,32995,16/03/2024,20240316,3299,3298,2,CBCOB 3,3298,IRENE VILLAGERS 3,3299,Chris Van Niekerk,3713451,8.0,0,37,18,3,2.25,(5 w)
4798,576,2023 Titans Second League,2023,32995,16/03/2024,20240316,3307,3304,1,IRENE VILLAGERS 4,3307,TUKS 5,3304,Martin Van Tonder,2840539,5.0,1,21,31,3,6.20,(6 w)
4798,576,2023 Titans Second League,2023,32995,16/03/2024,20240316,3307,3304,1,IRENE VILLAGERS 4,3307,TUKS 5,3304,Christian Strydom,2936847,5.4,0,20,46,2,8.12,(4 w)
4798,576,2023 Titans Second League,2023,32995,16/03/2024,20240316,3307,3304,1,IRENE VILLAGERS 4,3307,TUKS 5,3304,Gerhard De Bruin,2936835,5.0,0,22,21,1,4.20,(8 w)
4798,576,2023 Titans Second League,2023,32995,16/03/2024,20240316,3307,3304,1,IRENE VILLAGERS 4,3307,TUKS 5,3304,Aerton Helena,2936841,6.0,1,29,14,1,2.33,
4798,576,2023 Titans Second League,2023,32995,16/03/2024,20240316,3307,3304,1,IRENE VILLAGERS 4,3307,TUKS 5,3304,Martin Childs-Hurn,2936849,4.0,0,17,13,1,3.25,(4 w)
4798,576,2023 Titans Second League,2023,32995,16/03/2024,20240316,3307,3304,1,IRENE VILLAGERS 4,3307,TUKS 5,3304,Nico Kruger,2936834,5.0,0,19,23,0,4.60,(6 w)
4798,576,2023 Titans Second League,2023,32995,16/03/2024,20240316,3307,3304,1,IRENE VILLAGERS 4,3307,TUKS 5,3304,Riccardo Oosthuizen,2936842,4.0,1,20,10,0,2.50,(3 w)
4798,576,2023 Titans Second League,2023,32995,16/03/2024,20240316,3307,3304,1,IRENE VILLAGERS 4,3307,TUKS 5,3304,Mikky Hudson,3745386,3.0,0,15,11,1,3.67,(1 w)
4798,576,2023 Titans Second League,2023,32995,16/03/2024,20240316,3307,3304,1,IRENE VILLAGERS 4,3307,TUKS 5,3304,Nico De Bruyn,3180581,4.0,0,15,23,0,5.75,(1 w)
4798,576,2023 Titans Second League,2023,32995,16/03/2024,20240316,3307,3304,1,IRENE VILLAGERS 4,3307,TUKS 5,3304,Elandré Van Den Berg,3713456,3.0,0,15,10,1,3.33,(4 w)
4798,576,2023 Titans Second League,2023,32995,16/03/2024,20240316,3307,3304,2,TUKS 5,3304,IRENE VILLAGERS 4,3307,Tyler Miller,4163789,6.0,1,30,17,0,2.83,(3 w)
4798,576,2023 Titans Second League,2023,32995,16/03/2024,20240316,3307,3304,2,TUKS 5,3304,IRENE VILLAGERS 4,3307,Clayton Brunsdon,4100291,4.0,0,14,28,1,7.00,(1 w)
4798,576,2023 Titans Second League,2023,32995,16/03/2024,20240316,3307,3304,2,TUKS 5,3304,IRENE VILLAGERS 4,3307,Ruan Ebersohn,2985830,6.0,0,28,24,2,4.00,(5 w)
4798,576,2023 Titans Second League,2023,32995,16/03/2024,20240316,3307,3304,2,TUKS 5,3304,IRENE VILLAGERS 4,3307,Christoff Pompie Helm,2985831,9.0,0,37,45,4,5.00,(6 w)
4798,576,2023 Titans Second League,2023,32995,16/03/2024,20240316,3307,3304,2,TUKS 5,3304,IRENE VILLAGERS 4,3307,Mohapi Molete,2985827,5.0,0,18,26,1,5.20,(1 w)
4798,576,2023 Titans Second League,2023,32995,16/03/2024,20240316,3307,3304,2,TUKS 5,3304,IRENE VILLAGERS 4,3307,Elro Van Der Heever,3745425,2.0,1,10,3,2,1.50,(1 w)
4723,576,2023 Titans Second League,2023,32995,09/03/2024,20240309,3299,3302,1,IRENE VILLAGERS 3,3299,SINOVILLE 3,3302,Dian Botha,2934759,9.0,0,37,33,1,3.67,
4723,576,2023 Titans Second League,2023,32995,09/03/2024,20240309,3299,3302,1,IRENE VILLAGERS 3,3299,SINOVILLE 3,3302,Juan Van Den Berg,2987480,9.0,1,39,35,2,3.89,
4723,576,2023 Titans Second League,2023,32995,09/03/2024,20240309,3299,3302,1,IRENE VILLAGERS 3,3299,SINOVILLE 3,3302,Ian Dorfling,4063612,5.0,0,19,24,1,4.80,(5 w)
4723,576,2023 Titans Second League,2023,32995,09/03/2024,20240309,3299,3302,1,IRENE VILLAGERS 3,3299,SINOVILLE 3,3302,Dylan Van Wyk,3277436,6.0,1,26,45,1,7.50,(3 w1 nb)
4723,576,2023 Titans Second League,2023,32995,09/03/2024,20240309,3299,3302,1,IRENE VILLAGERS 3,3299,SINOVILLE 3,3302,Jp Roets,3031810,9.0,1,33,45,3,5.00,(4 w)
4723,576,2023 Titans Second League,2023,32995,09/03/2024,20240309,3299,3302,1,IRENE VILLAGERS 3,3299,SINOVILLE 3,3302,Maans Roubaix,3031813,1.0,0,1,13,0,13.00,(0 w1 nb)
4723,576,2023 Titans Second League,2023,32995,09/03/2024,20240309,3299,3302,1,IRENE VILLAGERS 3,3299,SINOVILLE 3,3302,Berno Klopper,3180553,2.0,0,4,19,1,9.50,
4723,576,2023 Titans Second League,2023,32995,09/03/2024,20240309,3299,3302,1,IRENE VILLAGERS 3,3299,SINOVILLE 3,3302,Estiaan Blom,4143526,0.2,0,1,3,1,9.00,(0 w1 nb)
4723,576,2023 Titans Second League,2023,32995,09/03/2024,20240309,3299,3302,2,SINOVILLE 3,3302,IRENE VILLAGERS 3,3299,Albert Myburgh,4024779,6.0,1,28,19,3,3.17,(1 w1 nb)
4723,576,2023 Titans Second League,2023,32995,09/03/2024,20240309,3299,3302,2,SINOVILLE 3,3302,IRENE VILLAGERS 3,3299,Trent Hardie,4116169,6.0,0,24,41,1,6.83,(5 w1 nb)
4723,576,2023 Titans Second League,2023,32995,09/03/2024,20240309,3299,3302,2,SINOVILLE 3,3302,IRENE VILLAGERS 3,3299,Jacques Van Rooyen,3795662,5.1,0,19,19,3,3.68,(4 w)
4723,576,2023 Titans Second League,2023,32995,09/03/2024,20240309,3299,3302,2,SINOVILLE 3,3302,IRENE VILLAGERS 3,3299,Chris Van Niekerk,3713451,5.0,0,21,16,3,3.20,
4721,576,2023 Titans Second League,2023,32995,09/03/2024,20240309,3300,3298,1,PHSOB 3,3300,CBCOB 3,3298,Caleb Eckard,3018344,9.0,0,34,48,4,5.33,(3 w)
4721,576,2023 Titans Second League,2023,32995,09/03/2024,20240309,3300,3298,1,PHSOB 3,3300,CBCOB 3,3298,Jason Skinner,3912803,4.0,0,9,43,1,10.75,(2 w)
4721,576,2023 Titans Second League,2023,32995,09/03/2024,20240309,3300,3298,1,PHSOB 3,3300,CBCOB 3,3298,Francois Viljoen,3912802,9.0,0,35,35,0,3.89,
4721,576,2023 Titans Second League,2023,32995,09/03/2024,20240309,3300,3298,1,PHSOB 3,3300,CBCOB 3,3298,Dylan Kotze,2987579,8.0,0,24,47,2,5.88,
4721,576,2023 Titans Second League,2023,32995,09/03/2024,20240309,3300,3298,1,PHSOB 3,3300,CBCOB 3,3298,Bernard Wentzel,3928433,6.0,1,11,77,0,12.83,
4721,576,2023 Titans Second League,2023,32995,09/03/2024,20240309,3300,3298,1,PHSOB 3,3300,CBCOB 3,3298,Hr Cbc,4143517,3.0,0,6,24,0,8.00,(2 w)
4721,576,2023 Titans Second League,2023,32995,09/03/2024,20240309,3300,3298,1,PHSOB 3,3300,CBCOB 3,3298,Sieg Dorfling,4143515,5.0,0,10,41,0,8.20,(1 w1 nb)
4721,576,2023 Titans Second League,2023,32995,09/03/2024,20240309,3300,3298,1,PHSOB 3,3300,CBCOB 3,3298,Johan Feuth,3056115,1.0,0,0,26,0,26.00,
4721,576,2023 Titans Second League,2023,32995,09/03/2024,20240309,3300,3298,2,CBCOB 3,3298,PHSOB 3,3300,Regan Pruss,3713341,5.0,0,22,15,2,3.00,(2 w)
4721,576,2023 Titans Second League,2023,32995,09/03/2024,20240309,3300,3298,2,CBCOB 3,3298,PHSOB 3,3300,Brad Goss,4081458,4.0,0,16,23,1,5.75,(2 w)
4721,576,2023 Titans Second League,2023,32995,09/03/2024,20240309,3300,3298,2,CBCOB 3,3298,PHSOB 3,3300,Lafras Jenkins,4143518,9.0,1,39,34,1,3.78,(6 w)
4721,576,2023 Titans Second League,2023,32995,09/03/2024,20240309,3300,3298,2,CBCOB 3,3298,PHSOB 3,3300,Justin Van Bassen,2936896,4.0,0,15,17,0,4.25,(0 w1 nb)
4721,576,2023 Titans Second League,2023,32995,09/03/2024,20240309,3300,3298,2,CBCOB 3,3298,PHSOB 3,3300,Cj Jordaan,4116167,5.0,0,22,21,3,4.20,(3 w)
4721,576,2023 Titans Second League,2023,32995,09/03/2024,20240309,3300,3298,2,CBCOB 3,3298,PHSOB 3,3300,Walli Vayani,4081461,0.5,0,4,3,1,3.60,(2 w)
4644,576,2023 Titans Second League,2023,32995,02/03/2024,20240302,3300,3299,1,PHSOB 3,3300,IRENE VILLAGERS 3,3299,Tristan De Klerk,3912805,5.0,0,21,24,1,4.80,(1 w1 nb)
4644,576,2023 Titans Second League,2023,32995,02/03/2024,20240302,3300,3299,1,PHSOB 3,3300,IRENE VILLAGERS 3,3299,Albert Myburgh,4024779,5.0,0,22,19,2,3.80,(1 w1 nb)
4644,576,2023 Titans Second League,2023,32995,02/03/2024,20240302,3300,3299,1,PHSOB 3,3300,IRENE VILLAGERS 3,3299,Phillip Weyer,4116170,5.0,1,19,32,0,6.40,(7 w2 nb)
4644,576,2023 Titans Second League,2023,32995,02/03/2024,20240302,3300,3299,1,PHSOB 3,3300,IRENE VILLAGERS 3,3299,Trent Hardie,4116169,7.3,0,35,29,6,3.87,(7 w)
4644,576,2023 Titans Second League,2023,32995,02/03/2024,20240302,3300,3299,1,PHSOB 3,3300,IRENE VILLAGERS 3,3299,Tyler Miller,3729934,3.0,0,10,25,0,8.33,
4644,576,2023 Titans Second League,2023,32995,02/03/2024,20240302,3300,3299,2,IRENE VILLAGERS 3,3299,PHSOB 3,3300,Regan Pruss,3713341,5.0,0,17,38,2,7.60,(3 w1 nb)
4644,576,2023 Titans Second League,2023,32995,02/03/2024,20240302,3300,3299,2,IRENE VILLAGERS 3,3299,PHSOB 3,3300,Brad Goss,4081458,6.0,0,18,47,1,7.83,(1 w)
4644,576,2023 Titans Second League,2023,32995,02/03/2024,20240302,3300,3299,2,IRENE VILLAGERS 3,3299,PHSOB 3,3300,Christo Swanepoel,2936900,3.0,0,11,12,0,4.00,(2 w)
4644,576,2023 Titans Second League,2023,32995,02/03/2024,20240302,3300,3299,2,IRENE VILLAGERS 3,3299,PHSOB 3,3300,Cj Jordaan,4116167,1.0,0,3,14,0,14.00,
4644,576,2023 Titans Second League,2023,32995,02/03/2024,20240302,3300,3299,2,IRENE VILLAGERS 3,3299,PHSOB 3,3300,Ryan Stringer,4116165,1.0,0,4,8,0,8.00,(3 w)
4644,576,2023 Titans Second League,2023,32995,02/03/2024,20240302,3300,3299,2,IRENE VILLAGERS 3,3299,PHSOB 3,3300,Matt Collett,4081460,1.0,0,3,14,0,14.00,(1 w)
4644,576,2023 Titans Second League,2023,32995,02/03/2024,20240302,3300,3299,2,IRENE VILLAGERS 3,3299,PHSOB 3,3300,Dewan Bohmer,4116166,0.3,0,2,6,0,12.00,
4640,576,2023 Titans Second League,2023,32995,02/03/2024,20240302,3298,3307,1,CBCOB 3,3298,IRENE VILLAGERS 4,3307,Ruan Ebersohn,2985830,8.0,1,34,39,1,4.88,
4640,576,2023 Titans Second League,2023,32995,02/03/2024,20240302,3298,3307,1,CBCOB 3,3298,IRENE VILLAGERS 4,3307,Clayton Brunsdon,4100291,8.0,0,29,45,2,5.62,(1 w)
4640,576,2023 Titans Second League,2023,32995,02/03/2024,20240302,3298,3307,1,CBCOB 3,3298,IRENE VILLAGERS 4,3307,Bennie Viljoen,3745424,6.4,0,25,50,1,7.50,(13 w)
4640,576,2023 Titans Second League,2023,32995,02/03/2024,20240302,3298,3307,1,CBCOB 3,3298,IRENE VILLAGERS 4,3307,Christoff Pompie Helm,2985831,8.0,0,25,55,3,6.88,(5 w)
4640,576,2023 Titans Second League,2023,32995,02/03/2024,20240302,3298,3307,1,CBCOB 3,3298,IRENE VILLAGERS 4,3307,Jaco Joubert,4100290,5.0,0,21,31,3,6.20,(11 w)
4640,576,2023 Titans Second League,2023,32995,02/03/2024,20240302,3298,3307,1,CBCOB 3,3298,IRENE VILLAGERS 4,3307,Elro Van Der Heever,3745425,1.0,0,4,2,0,2.00,
4640,576,2023 Titans Second League,2023,32995,02/03/2024,20240302,3298,3307,2,IRENE VILLAGERS 4,3307,CBCOB 3,3298,Bernard Wentzel,3928433,4.0,0,14,25,0,6.25,(3 w)
4640,576,2023 Titans Second League,2023,32995,02/03/2024,20240302,3298,3307,2,IRENE VILLAGERS 4,3307,CBCOB 3,3298,Ivan Havenga,3729571,3.0,0,12,23,0,7.67,(4 w1 nb)
4640,576,2023 Titans Second League,2023,32995,02/03/2024,20240302,3298,3307,2,IRENE VILLAGERS 4,3307,CBCOB 3,3298,Wayne Scott,3056109,3.0,0,12,15,1,5.00,(3 w)
4640,576,2023 Titans Second League,2023,32995,02/03/2024,20240302,3298,3307,2,IRENE VILLAGERS 4,3307,CBCOB 3,3298,Adriaan Venter,3673677,7.3,0,26,52,4,6.93,(8 w)
4640,576,2023 Titans Second League,2023,32995,02/03/2024,20240302,3298,3307,2,IRENE VILLAGERS 4,3307,CBCOB 3,3298,Leon Bender,3730114,8.0,1,38,21,1,2.62,
4640,576,2023 Titans Second League,2023,32995,02/03/2024,20240302,3298,3307,2,IRENE VILLAGERS 4,3307,CBCOB 3,3298,Dylan Kotze,2987579,8.0,0,34,21,2,2.62,
4640,576,2023 Titans Second League,2023,32995,02/03/2024,20240302,3298,3307,2,IRENE VILLAGERS 4,3307,CBCOB 3,3298,Ruben Potgieter,3729568,2.0,0,8,12,2,6.00,(4 w)
4638,576,2023 Titans Second League,2023,32995,02/03/2024,20240302,3304,3306,1,TUKS 5,3304,HARLEQUINS 3,3306,Neyko Stiglingh,4116051,8.0,0,33,31,3,3.88,(5 w)
4638,576,2023 Titans Second League,2023,32995,02/03/2024,20240302,3304,3306,1,TUKS 5,3304,HARLEQUINS 3,3306,Andre Duvenhage,4116055,6.0,1,23,30,2,5.00,(1 w)
4638,576,2023 Titans Second League,2023,32995,02/03/2024,20240302,3304,3306,1,TUKS 5,3304,HARLEQUINS 3,3306,Adam Richards,4116050,8.0,0,29,35,1,4.38,(3 w)
4638,576,2023 Titans Second League,2023,32995,02/03/2024,20240302,3304,3306,1,TUKS 5,3304,HARLEQUINS 3,3306,Travis Joshua,3678955,5.3,0,20,27,1,4.91,(1 w)
4638,576,2023 Titans Second League,2023,32995,02/03/2024,20240302,3304,3306,1,TUKS 5,3304,HARLEQUINS 3,3306,Pieter Pretorius,4116054,9.0,3,44,20,2,2.22,
4638,576,2023 Titans Second League,2023,32995,02/03/2024,20240302,3304,3306,2,HARLEQUINS 3,3306,TUKS 5,3304,Tiaan Engelbrecht,2936837,2.0,0,8,18,0,9.00,(2 w)
4638,576,2023 Titans Second League,2023,32995,02/03/2024,20240302,3304,3306,2,HARLEQUINS 3,3306,TUKS 5,3304,Martin Van Tonder,2840539,4.0,0,12,30,0,7.50,(4 w)
4638,576,2023 Titans Second League,2023,32995,02/03/2024,20240302,3304,3306,2,HARLEQUINS 3,3306,TUKS 5,3304,Christian Strydom,2936847,7.0,0,34,21,3,3.00,
4638,576,2023 Titans Second League,2023,32995,02/03/2024,20240302,3304,3306,2,HARLEQUINS 3,3306,TUKS 5,3304,Gerhard De Bruin,2936835,5.0,1,21,22,1,4.40,(1 w)
4638,576,2023 Titans Second League,2023,32995,02/03/2024,20240302,3304,3306,2,HARLEQUINS 3,3306,TUKS 5,3304,Aerton Helena,2936841,4.0,0,10,27,0,6.75,
4638,576,2023 Titans Second League,2023,32995,02/03/2024,20240302,3304,3306,2,HARLEQUINS 3,3306,TUKS 5,3304,Johanco Faihst,3255252,4.0,0,12,20,2,5.00,
4638,576,2023 Titans Second League,2023,32995,02/03/2024,20240302,3304,3306,2,HARLEQUINS 3,3306,TUKS 5,3304,Elandré Van Den Berg,3713456,0.3,0,0,7,0,14.00,
4561,576,2023 Titans Second League,2023,32995,24/02/2024,20240224,3307,3299,1,IRENE VILLAGERS 4,3307,IRENE VILLAGERS 3,3299,Tristan De Klerk,3912805,6.0,1,24,27,1,4.50,(3 w)
4561,576,2023 Titans Second League,2023,32995,24/02/2024,20240224,3307,3299,1,IRENE VILLAGERS 4,3307,IRENE VILLAGERS 3,3299,Albert Myburgh,4024779,7.0,2,31,23,4,3.29,(1 w1 nb)
4561,576,2023 Titans Second League,2023,32995,24/02/2024,20240224,3307,3299,1,IRENE VILLAGERS 4,3307,IRENE VILLAGERS 3,3299,Kyle Kunneke,2985826,5.0,1,25,11,3,2.20,(2 w)
4561,576,2023 Titans Second League,2023,32995,24/02/2024,20240224,3307,3299,1,IRENE VILLAGERS 4,3307,IRENE VILLAGERS 3,3299,Jacques Van Rooyen,3795662,5.2,1,28,11,2,2.06,(4 w)
4561,576,2023 Titans Second League,2023,32995,24/02/2024,20240224,3307,3299,1,IRENE VILLAGERS 4,3307,IRENE VILLAGERS 3,3299,Josh Joubert,4100288,2.0,1,9,6,0,3.00,(2 w)
4561,576,2023 Titans Second League,2023,32995,24/02/2024,20240224,3307,3299,2,IRENE VILLAGERS 3,3299,IRENE VILLAGERS 4,3307,Gunter Geyer,3146508,2.0,0,10,11,0,5.50,(6 w)
4561,576,2023 Titans Second League,2023,32995,24/02/2024,20240224,3307,3299,2,IRENE VILLAGERS 3,3299,IRENE VILLAGERS 4,3307,Erick Knoesen,3912420,2.0,0,6,14,0,7.00,(1 w)
4561,576,2023 Titans Second League,2023,32995,24/02/2024,20240224,3307,3299,2,IRENE VILLAGERS 3,3299,IRENE VILLAGERS 4,3307,Jaco Joubert,4100290,2.0,0,5,22,0,11.00,(2 w)
4561,576,2023 Titans Second League,2023,32995,24/02/2024,20240224,3307,3299,2,IRENE VILLAGERS 3,3299,IRENE VILLAGERS 4,3307,Amohelang Sebati,3795244,2.0,0,8,18,0,9.00,(3 w)
4561,576,2023 Titans Second League,2023,32995,24/02/2024,20240224,3307,3299,2,IRENE VILLAGERS 3,3299,IRENE VILLAGERS 4,3307,Christoff Pompie Helm,2985831,2.0,0,5,14,0,7.00,
4561,576,2023 Titans Second League,2023,32995,24/02/2024,20240224,3307,3299,2,IRENE VILLAGERS 3,3299,IRENE VILLAGERS 4,3307,Clayton Brunsdon,4100291,1.1,1,6,1,1,0.86,
4553,576,2023 Titans Second League,2023,32995,24/02/2024,20240224,3305,3304,1,TUT 3,3305,TUKS 5,3304,Tiaan Engelbrecht,2936837,8.0,1,31,38,0,4.75,(3 w)
4553,576,2023 Titans Second League,2023,32995,24/02/2024,20240224,3305,3304,1,TUT 3,3305,TUKS 5,3304,Martin Van Tonder,2840539,6.0,0,24,22,1,3.67,(3 w)
4553,576,2023 Titans Second League,2023,32995,24/02/2024,20240224,3305,3304,1,TUT 3,3305,TUKS 5,3304,Gerhard De Bruin,2936835,7.0,1,27,28,1,4.00,(0 w1 nb)
4553,576,2023 Titans Second League,2023,32995,24/02/2024,20240224,3305,3304,1,TUT 3,3305,TUKS 5,3304,Christian Strydom,2936847,9.0,0,36,36,4,4.00,(2 w)
4553,576,2023 Titans Second League,2023,32995,24/02/2024,20240224,3305,3304,1,TUT 3,3305,TUKS 5,3304,Johan Pretorius,3255251,2.0,0,5,24,0,12.00,(1 w1 nb)
4553,576,2023 Titans Second League,2023,32995,24/02/2024,20240224,3305,3304,1,TUT 3,3305,TUKS 5,3304,Nico De Bruyn,3180581,4.0,0,16,24,0,6.00,(1 w)
4553,576,2023 Titans Second League,2023,32995,24/02/2024,20240224,3305,3304,1,TUT 3,3305,TUKS 5,3304,Andre Van Wyk,3266939,2.0,0,6,13,0,6.50,(2 w)
4553,576,2023 Titans Second League,2023,32995,24/02/2024,20240224,3305,3304,1,TUT 3,3305,TUKS 5,3304,Elandré Van Den Berg,3713456,2.0,0,4,23,0,11.50,(1 w)
4553,576,2023 Titans Second League,2023,32995,24/02/2024,20240224,3305,3304,1,TUT 3,3305,TUKS 5,3304,Donovan Du Toit,3713457,5.0,0,18,33,2,6.60,(1 w)
4553,576,2023 Titans Second League,2023,32995,24/02/2024,20240224,3305,3304,2,TUKS 5,3304,TUT 3,3305,Nico Minnaar,3713344,6.0,1,25,30,0,5.00,(3 w)
4553,576,2023 Titans Second League,2023,32995,24/02/2024,20240224,3305,3304,2,TUKS 5,3304,TUT 3,3305,Mark Bekker,3146406,5.0,0,21,20,1,4.00,(1 w)
4553,576,2023 Titans Second League,2023,32995,24/02/2024,20240224,3305,3304,2,TUKS 5,3304,TUT 3,3305,Erik Van Deventer,3033825,6.0,0,16,35,0,5.83,(1 w)
4553,576,2023 Titans Second League,2023,32995,24/02/2024,20240224,3305,3304,2,TUKS 5,3304,TUT 3,3305,Dewald Basson,3018234,6.0,0,16,34,0,5.67,(2 w)
4553,576,2023 Titans Second League,2023,32995,24/02/2024,20240224,3305,3304,2,TUKS 5,3304,TUT 3,3305,Stefan Olivier,3729935,6.0,0,21,41,2,6.83,(6 w)
4553,576,2023 Titans Second League,2023,32995,24/02/2024,20240224,3305,3304,2,TUKS 5,3304,TUT 3,3305,Ryan Seymore,4100168,8.0,1,31,41,1,5.12,(1 w)
4553,576,2023 Titans Second League,2023,32995,24/02/2024,20240224,3305,3304,2,TUKS 5,3304,TUT 3,3305,Micheal Tut3,3772114,3.0,0,6,21,0,7.00,
4553,576,2023 Titans Second League,2023,32995,24/02/2024,20240224,3305,3304,2,TUKS 5,3304,TUT 3,3305,Stefan Grobler,3018230,2.0,0,7,13,0,6.50,
4553,576,2023 Titans Second League,2023,32995,24/02/2024,20240224,3305,3304,2,TUKS 5,3304,TUT 3,3305,Jeandre Roux,3018228,1.1,0,5,3,1,2.57,
4487,576,2023 Titans Second League,2023,32995,17/02/2024,20240217,3300,3307,1,PHSOB 3,3300,IRENE VILLAGERS 4,3307,Gerrie Viljoen,4081456,8.0,2,36,35,1,4.38,(2 w)
4487,576,2023 Titans Second League,2023,32995,17/02/2024,20240217,3300,3307,1,PHSOB 3,3300,IRENE VILLAGERS 4,3307,Ruan Ebersohn,2985830,8.0,0,26,68,2,8.50,(1 w)
4487,576,2023 Titans Second League,2023,32995,17/02/2024,20240217,3300,3307,1,PHSOB 3,3300,IRENE VILLAGERS 4,3307,Bennie Viljoen,3745424,4.0,0,15,29,1,7.25,(10 w1 nb)
4487,576,2023 Titans Second League,2023,32995,17/02/2024,20240217,3300,3307,1,PHSOB 3,3300,IRENE VILLAGERS 4,3307,Christoff Pompie Helm,2985831,8.0,2,32,32,1,4.00,(1 w)
4487,576,2023 Titans Second League,2023,32995,17/02/2024,20240217,3300,3307,1,PHSOB 3,3300,IRENE VILLAGERS 4,3307,Mohapi Molete,2985827,4.0,0,6,45,0,11.25,(2 w)
4487,576,2023 Titans Second League,2023,32995,17/02/2024,20240217,3300,3307,1,PHSOB 3,3300,IRENE VILLAGERS 4,3307,Amohelang Sebati,3795244,1.0,0,1,22,0,22.00,
4487,576,2023 Titans Second League,2023,32995,17/02/2024,20240217,3300,3307,1,PHSOB 3,3300,IRENE VILLAGERS 4,3307,Gunter Geyer,3146508,7.0,0,19,70,1,10.00,(1 w)
4487,576,2023 Titans Second League,2023,32995,17/02/2024,20240217,3300,3307,2,IRENE VILLAGERS 4,3307,PHSOB 3,3300,Andro Vosloo,3713342,8.0,0,36,38,4,4.75,(4 w)
4487,576,2023 Titans Second League,2023,32995,17/02/2024,20240217,3300,3307,2,IRENE VILLAGERS 4,3307,PHSOB 3,3300,Nuzi Ndlovu,4081457,3.0,0,8,32,0,10.67,(4 w1 nb)
4487,576,2023 Titans Second League,2023,32995,17/02/2024,20240217,3300,3307,2,IRENE VILLAGERS 4,3307,PHSOB 3,3300,Regan Pruss,3713341,8.0,0,33,41,1,5.12,(3 w1 nb)
4487,576,2023 Titans Second League,2023,32995,17/02/2024,20240217,3300,3307,2,IRENE VILLAGERS 4,3307,PHSOB 3,3300,Brad Goss,4081458,3.0,0,11,25,1,8.33,(2 w)
4487,576,2023 Titans Second League,2023,32995,17/02/2024,20240217,3300,3307,2,IRENE VILLAGERS 4,3307,PHSOB 3,3300,Christo Swanepoel,2936900,3.0,0,11,15,0,5.00,(1 w)
4487,576,2023 Titans Second League,2023,32995,17/02/2024,20240217,3300,3307,2,IRENE VILLAGERS 4,3307,PHSOB 3,3300,Ruan Brenner,3180560,3.0,0,16,10,2,3.33,(8 w)
4470,576,2023 Titans Second League,2023,32995,17/02/2024,20240217,3304,3302,1,TUKS 5,3304,SINOVILLE 3,3302,Keldon Van Zyl,3812052,4.0,0,18,20,0,5.00,(4 w)
4470,576,2023 Titans Second League,2023,32995,17/02/2024,20240217,3304,3302,1,TUKS 5,3304,SINOVILLE 3,3302,Keaton Steenkamp,2944947,8.1,1,27,46,1,5.63,(3 w)
4470,576,2023 Titans Second League,2023,32995,17/02/2024,20240217,3304,3302,1,TUKS 5,3304,SINOVILLE 3,3302,Andre Schoombee,3772961,3.0,0,13,11,0,3.67,(2 w)
4470,576,2023 Titans Second League,2023,32995,17/02/2024,20240217,3304,3302,1,TUKS 5,3304,SINOVILLE 3,3302,Ian Dorfling,4063612,2.0,0,7,20,0,10.00,(2 w)
4470,576,2023 Titans Second League,2023,32995,17/02/2024,20240217,3304,3302,1,TUKS 5,3304,SINOVILLE 3,3302,Tiaan Lotter,2934784,9.0,0,34,25,3,2.78,
4470,576,2023 Titans Second League,2023,32995,17/02/2024,20240217,3304,3302,1,TUKS 5,3304,SINOVILLE 3,3302,Piet Botha,4063611,9.0,0,33,34,3,3.78,(2 w)
4470,576,2023 Titans Second League,2023,32995,17/02/2024,20240217,3304,3302,1,TUKS 5,3304,SINOVILLE 3,3302,Jp Roets,3031810,5.0,0,24,9,3,1.80,(3 w)
4470,576,2023 Titans Second League,2023,32995,17/02/2024,20240217,3304,3302,2,SINOVILLE 3,3302,TUKS 5,3304,Tiaan Engelbrecht,2936837,5.0,0,24,17,2,3.40,(3 w)
4470,576,2023 Titans Second League,2023,32995,17/02/2024,20240217,3304,3302,2,SINOVILLE 3,3302,TUKS 5,3304,Martin Van Tonder,2840539,3.0,0,9,21,0,7.00,
4470,576,2023 Titans Second League,2023,32995,17/02/2024,20240217,3304,3302,2,SINOVILLE 3,3302,TUKS 5,3304,Christian Strydom,2936847,5.0,1,22,17,1,3.40,(1 w)
4470,576,2023 Titans Second League,2023,32995,17/02/2024,20240217,3304,3302,2,SINOVILLE 3,3302,TUKS 5,3304,Gerhard De Bruin,2936835,5.0,1,23,16,0,3.20,
4470,576,2023 Titans Second League,2023,32995,17/02/2024,20240217,3304,3302,2,SINOVILLE 3,3302,TUKS 5,3304,Aerton Helena,2936841,7.0,2,30,25,1,3.57,(2 w)
4470,576,2023 Titans Second League,2023,32995,17/02/2024,20240217,3304,3302,2,SINOVILLE 3,3302,TUKS 5,3304,Johanco Faihst,3255252,6.0,1,23,22,1,3.67,
4470,576,2023 Titans Second League,2023,32995,17/02/2024,20240217,3304,3302,2,SINOVILLE 3,3302,TUKS 5,3304,Nico De Bruyn,3180581,4.0,1,13,17,1,4.25,(1 w)
4470,576,2023 Titans Second League,2023,32995,17/02/2024,20240217,3304,3302,2,SINOVILLE 3,3302,TUKS 5,3304,Donovan Du Toit,3713457,3.1,0,11,18,0,5.68,(5 w)
4470,576,2023 Titans Second League,2023,32995,17/02/2024,20240217,3304,3302,2,SINOVILLE 3,3302,TUKS 5,3304,Elandré Van Den Berg,3713456,1.3,0,4,14,0,9.33,(3 w)
4386,576,2023 Titans Second League,2023,32995,10/02/2024,20240210,3302,3307,1,SINOVILLE 3,3302,IRENE VILLAGERS 4,3307,Gunter Geyser,3771717,5.2,2,28,7,2,1.31,(1 w)
4386,576,2023 Titans Second League,2023,32995,10/02/2024,20240210,3302,3307,1,SINOVILLE 3,3302,IRENE VILLAGERS 4,3307,Ruan Ebersohn,2985830,6.0,1,27,28,1,4.67,(1 w)
4386,576,2023 Titans Second League,2023,32995,10/02/2024,20240210,3302,3307,1,SINOVILLE 3,3302,IRENE VILLAGERS 4,3307,Henco Irene,4063609,6.0,1,27,21,1,3.50,(1 w)
4386,576,2023 Titans Second League,2023,32995,10/02/2024,20240210,3302,3307,1,SINOVILLE 3,3302,IRENE VILLAGERS 4,3307,Christoff Pompie Helm,2985831,9.0,2,43,24,3,2.67,(2 w)
4386,576,2023 Titans Second League,2023,32995,10/02/2024,20240210,3302,3307,1,SINOVILLE 3,3302,IRENE VILLAGERS 4,3307,Mohapi Molete,2985827,9.0,0,32,45,2,5.00,(1 w)
4386,576,2023 Titans Second League,2023,32995,10/02/2024,20240210,3302,3307,1,SINOVILLE 3,3302,IRENE VILLAGERS 4,3307,Amohelang Sebati,3795244,9.0,0,33,35,1,3.89,(5 w1 nb)
4386,576,2023 Titans Second League,2023,32995,10/02/2024,20240210,3302,3307,2,IRENE VILLAGERS 4,3307,SINOVILLE 3,3302,Jeandre Van Molledorf,4063992,7.0,0,27,31,1,4.43,(4 w)
4386,576,2023 Titans Second League,2023,32995,10/02/2024,20240210,3302,3307,2,IRENE VILLAGERS 4,3307,SINOVILLE 3,3302,Keaton Steenkamp,2944947,3.0,0,14,14,0,4.67,(3 w)
4386,576,2023 Titans Second League,2023,32995,10/02/2024,20240210,3302,3307,2,IRENE VILLAGERS 4,3307,SINOVILLE 3,3302,Tiaan Lotter,2934784,8.0,2,32,48,0,6.00,(1 w)
4386,576,2023 Titans Second League,2023,32995,10/02/2024,20240210,3302,3307,2,IRENE VILLAGERS 4,3307,SINOVILLE 3,3302,Andre Schoombee,3772961,6.0,0,22,37,2,6.17,(1 w)
4386,576,2023 Titans Second League,2023,32995,10/02/2024,20240210,3302,3307,2,IRENE VILLAGERS 4,3307,SINOVILLE 3,3302,Piet Botha,4063611,6.4,3,33,19,3,2.85,
4386,576,2023 Titans Second League,2023,32995,10/02/2024,20240210,3302,3307,2,IRENE VILLAGERS 4,3307,SINOVILLE 3,3302,Berno Klopper,3180553,2.3,0,11,13,1,5.20,(4 w)
4300,576,2023 Titans Second League,2023,32995,03/02/2024,20240203,3299,3305,1,IRENE VILLAGERS 3,3299,TUT 3,3305,Nico Minnaar,3713344,9.0,1,46,21,2,2.33,(9 w)
4300,576,2023 Titans Second League,2023,32995,03/02/2024,20240203,3299,3305,1,IRENE VILLAGERS 3,3299,TUT 3,3305,Mark Bekker,3146406,9.0,1,37,38,0,4.22,(2 w)
4300,576,2023 Titans Second League,2023,32995,03/02/2024,20240203,3299,3305,1,IRENE VILLAGERS 3,3299,TUT 3,3305,Stefan Grobler,3018230,7.0,0,25,48,1,6.86,(10 w)
4300,576,2023 Titans Second League,2023,32995,03/02/2024,20240203,3299,3305,1,IRENE VILLAGERS 3,3299,TUT 3,3305,Dewald Basson,3018234,9.0,0,37,41,1,4.56,(8 w)
4300,576,2023 Titans Second League,2023,32995,03/02/2024,20240203,3299,3305,1,IRENE VILLAGERS 3,3299,TUT 3,3305,Riaan Scheepers,3713347,4.0,0,13,42,1,10.50,(15 w)
4300,576,2023 Titans Second League,2023,32995,03/02/2024,20240203,3299,3305,1,IRENE VILLAGERS 3,3299,TUT 3,3305,Charl Prinsloo,3018226,4.0,0,11,26,1,6.50,
4300,576,2023 Titans Second League,2023,32995,03/02/2024,20240203,3299,3305,1,IRENE VILLAGERS 3,3299,TUT 3,3305,Micheal Tut3,3772114,3.0,0,7,25,1,8.33,(1 w)
4300,576,2023 Titans Second League,2023,32995,03/02/2024,20240203,3299,3305,2,TUT 3,3305,IRENE VILLAGERS 3,3299,Albert Myburgh,4024779,9.0,1,40,35,2,3.89,(2 w)
4300,576,2023 Titans Second League,2023,32995,03/02/2024,20240203,3299,3305,2,TUT 3,3305,IRENE VILLAGERS 3,3299,Ruan Ebersohn,4024777,8.0,0,32,38,2,4.75,(7 w)
4300,576,2023 Titans Second League,2023,32995,03/02/2024,20240203,3299,3305,2,TUT 3,3305,IRENE VILLAGERS 3,3299,Gerhard Swanepoel,3713453,9.0,2,40,32,1,3.56,(1 w)
4300,576,2023 Titans Second League,2023,32995,03/02/2024,20240203,3299,3305,2,TUT 3,3305,IRENE VILLAGERS 3,3299,Jacques Van Rooyen,3795662,9.0,0,28,64,2,7.11,(10 w)
4300,576,2023 Titans Second League,2023,32995,03/02/2024,20240203,3299,3305,2,TUT 3,3305,IRENE VILLAGERS 3,3299,Kyle Kunneke,2985826,6.0,0,17,39,0,6.50,
4300,576,2023 Titans Second League,2023,32995,03/02/2024,20240203,3299,3305,2,TUT 3,3305,IRENE VILLAGERS 3,3299,Hendré Van Niekerk,3713455,2.3,0,5,27,1,10.80,(5 w)
4299,576,2023 Titans Second League,2023,32995,03/02/2024,20240203,3298,3304,1,CBCOB 3,3298,TUKS 5,3304,Tiaan Engelbrecht,2936837,7.0,3,35,18,1,2.57,(2 w)
4299,576,2023 Titans Second League,2023,32995,03/02/2024,20240203,3298,3304,1,CBCOB 3,3298,TUKS 5,3304,Martin Van Tonder,2840539,5.1,0,19,19,3,3.68,
4299,576,2023 Titans Second League,2023,32995,03/02/2024,20240203,3298,3304,1,CBCOB 3,3298,TUKS 5,3304,Donovan Du Toit,3713457,5.0,0,19,32,1,6.40,(4 w)
4299,576,2023 Titans Second League,2023,32995,03/02/2024,20240203,3298,3304,1,CBCOB 3,3298,TUKS 5,3304,Gerhard De Bruin,2936835,8.0,0,32,29,2,3.62,(2 w)
4299,576,2023 Titans Second League,2023,32995,03/02/2024,20240203,3298,3304,1,CBCOB 3,3298,TUKS 5,3304,Elandré Van Den Berg,3713456,3.0,0,13,12,0,4.00,(3 w1 nb)
4299,576,2023 Titans Second League,2023,32995,03/02/2024,20240203,3298,3304,1,CBCOB 3,3298,TUKS 5,3304,Andre Van Wyk,3266939,6.0,0,25,24,1,4.00,(6 w)
4299,576,2023 Titans Second League,2023,32995,03/02/2024,20240203,3298,3304,1,CBCOB 3,3298,TUKS 5,3304,Riccardo Oosthuizen,2936842,3.0,0,6,30,0,10.00,(6 w)
4299,576,2023 Titans Second League,2023,32995,03/02/2024,20240203,3298,3304,1,CBCOB 3,3298,TUKS 5,3304,Martin Childs-Hurn,2936849,4.0,1,15,17,2,4.25,(2 w)
4299,576,2023 Titans Second League,2023,32995,03/02/2024,20240203,3298,3304,1,CBCOB 3,3298,TUKS 5,3304,Tihardt Kruger,3242942,2.0,0,3,20,0,10.00,(1 w)
4299,576,2023 Titans Second League,2023,32995,03/02/2024,20240203,3298,3304,2,TUKS 5,3304,CBCOB 3,3298,Stephan Van Den Berg,3266950,8.0,0,30,44,0,5.50,(1 w1 nb)
4299,576,2023 Titans Second League,2023,32995,03/02/2024,20240203,3298,3304,2,TUKS 5,3304,CBCOB 3,3298,Alec Cbc,4046235,3.0,0,12,12,0,4.00,(2 w)
4299,576,2023 Titans Second League,2023,32995,03/02/2024,20240203,3298,3304,2,TUKS 5,3304,CBCOB 3,3298,Bernard Wentzel,3928433,5.1,0,18,40,0,7.74,(3 w)
4299,576,2023 Titans Second League,2023,32995,03/02/2024,20240203,3298,3304,2,TUKS 5,3304,CBCOB 3,3298,Rigardt Saaiman,3729566,7.0,0,29,25,3,3.57,(1 w)
4299,576,2023 Titans Second League,2023,32995,03/02/2024,20240203,3298,3304,2,TUKS 5,3304,CBCOB 3,3298,Dylan Kotze,2987579,8.0,0,27,36,1,4.50,(1 w)
4299,576,2023 Titans Second League,2023,32995,03/02/2024,20240203,3298,3304,2,TUKS 5,3304,CBCOB 3,3298,Dillan Chatham,3928461,7.0,0,21,34,1,4.86,(2 w)
4299,576,2023 Titans Second League,2023,32995,03/02/2024,20240203,3298,3304,2,TUKS 5,3304,CBCOB 3,3298,Ruben Rossouw,4046236,3.0,0,10,13,0,4.33,(3 w)
4242,576,2023 Titans Second League,2023,32995,27/01/2024,20240127,3304,3299,1,TUKS 5,3304,IRENE VILLAGERS 3,3299,Matthew Collins,3729933,9.0,0,38,24,0,2.67,(4 w)
4242,576,2023 Titans Second League,2023,32995,27/01/2024,20240127,3304,3299,1,TUKS 5,3304,IRENE VILLAGERS 3,3299,Albert Myburgh,4024779,9.1,2,42,23,3,2.51,(1 w)
4242,576,2023 Titans Second League,2023,32995,27/01/2024,20240127,3304,3299,1,TUKS 5,3304,IRENE VILLAGERS 3,3299,Jacques Van Rooyen,3795662,9.0,0,36,25,1,2.78,
4242,576,2023 Titans Second League,2023,32995,27/01/2024,20240127,3304,3299,1,TUKS 5,3304,IRENE VILLAGERS 3,3299,Sibusiso Mxube,4024776,7.0,0,24,32,2,4.57,(4 w1 nb)
4242,576,2023 Titans Second League,2023,32995,27/01/2024,20240127,3304,3299,1,TUKS 5,3304,IRENE VILLAGERS 3,3299,Ruan Ebersohn,4024777,4.0,0,13,25,0,6.25,
4242,576,2023 Titans Second League,2023,32995,27/01/2024,20240127,3304,3299,1,TUKS 5,3304,IRENE VILLAGERS 3,3299,Kyle Kunneke,2985826,6.5,0,22,25,3,3.66,(1 w)
4242,576,2023 Titans Second League,2023,32995,27/01/2024,20240127,3304,3299,2,IRENE VILLAGERS 3,3299,TUKS 5,3304,Tiaan Engelbrecht,2936837,3.0,0,9,21,1,7.00,
4242,576,2023 Titans Second League,2023,32995,27/01/2024,20240127,3304,3299,2,IRENE VILLAGERS 3,3299,TUKS 5,3304,Martin Van Tonder,2840539,6.0,0,21,36,1,6.00,(3 w)
4242,576,2023 Titans Second League,2023,32995,27/01/2024,20240127,3304,3299,2,IRENE VILLAGERS 3,3299,TUKS 5,3304,Christian Strydom,2936847,7.0,0,26,30,1,4.29,(1 w)
4242,576,2023 Titans Second League,2023,32995,27/01/2024,20240127,3304,3299,2,IRENE VILLAGERS 3,3299,TUKS 5,3304,Elandré Van Den Berg,3713456,4.0,0,16,20,1,5.00,(2 w)
4242,576,2023 Titans Second League,2023,32995,27/01/2024,20240127,3304,3299,2,IRENE VILLAGERS 3,3299,TUKS 5,3304,Aerton Helena,2936841,6.0,1,27,10,2,1.67,
4242,576,2023 Titans Second League,2023,32995,27/01/2024,20240127,3304,3299,2,IRENE VILLAGERS 3,3299,TUKS 5,3304,Nico De Bruyn,3180581,3.0,0,11,12,0,4.00,
4174,576,2023 Titans Second League,2023,32995,21/01/2024,20240121,3300,3304,1,PHSOB 3,3300,TUKS 5,3304,Tiaan Engelbrecht,2936837,6.0,0,25,25,1,4.17,
4174,576,2023 Titans Second League,2023,32995,21/01/2024,20240121,3300,3304,1,PHSOB 3,3300,TUKS 5,3304,Martin Van Tonder,2840539,6.0,0,22,31,1,5.17,(7 w)
4174,576,2023 Titans Second League,2023,32995,21/01/2024,20240121,3300,3304,1,PHSOB 3,3300,TUKS 5,3304,Christian Strydom,2936847,7.0,0,22,52,4,7.43,(5 w)
4174,576,2023 Titans Second League,2023,32995,21/01/2024,20240121,3300,3304,1,PHSOB 3,3300,TUKS 5,3304,Donovan Du Toit,3713457,5.0,0,19,34,1,6.80,(6 w)
4174,576,2023 Titans Second League,2023,32995,21/01/2024,20240121,3300,3304,1,PHSOB 3,3300,TUKS 5,3304,Aerton Helena,2936841,9.0,1,40,16,1,1.78,
4174,576,2023 Titans Second League,2023,32995,21/01/2024,20240121,3300,3304,1,PHSOB 3,3300,TUKS 5,3304,Nico De Bruyn,3180581,4.0,0,14,14,0,3.50,(1 w)
4174,576,2023 Titans Second League,2023,32995,21/01/2024,20240121,3300,3304,1,PHSOB 3,3300,TUKS 5,3304,Riccardo Oosthuizen,2936842,5.0,0,13,37,1,7.40,
4174,576,2023 Titans Second League,2023,32995,21/01/2024,20240121,3300,3304,1,PHSOB 3,3300,TUKS 5,3304,Andre Van Wyk,3266939,3.0,0,7,17,1,5.67,
4174,576,2023 Titans Second League,2023,32995,21/01/2024,20240121,3300,3304,2,TUKS 5,3304,PHSOB 3,3300,Andro Vosloo,3713342,5.0,0,19,23,1,4.60,
4174,576,2023 Titans Second League,2023,32995,21/01/2024,20240121,3300,3304,2,TUKS 5,3304,PHSOB 3,3300,Pippie Kemm,3033949,4.0,0,17,11,0,2.75,(1 w)
4174,576,2023 Titans Second League,2023,32995,21/01/2024,20240121,3300,3304,2,TUKS 5,3304,PHSOB 3,3300,Christo Swanepoel,2936900,9.0,2,35,32,3,3.56,(1 w)
4174,576,2023 Titans Second League,2023,32995,21/01/2024,20240121,3300,3304,2,TUKS 5,3304,PHSOB 3,3300,Steven Meyburgh,2937220,9.0,3,44,13,2,1.44,
4174,576,2023 Titans Second League,2023,32995,21/01/2024,20240121,3300,3304,2,TUKS 5,3304,PHSOB 3,3300,James Twycross,2936917,9.0,0,23,47,2,5.22,
4174,576,2023 Titans Second League,2023,32995,21/01/2024,20240121,3300,3304,2,TUKS 5,3304,PHSOB 3,3300,Duan St Arnaud,3145215,5.0,0,11,32,0,6.40,
4174,576,2023 Titans Second League,2023,32995,21/01/2024,20240121,3300,3304,2,TUKS 5,3304,PHSOB 3,3300,Michael Stoop,2936908,1.2,0,6,2,2,1.50,
4173,576,2023 Titans Second League,2023,32995,20/01/2024,20240120,3298,3302,1,CBCOB 3,3298,SINOVILLE 3,3302,Tiaan Borman,3772082,4.0,0,0,25,3,6.25,(1 w)
4173,576,2023 Titans Second League,2023,32995,20/01/2024,20240120,3298,3302,1,CBCOB 3,3298,SINOVILLE 3,3302,Keaton Steenkamp,2944947,3.0,0,0,21,1,7.00,(1 w)
4173,576,2023 Titans Second League,2023,32995,20/01/2024,20240120,3298,3302,1,CBCOB 3,3298,SINOVILLE 3,3302,Hanco Hertzog,3928457,1.0,0,0,15,0,15.00,(5 w)
4173,576,2023 Titans Second League,2023,32995,20/01/2024,20240120,3298,3302,1,CBCOB 3,3298,SINOVILLE 3,3302,Jp Roets,3031810,4.0,0,0,31,0,7.75,(3 w)
4173,576,2023 Titans Second League,2023,32995,20/01/2024,20240120,3298,3302,1,CBCOB 3,3298,SINOVILLE 3,3302,Berno Klopper,3180553,3.0,0,0,16,0,5.33,(3 w)
4173,576,2023 Titans Second League,2023,32995,20/01/2024,20240120,3298,3302,1,CBCOB 3,3298,SINOVILLE 3,3302,Christo Borman,3928458,2.0,0,0,8,1,4.00,
4173,576,2023 Titans Second League,2023,32995,20/01/2024,20240120,3298,3302,1,CBCOB 3,3298,SINOVILLE 3,3302,Tiaan Lotter,2934784,1.0,0,0,12,0,12.00,
4173,576,2023 Titans Second League,2023,32995,20/01/2024,20240120,3298,3302,1,CBCOB 3,3298,SINOVILLE 3,3302,Duane Kruger,3928459,2.0,0,0,13,1,6.50,(3 w)
4173,576,2023 Titans Second League,2023,32995,20/01/2024,20240120,3298,3302,2,SINOVILLE 3,3302,CBCOB 3,3298,Jaden Beukes,3783165,3.4,0,0,24,1,6.55,(3 w)
4173,576,2023 Titans Second League,2023,32995,20/01/2024,20240120,3298,3302,2,SINOVILLE 3,3302,CBCOB 3,3298,Bernard Wentzel,3928433,4.0,1,0,32,1,8.00,(6 w)
4173,576,2023 Titans Second League,2023,32995,20/01/2024,20240120,3298,3302,2,SINOVILLE 3,3302,CBCOB 3,3298,Rigardt Saaiman,3729566,4.0,0,0,13,0,3.25,
4173,576,2023 Titans Second League,2023,32995,20/01/2024,20240120,3298,3302,2,SINOVILLE 3,3302,CBCOB 3,3298,Dian Van Der Walt,2936868,1.0,0,0,11,0,11.00,(3 w)
4173,576,2023 Titans Second League,2023,32995,20/01/2024,20240120,3298,3302,2,SINOVILLE 3,3302,CBCOB 3,3298,Dillan Chatham,3928461,4.0,0,0,40,3,10.00,
4173,576,2023 Titans Second League,2023,32995,20/01/2024,20240120,3298,3302,2,SINOVILLE 3,3302,CBCOB 3,3298,Kian Hoeuner,3928431,2.0,0,0,23,0,11.50,(2 w)
4158,576,2023 Titans Second League,2023,32995,20/01/2024,20240120,3307,3305,1,IRENE VILLAGERS 4,3307,TUT 3,3305,Stefan Grobler,3018230,4.0,1,16,23,1,5.75,(3 w1 nb)
4158,576,2023 Titans Second League,2023,32995,20/01/2024,20240120,3307,3305,1,IRENE VILLAGERS 4,3307,TUT 3,3305,Mark Bekker,3146406,6.0,1,31,14,1,2.33,(2 w)
4158,576,2023 Titans Second League,2023,32995,20/01/2024,20240120,3307,3305,1,IRENE VILLAGERS 4,3307,TUT 3,3305,Dewald Basson,3018234,8.0,2,38,34,4,4.25,(12 w)
4158,576,2023 Titans Second League,2023,32995,20/01/2024,20240120,3307,3305,1,IRENE VILLAGERS 4,3307,TUT 3,3305,Riaan Scheepers,3713347,3.0,1,14,12,1,4.00,(2 w)
4158,576,2023 Titans Second League,2023,32995,20/01/2024,20240120,3307,3305,1,IRENE VILLAGERS 4,3307,TUT 3,3305,Wessel Marais,3713343,4.0,0,18,30,2,7.50,(7 w)
4158,576,2023 Titans Second League,2023,32995,20/01/2024,20240120,3307,3305,1,IRENE VILLAGERS 4,3307,TUT 3,3305,Micheal Tut3,3772114,2.0,0,7,10,1,5.00,(1 w)
4158,576,2023 Titans Second League,2023,32995,20/01/2024,20240120,3307,3305,2,TUT 3,3305,IRENE VILLAGERS 4,3307,Ruan Ebersohn,2985830,4.0,2,23,4,0,1.00,(2 w)
4158,576,2023 Titans Second League,2023,32995,20/01/2024,20240120,3307,3305,2,TUT 3,3305,IRENE VILLAGERS 4,3307,Jacques Van Rooyen,3745426,6.3,0,22,27,1,4.15,
4158,576,2023 Titans Second League,2023,32995,20/01/2024,20240120,3307,3305,2,TUT 3,3305,IRENE VILLAGERS 4,3307,Donovan Kretschmer,3749171,5.0,0,18,31,0,6.20,(3 w)
4158,576,2023 Titans Second League,2023,32995,20/01/2024,20240120,3307,3305,2,TUT 3,3305,IRENE VILLAGERS 4,3307,Amohelang Sebati,3795244,3.0,0,11,24,1,8.00,(2 w)
4158,576,2023 Titans Second League,2023,32995,20/01/2024,20240120,3307,3305,2,TUT 3,3305,IRENE VILLAGERS 4,3307,Christoff Pompie Helm,2985831,2.0,0,8,18,0,9.00,
4158,576,2023 Titans Second League,2023,32995,20/01/2024,20240120,3307,3305,2,TUT 3,3305,IRENE VILLAGERS 4,3307,Gerhard Scheepers,3927337,3.0,0,12,9,3,3.00,(1 w)
4158,576,2023 Titans Second League,2023,32995,20/01/2024,20240120,3307,3305,2,TUT 3,3305,IRENE VILLAGERS 4,3307,Gerbrandt Viviers,3018253,1.0,0,4,15,0,15.00,(0 w3 nb)
4126,576,2023 Titans Second League,2023,32995,13/01/2024,20240113,3299,3298,1,IRENE VILLAGERS 3,3299,CBCOB 3,3298,Jaden Beukes,3783165,5.0,0,16,40,0,8.00,(1 w)
4126,576,2023 Titans Second League,2023,32995,13/01/2024,20240113,3299,3298,1,IRENE VILLAGERS 3,3299,CBCOB 3,3298,Ivan Havenga,3729571,4.3,0,15,43,1,9.56,(2 w)
4126,576,2023 Titans Second League,2023,32995,13/01/2024,20240113,3299,3298,1,IRENE VILLAGERS 3,3299,CBCOB 3,3298,Rigardt Saaiman,3729566,9.0,0,38,28,3,3.11,(1 w)
4126,576,2023 Titans Second League,2023,32995,13/01/2024,20240113,3299,3298,1,IRENE VILLAGERS 3,3299,CBCOB 3,3298,Devon Almeida,3242449,8.0,0,29,44,3,5.50,(7 w3 nb)
4126,576,2023 Titans Second League,2023,32995,13/01/2024,20240113,3299,3298,1,IRENE VILLAGERS 3,3299,CBCOB 3,3298,Francois Viljoen,3912802,9.0,0,30,48,0,5.33,(6 w)
4126,576,2023 Titans Second League,2023,32995,13/01/2024,20240113,3299,3298,1,IRENE VILLAGERS 3,3299,CBCOB 3,3298,Rudi Loibner,2935397,3.0,0,8,20,0,6.67,
4126,576,2023 Titans Second League,2023,32995,13/01/2024,20240113,3299,3298,1,IRENE VILLAGERS 3,3299,CBCOB 3,3298,Jason Skinner,3912803,3.0,0,10,16,0,5.33,(2 w)
4122,576,2023 Titans Second League,2023,32995,13/01/2024,20240113,3304,3307,1,TUKS 5,3304,IRENE VILLAGERS 4,3307,Matthew Thurbon,2985834,4.0,0,13,34,0,8.50,(3 w)
4122,576,2023 Titans Second League,2023,32995,13/01/2024,20240113,3304,3307,1,TUKS 5,3304,IRENE VILLAGERS 4,3307,Botha Geldenhuis,3795241,9.0,0,35,46,3,5.11,(2 w1 nb)
4122,576,2023 Titans Second League,2023,32995,13/01/2024,20240113,3304,3307,1,TUKS 5,3304,IRENE VILLAGERS 4,3307,Ruan Ebersohn,2985830,5.0,0,21,22,1,4.40,(3 w)
4122,576,2023 Titans Second League,2023,32995,13/01/2024,20240113,3304,3307,1,TUKS 5,3304,IRENE VILLAGERS 4,3307,Jared Fourie,3783167,9.0,1,25,59,0,6.56,(1 w)
4122,576,2023 Titans Second League,2023,32995,13/01/2024,20240113,3304,3307,1,TUKS 5,3304,IRENE VILLAGERS 4,3307,Christoff Pompie Helm,2985831,7.0,0,16,65,0,9.29,(5 w1 nb)
4122,576,2023 Titans Second League,2023,32995,13/01/2024,20240113,3304,3307,1,TUKS 5,3304,IRENE VILLAGERS 4,3307,Amohelang Sebati,3795244,5.0,0,14,41,1,8.20,(3 w2 nb)
4122,576,2023 Titans Second League,2023,32995,13/01/2024,20240113,3304,3307,1,TUKS 5,3304,IRENE VILLAGERS 4,3307,Erick Knoesen,3912420,4.0,0,5,38,2,9.50,(3 w)
4122,576,2023 Titans Second League,2023,32995,13/01/2024,20240113,3304,3307,1,TUKS 5,3304,IRENE VILLAGERS 4,3307,Ryan Thurbon,3771716,2.0,0,7,12,0,6.00,(4 w)
4122,576,2023 Titans Second League,2023,32995,13/01/2024,20240113,3304,3307,2,IRENE VILLAGERS 4,3307,TUKS 5,3304,Tiaan Engelbrecht,2936837,6.0,0,26,15,0,2.50,
4122,576,2023 Titans Second League,2023,32995,13/01/2024,20240113,3304,3307,2,IRENE VILLAGERS 4,3307,TUKS 5,3304,Martin Van Tonder,2840539,4.0,2,22,4,1,1.00,(1 w)
4122,576,2023 Titans Second League,2023,32995,13/01/2024,20240113,3304,3307,2,IRENE VILLAGERS 4,3307,TUKS 5,3304,Christian Strydom,2936847,4.0,1,18,16,2,4.00,(1 w)
4122,576,2023 Titans Second League,2023,32995,13/01/2024,20240113,3304,3307,2,IRENE VILLAGERS 4,3307,TUKS 5,3304,Gerhard De Bruin,2936835,2.0,0,6,15,2,7.50,(2 w)
4003,576,2023 Titans Second League,2023,32995,02/12/2023,20231202,3302,3303,1,SINOVILLE 3,3302,SINOVILLE 4,3303,Wian Van Deventer,3255254,4.0,0,0,11,0,2.75,(1 w)
4003,576,2023 Titans Second League,2023,32995,02/12/2023,20231202,3302,3303,1,SINOVILLE 3,3302,SINOVILLE 4,3303,Ian Dorfling,3795252,5.0,0,0,34,3,6.80,(1 w)
4003,576,2023 Titans Second League,2023,32995,02/12/2023,20231202,3302,3303,1,SINOVILLE 3,3302,SINOVILLE 4,3303,Luca Bairos,3586611,3.0,0,0,27,0,9.00,(1 w)
4003,576,2023 Titans Second League,2023,32995,02/12/2023,20231202,3302,3303,1,SINOVILLE 3,3302,SINOVILLE 4,3303,Stanley Fabri,3056139,3.0,0,0,33,0,11.00,
4003,576,2023 Titans Second League,2023,32995,02/12/2023,20231202,3302,3303,1,SINOVILLE 3,3302,SINOVILLE 4,3303,Jp Roets,3195753,9.0,0,0,59,0,6.56,
4003,576,2023 Titans Second League,2023,32995,02/12/2023,20231202,3302,3303,1,SINOVILLE 3,3302,SINOVILLE 4,3303,Danie Kruger,3745390,3.0,0,0,36,0,12.00,(3 w)
4003,576,2023 Titans Second League,2023,32995,02/12/2023,20231202,3302,3303,1,SINOVILLE 3,3302,SINOVILLE 4,3303,Du Preez Prinsloo,3242451,8.0,0,0,37,0,4.62,(2 w1 nb)
4003,576,2023 Titans Second League,2023,32995,02/12/2023,20231202,3302,3303,1,SINOVILLE 3,3302,SINOVILLE 4,3303,Andre Kruyshaar,3795248,9.0,0,0,54,3,6.00,(3 w)
4003,576,2023 Titans Second League,2023,32995,02/12/2023,20231202,3302,3303,2,SINOVILLE 4,3303,SINOVILLE 3,3302,Juan Van Den Berg,2987480,9.0,1,0,32,5,3.56,
4003,576,2023 Titans Second League,2023,32995,02/12/2023,20231202,3302,3303,2,SINOVILLE 4,3303,SINOVILLE 3,3302,Keaton Steenkamp,2944947,4.0,0,0,31,0,7.75,
4003,576,2023 Titans Second League,2023,32995,02/12/2023,20231202,3302,3303,2,SINOVILLE 4,3303,SINOVILLE 3,3302,Franco Von Mollendorf,3812051,3.0,0,0,31,0,10.33,(3 w)
4003,576,2023 Titans Second League,2023,32995,02/12/2023,20231202,3302,3303,2,SINOVILLE 4,3303,SINOVILLE 3,3302,Keldon Van Zyl,3812052,3.0,0,0,15,1,5.00,(2 w)
4003,576,2023 Titans Second League,2023,32995,02/12/2023,20231202,3302,3303,2,SINOVILLE 4,3303,SINOVILLE 3,3302,Ruan Breytenbach,2936745,5.0,1,0,14,3,2.80,
4003,576,2023 Titans Second League,2023,32995,02/12/2023,20231202,3302,3303,2,SINOVILLE 4,3303,SINOVILLE 3,3302,Tiaan Lotter,2934784,3.0,0,0,29,0,9.67,
4003,576,2023 Titans Second League,2023,32995,02/12/2023,20231202,3302,3303,2,SINOVILLE 4,3303,SINOVILLE 3,3302,Pieter Janse Van Rensburg,2934773,0.4,0,0,1,1,1.50,
3906,576,2023 Titans Second League,2023,32995,25/11/2023,20231125,3302,3299,1,SINOVILLE 3,3302,IRENE VILLAGERS 3,3299,Matthew Collins,3729933,7.0,0,28,32,0,4.57,(3 w)
3906,576,2023 Titans Second League,2023,32995,25/11/2023,20231125,3302,3299,1,SINOVILLE 3,3302,IRENE VILLAGERS 3,3299,Tyler Miller,3729934,5.0,0,16,46,1,9.20,(4 w1 nb)
3906,576,2023 Titans Second League,2023,32995,25/11/2023,20231125,3302,3299,1,SINOVILLE 3,3302,IRENE VILLAGERS 3,3299,Chris Van Niekerk,3713451,6.0,1,19,45,0,7.50,(3 w)
3906,576,2023 Titans Second League,2023,32995,25/11/2023,20231125,3302,3299,1,SINOVILLE 3,3302,IRENE VILLAGERS 3,3299,Jacques Van Rooyen,3795662,9.0,2,37,40,1,4.44,(2 w)
3906,576,2023 Titans Second League,2023,32995,25/11/2023,20231125,3302,3299,1,SINOVILLE 3,3302,IRENE VILLAGERS 3,3299,Kyle Kunneke,2985826,7.0,0,25,35,2,5.00,(2 w)
3906,576,2023 Titans Second League,2023,32995,25/11/2023,20231125,3302,3299,1,SINOVILLE 3,3302,IRENE VILLAGERS 3,3299,Hendré Van Niekerk,3713455,1.0,0,4,12,1,12.00,(9 w1 nb)
3906,576,2023 Titans Second League,2023,32995,25/11/2023,20231125,3302,3299,1,SINOVILLE 3,3302,IRENE VILLAGERS 3,3299,Josh Botes,3795663,3.0,1,12,7,3,2.33,
3906,576,2023 Titans Second League,2023,32995,25/11/2023,20231125,3302,3299,1,SINOVILLE 3,3302,IRENE VILLAGERS 3,3299,Jared Fourie,3795661,1.4,0,9,5,2,3.00,(1 w)
3906,576,2023 Titans Second League,2023,32995,25/11/2023,20231125,3302,3299,2,IRENE VILLAGERS 3,3299,SINOVILLE 3,3302,Keaton Steenkamp,2944947,4.5,0,21,25,2,5.17,(3 w)
3906,576,2023 Titans Second League,2023,32995,25/11/2023,20231125,3302,3299,2,IRENE VILLAGERS 3,3299,SINOVILLE 3,3302,Divan Behrens,3257324,8.0,0,35,44,2,5.50,(11 w1 nb)
3906,576,2023 Titans Second League,2023,32995,25/11/2023,20231125,3302,3299,2,IRENE VILLAGERS 3,3299,SINOVILLE 3,3302,Stephan Lotter,2990921,2.0,0,7,16,0,8.00,(5 w)
3906,576,2023 Titans Second League,2023,32995,25/11/2023,20231125,3302,3299,2,IRENE VILLAGERS 3,3299,SINOVILLE 3,3302,Tiaan Lotter,2934784,9.0,0,29,50,1,5.56,(1 w1 nb)
3906,576,2023 Titans Second League,2023,32995,25/11/2023,20231125,3302,3299,2,IRENE VILLAGERS 3,3299,SINOVILLE 3,3302,Jp Roets,3031810,9.0,1,28,41,3,4.56,(4 w)
3906,576,2023 Titans Second League,2023,32995,25/11/2023,20231125,3302,3299,2,IRENE VILLAGERS 3,3299,SINOVILLE 3,3302,Dieter Munnik,3795659,3.0,0,8,18,0,6.00,(3 w)
3906,576,2023 Titans Second League,2023,32995,25/11/2023,20231125,3302,3299,2,IRENE VILLAGERS 3,3299,SINOVILLE 3,3302,Ruben Munnik,3795660,5.0,0,17,22,2,4.40,(2 w1 nb)
3901,576,2023 Titans Second League,2023,32995,25/11/2023,20231125,3298,3300,1,CBCOB 3,3298,PHSOB 3,3300,Andro Vosloo,3713342,5.0,1,21,37,2,7.40,(3 w)
3901,576,2023 Titans Second League,2023,32995,25/11/2023,20231125,3298,3300,1,CBCOB 3,3298,PHSOB 3,3300,Regan Pruss,3713341,5.0,2,25,14,0,2.80,
3901,576,2023 Titans Second League,2023,32995,25/11/2023,20231125,3298,3300,1,CBCOB 3,3298,PHSOB 3,3300,Ruan Brenner,3180560,9.0,1,42,40,2,4.44,(11 w)
3901,576,2023 Titans Second League,2023,32995,25/11/2023,20231125,3298,3300,1,CBCOB 3,3298,PHSOB 3,3300,Pippie Kemm,3033949,5.0,1,25,14,0,2.80,(2 w)
3901,576,2023 Titans Second League,2023,32995,25/11/2023,20231125,3298,3300,1,CBCOB 3,3298,PHSOB 3,3300,Justin Van Bassen,2936896,6.5,1,26,38,5,5.56,
3901,576,2023 Titans Second League,2023,32995,25/11/2023,20231125,3298,3300,1,CBCOB 3,3298,PHSOB 3,3300,James Twycross,2936917,3.0,0,14,9,1,3.00,
3901,576,2023 Titans Second League,2023,32995,25/11/2023,20231125,3298,3300,2,PHSOB 3,3300,CBCOB 3,3298,Ivan Havenga,3729571,6.0,1,23,37,1,6.17,(4 w1 nb)
3901,576,2023 Titans Second League,2023,32995,25/11/2023,20231125,3298,3300,2,PHSOB 3,3300,CBCOB 3,3298,Dian Van Der Walt,2936868,4.0,1,23,13,1,3.25,(12 w)
3901,576,2023 Titans Second League,2023,32995,25/11/2023,20231125,3298,3300,2,PHSOB 3,3300,CBCOB 3,3298,Motheo B,3795621,6.3,1,29,37,0,5.69,(8 w)
3901,576,2023 Titans Second League,2023,32995,25/11/2023,20231125,3298,3300,2,PHSOB 3,3300,CBCOB 3,3298,Raymond Vd Berg,3795619,5.0,2,22,24,0,4.80,
3901,576,2023 Titans Second League,2023,32995,25/11/2023,20231125,3298,3300,2,PHSOB 3,3300,CBCOB 3,3298,Rigardt Saaiman,3729566,3.0,0,10,24,0,8.00,
3901,576,2023 Titans Second League,2023,32995,25/11/2023,20231125,3298,3300,2,PHSOB 3,3300,CBCOB 3,3298,Johan Broekman,3069548,2.0,0,7,26,0,13.00,(6 w)
3892,576,2023 Titans Second League,2023,32995,25/11/2023,20231125,3303,3307,1,SINOVILLE 4,3303,IRENE VILLAGERS 4,3307,Elro Van Der Heever,3745425,5.0,0,21,34,0,6.80,(1 w)
3892,576,2023 Titans Second League,2023,32995,25/11/2023,20231125,3303,3307,1,SINOVILLE 4,3303,IRENE VILLAGERS 4,3307,Ruan Ebersohn,2985830,5.0,0,20,34,1,6.80,(6 w)
3892,576,2023 Titans Second League,2023,32995,25/11/2023,20231125,3303,3307,1,SINOVILLE 4,3303,IRENE VILLAGERS 4,3307,Botha Geldenhuis,3795241,5.0,0,21,25,1,5.00,(2 w1 nb)
3892,576,2023 Titans Second League,2023,32995,25/11/2023,20231125,3303,3307,1,SINOVILLE 4,3303,IRENE VILLAGERS 4,3307,Christoff Pompie Helm,2985831,9.0,1,36,24,2,2.67,(3 w)
3892,576,2023 Titans Second League,2023,32995,25/11/2023,20231125,3303,3307,1,SINOVILLE 4,3303,IRENE VILLAGERS 4,3307,Matthew Thurbon,2985834,1.0,0,2,6,0,6.00,
3892,576,2023 Titans Second League,2023,32995,25/11/2023,20231125,3303,3307,1,SINOVILLE 4,3303,IRENE VILLAGERS 4,3307,Amohelang Sebati,3795244,2.0,0,3,26,1,13.00,(3 w1 nb)
3892,576,2023 Titans Second League,2023,32995,25/11/2023,20231125,3303,3307,1,SINOVILLE 4,3303,IRENE VILLAGERS 4,3307,Logan Claasen,3795243,5.3,0,15,31,2,5.64,(0 w1 nb)
3892,576,2023 Titans Second League,2023,32995,25/11/2023,20231125,3303,3307,1,SINOVILLE 4,3303,IRENE VILLAGERS 4,3307,Stefan Strydom,2985833,4.0,1,14,19,2,4.75,(2 w)
3892,576,2023 Titans Second League,2023,32995,25/11/2023,20231125,3303,3307,2,IRENE VILLAGERS 4,3307,SINOVILLE 4,3303,Dries Van Der Lith,2934771,7.0,0,31,33,1,4.71,(11 w)
3892,576,2023 Titans Second League,2023,32995,25/11/2023,20231125,3303,3307,2,IRENE VILLAGERS 4,3307,SINOVILLE 4,3303,Deon Van Huysteen,3795246,3.0,0,12,22,0,7.33,(1 w)
3892,576,2023 Titans Second League,2023,32995,25/11/2023,20231125,3303,3307,2,IRENE VILLAGERS 4,3307,SINOVILLE 4,3303,Luca Bairos,3586611,5.0,0,26,9,0,1.80,(2 w)
3892,576,2023 Titans Second League,2023,32995,25/11/2023,20231125,3303,3307,2,IRENE VILLAGERS 4,3307,SINOVILLE 4,3303,Aidan Van Der Westhuizen,3795247,3.1,0,12,15,4,4.74,(4 w)
3892,576,2023 Titans Second League,2023,32995,25/11/2023,20231125,3303,3307,2,IRENE VILLAGERS 4,3307,SINOVILLE 4,3303,Stanley Fabri,3056139,4.0,1,20,12,0,3.00,(1 w)
3892,576,2023 Titans Second League,2023,32995,25/11/2023,20231125,3303,3307,2,IRENE VILLAGERS 4,3307,SINOVILLE 4,3303,Du Preez Prinsloo,3242451,4.0,0,13,16,0,4.00,
3892,576,2023 Titans Second League,2023,32995,25/11/2023,20231125,3303,3307,2,IRENE VILLAGERS 4,3307,SINOVILLE 4,3303,Andre Kruyshaar,3795248,9.0,0,38,34,4,3.78,(8 w)
3892,576,2023 Titans Second League,2023,32995,25/11/2023,20231125,3303,3307,2,IRENE VILLAGERS 4,3307,SINOVILLE 4,3303,Ian Dorfling,3795252,2.0,0,10,8,0,4.00,(2 w)
3892,576,2023 Titans Second League,2023,32995,25/11/2023,20231125,3303,3307,2,IRENE VILLAGERS 4,3307,SINOVILLE 4,3303,Marco Rudolph,3795245,1.0,0,6,2,1,2.00,(2 w)
3807,576,2023 Titans Second League,2023,32995,18/11/2023,20231118,3306,3304,1,HARLEQUINS 3,3306,TUKS 5,3304,Martin Van Tonder,2840539,7.0,1,27,36,2,5.14,(1 w)
3807,576,2023 Titans Second League,2023,32995,18/11/2023,20231118,3306,3304,1,HARLEQUINS 3,3306,TUKS 5,3304,Donovan Du Toit,3713457,8.0,0,27,49,1,6.12,(3 w)
3807,576,2023 Titans Second League,2023,32995,18/11/2023,20231118,3306,3304,1,HARLEQUINS 3,3306,TUKS 5,3304,Elandré Van Den Berg,3713456,4.0,1,13,30,1,7.50,(1 w)
3807,576,2023 Titans Second League,2023,32995,18/11/2023,20231118,3306,3304,1,HARLEQUINS 3,3306,TUKS 5,3304,Christian Strydom,2936847,7.0,1,27,34,0,4.86,(6 w)
3807,576,2023 Titans Second League,2023,32995,18/11/2023,20231118,3306,3304,1,HARLEQUINS 3,3306,TUKS 5,3304,Aerton Helena,2936841,8.0,0,29,31,0,3.88,
3807,576,2023 Titans Second League,2023,32995,18/11/2023,20231118,3306,3304,1,HARLEQUINS 3,3306,TUKS 5,3304,Nico De Bruyn,3180581,7.0,0,22,36,0,5.14,(1 w)
3807,576,2023 Titans Second League,2023,32995,18/11/2023,20231118,3306,3304,1,HARLEQUINS 3,3306,TUKS 5,3304,Andre Van Wyk,3266939,2.0,0,3,29,0,14.50,(8 w)
3807,576,2023 Titans Second League,2023,32995,18/11/2023,20231118,3306,3304,1,HARLEQUINS 3,3306,TUKS 5,3304,Martin Childs-Hurn,2936849,2.0,0,4,20,0,10.00,(8 w)
3807,576,2023 Titans Second League,2023,32995,18/11/2023,20231118,3306,3304,2,TUKS 5,3304,HARLEQUINS 3,3306,Burgert Kloppers,3783168,9.0,1,39,33,1,3.67,(5 w)
3807,576,2023 Titans Second League,2023,32995,18/11/2023,20231118,3306,3304,2,TUKS 5,3304,HARLEQUINS 3,3306,Stiaan Schmiedeskamp,3783172,6.0,0,18,49,0,8.17,(13 w)
3807,576,2023 Titans Second League,2023,32995,18/11/2023,20231118,3306,3304,2,TUKS 5,3304,HARLEQUINS 3,3306,Travis Joshua,3783171,4.0,0,11,35,0,8.75,(1 w)
3807,576,2023 Titans Second League,2023,32995,18/11/2023,20231118,3306,3304,2,TUKS 5,3304,HARLEQUINS 3,3306,Joe Vickery,3783170,6.0,0,18,35,1,5.83,(5 w)
3807,576,2023 Titans Second League,2023,32995,18/11/2023,20231118,3306,3304,2,TUKS 5,3304,HARLEQUINS 3,3306,Gerrie Marais,3783169,2.0,0,6,13,1,6.50,
3807,576,2023 Titans Second League,2023,32995,18/11/2023,20231118,3306,3304,2,TUKS 5,3304,HARLEQUINS 3,3306,Pieter Roos,2939189,3.0,0,5,40,1,13.33,(1 w)
3807,576,2023 Titans Second League,2023,32995,18/11/2023,20231118,3306,3304,2,TUKS 5,3304,HARLEQUINS 3,3306,Pete Harlequins 3,3783175,1.0,0,3,7,0,7.00,(3 w)
3806,576,2023 Titans Second League,2023,32995,18/11/2023,20231118,3298,3307,1,CBCOB 3,3298,IRENE VILLAGERS 4,3307,Elro Van Der Heever,3745425,5.0,0,15,43,1,8.60,(3 w)
3806,576,2023 Titans Second League,2023,32995,18/11/2023,20231118,3298,3307,1,CBCOB 3,3298,IRENE VILLAGERS 4,3307,Jacques Van Rooyen,3745426,9.0,0,33,50,5,5.56,(4 w)
3806,576,2023 Titans Second League,2023,32995,18/11/2023,20231118,3298,3307,1,CBCOB 3,3298,IRENE VILLAGERS 4,3307,Donavan Kretschmer,3018251,4.0,1,20,12,1,3.00,(2 w)
3806,576,2023 Titans Second League,2023,32995,18/11/2023,20231118,3298,3307,1,CBCOB 3,3298,IRENE VILLAGERS 4,3307,Ruan Ebersohn,2985830,4.0,0,18,18,1,4.50,(1 w)
3806,576,2023 Titans Second League,2023,32995,18/11/2023,20231118,3298,3307,1,CBCOB 3,3298,IRENE VILLAGERS 4,3307,Christoff Pompie Helm,2985831,5.0,0,12,31,0,6.20,(1 w)
3806,576,2023 Titans Second League,2023,32995,18/11/2023,20231118,3298,3307,1,CBCOB 3,3298,IRENE VILLAGERS 4,3307,Jared Fourie,3783167,0.3,0,2,4,2,8.00,
3806,576,2023 Titans Second League,2023,32995,18/11/2023,20231118,3298,3307,2,IRENE VILLAGERS 4,3307,CBCOB 3,3298,Simion Muller,3783164,2.0,0,5,26,0,13.00,(3 w)
3806,576,2023 Titans Second League,2023,32995,18/11/2023,20231118,3298,3307,2,IRENE VILLAGERS 4,3307,CBCOB 3,3298,Wessel Herbst,3783166,9.0,3,45,20,2,2.22,(4 w1 nb)
3806,576,2023 Titans Second League,2023,32995,18/11/2023,20231118,3298,3307,2,IRENE VILLAGERS 4,3307,CBCOB 3,3298,Paul Gouws,3056110,3.0,0,12,15,1,5.00,(5 w)
3806,576,2023 Titans Second League,2023,32995,18/11/2023,20231118,3298,3307,2,IRENE VILLAGERS 4,3307,CBCOB 3,3298,Rigardt Saaiman,3729566,9.0,0,35,34,2,3.78,
3806,576,2023 Titans Second League,2023,32995,18/11/2023,20231118,3298,3307,2,IRENE VILLAGERS 4,3307,CBCOB 3,3298,Johan Broekman,3069548,5.0,2,23,19,2,3.80,(7 w)
3806,576,2023 Titans Second League,2023,32995,18/11/2023,20231118,3298,3307,2,IRENE VILLAGERS 4,3307,CBCOB 3,3298,Louis Van Zyl,3003071,3.3,0,17,8,1,2.29,(2 w)
3806,576,2023 Titans Second League,2023,32995,18/11/2023,20231118,3298,3307,2,IRENE VILLAGERS 4,3307,CBCOB 3,3298,Jaden Beukes,3783165,3.0,0,15,5,1,1.67,(2 w)
3795,576,2023 Titans Second League,2023,32995,18/11/2023,20231118,3300,3299,1,PHSOB 3,3300,IRENE VILLAGERS 3,3299,Tyler Miller,3729934,9.0,0,24,52,2,5.78,(6 w)
3795,576,2023 Titans Second League,2023,32995,18/11/2023,20231118,3300,3299,1,PHSOB 3,3300,IRENE VILLAGERS 3,3299,Matthew Collins,3729933,8.0,0,32,34,1,4.25,(1 w)
3795,576,2023 Titans Second League,2023,32995,18/11/2023,20231118,3300,3299,1,PHSOB 3,3300,IRENE VILLAGERS 3,3299,Justin Reynolds,3713446,5.0,0,16,32,0,6.40,(1 w)
3795,576,2023 Titans Second League,2023,32995,18/11/2023,20231118,3300,3299,1,PHSOB 3,3300,IRENE VILLAGERS 3,3299,Gerhard Swanepoel,3713453,9.0,1,35,37,2,4.11,(4 w)
3795,576,2023 Titans Second League,2023,32995,18/11/2023,20231118,3300,3299,1,PHSOB 3,3300,IRENE VILLAGERS 3,3299,Kyle Kunneke,2985826,8.0,1,30,33,1,4.12,(7 w)
3795,576,2023 Titans Second League,2023,32995,18/11/2023,20231118,3300,3299,1,PHSOB 3,3300,IRENE VILLAGERS 3,3299,Hendré Van Niekerk,3713455,5.0,0,15,37,2,7.40,(6 w)
3795,576,2023 Titans Second League,2023,32995,18/11/2023,20231118,3300,3299,2,IRENE VILLAGERS 3,3299,PHSOB 3,3300,Regan Pruss,3713341,4.0,0,13,31,1,7.75,(4 w)
3795,576,2023 Titans Second League,2023,32995,18/11/2023,20231118,3300,3299,2,IRENE VILLAGERS 3,3299,PHSOB 3,3300,Christo Swanepoel,2936900,3.5,1,20,10,1,2.61,(3 w)
3795,576,2023 Titans Second League,2023,32995,18/11/2023,20231118,3300,3299,2,IRENE VILLAGERS 3,3299,PHSOB 3,3300,Steven Meyburgh,2937220,6.0,1,27,30,1,5.00,(1 w1 nb)
3795,576,2023 Titans Second League,2023,32995,18/11/2023,20231118,3300,3299,2,IRENE VILLAGERS 3,3299,PHSOB 3,3300,Tyler Lockhart,3772078,2.0,0,2,34,0,17.00,
3795,576,2023 Titans Second League,2023,32995,18/11/2023,20231118,3300,3299,2,IRENE VILLAGERS 3,3299,PHSOB 3,3300,Jj Lesolang,3772080,5.0,0,17,25,0,5.00,(1 w)
3795,576,2023 Titans Second League,2023,32995,18/11/2023,20231118,3300,3299,2,IRENE VILLAGERS 3,3299,PHSOB 3,3300,Justin Van Bassen,2936896,1.1,0,3,9,0,7.71,
3691,576,2023 Titans Second League,2023,32995,11/11/2023,20231111,3305,3304,1,TUT 3,3305,TUKS 5,3304,Tiaan Engelbrecht,2936837,6.0,1,28,15,1,2.50,(0 w1 nb)
3691,576,2023 Titans Second League,2023,32995,11/11/2023,20231111,3305,3304,1,TUT 3,3305,TUKS 5,3304,Martin Van Tonder,2840539,4.0,0,20,17,1,4.25,(7 w)
3691,576,2023 Titans Second League,2023,32995,11/11/2023,20231111,3305,3304,1,TUT 3,3305,TUKS 5,3304,Gerhard De Bruin,2936835,5.0,2,24,17,1,3.40,(2 w)
3691,576,2023 Titans Second League,2023,32995,11/11/2023,20231111,3305,3304,1,TUT 3,3305,TUKS 5,3304,Christian Strydom,2936847,4.0,0,17,24,1,6.00,
3691,576,2023 Titans Second League,2023,32995,11/11/2023,20231111,3305,3304,1,TUT 3,3305,TUKS 5,3304,Aerton Helena,2936841,8.0,1,38,21,1,2.62,(6 w)
3691,576,2023 Titans Second League,2023,32995,11/11/2023,20231111,3305,3304,1,TUT 3,3305,TUKS 5,3304,Donovan Du Toit,3713457,5.0,1,20,24,3,4.80,
3691,576,2023 Titans Second League,2023,32995,11/11/2023,20231111,3305,3304,1,TUT 3,3305,TUKS 5,3304,Lehlohonolo Moshoati,3266899,3.5,0,17,13,2,3.39,(3 w)
3691,576,2023 Titans Second League,2023,32995,11/11/2023,20231111,3305,3304,1,TUT 3,3305,TUKS 5,3304,Andre Van Wyk,3266939,1.0,0,5,4,0,4.00,
3691,576,2023 Titans Second League,2023,32995,11/11/2023,20231111,3305,3304,2,TUKS 5,3304,TUT 3,3305,Nico Minnaar,3713344,7.0,0,23,50,2,7.14,(3 w)
3691,576,2023 Titans Second League,2023,32995,11/11/2023,20231111,3305,3304,2,TUKS 5,3304,TUT 3,3305,Stefan Grobler,3018230,3.0,0,7,30,0,10.00,(1 w1 nb)
3691,576,2023 Titans Second League,2023,32995,11/11/2023,20231111,3305,3304,2,TUKS 5,3304,TUT 3,3305,Mark Bekker,3146406,6.2,0,24,35,0,5.53,(3 w)
3691,576,2023 Titans Second League,2023,32995,11/11/2023,20231111,3305,3304,2,TUKS 5,3304,TUT 3,3305,Dewald Basson,3018234,3.0,0,7,19,0,6.33,
3689,576,2023 Titans Second League,2023,32995,11/11/2023,20231111,3300,3302,1,PHSOB 3,3300,SINOVILLE 3,3302,Wian Van Deventer,3257325,6.0,1,30,14,2,2.33,(1 w1 nb)
3689,576,2023 Titans Second League,2023,32995,11/11/2023,20231111,3300,3302,1,PHSOB 3,3300,SINOVILLE 3,3302,Stanley Fabri,3056139,7.4,2,31,41,3,5.35,
3689,576,2023 Titans Second League,2023,32995,11/11/2023,20231111,3300,3302,1,PHSOB 3,3300,SINOVILLE 3,3302,Andre Kruyshaar,3772081,4.0,0,13,47,0,11.75,(0 w2 nb)
3689,576,2023 Titans Second League,2023,32995,11/11/2023,20231111,3300,3302,1,PHSOB 3,3300,SINOVILLE 3,3302,Hendre Du Toit,2987477,9.0,0,36,46,2,5.11,(1 w)
3689,576,2023 Titans Second League,2023,32995,11/11/2023,20231111,3300,3302,1,PHSOB 3,3300,SINOVILLE 3,3302,Berno Klopper,3180553,4.0,0,13,36,0,9.00,(4 w)
3689,576,2023 Titans Second League,2023,32995,11/11/2023,20231111,3300,3302,1,PHSOB 3,3300,SINOVILLE 3,3302,Quintin Pretorius,3745417,8.0,0,29,54,1,6.75,
3689,576,2023 Titans Second League,2023,32995,11/11/2023,20231111,3300,3302,1,PHSOB 3,3300,SINOVILLE 3,3302,Andre Schoombee,3772084,2.0,0,4,29,0,14.50,(2 w)
3689,576,2023 Titans Second League,2023,32995,11/11/2023,20231111,3300,3302,1,PHSOB 3,3300,SINOVILLE 3,3302,Tiaan Borman,3772082,3.0,0,11,26,1,8.67,(6 w)
3689,576,2023 Titans Second League,2023,32995,11/11/2023,20231111,3300,3302,2,SINOVILLE 3,3302,PHSOB 3,3300,Regan Pruss,3713341,5.0,1,22,36,0,7.20,(1 w)
3689,576,2023 Titans Second League,2023,32995,11/11/2023,20231111,3300,3302,2,SINOVILLE 3,3302,PHSOB 3,3300,Andro Vosloo,3713342,5.0,0,19,48,2,9.60,
3689,576,2023 Titans Second League,2023,32995,11/11/2023,20231111,3300,3302,2,SINOVILLE 3,3302,PHSOB 3,3300,Christo Swanepoel,2936900,7.2,1,30,36,3,4.91,(3 w)
3689,576,2023 Titans Second League,2023,32995,11/11/2023,20231111,3300,3302,2,SINOVILLE 3,3302,PHSOB 3,3300,Steven Meyburgh,2937220,7.0,0,26,44,4,6.29,(5 w)
3683,576,2023 Titans Second League,2023,32995,11/11/2023,20231111,3307,3299,1,IRENE VILLAGERS 4,3307,IRENE VILLAGERS 3,3299,Juan Van Der Westhuizen,3771719,8.0,0,37,31,3,3.88,(9 w)
3683,576,2023 Titans Second League,2023,32995,11/11/2023,20231111,3307,3299,1,IRENE VILLAGERS 4,3307,IRENE VILLAGERS 3,3299,Chris Van Niekerk,3713451,5.0,0,18,32,1,6.40,
3683,576,2023 Titans Second League,2023,32995,11/11/2023,20231111,3307,3299,1,IRENE VILLAGERS 4,3307,IRENE VILLAGERS 3,3299,Matthew Collins,3729933,9.0,1,39,44,0,4.89,(1 w)
3683,576,2023 Titans Second League,2023,32995,11/11/2023,20231111,3307,3299,1,IRENE VILLAGERS 4,3307,IRENE VILLAGERS 3,3299,Kyle Kunneke,2985826,9.0,1,39,28,3,3.11,(5 w)
3683,576,2023 Titans Second League,2023,32995,11/11/2023,20231111,3307,3299,1,IRENE VILLAGERS 4,3307,IRENE VILLAGERS 3,3299,Gerhard Swanepoel,3713453,5.0,0,17,32,2,6.40,(3 w)
3683,576,2023 Titans Second League,2023,32995,11/11/2023,20231111,3307,3299,1,IRENE VILLAGERS 4,3307,IRENE VILLAGERS 3,3299,Divan Cilliers,3713448,3.0,0,7,32,0,10.67,
3683,576,2023 Titans Second League,2023,32995,11/11/2023,20231111,3307,3299,2,IRENE VILLAGERS 3,3299,IRENE VILLAGERS 4,3307,Mulder Kotze,2985832,2.0,0,4,33,0,16.50,(5 w)
3683,576,2023 Titans Second League,2023,32995,11/11/2023,20231111,3307,3299,2,IRENE VILLAGERS 3,3299,IRENE VILLAGERS 4,3307,Jacques Van Rooyen,3745426,9.0,0,35,48,0,5.33,(5 w)
3683,576,2023 Titans Second League,2023,32995,11/11/2023,20231111,3307,3299,2,IRENE VILLAGERS 3,3299,IRENE VILLAGERS 4,3307,Ruan Ebersohn,2985830,6.0,0,19,35,2,5.83,(3 w)
3683,576,2023 Titans Second League,2023,32995,11/11/2023,20231111,3307,3299,2,IRENE VILLAGERS 3,3299,IRENE VILLAGERS 4,3307,Donavan Kretschmer,3018251,7.5,0,31,29,0,3.70,(2 w)
3683,576,2023 Titans Second League,2023,32995,11/11/2023,20231111,3307,3299,2,IRENE VILLAGERS 3,3299,IRENE VILLAGERS 4,3307,Christoff Pompie Helm,2985831,5.0,0,15,20,0,4.00,
3683,576,2023 Titans Second League,2023,32995,11/11/2023,20231111,3307,3299,2,IRENE VILLAGERS 3,3299,IRENE VILLAGERS 4,3307,Gunter Geyser,3771717,4.0,0,11,27,1,6.75,
3581,576,2023 Titans Second League,2023,32995,04/11/2023,20231104,3302,3304,1,SINOVILLE 3,3302,TUKS 5,3304,Martin Van Tonder,2840539,4.0,0,14,32,1,8.00,(4 w)
3581,576,2023 Titans Second League,2023,32995,04/11/2023,20231104,3302,3304,1,SINOVILLE 3,3302,TUKS 5,3304,Donovan Du Toit,3713457,4.0,0,16,24,0,6.00,
3581,576,2023 Titans Second League,2023,32995,04/11/2023,20231104,3302,3304,1,SINOVILLE 3,3302,TUKS 5,3304,Aerton Helena,2936841,4.1,1,16,23,2,5.52,(1 w)
3581,576,2023 Titans Second League,2023,32995,04/11/2023,20231104,3302,3304,1,SINOVILLE 3,3302,TUKS 5,3304,Elandré Van Den Berg,3713456,4.0,0,13,23,2,5.75,(1 w)
3581,576,2023 Titans Second League,2023,32995,04/11/2023,20231104,3302,3304,1,SINOVILLE 3,3302,TUKS 5,3304,Nico De Bruyn,3180581,3.0,0,11,21,1,7.00,(2 w)
3581,576,2023 Titans Second League,2023,32995,04/11/2023,20231104,3302,3304,1,SINOVILLE 3,3302,TUKS 5,3304,Lee-John Maans,3759628,3.0,0,10,13,1,4.33,(2 w)
3581,576,2023 Titans Second League,2023,32995,04/11/2023,20231104,3302,3304,1,SINOVILLE 3,3302,TUKS 5,3304,Riccardo Oosthuizen,2936842,4.0,0,15,12,1,3.00,(1 w)
3581,576,2023 Titans Second League,2023,32995,04/11/2023,20231104,3302,3304,1,SINOVILLE 3,3302,TUKS 5,3304,Andre Van Wyk,3266939,4.0,1,17,11,2,2.75,(2 w)
3581,576,2023 Titans Second League,2023,32995,04/11/2023,20231104,3302,3304,2,TUKS 5,3304,SINOVILLE 3,3302,Kenny Rothe,3759636,6.0,0,22,35,0,5.83,(4 w1 nb)
3581,576,2023 Titans Second League,2023,32995,04/11/2023,20231104,3302,3304,2,TUKS 5,3304,SINOVILLE 3,3302,Jaco Ferreira,3759639,5.0,1,24,12,0,2.40,(3 w)
3581,576,2023 Titans Second League,2023,32995,04/11/2023,20231104,3302,3304,2,TUKS 5,3304,SINOVILLE 3,3302,Seun Bornman,3759631,9.0,0,31,40,3,4.44,
3581,576,2023 Titans Second League,2023,32995,04/11/2023,20231104,3302,3304,2,TUKS 5,3304,SINOVILLE 3,3302,Renier Bornman,3759634,9.0,0,31,43,3,4.78,(3 w)
3581,576,2023 Titans Second League,2023,32995,04/11/2023,20231104,3302,3304,2,TUKS 5,3304,SINOVILLE 3,3302,Ivan Schoeman,3759630,2.5,0,11,13,1,4.59,
3581,576,2023 Titans Second League,2023,32995,04/11/2023,20231104,3302,3304,2,TUKS 5,3304,SINOVILLE 3,3302,Riaan Labuschagne,3759632,2.0,0,8,9,2,4.50,(1 w)
3428,576,2023 Titans Second League,2023,32995,28/10/2023,20231028,3299,3306,1,IRENE VILLAGERS 3,3299,HARLEQUINS 3,3306,Christiaan Steyn,3179091,5.0,0,19,34,0,6.80,(0 w1 nb)
3428,576,2023 Titans Second League,2023,32995,28/10/2023,20231028,3299,3306,1,IRENE VILLAGERS 3,3299,HARLEQUINS 3,3306,Oliver Beauclerk,2934812,7.0,0,32,28,3,4.00,(5 w)
3428,576,2023 Titans Second League,2023,32995,28/10/2023,20231028,3299,3306,1,IRENE VILLAGERS 3,3299,HARLEQUINS 3,3306,Gilan Mellet,3163470,3.0,0,12,14,0,4.67,(4 w2 nb)
3428,576,2023 Titans Second League,2023,32995,28/10/2023,20231028,3299,3306,1,IRENE VILLAGERS 3,3299,HARLEQUINS 3,3306,Etienne Tait,3745434,8.0,1,32,30,3,3.75,(1 w)
3428,576,2023 Titans Second League,2023,32995,28/10/2023,20231028,3299,3306,1,IRENE VILLAGERS 3,3299,HARLEQUINS 3,3306,Niel Alberts,3745436,4.0,1,15,19,2,4.75,(1 w)
3428,576,2023 Titans Second League,2023,32995,28/10/2023,20231028,3299,3306,1,IRENE VILLAGERS 3,3299,HARLEQUINS 3,3306,Pieter Roos,2939189,2.0,0,5,18,0,9.00,
3428,576,2023 Titans Second League,2023,32995,28/10/2023,20231028,3299,3306,1,IRENE VILLAGERS 3,3299,HARLEQUINS 3,3306,Travis Joshua,3678955,1.5,0,7,7,2,3.82,
3428,576,2023 Titans Second League,2023,32995,28/10/2023,20231028,3299,3306,2,HARLEQUINS 3,3306,IRENE VILLAGERS 3,3299,Matthew Collins,3729933,9.0,2,42,33,3,3.67,(1 w)
3428,576,2023 Titans Second League,2023,32995,28/10/2023,20231028,3299,3306,2,HARLEQUINS 3,3306,IRENE VILLAGERS 3,3299,Ruben Van Vuuren,3713452,3.0,0,12,22,0,7.33,(4 w)
3428,576,2023 Titans Second League,2023,32995,28/10/2023,20231028,3299,3306,2,HARLEQUINS 3,3306,IRENE VILLAGERS 3,3299,Zian De Jager,3745433,9.0,1,35,53,0,5.89,(1 w)
3428,576,2023 Titans Second League,2023,32995,28/10/2023,20231028,3299,3306,2,HARLEQUINS 3,3306,IRENE VILLAGERS 3,3299,Tyler Miller,3729934,4.3,0,18,26,1,5.78,(6 w1 nb)
3428,576,2023 Titans Second League,2023,32995,28/10/2023,20231028,3299,3306,2,HARLEQUINS 3,3306,IRENE VILLAGERS 3,3299,Kyle Kunneke,2985826,7.0,1,33,14,2,2.00,(4 w)
3426,576,2023 Titans Second League,2023,32995,28/10/2023,20231028,3307,3302,1,IRENE VILLAGERS 4,3307,SINOVILLE 3,3302,Riaan Davel,3163488,8.0,0,29,61,1,7.62,(4 w1 nb)
3426,576,2023 Titans Second League,2023,32995,28/10/2023,20231028,3307,3302,1,IRENE VILLAGERS 4,3307,SINOVILLE 3,3302,Niel Britz,3745418,8.0,0,30,44,2,5.50,(10 w)
3426,576,2023 Titans Second League,2023,32995,28/10/2023,20231028,3307,3302,1,IRENE VILLAGERS 4,3307,SINOVILLE 3,3302,Quintin Pretorius,3745417,8.0,0,26,31,2,3.88,
3426,576,2023 Titans Second League,2023,32995,28/10/2023,20231028,3307,3302,1,IRENE VILLAGERS 4,3307,SINOVILLE 3,3302,Hendre Du Toit,2987477,8.0,0,30,34,3,4.25,(1 w)
3426,576,2023 Titans Second League,2023,32995,28/10/2023,20231028,3307,3302,1,IRENE VILLAGERS 4,3307,SINOVILLE 3,3302,Jp Roets,3031810,7.0,0,22,30,0,4.29,(0 w1 nb)
3426,576,2023 Titans Second League,2023,32995,28/10/2023,20231028,3307,3302,1,IRENE VILLAGERS 4,3307,SINOVILLE 3,3302,Igmar Erasmus,3745422,1.0,0,2,7,0,7.00,
3426,576,2023 Titans Second League,2023,32995,28/10/2023,20231028,3307,3302,2,SINOVILLE 3,3302,IRENE VILLAGERS 4,3307,Matthew Thurbon,2985834,2.0,0,5,28,0,14.00,(3 w)
3426,576,2023 Titans Second League,2023,32995,28/10/2023,20231028,3307,3302,2,SINOVILLE 3,3302,IRENE VILLAGERS 4,3307,Josh Botes,2985840,4.0,0,10,43,0,10.75,(1 w)
3426,576,2023 Titans Second League,2023,32995,28/10/2023,20231028,3307,3302,2,SINOVILLE 3,3302,IRENE VILLAGERS 4,3307,Elro Van Der Heever,3745425,2.0,0,5,18,0,9.00,(4 w)
3426,576,2023 Titans Second League,2023,32995,28/10/2023,20231028,3307,3302,2,SINOVILLE 3,3302,IRENE VILLAGERS 4,3307,Bennie Viljoen,3745424,2.0,0,5,26,1,13.00,(1 w)
3426,576,2023 Titans Second League,2023,32995,28/10/2023,20231028,3307,3302,2,SINOVILLE 3,3302,IRENE VILLAGERS 4,3307,Christoff Pompie Helm,2985831,8.0,1,26,59,5,7.38,(8 w1 nb)
3426,576,2023 Titans Second League,2023,32995,28/10/2023,20231028,3307,3302,2,SINOVILLE 3,3302,IRENE VILLAGERS 4,3307,Jacques Van Rooyen,3745426,6.0,0,20,34,0,5.67,(3 w)
3426,576,2023 Titans Second League,2023,32995,28/10/2023,20231028,3307,3302,2,SINOVILLE 3,3302,IRENE VILLAGERS 4,3307,Donavan Kretschmer,3018251,0.1,0,0,2,0,12.00,(1 w)
3425,576,2023 Titans Second League,2023,32995,28/10/2023,20231028,3303,3304,1,SINOVILLE 4,3303,TUKS 5,3304,Tiaan Engelbrecht,2936837,3.0,0,9,29,0,9.67,
3425,576,2023 Titans Second League,2023,32995,28/10/2023,20231028,3303,3304,1,SINOVILLE 4,3303,TUKS 5,3304,Martin Van Tonder,2840539,4.0,0,12,26,1,6.50,
3425,576,2023 Titans Second League,2023,32995,28/10/2023,20231028,3303,3304,1,SINOVILLE 4,3303,TUKS 5,3304,Donovan Du Toit,3713457,6.0,1,25,35,3,5.83,(2 w)
3425,576,2023 Titans Second League,2023,32995,28/10/2023,20231028,3303,3304,1,SINOVILLE 4,3303,TUKS 5,3304,Gerhard De Bruin,2936835,7.0,0,25,39,3,5.57,
3425,576,2023 Titans Second League,2023,32995,28/10/2023,20231028,3303,3304,1,SINOVILLE 4,3303,TUKS 5,3304,Christian Strydom,2936847,5.0,0,19,27,1,5.40,
3425,576,2023 Titans Second League,2023,32995,28/10/2023,20231028,3303,3304,1,SINOVILLE 4,3303,TUKS 5,3304,Martin Childs-Hurn,2936849,3.0,0,7,24,0,8.00,(3 w)
3425,576,2023 Titans Second League,2023,32995,28/10/2023,20231028,3303,3304,1,SINOVILLE 4,3303,TUKS 5,3304,Nico De Bruyn,3180581,7.0,0,16,37,1,5.29,(1 w)
3425,576,2023 Titans Second League,2023,32995,28/10/2023,20231028,3303,3304,1,SINOVILLE 4,3303,TUKS 5,3304,Riccardo Oosthuizen,2936842,7.0,0,15,52,0,7.43,(2 w)
3425,576,2023 Titans Second League,2023,32995,28/10/2023,20231028,3303,3304,2,TUKS 5,3304,SINOVILLE 4,3303,Keaton Steenkamp,2944947,4.0,0,19,18,2,4.50,(4 w1 nb)
3425,576,2023 Titans Second League,2023,32995,28/10/2023,20231028,3303,3304,2,TUKS 5,3304,SINOVILLE 4,3303,Andre Schoombee,3745389,4.0,0,16,20,1,5.00,(2 w)
3425,576,2023 Titans Second League,2023,32995,28/10/2023,20231028,3303,3304,2,TUKS 5,3304,SINOVILLE 4,3303,Dries Van Der Lith,2934771,6.0,0,16,51,0,8.50,(3 w)
3425,576,2023 Titans Second League,2023,32995,28/10/2023,20231028,3303,3304,2,TUKS 5,3304,SINOVILLE 4,3303,Danie Kruger,3745390,8.0,1,33,41,6,5.12,(8 w)
3425,576,2023 Titans Second League,2023,32995,28/10/2023,20231028,3303,3304,2,TUKS 5,3304,SINOVILLE 4,3303,Reinhardt Hamman,3745388,2.0,0,5,18,0,9.00,
3425,576,2023 Titans Second League,2023,32995,28/10/2023,20231028,3303,3304,2,TUKS 5,3304,SINOVILLE 4,3303,Sub Sub,3745392,2.0,0,9,5,0,2.50,(0 w1 nb)
3425,576,2023 Titans Second League,2023,32995,28/10/2023,20231028,3303,3304,2,TUKS 5,3304,SINOVILLE 4,3303,Maritz Bezuidenhout,3180554,2.0,0,9,5,1,2.50,(1 w)
3281,576,2023 Titans Second League,2023,32995,21/10/2023,20231021,3299,3305,1,IRENE VILLAGERS 3,3299,TUT 3,3305,Charl Foxcroft,2097177,2.0,0,6,22,0,11.00,(6 w)
3281,576,2023 Titans Second League,2023,32995,21/10/2023,20231021,3299,3305,1,IRENE VILLAGERS 3,3299,TUT 3,3305,Riaan Scheepers,3713347,4.0,0,13,20,1,5.00,(2 w)
3281,576,2023 Titans Second League,2023,32995,21/10/2023,20231021,3299,3305,1,IRENE VILLAGERS 3,3299,TUT 3,3305,Dewald Basson,3018234,6.0,0,22,29,0,4.83,(4 w)
3281,576,2023 Titans Second League,2023,32995,21/10/2023,20231021,3299,3305,1,IRENE VILLAGERS 3,3299,TUT 3,3305,Mark Bekker,3146406,5.0,0,18,20,1,4.00,(1 w)
3281,576,2023 Titans Second League,2023,32995,21/10/2023,20231021,3299,3305,1,IRENE VILLAGERS 3,3299,TUT 3,3305,Stefan Grobler,3018230,9.0,0,33,49,2,5.44,(2 w)
3281,576,2023 Titans Second League,2023,32995,21/10/2023,20231021,3299,3305,1,IRENE VILLAGERS 3,3299,TUT 3,3305,Erik Van Deventer,3033825,8.1,0,23,36,3,4.41,
3281,576,2023 Titans Second League,2023,32995,21/10/2023,20231021,3299,3305,1,IRENE VILLAGERS 3,3299,TUT 3,3305,Dirkie Kruger,3713346,4.0,0,15,19,3,4.75,(4 w)
3281,576,2023 Titans Second League,2023,32995,21/10/2023,20231021,3299,3305,2,TUT 3,3305,IRENE VILLAGERS 3,3299,Matthew Collins,3729933,6.0,0,27,22,0,3.67,
3281,576,2023 Titans Second League,2023,32995,21/10/2023,20231021,3299,3305,2,TUT 3,3305,IRENE VILLAGERS 3,3299,Ruben Van Vuuren,3713452,7.0,1,28,39,3,5.57,(6 w)
3281,576,2023 Titans Second League,2023,32995,21/10/2023,20231021,3299,3305,2,TUT 3,3305,IRENE VILLAGERS 3,3299,Richard Williams,3729932,9.0,3,42,32,3,3.56,(6 w)
3281,576,2023 Titans Second League,2023,32995,21/10/2023,20231021,3299,3305,2,TUT 3,3305,IRENE VILLAGERS 3,3299,Tyler Miller,3729934,4.0,0,13,21,0,5.25,(3 w1 nb)
3281,576,2023 Titans Second League,2023,32995,21/10/2023,20231021,3299,3305,2,TUT 3,3305,IRENE VILLAGERS 3,3299,Kyle Kunneke,2985826,6.1,1,27,21,4,3.41,(4 w)
3278,576,2023 Titans Second League,2023,32995,21/10/2023,20231021,3304,3298,1,TUKS 5,3304,CBCOB 3,3298,Ivan Havenga,3729571,4.0,1,20,14,1,3.50,(2 w)
3278,576,2023 Titans Second League,2023,32995,21/10/2023,20231021,3304,3298,1,TUKS 5,3304,CBCOB 3,3298,Paul Gouws,3056110,9.0,0,40,38,2,4.22,(8 w)
3278,576,2023 Titans Second League,2023,32995,21/10/2023,20231021,3304,3298,1,TUKS 5,3304,CBCOB 3,3298,Gerrald Gouws,3056111,6.0,0,21,36,0,6.00,(6 w)
3278,576,2023 Titans Second League,2023,32995,21/10/2023,20231021,3304,3298,1,TUKS 5,3304,CBCOB 3,3298,Louis Van Zyl,3003071,9.0,1,32,45,1,5.00,
3278,576,2023 Titans Second League,2023,32995,21/10/2023,20231021,3304,3298,1,TUKS 5,3304,CBCOB 3,3298,Rigardt Saaiman,3729566,9.0,0,36,38,5,4.22,
3278,576,2023 Titans Second League,2023,32995,21/10/2023,20231021,3304,3298,1,TUKS 5,3304,CBCOB 3,3298,Dillon Kotze,3729565,2.4,0,10,12,1,4.50,
3278,576,2023 Titans Second League,2023,32995,21/10/2023,20231021,3304,3298,1,TUKS 5,3304,CBCOB 3,3298,Ruben Potgieter,3729568,2.0,0,7,5,0,2.50,
3278,576,2023 Titans Second League,2023,32995,21/10/2023,20231021,3304,3298,2,CBCOB 3,3298,TUKS 5,3304,Tiaan Engelbrecht,2936837,6.0,1,30,18,1,3.00,(3 w)
3278,576,2023 Titans Second League,2023,32995,21/10/2023,20231021,3304,3298,2,CBCOB 3,3298,TUKS 5,3304,Martin Van Tonder,2840539,3.0,0,12,20,0,6.67,(1 w)
3278,576,2023 Titans Second League,2023,32995,21/10/2023,20231021,3304,3298,2,CBCOB 3,3298,TUKS 5,3304,Christian Strydom,2936847,3.0,0,10,30,0,10.00,(6 w)
3278,576,2023 Titans Second League,2023,32995,21/10/2023,20231021,3304,3298,2,CBCOB 3,3298,TUKS 5,3304,Gerhard De Bruin,2936835,6.0,0,27,20,0,3.33,(1 w)
3278,576,2023 Titans Second League,2023,32995,21/10/2023,20231021,3304,3298,2,CBCOB 3,3298,TUKS 5,3304,Nico Kruger,2936834,7.0,0,24,43,0,6.14,(4 w)
3278,576,2023 Titans Second League,2023,32995,21/10/2023,20231021,3304,3298,2,CBCOB 3,3298,TUKS 5,3304,Donovan Du Toit,3713457,4.0,0,16,23,0,5.75,
3278,576,2023 Titans Second League,2023,32995,21/10/2023,20231021,3304,3298,2,CBCOB 3,3298,TUKS 5,3304,Nico De Bruyn,3180581,3.0,0,7,18,0,6.00,(1 w)
3278,576,2023 Titans Second League,2023,32995,21/10/2023,20231021,3304,3298,2,CBCOB 3,3298,TUKS 5,3304,Elandré Van Den Berg,3713456,2.2,1,10,11,1,4.71,
3278,576,2023 Titans Second League,2023,32995,21/10/2023,20231021,3304,3298,2,CBCOB 3,3298,TUKS 5,3304,Andre Van Wyk,3266939,2.0,0,6,10,0,5.00,(1 w)
3157,576,2023 Titans Second League,2023,32995,14/10/2023,20231014,3304,3299,1,TUKS 5,3304,IRENE VILLAGERS 3,3299,Bennie Viljoen,3713450,3.0,0,11,20,0,6.67,(6 w)
3157,576,2023 Titans Second League,2023,32995,14/10/2023,20231014,3304,3299,1,TUKS 5,3304,IRENE VILLAGERS 3,3299,Ruben Van Vuuren,3713452,6.0,0,29,23,2,3.83,(7 w)
3157,576,2023 Titans Second League,2023,32995,14/10/2023,20231014,3304,3299,1,TUKS 5,3304,IRENE VILLAGERS 3,3299,Kyle Kunneke,2985826,6.5,1,29,31,5,4.54,(2 w)
3157,576,2023 Titans Second League,2023,32995,14/10/2023,20231014,3304,3299,1,TUKS 5,3304,IRENE VILLAGERS 3,3299,Chris Van Niekerk,3713451,3.0,1,13,14,3,4.67,(1 w)
3157,576,2023 Titans Second League,2023,32995,14/10/2023,20231014,3304,3299,2,IRENE VILLAGERS 3,3299,TUKS 5,3304,Tiaan Engelbrecht,2936837,4.0,1,17,25,2,6.25,(4 w)
3157,576,2023 Titans Second League,2023,32995,14/10/2023,20231014,3304,3299,2,IRENE VILLAGERS 3,3299,TUKS 5,3304,Martin Van Tonder,2840539,4.0,2,21,9,2,2.25,
3157,576,2023 Titans Second League,2023,32995,14/10/2023,20231014,3304,3299,2,IRENE VILLAGERS 3,3299,TUKS 5,3304,Gerhard De Bruin,2936835,3.0,0,9,22,0,7.33,(1 w)
3157,576,2023 Titans Second League,2023,32995,14/10/2023,20231014,3304,3299,2,IRENE VILLAGERS 3,3299,TUKS 5,3304,Christian Strydom,2936847,2.0,0,6,15,1,7.50,(1 w)
3157,576,2023 Titans Second League,2023,32995,14/10/2023,20231014,3304,3299,2,IRENE VILLAGERS 3,3299,TUKS 5,3304,Donovan Du Toit,3713457,1.4,0,8,8,0,4.80,(1 w)
3157,576,2023 Titans Second League,2023,32995,14/10/2023,20231014,3304,3299,2,IRENE VILLAGERS 3,3299,TUKS 5,3304,Martin Childs-Hurn,2936849,1.0,0,2,13,0,13.00,(1 w)
3155,576,2023 Titans Second League,2023,32995,14/10/2023,20231014,3300,3305,1,PHSOB 3,3300,TUT 3,3305,Nico Minnaar,3713344,9.0,2,45,25,2,2.78,(7 w)
3155,576,2023 Titans Second League,2023,32995,14/10/2023,20231014,3300,3305,1,PHSOB 3,3300,TUT 3,3305,Stefan Grobler,3018230,5.2,1,27,17,2,3.19,(2 w3 nb)
3155,576,2023 Titans Second League,2023,32995,14/10/2023,20231014,3300,3305,1,PHSOB 3,3300,TUT 3,3305,Wessel Marais,3713343,5.0,2,26,10,1,2.00,
3155,576,2023 Titans Second League,2023,32995,14/10/2023,20231014,3300,3305,1,PHSOB 3,3300,TUT 3,3305,Dewald Basson,3018234,8.0,2,36,34,2,4.25,
3155,576,2023 Titans Second League,2023,32995,14/10/2023,20231014,3300,3305,1,PHSOB 3,3300,TUT 3,3305,Mark Bekker,3146406,5.0,0,24,14,1,2.80,(7 w)
3155,576,2023 Titans Second League,2023,32995,14/10/2023,20231014,3300,3305,1,PHSOB 3,3300,TUT 3,3305,Charl Foxcroft,2097177,4.0,0,13,28,0,7.00,(1 w)
3155,576,2023 Titans Second League,2023,32995,14/10/2023,20231014,3300,3305,1,PHSOB 3,3300,TUT 3,3305,Riaan Scheepers,3713347,3.0,0,12,7,1,2.33,
3155,576,2023 Titans Second League,2023,32995,14/10/2023,20231014,3300,3305,2,TUT 3,3305,PHSOB 3,3300,Andro Vosloo,3713342,6.0,1,30,20,1,3.33,(2 w)
3155,576,2023 Titans Second League,2023,32995,14/10/2023,20231014,3300,3305,2,TUT 3,3305,PHSOB 3,3300,Christo Swanepoel,2936900,6.0,0,26,30,0,5.00,
3155,576,2023 Titans Second League,2023,32995,14/10/2023,20231014,3300,3305,2,TUT 3,3305,PHSOB 3,3300,Ruan Brenner,3180560,6.2,1,21,51,2,8.05,(3 w)
3155,576,2023 Titans Second League,2023,32995,14/10/2023,20231014,3300,3305,2,TUT 3,3305,PHSOB 3,3300,Steven Meyburgh,2937220,6.0,0,22,42,3,7.00,(4 w)
2320,18,Titans Second League,unknown,32995,25/03/2023,20230325,1196,1197,1,CBCOB 3,1196,TUT 3,1197,Stefan Grobler,3018230,2.0,0,5,20,1,10.00,(5 w)
2320,18,Titans Second League,unknown,32995,25/03/2023,20230325,1196,1197,1,CBCOB 3,1196,TUT 3,1197,Dewald Basson,3018234,2.0,0,5,19,0,9.50,(1 w)
2230,18,Titans Second League,unknown,32995,18/03/2023,20230318,1861,1194,1,TUKS 6,1861,SINOVILLE 3,1194,Divan Behrens,3257324,3.0,0,17,4,1,1.33,(2 w)
2230,18,Titans Second League,unknown,32995,18/03/2023,20230318,1861,1194,1,TUKS 6,1861,SINOVILLE 3,1194,Juan Van Den Berg,2987480,4.0,1,19,14,1,3.50,
2230,18,Titans Second League,unknown,32995,18/03/2023,20230318,1861,1194,1,TUKS 6,1861,SINOVILLE 3,1194,Wian Van Deventer,3257325,2.0,0,10,5,2,2.50,(1 w)
2230,18,Titans Second League,unknown,32995,18/03/2023,20230318,1861,1194,1,TUKS 6,1861,SINOVILLE 3,1194,Jp Roets,3031810,0.3,0,3,0,2,0.00,
2230,18,Titans Second League,unknown,32995,18/03/2023,20230318,1861,1194,2,SINOVILLE 3,1194,TUKS 6,1861,Mohammed Arbaz,2987534,1.0,0,1,15,0,15.00,(0 w1 nb)
2230,18,Titans Second League,unknown,32995,18/03/2023,20230318,1861,1194,2,SINOVILLE 3,1194,TUKS 6,1861,Gian Tuks 6,3163548,1.0,0,4,3,0,3.00,
2230,18,Titans Second League,unknown,32995,18/03/2023,20230318,1861,1194,2,SINOVILLE 3,1194,TUKS 6,1861,Pusoletso Ethan,3277434,1.0,0,3,5,0,5.00,
2230,18,Titans Second League,unknown,32995,18/03/2023,20230318,1861,1194,2,SINOVILLE 3,1194,TUKS 6,1861,Andreas De Lange,2936853,0.1,0,1,3,0,18.00,(3 w)
2226,18,Titans Second League,unknown,32995,18/03/2023,20230318,1860,1197,1,TUKS 5,1860,TUT 3,1197,Stefan Grobler,3018230,4.0,0,15,22,0,5.50,
2226,18,Titans Second League,unknown,32995,18/03/2023,20230318,1860,1197,1,TUKS 5,1860,TUT 3,1197,Dewald Basson,3018234,4.0,0,19,15,1,3.75,(4 w)
2226,18,Titans Second League,unknown,32995,18/03/2023,20230318,1860,1197,1,TUKS 5,1860,TUT 3,1197,Mark Bekker,3146406,4.0,0,10,28,2,7.00,(3 w)
2226,18,Titans Second League,unknown,32995,18/03/2023,20230318,1860,1197,1,TUKS 5,1860,TUT 3,1197,Charl Foxcroft,2097177,3.0,0,8,11,1,3.67,
2226,18,Titans Second League,unknown,32995,18/03/2023,20230318,1860,1197,1,TUKS 5,1860,TUT 3,1197,Barend Huyzer,3018233,3.0,0,7,23,2,7.67,
2226,18,Titans Second League,unknown,32995,18/03/2023,20230318,1860,1197,1,TUKS 5,1860,TUT 3,1197,Jeandre Roux,3018228,2.0,0,3,18,0,9.00,
2226,18,Titans Second League,unknown,32995,18/03/2023,20230318,1860,1197,2,TUT 3,1197,TUKS 5,1860,Martin Van Tonder,2840539,2.0,0,7,16,0,8.00,(1 w)
2226,18,Titans Second League,unknown,32995,18/03/2023,20230318,1860,1197,2,TUT 3,1197,TUKS 5,1860,Gerhard De Bruin,2936835,4.0,0,15,21,2,5.25,
2226,18,Titans Second League,unknown,32995,18/03/2023,20230318,1860,1197,2,TUT 3,1197,TUKS 5,1860,Ivan Venter,2936845,3.0,1,15,10,0,3.33,(1 w)
2226,18,Titans Second League,unknown,32995,18/03/2023,20230318,1860,1197,2,TUT 3,1197,TUKS 5,1860,Aerton Helena,2936841,4.0,0,8,31,0,7.75,(1 w)
2226,18,Titans Second League,unknown,32995,18/03/2023,20230318,1860,1197,2,TUT 3,1197,TUKS 5,1860,Andre Van Wyk,3266939,2.0,0,2,23,0,11.50,(2 w)
2226,18,Titans Second League,unknown,32995,18/03/2023,20230318,1860,1197,2,TUT 3,1197,TUKS 5,1860,Martin Childs-Hurn,2936849,2.0,0,6,17,1,8.50,(1 w)
2226,18,Titans Second League,unknown,32995,18/03/2023,20230318,1860,1197,2,TUT 3,1197,TUKS 5,1860,Hancko Vosser,2936836,0.3,0,2,6,0,12.00,
2224,18,Titans Second League,unknown,32995,18/03/2023,20230318,1193,1196,1,PHSOB 3,1193,CBCOB 3,1196,Devon Almeida,3242449,4.0,1,14,29,1,7.25,(7 w)
2224,18,Titans Second League,unknown,32995,18/03/2023,20230318,1193,1196,1,PHSOB 3,1193,CBCOB 3,1196,Caleb Eckard,3018344,4.0,0,12,36,2,9.00,(4 w)
2224,18,Titans Second League,unknown,32995,18/03/2023,20230318,1193,1196,1,PHSOB 3,1193,CBCOB 3,1196,George Chibweza,3229703,4.0,0,3,50,0,12.50,(2 w)
2224,18,Titans Second League,unknown,32995,18/03/2023,20230318,1193,1196,1,PHSOB 3,1193,CBCOB 3,1196,Chris Koekemoer,3069547,2.0,0,3,29,0,14.50,(1 w)
2224,18,Titans Second League,unknown,32995,18/03/2023,20230318,1193,1196,1,PHSOB 3,1193,CBCOB 3,1196,Deon Van Huyssteen,3018345,1.0,0,2,8,0,8.00,(1 w)
2224,18,Titans Second League,unknown,32995,18/03/2023,20230318,1193,1196,1,PHSOB 3,1193,CBCOB 3,1196,Adriaan Venter,3673677,3.0,0,5,20,1,6.67,(1 w)
2224,18,Titans Second League,unknown,32995,18/03/2023,20230318,1193,1196,1,PHSOB 3,1193,CBCOB 3,1196,Shaun Muirhead,2889022,2.0,0,6,18,1,9.00,(2 w)
2224,18,Titans Second League,unknown,32995,18/03/2023,20230318,1193,1196,2,CBCOB 3,1196,PHSOB 3,1193,Pippie Kemm,3033949,2.0,0,3,31,0,15.50,
2224,18,Titans Second League,unknown,32995,18/03/2023,20230318,1193,1196,2,CBCOB 3,1196,PHSOB 3,1193,Adriaan Ferreira,2936919,3.0,0,9,27,1,9.00,
2224,18,Titans Second League,unknown,32995,18/03/2023,20230318,1193,1196,2,CBCOB 3,1196,PHSOB 3,1193,Christo Swanepoel,2936900,4.0,0,10,28,2,7.00,(1 w)
2224,18,Titans Second League,unknown,32995,18/03/2023,20230318,1193,1196,2,CBCOB 3,1196,PHSOB 3,1193,Steven Meyburgh,2937220,4.0,0,11,22,1,5.50,(2 w)
2224,18,Titans Second League,unknown,32995,18/03/2023,20230318,1193,1196,2,CBCOB 3,1196,PHSOB 3,1193,Uzair Vayani,3018178,3.1,0,11,11,5,3.47,(1 w)
2224,18,Titans Second League,unknown,32995,18/03/2023,20230318,1193,1196,2,CBCOB 3,1196,PHSOB 3,1193,Matt Rogerson,2936914,2.0,0,6,9,1,4.50,
2104,18,Titans Second League,unknown,32995,11/03/2023,20230311,1197,1200,1,TUT 3,1197,SINOVILLE 4,1200,Keaton Steenkamp,2944947,3.0,0,11,20,0,6.67,(2 w1 nb)
2104,18,Titans Second League,unknown,32995,11/03/2023,20230311,1197,1200,1,TUT 3,1197,SINOVILLE 4,1200,Riaan Davel,3163488,4.0,2,20,11,1,2.75,
2104,18,Titans Second League,unknown,32995,11/03/2023,20230311,1197,1200,1,TUT 3,1197,SINOVILLE 4,1200,Dries Van Der Lith,2934771,4.0,0,17,23,2,5.75,(2 w)
2104,18,Titans Second League,unknown,32995,11/03/2023,20230311,1197,1200,1,TUT 3,1197,SINOVILLE 4,1200,Jp Roetz,3267058,4.0,0,11,28,2,7.00,(4 w)
2104,18,Titans Second League,unknown,32995,11/03/2023,20230311,1197,1200,1,TUT 3,1197,SINOVILLE 4,1200,Stanley Fabri,3056139,3.0,1,13,8,1,2.67,
2104,18,Titans Second League,unknown,32995,11/03/2023,20230311,1197,1200,1,TUT 3,1197,SINOVILLE 4,1200,Jean Caudron,3180555,2.0,0,7,13,2,6.50,(2 w1 nb)
2104,18,Titans Second League,unknown,32995,11/03/2023,20230311,1197,1200,2,SINOVILLE 4,1200,TUT 3,1197,Dewald Basson,3018234,3.0,0,9,26,0,8.67,(1 w1 nb)
2104,18,Titans Second League,unknown,32995,11/03/2023,20230311,1197,1200,2,SINOVILLE 4,1200,TUT 3,1197,Charl Foxcroft,2097177,2.0,0,6,20,0,10.00,
2104,18,Titans Second League,unknown,32995,11/03/2023,20230311,1197,1200,2,SINOVILLE 4,1200,TUT 3,1197,Edwin Xx,3267059,1.0,0,2,10,0,10.00,
2104,18,Titans Second League,unknown,32995,11/03/2023,20230311,1197,1200,2,SINOVILLE 4,1200,TUT 3,1197,Erik Van Deventer,3033825,1.0,0,2,11,0,11.00,
2104,18,Titans Second League,unknown,32995,11/03/2023,20230311,1197,1200,2,SINOVILLE 4,1200,TUT 3,1197,Dylan Alberts,3018227,3.1,0,9,16,0,5.05,
2104,18,Titans Second League,unknown,32995,11/03/2023,20230311,1197,1200,2,SINOVILLE 4,1200,TUT 3,1197,Stefan Grobler,3018230,1.0,0,3,9,0,9.00,
2104,18,Titans Second League,unknown,32995,11/03/2023,20230311,1197,1200,2,SINOVILLE 4,1200,TUT 3,1197,Barend Huyzer,3018233,2.0,0,7,11,1,5.50,
2101,18,Titans Second League,unknown,32995,11/03/2023,20230311,1195,1193,1,IRENE VILLAGERS 3,1195,PHSOB 3,1193,Matt Rogerson,2936914,4.0,1,13,23,0,5.75,(1 w)
2101,18,Titans Second League,unknown,32995,11/03/2023,20230311,1195,1193,1,IRENE VILLAGERS 3,1195,PHSOB 3,1193,Tyron Denton,2936916,4.0,0,13,28,0,7.00,(1 w)
2101,18,Titans Second League,unknown,32995,11/03/2023,20230311,1195,1193,1,IRENE VILLAGERS 3,1195,PHSOB 3,1193,Uzair Vayani,3018178,4.0,0,14,13,2,3.25,(3 w)
2101,18,Titans Second League,unknown,32995,11/03/2023,20230311,1195,1193,1,IRENE VILLAGERS 3,1195,PHSOB 3,1193,Steven Meyburgh,2937220,4.0,0,15,10,0,2.50,
2101,18,Titans Second League,unknown,32995,11/03/2023,20230311,1195,1193,1,IRENE VILLAGERS 3,1195,PHSOB 3,1193,Duan St Arnaud,3145215,2.0,0,6,10,2,5.00,(1 w)
2101,18,Titans Second League,unknown,32995,11/03/2023,20230311,1195,1193,1,IRENE VILLAGERS 3,1195,PHSOB 3,1193,Christo Swanepoel,2936900,2.0,0,5,11,0,5.50,
2101,18,Titans Second League,unknown,32995,11/03/2023,20230311,1195,1193,2,PHSOB 3,1193,IRENE VILLAGERS 3,1195,Jacques Joubert,2985795,3.0,0,11,19,0,6.33,
2101,18,Titans Second League,unknown,32995,11/03/2023,20230311,1195,1193,2,PHSOB 3,1193,IRENE VILLAGERS 3,1195,Andre Meintjes Iv,2985799,4.0,1,13,21,0,5.25,(1 w)
2101,18,Titans Second League,unknown,32995,11/03/2023,20230311,1195,1193,2,PHSOB 3,1193,IRENE VILLAGERS 3,1195,Donovan Steinberg,2985796,4.0,1,18,13,2,3.25,
2101,18,Titans Second League,unknown,32995,11/03/2023,20230311,1195,1193,2,PHSOB 3,1193,IRENE VILLAGERS 3,1195,Victor Van Niekerk,2985801,4.0,0,16,15,3,3.75,(2 w)
2101,18,Titans Second League,unknown,32995,11/03/2023,20230311,1195,1193,2,PHSOB 3,1193,IRENE VILLAGERS 3,1195,Tiaan Dorfling,3693408,2.0,0,8,15,0,7.50,(1 w)
2101,18,Titans Second League,unknown,32995,11/03/2023,20230311,1195,1193,2,PHSOB 3,1193,IRENE VILLAGERS 3,1195,Henko Affies,3180556,1.0,0,4,7,0,7.00,
2101,18,Titans Second League,unknown,32995,11/03/2023,20230311,1195,1193,2,PHSOB 3,1193,IRENE VILLAGERS 3,1195,Reynier Swart,2985798,1.0,0,0,10,0,10.00,
2099,18,Titans Second League,unknown,32995,11/03/2023,20230311,1860,1196,1,TUKS 5,1860,CBCOB 3,1196,Micheal Van Der Westhuizen,3069551,4.0,1,19,11,1,2.75,
2099,18,Titans Second League,unknown,32995,11/03/2023,20230311,1860,1196,1,TUKS 5,1860,CBCOB 3,1196,Stephan Van Der Berg,2987583,4.0,0,13,24,1,6.00,(6 w)
2099,18,Titans Second League,unknown,32995,11/03/2023,20230311,1860,1196,1,TUKS 5,1860,CBCOB 3,1196,Devon Almeida,3242449,3.0,0,8,22,1,7.33,
2099,18,Titans Second League,unknown,32995,11/03/2023,20230311,1860,1196,1,TUKS 5,1860,CBCOB 3,1196,Louis Van Zyl,3003071,3.0,0,8,27,1,9.00,
2099,18,Titans Second League,unknown,32995,11/03/2023,20230311,1860,1196,1,TUKS 5,1860,CBCOB 3,1196,Gershwin Reid,3266898,4.0,0,13,15,2,3.75,(1 w)
2099,18,Titans Second League,unknown,32995,11/03/2023,20230311,1860,1196,1,TUKS 5,1860,CBCOB 3,1196,Chris Koekemoer,3069547,2.0,0,7,16,1,8.00,
2099,18,Titans Second League,unknown,32995,11/03/2023,20230311,1860,1196,2,CBCOB 3,1196,TUKS 5,1860,Martin Van Tonder,2840539,4.0,0,13,27,0,6.75,(1 w)
2099,18,Titans Second League,unknown,32995,11/03/2023,20230311,1860,1196,2,CBCOB 3,1196,TUKS 5,1860,Christian Strydom,2936847,3.0,0,8,30,1,10.00,
2099,18,Titans Second League,unknown,32995,11/03/2023,20230311,1860,1196,2,CBCOB 3,1196,TUKS 5,1860,Lehlohonolo Moshoati,3266899,3.0,0,7,29,0,9.67,
2099,18,Titans Second League,unknown,32995,11/03/2023,20230311,1860,1196,2,CBCOB 3,1196,TUKS 5,1860,Gerhard De Bruin,2936835,3.0,0,6,24,0,8.00,(1 w)
2099,18,Titans Second League,unknown,32995,11/03/2023,20230311,1860,1196,2,CBCOB 3,1196,TUKS 5,1860,Andre Van Wyk,3266939,0.2,0,0,3,0,9.00,
2009,18,Titans Second League,unknown,32995,05/03/2023,20230305,1193,1194,1,PHSOB 3,1193,SINOVILLE 3,1194,Wian Van Deventer,3257325,4.0,0,7,34,0,8.50,(1 w)
2009,18,Titans Second League,unknown,32995,05/03/2023,20230305,1193,1194,1,PHSOB 3,1193,SINOVILLE 3,1194,Divan Behrens,3257324,4.0,0,16,31,3,7.75,(8 w3 nb)
2009,18,Titans Second League,unknown,32995,05/03/2023,20230305,1193,1194,1,PHSOB 3,1193,SINOVILLE 3,1194,Braam Sinoville,3257329,4.0,0,14,22,1,5.50,
2009,18,Titans Second League,unknown,32995,05/03/2023,20230305,1193,1194,1,PHSOB 3,1193,SINOVILLE 3,1194,Jp Roets,3031810,4.0,0,10,23,1,5.75,
2009,18,Titans Second League,unknown,32995,05/03/2023,20230305,1193,1194,1,PHSOB 3,1193,SINOVILLE 3,1194,Jeandre Joubert,3257328,4.0,0,12,23,1,5.75,
2009,18,Titans Second League,unknown,32995,05/03/2023,20230305,1193,1194,2,SINOVILLE 3,1194,PHSOB 3,1193,Tyron Denton,2936916,3.0,0,11,22,2,7.33,(1 w)
2009,18,Titans Second League,unknown,32995,05/03/2023,20230305,1193,1194,2,SINOVILLE 3,1194,PHSOB 3,1193,Steven Meyburgh,2937220,4.0,0,12,20,1,5.00,
2009,18,Titans Second League,unknown,32995,05/03/2023,20230305,1193,1194,2,SINOVILLE 3,1194,PHSOB 3,1193,Uzair Vayani,3018178,4.0,0,13,18,1,4.50,(3 w)
2009,18,Titans Second League,unknown,32995,05/03/2023,20230305,1193,1194,2,SINOVILLE 3,1194,PHSOB 3,1193,Matt Rogerson,2936914,4.0,0,5,30,1,7.50,
2009,18,Titans Second League,unknown,32995,05/03/2023,20230305,1193,1194,2,SINOVILLE 3,1194,PHSOB 3,1193,Duan St Arnaud,3145215,3.0,0,6,20,1,6.67,
2009,18,Titans Second League,unknown,32995,05/03/2023,20230305,1193,1194,2,SINOVILLE 3,1194,PHSOB 3,1193,Michael Stoop,2936908,2.0,0,5,10,1,5.00,(2 w)
1998,18,Titans Second League,unknown,32995,04/03/2023,20230304,1195,1196,1,IRENE VILLAGERS 3,1195,CBCOB 3,1196,Playa1 Cbc,3255330,4.0,0,15,13,0,3.25,
1998,18,Titans Second League,unknown,32995,04/03/2023,20230304,1195,1196,1,IRENE VILLAGERS 3,1195,CBCOB 3,1196,Playa2 Cbc,3255331,4.0,0,13,22,2,5.50,(2 w)
1998,18,Titans Second League,unknown,32995,04/03/2023,20230304,1195,1196,1,IRENE VILLAGERS 3,1195,CBCOB 3,1196,Playa3 Cbc,3255332,4.0,0,16,9,1,2.25,
1998,18,Titans Second League,unknown,32995,04/03/2023,20230304,1195,1196,1,IRENE VILLAGERS 3,1195,CBCOB 3,1196,Playa4 Cbc,3255333,2.0,0,6,15,1,7.50,(8 w)
1998,18,Titans Second League,unknown,32995,04/03/2023,20230304,1195,1196,1,IRENE VILLAGERS 3,1195,CBCOB 3,1196,Playa5 Cbc,3255334,2.0,0,8,14,0,7.00,(3 w1 nb)
1998,18,Titans Second League,unknown,32995,04/03/2023,20230304,1195,1196,1,IRENE VILLAGERS 3,1195,CBCOB 3,1196,Playa6 Cbc,3255335,2.0,0,6,13,0,6.50,(1 w)
1998,18,Titans Second League,unknown,32995,04/03/2023,20230304,1195,1196,1,IRENE VILLAGERS 3,1195,CBCOB 3,1196,Playa7 Cbc,3255336,2.0,0,5,17,0,8.50,(1 w)
1998,18,Titans Second League,unknown,32995,04/03/2023,20230304,1195,1196,2,CBCOB 3,1196,IRENE VILLAGERS 3,1195,Jacques Joubert,2985795,4.0,0,15,25,1,6.25,
1998,18,Titans Second League,unknown,32995,04/03/2023,20230304,1195,1196,2,CBCOB 3,1196,IRENE VILLAGERS 3,1195,Donovan Steinberg,2985796,4.0,0,14,16,0,4.00,(2 w)
1998,18,Titans Second League,unknown,32995,04/03/2023,20230304,1195,1196,2,CBCOB 3,1196,IRENE VILLAGERS 3,1195,Tyler Irene,3255327,2.4,0,8,17,0,6.38,
1998,18,Titans Second League,unknown,32995,04/03/2023,20230304,1195,1196,2,CBCOB 3,1196,IRENE VILLAGERS 3,1195,Dawie Kruger,2985805,4.0,0,9,20,0,5.00,
1998,18,Titans Second League,unknown,32995,04/03/2023,20230304,1195,1196,2,CBCOB 3,1196,IRENE VILLAGERS 3,1195,Victor Van Niekerk,2985801,1.0,0,2,18,0,18.00,
1998,18,Titans Second League,unknown,32995,04/03/2023,20230304,1195,1196,2,CBCOB 3,1196,IRENE VILLAGERS 3,1195,Phillp Irene,3255329,1.0,0,4,13,0,13.00,(10 w)
1986,18,Titans Second League,unknown,32995,04/03/2023,20230304,1860,1200,1,TUKS 5,1860,SINOVILLE 4,1200,Eddie Robenson,3255311,4.0,0,11,38,1,9.50,(1 w1 nb)
1986,18,Titans Second League,unknown,32995,04/03/2023,20230304,1860,1200,1,TUKS 5,1860,SINOVILLE 4,1200,Wian Van Deventer,3255254,4.0,0,12,28,1,7.00,(5 w2 nb)
1986,18,Titans Second League,unknown,32995,04/03/2023,20230304,1860,1200,1,TUKS 5,1860,SINOVILLE 4,1200,Jp Roets,3195753,4.1,0,9,27,1,6.48,(1 w)
1986,18,Titans Second League,unknown,32995,04/03/2023,20230304,1860,1200,1,TUKS 5,1860,SINOVILLE 4,1200,Wian Munnik,3198244,4.0,0,15,30,1,7.50,(7 w)
1986,18,Titans Second League,unknown,32995,04/03/2023,20230304,1860,1200,1,TUKS 5,1860,SINOVILLE 4,1200,Byron Slaughter,3226764,2.0,0,5,31,0,15.50,(2 w)
1986,18,Titans Second League,unknown,32995,04/03/2023,20230304,1860,1200,1,TUKS 5,1860,SINOVILLE 4,1200,Rudi Roets,3226769,2.0,0,4,20,0,10.00,(1 w)
1986,18,Titans Second League,unknown,32995,04/03/2023,20230304,1860,1200,2,SINOVILLE 4,1200,TUKS 5,1860,Tiaan Engelbrecht,2936837,3.0,0,12,19,0,6.33,
1986,18,Titans Second League,unknown,32995,04/03/2023,20230304,1860,1200,2,SINOVILLE 4,1200,TUKS 5,1860,Martin Van Tonder,2840539,2.0,0,11,5,0,2.50,(1 w)
1986,18,Titans Second League,unknown,32995,04/03/2023,20230304,1860,1200,2,SINOVILLE 4,1200,TUKS 5,1860,Gerhard De Bruin,2936835,2.0,0,8,13,0,6.50,(4 w)
1986,18,Titans Second League,unknown,32995,04/03/2023,20230304,1860,1200,2,SINOVILLE 4,1200,TUKS 5,1860,Cecil Chitaka,3255253,2.0,0,5,24,0,12.00,(3 w)
1986,18,Titans Second League,unknown,32995,04/03/2023,20230304,1860,1200,2,SINOVILLE 4,1200,TUKS 5,1860,Hancko Vosser,2936836,2.0,0,5,13,0,6.50,(2 w)
1986,18,Titans Second League,unknown,32995,04/03/2023,20230304,1860,1200,2,SINOVILLE 4,1200,TUKS 5,1860,Aerton Helena,2936841,3.0,0,10,14,1,4.67,
1986,18,Titans Second League,unknown,32995,04/03/2023,20230304,1860,1200,2,SINOVILLE 4,1200,TUKS 5,1860,Riccardo Oosthuizen,2936842,2.0,0,5,12,1,6.00,
1986,18,Titans Second League,unknown,32995,04/03/2023,20230304,1860,1200,2,SINOVILLE 4,1200,TUKS 5,1860,Andre Van Wyk,3266939,2.0,0,8,10,2,5.00,
1986,18,Titans Second League,unknown,32995,04/03/2023,20230304,1860,1200,2,SINOVILLE 4,1200,TUKS 5,1860,Martin Childs-Hurn,2936849,2.0,0,3,15,0,7.50,(7 w)
1914,18,Titans Second League,unknown,32995,25/02/2023,20230225,1860,1861,1,TUKS 5,1860,TUKS 6,1861,Mohammed Arbaz,2987534,4.0,1,13,25,0,6.25,(8 w)
1914,18,Titans Second League,unknown,32995,25/02/2023,20230225,1860,1861,1,TUKS 5,1860,TUKS 6,1861,Muhammed Moosa,2987530,3.0,0,8,18,1,6.00,
1914,18,Titans Second League,unknown,32995,25/02/2023,20230225,1860,1861,1,TUKS 5,1860,TUKS 6,1861,Rhys Tuks6,3242941,4.0,0,10,30,0,7.50,(3 w)
1914,18,Titans Second League,unknown,32995,25/02/2023,20230225,1860,1861,1,TUKS 5,1860,TUKS 6,1861,Kofi Essel-Mensah,2987529,4.0,0,10,37,2,9.25,
1914,18,Titans Second League,unknown,32995,25/02/2023,20230225,1860,1861,1,TUKS 5,1860,TUKS 6,1861,Thoriso Dibatana,3018349,2.0,0,2,26,0,13.00,
1914,18,Titans Second League,unknown,32995,25/02/2023,20230225,1860,1861,1,TUKS 5,1860,TUKS 6,1861,Luke Mogagene,2987535,3.0,0,7,31,2,10.33,(0 w1 nb)
1914,18,Titans Second League,unknown,32995,25/02/2023,20230225,1860,1861,2,TUKS 6,1861,TUKS 5,1860,Tiaan Engelbrecht,2936837,4.0,0,17,9,2,2.25,
1914,18,Titans Second League,unknown,32995,25/02/2023,20230225,1860,1861,2,TUKS 6,1861,TUKS 5,1860,Martin Van Tonder,2840539,3.5,0,12,37,0,9.65,(2 w)
1914,18,Titans Second League,unknown,32995,25/02/2023,20230225,1860,1861,2,TUKS 6,1861,TUKS 5,1860,Christian Strydom,2936847,3.0,0,7,23,0,7.67,(4 w)
1914,18,Titans Second League,unknown,32995,25/02/2023,20230225,1860,1861,2,TUKS 6,1861,TUKS 5,1860,Gerhard De Bruin,2936835,2.0,0,5,26,0,13.00,(4 w1 nb)
1914,18,Titans Second League,unknown,32995,25/02/2023,20230225,1860,1861,2,TUKS 6,1861,TUKS 5,1860,Andre Van Wyk,3266939,1.0,0,0,13,0,13.00,
1914,18,Titans Second League,unknown,32995,25/02/2023,20230225,1860,1861,2,TUKS 6,1861,TUKS 5,1860,Nico Kruger,2936834,3.0,0,4,35,0,11.67,(1 w)
1914,18,Titans Second League,unknown,32995,25/02/2023,20230225,1860,1861,2,TUKS 6,1861,TUKS 5,1860,Riccardo Oosthuizen,2936842,2.0,0,5,20,2,10.00,(2 w)
1914,18,Titans Second League,unknown,32995,25/02/2023,20230225,1860,1861,2,TUKS 6,1861,TUKS 5,1860,Tihardt Kruger,3242942,1.0,0,2,10,0,10.00,
1910,18,Titans Second League,unknown,32995,25/02/2023,20230225,1200,1196,1,SINOVILLE 4,1200,CBCOB 3,1196,André Botes,3018347,2.0,0,10,4,0,2.00,(2 w)
1910,18,Titans Second League,unknown,32995,25/02/2023,20230225,1200,1196,1,SINOVILLE 4,1200,CBCOB 3,1196,Louis Van Zyl,3003071,3.0,0,9,25,1,8.33,
1910,18,Titans Second League,unknown,32995,25/02/2023,20230225,1200,1196,1,SINOVILLE 4,1200,CBCOB 3,1196,Caleb Eckard,3018344,2.0,0,9,12,0,6.00,(3 w)
1910,18,Titans Second League,unknown,32995,25/02/2023,20230225,1200,1196,1,SINOVILLE 4,1200,CBCOB 3,1196,Chris Koekemoer,3069547,2.0,0,4,22,0,11.00,
1910,18,Titans Second League,unknown,32995,25/02/2023,20230225,1200,1196,1,SINOVILLE 4,1200,CBCOB 3,1196,Devon Almeida,3242449,4.0,2,19,6,5,1.50,
1910,18,Titans Second League,unknown,32995,25/02/2023,20230225,1200,1196,1,SINOVILLE 4,1200,CBCOB 3,1196,Adriaan Venter,3673677,4.0,0,10,28,0,7.00,(1 w)
1910,18,Titans Second League,unknown,32995,25/02/2023,20230225,1200,1196,1,SINOVILLE 4,1200,CBCOB 3,1196,Bruce Crossey,3018342,3.0,0,9,23,2,7.67,
1910,18,Titans Second League,unknown,32995,25/02/2023,20230225,1200,1196,2,CBCOB 3,1196,SINOVILLE 4,1200,Tumelo Sinoville,3242453,4.0,1,15,25,0,6.25,(1 w)
1910,18,Titans Second League,unknown,32995,25/02/2023,20230225,1200,1196,2,CBCOB 3,1196,SINOVILLE 4,1200,Hossin Rony,3242450,4.0,0,10,50,1,12.50,(3 w)
1910,18,Titans Second League,unknown,32995,25/02/2023,20230225,1200,1196,2,CBCOB 3,1196,SINOVILLE 4,1200,Maans De Roubaix,3242452,1.0,0,1,16,0,16.00,
1910,18,Titans Second League,unknown,32995,25/02/2023,20230225,1200,1196,2,CBCOB 3,1196,SINOVILLE 4,1200,Jp Roets,3195753,2.0,0,5,18,0,9.00,
1910,18,Titans Second League,unknown,32995,25/02/2023,20230225,1200,1196,2,CBCOB 3,1196,SINOVILLE 4,1200,Hendre Du Toit,2987477,1.2,0,4,15,0,11.25,
1861,18,Titans Second League,unknown,32995,19/02/2023,20230219,1194,1196,1,SINOVILLE 3,1194,CBCOB 3,1196,Micheal Van Der Westhuizen,3069551,4.0,1,12,26,1,6.50,
1861,18,Titans Second League,unknown,32995,19/02/2023,20230219,1194,1196,1,SINOVILLE 3,1194,CBCOB 3,1196,Caleb Eckard,3018344,2.0,0,4,26,0,13.00,(5 w)
1861,18,Titans Second League,unknown,32995,19/02/2023,20230219,1194,1196,1,SINOVILLE 3,1194,CBCOB 3,1196,Louis Van Zyl,3003071,4.0,0,16,23,3,5.75,
1861,18,Titans Second League,unknown,32995,19/02/2023,20230219,1194,1196,1,SINOVILLE 3,1194,CBCOB 3,1196,André Botes,3018347,2.4,0,9,27,2,10.12,(4 w)
1861,18,Titans Second League,unknown,32995,19/02/2023,20230219,1194,1196,1,SINOVILLE 3,1194,CBCOB 3,1196,George Chibweza,3229703,4.0,1,17,12,3,3.00,(1 w)
1861,18,Titans Second League,unknown,32995,19/02/2023,20230219,1194,1196,1,SINOVILLE 3,1194,CBCOB 3,1196,Dylan Kotze,2987579,1.0,1,6,0,1,0.00,
1861,18,Titans Second League,unknown,32995,19/02/2023,20230219,1194,1196,2,CBCOB 3,1196,SINOVILLE 3,1194,Juan Matta,3229701,4.0,1,17,27,1,6.75,
1861,18,Titans Second League,unknown,32995,19/02/2023,20230219,1194,1196,2,CBCOB 3,1196,SINOVILLE 3,1194,Xander Venter,3229695,4.0,0,20,13,1,3.25,(1 w2 nb)
1861,18,Titans Second League,unknown,32995,19/02/2023,20230219,1194,1196,2,CBCOB 3,1196,SINOVILLE 3,1194,Jp Roets,3031810,4.0,0,10,19,1,4.75,
1861,18,Titans Second League,unknown,32995,19/02/2023,20230219,1194,1196,2,CBCOB 3,1196,SINOVILLE 3,1194,Berno Klopper,3180553,2.0,0,7,16,0,8.00,(2 w1 nb)
1861,18,Titans Second League,unknown,32995,19/02/2023,20230219,1194,1196,2,CBCOB 3,1196,SINOVILLE 3,1194,Du Preez Prinsloo,3229700,1.0,0,1,18,0,18.00,
1861,18,Titans Second League,unknown,32995,19/02/2023,20230219,1194,1196,2,CBCOB 3,1196,SINOVILLE 3,1194,Jean Coudron,3229696,2.0,0,7,10,1,5.00,
1861,18,Titans Second League,unknown,32995,19/02/2023,20230219,1194,1196,2,CBCOB 3,1196,SINOVILLE 3,1194,Mosleh Uddin,3226767,1.3,0,6,12,2,8.00,
1839,18,Titans Second League,unknown,32995,18/02/2023,20230218,1861,1200,1,TUKS 6,1861,SINOVILLE 4,1200,Stanley Fabri,3056139,3.0,1,15,8,1,2.67,
1839,18,Titans Second League,unknown,32995,18/02/2023,20230218,1861,1200,1,TUKS 6,1861,SINOVILLE 4,1200,Keaton Steenkamp,2944947,4.0,1,16,21,0,5.25,(1 w)
1839,18,Titans Second League,unknown,32995,18/02/2023,20230218,1861,1200,1,TUKS 6,1861,SINOVILLE 4,1200,Jp Roets,3195753,4.0,1,14,19,2,4.75,
1839,18,Titans Second League,unknown,32995,18/02/2023,20230218,1861,1200,1,TUKS 6,1861,SINOVILLE 4,1200,Byron Slaughter,3226764,2.0,0,8,11,1,5.50,(0 w1 nb)
1839,18,Titans Second League,unknown,32995,18/02/2023,20230218,1861,1200,1,TUKS 6,1861,SINOVILLE 4,1200,Mosleh Uddin,3226767,2.0,0,6,10,1,5.00,(1 w)
1839,18,Titans Second League,unknown,32995,18/02/2023,20230218,1861,1200,1,TUKS 6,1861,SINOVILLE 4,1200,Tiaan Lotter,2934784,3.0,0,11,18,2,6.00,
1839,18,Titans Second League,unknown,32995,18/02/2023,20230218,1861,1200,1,TUKS 6,1861,SINOVILLE 4,1200,Jean Caudron,3180555,2.0,0,4,18,1,9.00,
1839,18,Titans Second League,unknown,32995,18/02/2023,20230218,1861,1200,2,SINOVILLE 4,1200,TUKS 6,1861,Thoriso Dibatana,3018349,1.0,0,4,8,0,8.00,
1839,18,Titans Second League,unknown,32995,18/02/2023,20230218,1861,1200,2,SINOVILLE 4,1200,TUKS 6,1861,Puseletso Mogofe,2936856,1.0,0,0,22,0,22.00,
1839,18,Titans Second League,unknown,32995,18/02/2023,20230218,1861,1200,2,SINOVILLE 4,1200,TUKS 6,1861,Janko Roets,2936858,1.0,0,3,18,0,18.00,(4 w)
1839,18,Titans Second League,unknown,32995,18/02/2023,20230218,1861,1200,2,SINOVILLE 4,1200,TUKS 6,1861,Kieran Anderson,2936859,2.0,0,5,29,0,14.50,(0 w2 nb)
1839,18,Titans Second League,unknown,32995,18/02/2023,20230218,1861,1200,2,SINOVILLE 4,1200,TUKS 6,1861,Michael Du Plessis,3226770,1.0,0,2,16,0,16.00,(5 w)
1839,18,Titans Second League,unknown,32995,18/02/2023,20230218,1861,1200,2,SINOVILLE 4,1200,TUKS 6,1861,Muhammed Moosa,2987530,0.4,0,2,12,0,18.00,
1651,18,Titans Second League,unknown,32995,05/02/2023,20230205,1200,1193,1,SINOVILLE 4,1200,PHSOB 3,1193,Justin Fourie,2987524,4.0,0,11,27,1,6.75,(1 w)
1651,18,Titans Second League,unknown,32995,05/02/2023,20230205,1200,1193,1,SINOVILLE 4,1200,PHSOB 3,1193,Steven Meyburgh,2937220,4.0,0,8,32,2,8.00,(2 w)
1651,18,Titans Second League,unknown,32995,05/02/2023,20230205,1200,1193,1,SINOVILLE 4,1200,PHSOB 3,1193,Uzair Vayani,3018178,4.0,0,11,20,0,5.00,(1 w)
1651,18,Titans Second League,unknown,32995,05/02/2023,20230205,1200,1193,1,SINOVILLE 4,1200,PHSOB 3,1193,Christo Swanepoel,2936900,4.0,0,14,32,2,8.00,
1651,18,Titans Second League,unknown,32995,05/02/2023,20230205,1200,1193,1,SINOVILLE 4,1200,PHSOB 3,1193,Matt Rogerson,2936914,2.0,0,3,34,1,17.00,(4 w)
1651,18,Titans Second League,unknown,32995,05/02/2023,20230205,1200,1193,1,SINOVILLE 4,1200,PHSOB 3,1193,Chad Fortman,2936899,2.0,0,3,16,0,8.00,
1651,18,Titans Second League,unknown,32995,05/02/2023,20230205,1200,1193,2,PHSOB 3,1193,SINOVILLE 4,1200,Jason Gillard,3003090,4.0,0,15,30,3,7.50,(1 w)
1651,18,Titans Second League,unknown,32995,05/02/2023,20230205,1200,1193,2,PHSOB 3,1193,SINOVILLE 4,1200,Morgan Potgiter,3198242,4.0,0,16,20,0,5.00,(1 w)
1651,18,Titans Second League,unknown,32995,05/02/2023,20230205,1200,1193,2,PHSOB 3,1193,SINOVILLE 4,1200,Dries Van Der Lith,2934771,2.0,0,2,29,0,14.50,
1651,18,Titans Second League,unknown,32995,05/02/2023,20230205,1200,1193,2,PHSOB 3,1193,SINOVILLE 4,1200,Keaton Steenkamp,2944947,4.0,0,9,30,1,7.50,(1 w)
1651,18,Titans Second League,unknown,32995,05/02/2023,20230205,1200,1193,2,PHSOB 3,1193,SINOVILLE 4,1200,Pieter Jansen Van Rensburg,3198240,1.0,0,1,21,0,21.00,(1 w)
1651,18,Titans Second League,unknown,32995,05/02/2023,20230205,1200,1193,2,PHSOB 3,1193,SINOVILLE 4,1200,Ryan Kruger,2698181,4.0,0,15,22,2,5.50,(1 w)
1651,18,Titans Second League,unknown,32995,05/02/2023,20230205,1200,1193,2,PHSOB 3,1193,SINOVILLE 4,1200,Jean Caudron,3180555,1.0,0,3,9,1,9.00,
1624,18,Titans Second League,unknown,32995,04/02/2023,20230204,1195,1860,1,IRENE VILLAGERS 3,1195,TUKS 5,1860,Tiaan Engelbrecht,2936837,3.0,0,9,17,1,5.67,
1624,18,Titans Second League,unknown,32995,04/02/2023,20230204,1195,1860,1,IRENE VILLAGERS 3,1195,TUKS 5,1860,Martin Van Tonder,2840539,2.0,0,5,17,0,8.50,
1624,18,Titans Second League,unknown,32995,04/02/2023,20230204,1195,1860,1,IRENE VILLAGERS 3,1195,TUKS 5,1860,Gerhard De Bruin,2936835,3.0,0,8,31,0,10.33,(1 w)
1624,18,Titans Second League,unknown,32995,04/02/2023,20230204,1195,1860,1,IRENE VILLAGERS 3,1195,TUKS 5,1860,Christian Strydom,2936847,4.0,0,13,14,2,3.50,
1624,18,Titans Second League,unknown,32995,04/02/2023,20230204,1195,1860,1,IRENE VILLAGERS 3,1195,TUKS 5,1860,Nico Kruger,2936834,2.0,0,1,22,0,11.00,(1 w)
1624,18,Titans Second League,unknown,32995,04/02/2023,20230204,1195,1860,1,IRENE VILLAGERS 3,1195,TUKS 5,1860,Martin Childs-Hurn,2936849,3.0,0,10,10,3,3.33,
1624,18,Titans Second League,unknown,32995,04/02/2023,20230204,1195,1860,1,IRENE VILLAGERS 3,1195,TUKS 5,1860,Andre Van Wyk,3266939,2.0,0,4,25,0,12.50,(3 w)
1624,18,Titans Second League,unknown,32995,04/02/2023,20230204,1195,1860,1,IRENE VILLAGERS 3,1195,TUKS 5,1860,Matimu Mayayise,2936840,1.0,0,2,8,0,8.00,
1624,18,Titans Second League,unknown,32995,04/02/2023,20230204,1195,1860,2,TUKS 5,1860,IRENE VILLAGERS 3,1195,Jacques Joubert,2985795,4.0,1,19,7,3,1.75,
1624,18,Titans Second League,unknown,32995,04/02/2023,20230204,1195,1860,2,TUKS 5,1860,IRENE VILLAGERS 3,1195,Donovan Steinberg,2985796,4.0,1,20,7,3,1.75,
1624,18,Titans Second League,unknown,32995,04/02/2023,20230204,1195,1860,2,TUKS 5,1860,IRENE VILLAGERS 3,1195,Andre Meintjes Iv,2985799,4.0,0,13,18,2,4.50,(0 w1 nb)
1624,18,Titans Second League,unknown,32995,04/02/2023,20230204,1195,1860,2,TUKS 5,1860,IRENE VILLAGERS 3,1195,Reynier Swart,2985798,2.5,0,7,26,1,9.18,(2 w)
1624,18,Titans Second League,unknown,32995,04/02/2023,20230204,1195,1860,2,TUKS 5,1860,IRENE VILLAGERS 3,1195,Dawie Kruger,2985805,1.0,0,4,2,1,2.00,
1530,18,Titans Second League,unknown,32995,28/01/2023,20230128,1860,1194,1,TUKS 5,1860,SINOVILLE 3,1194,Jeandre Van Molendorff,2936736,4.0,0,14,33,2,8.25,(5 w)
1530,18,Titans Second League,unknown,32995,28/01/2023,20230128,1860,1194,1,TUKS 5,1860,SINOVILLE 3,1194,Jason Gillard,3003090,3.0,0,11,19,1,6.33,(3 w)
1530,18,Titans Second League,unknown,32995,28/01/2023,20230128,1860,1194,1,TUKS 5,1860,SINOVILLE 3,1194,Henro Bouwer,3180583,4.0,0,13,30,0,7.50,(3 w)
1530,18,Titans Second League,unknown,32995,28/01/2023,20230128,1860,1194,1,TUKS 5,1860,SINOVILLE 3,1194,Hendre Du Toit,2987477,4.0,0,14,19,1,4.75,
1530,18,Titans Second League,unknown,32995,28/01/2023,20230128,1860,1194,1,TUKS 5,1860,SINOVILLE 3,1194,Jp Roets,3031810,2.0,0,6,14,2,7.00,(1 w)
1530,18,Titans Second League,unknown,32995,28/01/2023,20230128,1860,1194,1,TUKS 5,1860,SINOVILLE 3,1194,Stanley Fabri,3056139,2.0,0,8,13,1,6.50,(2 w)
1530,18,Titans Second League,unknown,32995,28/01/2023,20230128,1860,1194,1,TUKS 5,1860,SINOVILLE 3,1194,Marnus Swanepoel,3180584,1.0,0,0,9,0,9.00,(1 w)
1530,18,Titans Second League,unknown,32995,28/01/2023,20230128,1860,1194,2,SINOVILLE 3,1194,TUKS 5,1860,Martin Van Tonder,2840539,3.0,0,14,16,1,5.33,(2 w)
1530,18,Titans Second League,unknown,32995,28/01/2023,20230128,1860,1194,2,SINOVILLE 3,1194,TUKS 5,1860,Gerhard De Bruin,2936835,2.5,0,3,36,0,12.71,(1 w)
1530,18,Titans Second League,unknown,32995,28/01/2023,20230128,1860,1194,2,SINOVILLE 3,1194,TUKS 5,1860,Christian Strydom,2936847,4.0,0,13,19,1,4.75,(1 w)
1530,18,Titans Second League,unknown,32995,28/01/2023,20230128,1860,1194,2,SINOVILLE 3,1194,TUKS 5,1860,Hancko Vosser,2936836,3.0,0,5,35,0,11.67,(2 w)
1530,18,Titans Second League,unknown,32995,28/01/2023,20230128,1860,1194,2,SINOVILLE 3,1194,TUKS 5,1860,Nico De Bruyn,3180581,2.0,0,2,20,0,10.00,(1 w)
1530,18,Titans Second League,unknown,32995,28/01/2023,20230128,1860,1194,2,SINOVILLE 3,1194,TUKS 5,1860,Aerton Helena,2936841,2.0,0,8,10,2,5.00,
1528,18,Titans Second League,unknown,32995,28/01/2023,20230128,1861,1193,1,TUKS 6,1861,PHSOB 3,1193,Ruan Brenner,3180560,4.0,0,10,20,1,5.00,(2 w1 nb)
1528,18,Titans Second League,unknown,32995,28/01/2023,20230128,1861,1193,1,TUKS 6,1861,PHSOB 3,1193,Uzair Vayani,3018178,2.0,0,5,33,1,16.50,(6 w)
1528,18,Titans Second League,unknown,32995,28/01/2023,20230128,1861,1193,1,TUKS 6,1861,PHSOB 3,1193,Pippie Kemm,3033949,4.0,0,13,32,1,8.00,(8 w1 nb)
1528,18,Titans Second League,unknown,32995,28/01/2023,20230128,1861,1193,1,TUKS 6,1861,PHSOB 3,1193,Steven Meyburgh,2937220,4.0,0,15,15,1,3.75,(1 w)
1528,18,Titans Second League,unknown,32995,28/01/2023,20230128,1861,1193,1,TUKS 6,1861,PHSOB 3,1193,Adriaan Ferreira,2936919,3.0,0,11,11,3,3.67,(1 w)
1528,18,Titans Second League,unknown,32995,28/01/2023,20230128,1861,1193,1,TUKS 6,1861,PHSOB 3,1193,Justin Fourie,2987524,2.0,0,4,11,1,5.50,
1528,18,Titans Second League,unknown,32995,28/01/2023,20230128,1861,1193,1,TUKS 6,1861,PHSOB 3,1193,Tyron Denton,2936916,1.0,0,2,8,0,8.00,(1 w)
1528,18,Titans Second League,unknown,32995,28/01/2023,20230128,1861,1193,2,PHSOB 3,1193,TUKS 6,1861,Mohammed Arbaz,2987534,3.0,0,11,19,0,6.33,(1 w)
1528,18,Titans Second League,unknown,32995,28/01/2023,20230128,1861,1193,2,PHSOB 3,1193,TUKS 6,1861,Kofi Essel-Mensah,2987529,4.0,0,14,32,1,8.00,
1528,18,Titans Second League,unknown,32995,28/01/2023,20230128,1861,1193,2,PHSOB 3,1193,TUKS 6,1861,Latir Grey-Johnson,3018351,4.0,0,18,10,1,2.50,(2 w)
1528,18,Titans Second League,unknown,32995,28/01/2023,20230128,1861,1193,2,PHSOB 3,1193,TUKS 6,1861,Thoriso Dibatana,3018349,3.3,0,8,34,0,9.71,(3 w)
1528,18,Titans Second League,unknown,32995,28/01/2023,20230128,1861,1193,2,PHSOB 3,1193,TUKS 6,1861,Ewan Tuks 6,3180559,2.0,0,6,9,0,4.50,(2 w)
1528,18,Titans Second League,unknown,32995,28/01/2023,20230128,1861,1193,2,PHSOB 3,1193,TUKS 6,1861,Gian Tuks 6,3163548,2.0,0,3,30,0,15.00,(1 w1 nb)
1527,18,Titans Second League,unknown,32995,28/01/2023,20230128,1200,1195,1,SINOVILLE 4,1200,IRENE VILLAGERS 3,1195,Jacques Joubert,2985795,3.0,0,8,31,0,10.33,(1 w)
1527,18,Titans Second League,unknown,32995,28/01/2023,20230128,1200,1195,1,SINOVILLE 4,1200,IRENE VILLAGERS 3,1195,Donovan Steinberg,2985796,4.0,0,11,46,0,11.50,
1527,18,Titans Second League,unknown,32995,28/01/2023,20230128,1200,1195,1,SINOVILLE 4,1200,IRENE VILLAGERS 3,1195,Victor Van Niekerk,2985801,4.0,0,6,39,1,9.75,(1 w)
1527,18,Titans Second League,unknown,32995,28/01/2023,20230128,1200,1195,1,SINOVILLE 4,1200,IRENE VILLAGERS 3,1195,Andre Meintjes Iv,2985799,4.0,0,7,35,0,8.75,
1527,18,Titans Second League,unknown,32995,28/01/2023,20230128,1200,1195,1,SINOVILLE 4,1200,IRENE VILLAGERS 3,1195,Dawie Kruger,2985805,2.0,0,2,26,0,13.00,(5 w)
1527,18,Titans Second League,unknown,32995,28/01/2023,20230128,1200,1195,1,SINOVILLE 4,1200,IRENE VILLAGERS 3,1195,Henko Affies,3180556,2.0,0,4,30,1,15.00,
1527,18,Titans Second League,unknown,32995,28/01/2023,20230128,1200,1195,1,SINOVILLE 4,1200,IRENE VILLAGERS 3,1195,Reynier Swart,2985798,1.0,0,0,19,0,19.00,(2 w)
1527,18,Titans Second League,unknown,32995,28/01/2023,20230128,1200,1195,2,IRENE VILLAGERS 3,1195,SINOVILLE 4,1200,Riaan Davel,3163488,4.0,0,12,34,1,8.50,(1 w)
1527,18,Titans Second League,unknown,32995,28/01/2023,20230128,1200,1195,2,IRENE VILLAGERS 3,1195,SINOVILLE 4,1200,Juan Van Den Berg,2987480,4.0,0,15,21,2,5.25,
1527,18,Titans Second League,unknown,32995,28/01/2023,20230128,1200,1195,2,IRENE VILLAGERS 3,1195,SINOVILLE 4,1200,Want V Deventer,3180548,2.0,0,5,17,0,8.50,(6 w)
1527,18,Titans Second League,unknown,32995,28/01/2023,20230128,1200,1195,2,IRENE VILLAGERS 3,1195,SINOVILLE 4,1200,Dylan Van Wyk,2987473,4.0,0,11,28,1,7.00,(4 w)
1527,18,Titans Second League,unknown,32995,28/01/2023,20230128,1200,1195,2,IRENE VILLAGERS 3,1195,SINOVILLE 4,1200,Berno Klopper,3180553,1.0,0,3,14,0,14.00,
1527,18,Titans Second League,unknown,32995,28/01/2023,20230128,1200,1195,2,IRENE VILLAGERS 3,1195,SINOVILLE 4,1200,Maritz Bezuidenhout,3180554,3.0,0,7,27,2,9.00,(3 w)
1527,18,Titans Second League,unknown,32995,28/01/2023,20230128,1200,1195,2,IRENE VILLAGERS 3,1195,SINOVILLE 4,1200,Kai Trimpelmann,3180552,2.0,0,7,16,1,8.00,(1 w)
1429,18,Titans Second League,unknown,32995,21/01/2023,20230121,1195,1861,1,IRENE VILLAGERS 3,1195,TUKS 6,1861,Luke Mogagene,2987535,5.0,0,20,30,0,6.00,(5 w)
1429,18,Titans Second League,unknown,32995,21/01/2023,20230121,1195,1861,1,IRENE VILLAGERS 3,1195,TUKS 6,1861,Thoriso Dibatana,3018349,4.0,0,10,40,0,10.00,(6 w)
1429,18,Titans Second League,unknown,32995,21/01/2023,20230121,1195,1861,1,IRENE VILLAGERS 3,1195,TUKS 6,1861,Hlomla Henna,2936855,3.0,0,6,27,2,9.00,(7 w)
1429,18,Titans Second League,unknown,32995,21/01/2023,20230121,1195,1861,1,IRENE VILLAGERS 3,1195,TUKS 6,1861,Andreas De Lange,2936853,9.0,1,35,25,3,2.78,
1429,18,Titans Second League,unknown,32995,21/01/2023,20230121,1195,1861,1,IRENE VILLAGERS 3,1195,TUKS 6,1861,Luca Tuks 6,3163550,9.0,0,41,27,2,3.00,(8 w)
1429,18,Titans Second League,unknown,32995,21/01/2023,20230121,1195,1861,1,IRENE VILLAGERS 3,1195,TUKS 6,1861,David Ewen,2987528,6.0,0,17,37,1,6.17,(3 w)
1429,18,Titans Second League,unknown,32995,21/01/2023,20230121,1195,1861,1,IRENE VILLAGERS 3,1195,TUKS 6,1861,Kieran Anderson,2936859,5.1,0,16,31,1,6.00,(3 w)
1429,18,Titans Second League,unknown,32995,21/01/2023,20230121,1195,1861,1,IRENE VILLAGERS 3,1195,TUKS 6,1861,Gian Tuks 6,3163548,2.0,0,6,14,0,7.00,(1 w)
1429,18,Titans Second League,unknown,32995,21/01/2023,20230121,1195,1861,2,TUKS 6,1861,IRENE VILLAGERS 3,1195,Jacques Joubert,2985795,4.0,0,10,47,0,11.75,
1429,18,Titans Second League,unknown,32995,21/01/2023,20230121,1195,1861,2,TUKS 6,1861,IRENE VILLAGERS 3,1195,Donovan Steinberg,2985796,9.0,1,32,52,1,5.78,(2 w)
1429,18,Titans Second League,unknown,32995,21/01/2023,20230121,1195,1861,2,TUKS 6,1861,IRENE VILLAGERS 3,1195,Victor Van Niekerk,2985801,9.0,0,36,52,6,5.78,(2 w)
1429,18,Titans Second League,unknown,32995,21/01/2023,20230121,1195,1861,2,TUKS 6,1861,IRENE VILLAGERS 3,1195,Reynier Swart,2985798,5.0,2,27,7,2,1.40,
1429,18,Titans Second League,unknown,32995,21/01/2023,20230121,1195,1861,2,TUKS 6,1861,IRENE VILLAGERS 3,1195,Tiaan Dorfling,3693408,1.0,0,5,3,0,3.00,
1360,18,Titans Second League,unknown,32995,14/01/2023,20230114,1197,1860,1,TUT 3,1197,TUKS 5,1860,Tiaan Engelbrecht,2936837,6.0,1,25,19,2,3.17,(3 w)
1360,18,Titans Second League,unknown,32995,14/01/2023,20230114,1197,1860,1,TUT 3,1197,TUKS 5,1860,Gerhard De Bruin,2936835,5.0,0,24,12,0,2.40,(1 w)
1360,18,Titans Second League,unknown,32995,14/01/2023,20230114,1197,1860,1,TUT 3,1197,TUKS 5,1860,Martin Van Tonder,2840539,4.0,0,18,12,1,3.00,(3 w)
1360,18,Titans Second League,unknown,32995,14/01/2023,20230114,1197,1860,1,TUT 3,1197,TUKS 5,1860,Christian Strydom,2936847,8.0,0,28,40,2,5.00,(6 w)
1360,18,Titans Second League,unknown,32995,14/01/2023,20230114,1197,1860,1,TUT 3,1197,TUKS 5,1860,Andre Van Wyk,3266939,5.0,0,22,18,0,3.60,(5 w)
1360,18,Titans Second League,unknown,32995,14/01/2023,20230114,1197,1860,1,TUT 3,1197,TUKS 5,1860,Riccardo Oosthuizen,2936842,2.0,0,10,5,1,2.50,
1360,18,Titans Second League,unknown,32995,14/01/2023,20230114,1197,1860,1,TUT 3,1197,TUKS 5,1860,Hancko Vosser,2936836,7.0,1,27,21,0,3.00,
1360,18,Titans Second League,unknown,32995,14/01/2023,20230114,1197,1860,1,TUT 3,1197,TUKS 5,1860,Aerton Helena,2936841,8.0,3,29,31,2,3.88,
1360,18,Titans Second League,unknown,32995,14/01/2023,20230114,1197,1860,2,TUKS 5,1860,TUT 3,1197,Mark Bekker,3146406,6.3,0,30,26,2,4.00,(7 w)
1360,18,Titans Second League,unknown,32995,14/01/2023,20230114,1197,1860,2,TUKS 5,1860,TUT 3,1197,Dewald Basson,3018234,9.0,2,41,27,1,3.00,(4 w)
1360,18,Titans Second League,unknown,32995,14/01/2023,20230114,1197,1860,2,TUKS 5,1860,TUT 3,1197,Stefan Grobler,3018230,8.0,0,29,37,1,4.62,(8 w1 nb)
1360,18,Titans Second League,unknown,32995,14/01/2023,20230114,1197,1860,2,TUKS 5,1860,TUT 3,1197,Barend Huyzer,3018233,6.0,0,17,35,2,5.83,(6 w)
1360,18,Titans Second League,unknown,32995,14/01/2023,20230114,1197,1860,2,TUKS 5,1860,TUT 3,1197,Wayne Steyn,3146405,3.0,0,12,19,1,6.33,(11 w)
1360,18,Titans Second League,unknown,32995,14/01/2023,20230114,1197,1860,2,TUKS 5,1860,TUT 3,1197,Jean Coetser,3018231,2.0,0,5,12,1,6.00,
1351,18,Titans Second League,unknown,32995,14/01/2023,20230114,1193,1196,1,PHSOB 3,1193,CBCOB 3,1196,Caleb Eckard,3018344,5.0,1,21,22,2,4.40,(4 w)
1351,18,Titans Second League,unknown,32995,14/01/2023,20230114,1193,1196,1,PHSOB 3,1193,CBCOB 3,1196,Micheal Van Der Westhuizen,3069551,9.0,6,49,3,0,0.33,
1351,18,Titans Second League,unknown,32995,14/01/2023,20230114,1193,1196,1,PHSOB 3,1193,CBCOB 3,1196,Khumo Tlhoaela,3145213,6.0,1,27,26,3,4.33,(1 w)
1351,18,Titans Second League,unknown,32995,14/01/2023,20230114,1193,1196,1,PHSOB 3,1193,CBCOB 3,1196,James Nelson,3145210,4.0,0,20,17,2,4.25,(3 w2 nb)
1351,18,Titans Second League,unknown,32995,14/01/2023,20230114,1193,1196,1,PHSOB 3,1193,CBCOB 3,1196,Chris Koekemoer,3069547,7.0,2,33,13,2,1.86,(1 w)
1351,18,Titans Second League,unknown,32995,14/01/2023,20230114,1193,1196,1,PHSOB 3,1193,CBCOB 3,1196,Pieter Smit,3145212,1.3,0,5,10,1,6.67,
1351,18,Titans Second League,unknown,32995,14/01/2023,20230114,1193,1196,2,CBCOB 3,1196,PHSOB 3,1193,Pippie Kemm,3033949,5.1,1,21,31,0,6.00,(4 w)
1351,18,Titans Second League,unknown,32995,14/01/2023,20230114,1193,1196,2,CBCOB 3,1196,PHSOB 3,1193,Christo Swanepoel,2936900,6.0,1,22,38,2,6.33,(7 w)
1351,18,Titans Second League,unknown,32995,14/01/2023,20230114,1193,1196,2,CBCOB 3,1196,PHSOB 3,1193,Steven Meyburgh,2937220,4.0,0,18,24,1,6.00,(5 w)
1351,18,Titans Second League,unknown,32995,14/01/2023,20230114,1193,1196,2,CBCOB 3,1196,PHSOB 3,1193,Duan St Arnaud,3145215,1.0,0,5,4,0,4.00,
1159,18,Titans Second League,unknown,32995,27/11/2022,20221127,1193,1195,1,PHSOB 3,1193,IRENE VILLAGERS 3,1195,Hein Smit,2985797,5.4,0,17,46,3,8.12,(3 w1 nb)
1159,18,Titans Second League,unknown,32995,27/11/2022,20221127,1193,1195,1,PHSOB 3,1193,IRENE VILLAGERS 3,1195,Lourens Pieterse,3003046,4.0,0,14,32,0,8.00,(3 w)
1159,18,Titans Second League,unknown,32995,27/11/2022,20221127,1193,1195,1,PHSOB 3,1193,IRENE VILLAGERS 3,1195,Andre Meintjes Iv,2985799,8.0,1,22,55,3,6.88,
1159,18,Titans Second League,unknown,32995,27/11/2022,20221127,1193,1195,1,PHSOB 3,1193,IRENE VILLAGERS 3,1195,Victor Van Niekerk,2985801,4.0,0,9,41,1,10.25,(1 w)
1159,18,Titans Second League,unknown,32995,27/11/2022,20221127,1193,1195,1,PHSOB 3,1193,IRENE VILLAGERS 3,1195,Dawie Kruger,2985805,8.0,0,20,51,1,6.38,
1159,18,Titans Second League,unknown,32995,27/11/2022,20221127,1193,1195,1,PHSOB 3,1193,IRENE VILLAGERS 3,1195,Reynier Swart,2985798,6.0,0,22,26,2,4.33,
1159,18,Titans Second League,unknown,32995,27/11/2022,20221127,1193,1195,2,IRENE VILLAGERS 3,1195,PHSOB 3,1193,Adriaan Ferreira,2936919,5.0,0,20,27,0,5.40,(5 w)
1159,18,Titans Second League,unknown,32995,27/11/2022,20221127,1193,1195,2,IRENE VILLAGERS 3,1195,PHSOB 3,1193,Christo Swanepoel,2936900,4.0,0,16,18,0,4.50,(2 w)
1159,18,Titans Second League,unknown,32995,27/11/2022,20221127,1193,1195,2,IRENE VILLAGERS 3,1195,PHSOB 3,1193,Steven Meyburgh,2937220,8.0,2,36,18,5,2.25,(2 w1 Hatrick)
1159,18,Titans Second League,unknown,32995,27/11/2022,20221127,1193,1195,2,IRENE VILLAGERS 3,1195,PHSOB 3,1193,Jos Grove,2936905,7.0,0,27,46,4,6.57,(2 w)
1141,18,Titans Second League,unknown,32995,26/11/2022,20221126,1860,1196,1,TUKS 5,1860,CBCOB 3,1196,Franco Ferns,3069549,6.0,1,24,19,1,3.17,(2 w)
1141,18,Titans Second League,unknown,32995,26/11/2022,20221126,1860,1196,1,TUKS 5,1860,CBCOB 3,1196,Micheal Van Der Westhuizen,3069551,4.0,0,16,14,0,3.50,
1141,18,Titans Second League,unknown,32995,26/11/2022,20221126,1860,1196,1,TUKS 5,1860,CBCOB 3,1196,Deon Van Huyssteen,3018345,3.0,0,10,30,0,10.00,(5 w1 nb)
1141,18,Titans Second League,unknown,32995,26/11/2022,20221126,1860,1196,1,TUKS 5,1860,CBCOB 3,1196,Louis Van Zyl,3003071,5.0,0,17,31,1,6.20,(1 w)
1141,18,Titans Second League,unknown,32995,26/11/2022,20221126,1860,1196,1,TUKS 5,1860,CBCOB 3,1196,Brendan Freiser,3069550,3.0,0,8,20,1,6.67,(1 w)
1141,18,Titans Second League,unknown,32995,26/11/2022,20221126,1860,1196,1,TUKS 5,1860,CBCOB 3,1196,Jonson Cbc,3069787,2.0,0,7,11,0,5.50,(3 w)
1040,18,Titans Second League,unknown,32995,19/11/2022,20221119,1200,1860,1,SINOVILLE 4,1200,TUKS 5,1860,Tiaan Engelbrecht,2936837,7.2,1,27,39,5,5.32,(5 w2 nb)
1040,18,Titans Second League,unknown,32995,19/11/2022,20221119,1200,1860,1,SINOVILLE 4,1200,TUKS 5,1860,Gerhard De Bruin,2936835,9.0,1,30,38,1,4.22,
1040,18,Titans Second League,unknown,32995,19/11/2022,20221119,1200,1860,1,SINOVILLE 4,1200,TUKS 5,1860,Christian Strydom,2936847,6.0,0,24,33,1,5.50,(5 w)
1040,18,Titans Second League,unknown,32995,19/11/2022,20221119,1200,1860,1,SINOVILLE 4,1200,TUKS 5,1860,Martin Childs-Hurn,2936849,3.0,1,13,27,0,9.00,(10 w)
1040,18,Titans Second League,unknown,32995,19/11/2022,20221119,1200,1860,1,SINOVILLE 4,1200,TUKS 5,1860,Andre Van Wyk,3266939,2.0,0,7,11,0,5.50,(2 w)
1040,18,Titans Second League,unknown,32995,19/11/2022,20221119,1200,1860,1,SINOVILLE 4,1200,TUKS 5,1860,Nico Kruger,2936834,9.0,0,33,45,1,5.00,(3 w)
1040,18,Titans Second League,unknown,32995,19/11/2022,20221119,1200,1860,1,SINOVILLE 4,1200,TUKS 5,1860,Riccardo Oosthuizen,2936842,8.0,0,33,33,0,4.12,(6 w)
1040,18,Titans Second League,unknown,32995,19/11/2022,20221119,1200,1860,2,TUKS 5,1860,SINOVILLE 4,1200,Manie De Beer,2947307,5.0,1,17,28,2,5.60,(5 w)
1040,18,Titans Second League,unknown,32995,19/11/2022,20221119,1200,1860,2,TUKS 5,1860,SINOVILLE 4,1200,Stefan Van Staden,3056136,6.0,2,28,24,1,4.00,(1 w)
1040,18,Titans Second League,unknown,32995,19/11/2022,20221119,1200,1860,2,TUKS 5,1860,SINOVILLE 4,1200,Zandre Nel,3056622,4.0,0,18,17,2,4.25,(3 w3 nb)
1040,18,Titans Second League,unknown,32995,19/11/2022,20221119,1200,1860,2,TUKS 5,1860,SINOVILLE 4,1200,Stanley Fabri,3056139,4.0,0,19,14,0,3.50,(3 w)
1040,18,Titans Second League,unknown,32995,19/11/2022,20221119,1200,1860,2,TUKS 5,1860,SINOVILLE 4,1200,Ruben Munnik,3056142,3.0,0,13,17,1,5.67,(0 w3 nb)
1040,18,Titans Second League,unknown,32995,19/11/2022,20221119,1200,1860,2,TUKS 5,1860,SINOVILLE 4,1200,Ettienne Du Toit,3056134,7.0,0,25,39,1,5.57,(9 w)
1040,18,Titans Second League,unknown,32995,19/11/2022,20221119,1200,1860,2,TUKS 5,1860,SINOVILLE 4,1200,Keaton Steenkamp,2944947,5.5,0,23,21,3,3.60,(5 w)
1037,18,Titans Second League,unknown,32995,19/11/2022,20221119,1195,1196,1,IRENE VILLAGERS 3,1195,CBCOB 3,1196,Wayne Scott,3056109,6.0,1,25,16,1,2.67,(1 w1 nb)
1037,18,Titans Second League,unknown,32995,19/11/2022,20221119,1195,1196,1,IRENE VILLAGERS 3,1195,CBCOB 3,1196,André Botes,3018347,8.0,0,27,54,2,6.75,(5 w)
1037,18,Titans Second League,unknown,32995,19/11/2022,20221119,1195,1196,1,IRENE VILLAGERS 3,1195,CBCOB 3,1196,Stephan Stoltz,3056114,5.0,0,13,38,0,7.60,(5 w)
1037,18,Titans Second League,unknown,32995,19/11/2022,20221119,1195,1196,1,IRENE VILLAGERS 3,1195,CBCOB 3,1196,Johan Feuth,3056115,3.0,0,9,38,0,12.67,(1 w)
1037,18,Titans Second League,unknown,32995,19/11/2022,20221119,1195,1196,1,IRENE VILLAGERS 3,1195,CBCOB 3,1196,Gerrald Gouws,3056111,6.0,0,18,38,0,6.33,(3 w)
1037,18,Titans Second League,unknown,32995,19/11/2022,20221119,1195,1196,1,IRENE VILLAGERS 3,1195,CBCOB 3,1196,Shaun Muirhead,2889022,4.0,0,8,43,1,10.75,
1037,18,Titans Second League,unknown,32995,19/11/2022,20221119,1195,1196,1,IRENE VILLAGERS 3,1195,CBCOB 3,1196,Rowan Poole,3056112,7.0,0,16,56,2,8.00,(1 w)
1037,18,Titans Second League,unknown,32995,19/11/2022,20221119,1195,1196,1,IRENE VILLAGERS 3,1195,CBCOB 3,1196,Bruce Crossey,3018342,2.0,0,5,23,0,11.50,(1 w)
1037,18,Titans Second League,unknown,32995,19/11/2022,20221119,1195,1196,1,IRENE VILLAGERS 3,1195,CBCOB 3,1196,Paul Gouws,3056110,4.0,0,10,45,2,11.25,(8 w)
1037,18,Titans Second League,unknown,32995,19/11/2022,20221119,1195,1196,2,CBCOB 3,1196,IRENE VILLAGERS 3,1195,Hein Smit,2985797,9.0,2,33,45,0,5.00,(2 w)
1037,18,Titans Second League,unknown,32995,19/11/2022,20221119,1195,1196,2,CBCOB 3,1196,IRENE VILLAGERS 3,1195,Jacques Joubert,2985795,3.0,0,9,32,0,10.67,(2 w)
1037,18,Titans Second League,unknown,32995,19/11/2022,20221119,1195,1196,2,CBCOB 3,1196,IRENE VILLAGERS 3,1195,Donovan Steinberg,2985796,9.0,1,39,31,5,3.44,(2 w)
1037,18,Titans Second League,unknown,32995,19/11/2022,20221119,1195,1196,2,CBCOB 3,1196,IRENE VILLAGERS 3,1195,Lourens Pieterse,3003046,5.5,0,24,16,2,2.74,(1 w)
1037,18,Titans Second League,unknown,32995,19/11/2022,20221119,1195,1196,2,CBCOB 3,1196,IRENE VILLAGERS 3,1195,Bradley Joynt,3015414,4.0,0,16,26,0,6.50,(1 w1 nb)
1037,18,Titans Second League,unknown,32995,19/11/2022,20221119,1195,1196,2,CBCOB 3,1196,IRENE VILLAGERS 3,1195,Dawie Kruger,2985805,6.0,0,22,37,3,6.17,(5 w1 nb)
923,18,Titans Second League,unknown,32995,12/11/2022,20221112,1860,1861,1,TUKS 5,1860,TUKS 6,1861,Joe Vickery,2936854,6.0,0,16,33,1,5.50,(5 w)
923,18,Titans Second League,unknown,32995,12/11/2022,20221112,1860,1861,1,TUKS 5,1860,TUKS 6,1861,Latir Grey-Johnson,3018351,6.0,0,16,39,1,6.50,(2 w)
923,18,Titans Second League,unknown,32995,12/11/2022,20221112,1860,1861,1,TUKS 5,1860,TUKS 6,1861,Puseletso Mogofe,2936856,6.0,0,14,43,1,7.17,(3 w1 nb)
923,18,Titans Second League,unknown,32995,12/11/2022,20221112,1860,1861,1,TUKS 5,1860,TUKS 6,1861,Tavish Seebran Ramthol,2936867,6.0,1,12,68,1,11.33,(4 w)
923,18,Titans Second League,unknown,32995,12/11/2022,20221112,1860,1861,1,TUKS 5,1860,TUKS 6,1861,Andreas De Lange,2936853,5.0,0,9,47,2,9.40,(5 w)
923,18,Titans Second League,unknown,32995,12/11/2022,20221112,1860,1861,1,TUKS 5,1860,TUKS 6,1861,David Ewen,2987528,1.0,0,2,10,0,10.00,
923,18,Titans Second League,unknown,32995,12/11/2022,20221112,1860,1861,2,TUKS 6,1861,TUKS 5,1860,Martin Van Tonder,2840539,3.0,0,14,11,1,3.67,(2 w)
923,18,Titans Second League,unknown,32995,12/11/2022,20221112,1860,1861,2,TUKS 6,1861,TUKS 5,1860,Gerhard De Bruin,2936835,3.0,0,13,12,0,4.00,
923,18,Titans Second League,unknown,32995,12/11/2022,20221112,1860,1861,2,TUKS 6,1861,TUKS 5,1860,Christian Strydom,2936847,3.0,0,13,14,0,4.67,
923,18,Titans Second League,unknown,32995,12/11/2022,20221112,1860,1861,2,TUKS 6,1861,TUKS 5,1860,Andre Van Wyk,3266939,3.0,0,9,22,1,7.33,(4 w)
923,18,Titans Second League,unknown,32995,12/11/2022,20221112,1860,1861,2,TUKS 6,1861,TUKS 5,1860,Aerton Helena,2936841,6.0,1,20,30,2,5.00,(1 w)
923,18,Titans Second League,unknown,32995,12/11/2022,20221112,1860,1861,2,TUKS 6,1861,TUKS 5,1860,Riccardo Oosthuizen,2936842,6.0,1,29,15,1,2.50,(2 w)
923,18,Titans Second League,unknown,32995,12/11/2022,20221112,1860,1861,2,TUKS 6,1861,TUKS 5,1860,Jan Jones,2936838,3.0,0,12,20,1,6.67,(4 w)
923,18,Titans Second League,unknown,32995,12/11/2022,20221112,1860,1861,2,TUKS 6,1861,TUKS 5,1860,Marius Bornman,2936833,3.0,0,11,17,1,5.67,(1 w)
848,18,Titans Second League,unknown,32995,06/11/2022,20221106,1193,1197,1,PHSOB 3,1193,TUT 3,1197,Stefan Grobler,3018230,5.0,0,17,34,0,6.80,(0 w3 nb)
848,18,Titans Second League,unknown,32995,06/11/2022,20221106,1193,1197,1,PHSOB 3,1193,TUT 3,1197,Dewald Basson,3018234,9.0,0,31,58,2,6.44,(3 w)
848,18,Titans Second League,unknown,32995,06/11/2022,20221106,1193,1197,1,PHSOB 3,1193,TUT 3,1197,Barend Huyzer,3018233,7.0,0,18,42,0,6.00,(2 w)
848,18,Titans Second League,unknown,32995,06/11/2022,20221106,1193,1197,1,PHSOB 3,1193,TUT 3,1197,Jean Coetser,3018231,9.0,0,16,62,1,6.89,(1 w)
848,18,Titans Second League,unknown,32995,06/11/2022,20221106,1193,1197,1,PHSOB 3,1193,TUT 3,1197,Charl Foxcroft,2097177,4.0,0,10,31,1,7.75,(2 w)
848,18,Titans Second League,unknown,32995,06/11/2022,20221106,1193,1197,1,PHSOB 3,1193,TUT 3,1197,Erik Van Deventer,3033825,5.0,0,8,34,3,6.80,
848,18,Titans Second League,unknown,32995,06/11/2022,20221106,1193,1197,1,PHSOB 3,1193,TUT 3,1197,Dylan Alberts,3018227,2.2,1,10,8,3,3.43,
848,18,Titans Second League,unknown,32995,06/11/2022,20221106,1193,1197,2,TUT 3,1197,PHSOB 3,1193,Pippie Kemm,3033949,6.0,0,29,21,0,3.50,(3 w)
848,18,Titans Second League,unknown,32995,06/11/2022,20221106,1193,1197,2,TUT 3,1197,PHSOB 3,1193,Adriaan Ferreira,2936919,6.0,3,27,14,1,2.33,(1 w)
848,18,Titans Second League,unknown,32995,06/11/2022,20221106,1193,1197,2,TUT 3,1197,PHSOB 3,1193,Uzair Vayani,3018178,6.0,1,31,11,6,1.83,(1 w)
848,18,Titans Second League,unknown,32995,06/11/2022,20221106,1193,1197,2,TUT 3,1197,PHSOB 3,1193,Christo Swanepoel,2936900,9.0,1,39,30,1,3.33,(2 w)
848,18,Titans Second League,unknown,32995,06/11/2022,20221106,1193,1197,2,TUT 3,1197,PHSOB 3,1193,Jos Grove,2936905,4.0,0,16,20,2,5.00,(4 w1 nb)
830,18,Titans Second League,unknown,32995,05/11/2022,20221105,1860,1201,1,TUKS 5,1860,POLICE 3,1201,Muhammad Adil Khan,2973879,7.0,0,10,81,0,11.57,(1 w1 nb)
830,18,Titans Second League,unknown,32995,05/11/2022,20221105,1860,1201,1,TUKS 5,1860,POLICE 3,1201,Amin Qasim,1439806,3.0,0,9,32,0,10.67,(8 w)
830,18,Titans Second League,unknown,32995,05/11/2022,20221105,1860,1201,1,TUKS 5,1860,POLICE 3,1201,Muhammad Qasim Muhammad,2973875,8.0,0,18,69,1,8.62,(4 w1 nb)
830,18,Titans Second League,unknown,32995,05/11/2022,20221105,1860,1201,1,TUKS 5,1860,POLICE 3,1201,Danish Khan,1636074,3.0,0,7,38,0,12.67,(5 w1 nb)
830,18,Titans Second League,unknown,32995,05/11/2022,20221105,1860,1201,1,TUKS 5,1860,POLICE 3,1201,Abbas Mohammad,1082990,9.0,0,24,85,1,9.44,(9 w)
830,18,Titans Second League,unknown,32995,05/11/2022,20221105,1860,1201,1,TUKS 5,1860,POLICE 3,1201,Sana Ullah Ula,3032044,4.0,0,8,41,0,10.25,
830,18,Titans Second League,unknown,32995,05/11/2022,20221105,1860,1201,1,TUKS 5,1860,POLICE 3,1201,Nasir Iqbal,2973877,9.0,0,16,82,2,9.11,
830,18,Titans Second League,unknown,32995,05/11/2022,20221105,1860,1201,1,TUKS 5,1860,POLICE 3,1201,Waseem Ullah,2973878,2.0,0,5,14,1,7.00,(1 w)
830,18,Titans Second League,unknown,32995,05/11/2022,20221105,1860,1201,2,POLICE 3,1201,TUKS 5,1860,Tiaan Engelbrecht,2936837,6.0,2,27,20,3,3.33,(0 w3 nb)
830,18,Titans Second League,unknown,32995,05/11/2022,20221105,1860,1201,2,POLICE 3,1201,TUKS 5,1860,Matimu Mayayise,2936840,2.0,0,3,32,0,16.00,
830,18,Titans Second League,unknown,32995,05/11/2022,20221105,1860,1201,2,POLICE 3,1201,TUKS 5,1860,Martin Van Tonder,2840539,3.0,0,10,38,2,12.67,(9 w)
830,18,Titans Second League,unknown,32995,05/11/2022,20221105,1860,1201,2,POLICE 3,1201,TUKS 5,1860,Stan Skinner,3031824,5.0,1,22,19,2,3.80,(1 w)
830,18,Titans Second League,unknown,32995,05/11/2022,20221105,1860,1201,2,POLICE 3,1201,TUKS 5,1860,Lucky Moshoati,3031823,3.0,0,11,19,0,6.33,(3 w1 nb)
830,18,Titans Second League,unknown,32995,05/11/2022,20221105,1860,1201,2,POLICE 3,1201,TUKS 5,1860,Jaco De Vos,2936844,4.0,0,19,17,1,4.25,(7 w)
830,18,Titans Second League,unknown,32995,05/11/2022,20221105,1860,1201,2,POLICE 3,1201,TUKS 5,1860,Riccardo Oosthuizen,2936842,3.0,1,16,5,1,1.67,(3 w)
830,18,Titans Second League,unknown,32995,05/11/2022,20221105,1860,1201,2,POLICE 3,1201,TUKS 5,1860,Ivan Bekker,2936839,0.4,0,3,3,1,4.50,(0 w2 nb)
827,18,Titans Second League,unknown,32995,05/11/2022,20221105,1194,1196,1,SINOVILLE 3,1194,CBCOB 3,1196,Jacques Nel,2987580,5.0,1,25,13,0,2.60,(1 w)
827,18,Titans Second League,unknown,32995,05/11/2022,20221105,1194,1196,1,SINOVILLE 3,1194,CBCOB 3,1196,André Botes,3018347,4.0,0,20,15,1,3.75,(6 w)
827,18,Titans Second League,unknown,32995,05/11/2022,20221105,1194,1196,1,SINOVILLE 3,1194,CBCOB 3,1196,Louis Van Zyl,3003071,1.0,0,3,6,0,6.00,
827,18,Titans Second League,unknown,32995,05/11/2022,20221105,1194,1196,1,SINOVILLE 3,1194,CBCOB 3,1196,Deon Van Huyssteen,3018345,1.0,0,5,1,0,1.00,
726,18,Titans Second League,unknown,32995,29/10/2022,20221029,1861,1196,1,TUKS 6,1861,CBCOB 3,1196,Jacques Nel,2987580,4.0,0,18,16,1,4.00,(3 w)
726,18,Titans Second League,unknown,32995,29/10/2022,20221029,1861,1196,1,TUKS 6,1861,CBCOB 3,1196,André Botes,3018347,4.0,0,16,26,2,6.50,(4 w)
726,18,Titans Second League,unknown,32995,29/10/2022,20221029,1861,1196,1,TUKS 6,1861,CBCOB 3,1196,Caleb Eckard,3018344,4.0,0,14,17,0,4.25,(2 w)
726,18,Titans Second League,unknown,32995,29/10/2022,20221029,1861,1196,1,TUKS 6,1861,CBCOB 3,1196,Adriaan Venter,3673677,7.0,0,32,36,1,5.14,(5 w1 nb)
726,18,Titans Second League,unknown,32995,29/10/2022,20221029,1861,1196,1,TUKS 6,1861,CBCOB 3,1196,Rudi Loibner,2935397,4.5,0,21,15,5,3.10,(1 w)
726,18,Titans Second League,unknown,32995,29/10/2022,20221029,1861,1196,1,TUKS 6,1861,CBCOB 3,1196,Shaun Muirhead,2889022,1.0,0,2,10,0,10.00,
726,18,Titans Second League,unknown,32995,29/10/2022,20221029,1861,1196,2,CBCOB 3,1196,TUKS 6,1861,Kutloano Maseko,2936861,4.0,0,17,22,1,5.50,(4 w)
726,18,Titans Second League,unknown,32995,29/10/2022,20221029,1861,1196,2,CBCOB 3,1196,TUKS 6,1861,Bonolo Khuzwayo,3018350,7.0,0,26,44,1,6.29,(5 w)
726,18,Titans Second League,unknown,32995,29/10/2022,20221029,1861,1196,2,CBCOB 3,1196,TUKS 6,1861,Latir Grey-Johnson,3018351,3.0,0,9,34,0,11.33,(1 w)
726,18,Titans Second League,unknown,32995,29/10/2022,20221029,1861,1196,2,CBCOB 3,1196,TUKS 6,1861,Erik Hartman,2936852,1.1,0,1,15,1,12.86,
726,18,Titans Second League,unknown,32995,29/10/2022,20221029,1861,1196,2,CBCOB 3,1196,TUKS 6,1861,Puseletso Mogofe,2936856,1.0,0,4,15,0,15.00,(0 w1 nb)
719,18,Titans Second League,unknown,32995,29/10/2022,20221029,1197,1195,1,TUT 3,1197,IRENE VILLAGERS 3,1195,Hein Smit,2985797,5.0,2,23,21,0,4.20,(2 w)
719,18,Titans Second League,unknown,32995,29/10/2022,20221029,1197,1195,1,TUT 3,1197,IRENE VILLAGERS 3,1195,Jacques Joubert,2985795,9.0,5,48,21,4,2.33,(3 w)
719,18,Titans Second League,unknown,32995,29/10/2022,20221029,1197,1195,1,TUT 3,1197,IRENE VILLAGERS 3,1195,Lourens Pieterse,3003046,7.0,0,25,34,0,4.86,(1 w)
719,18,Titans Second League,unknown,32995,29/10/2022,20221029,1197,1195,1,TUT 3,1197,IRENE VILLAGERS 3,1195,Dawie Kruger,2985805,9.0,0,40,23,4,2.56,(1 w)
719,18,Titans Second League,unknown,32995,29/10/2022,20221029,1197,1195,1,TUT 3,1197,IRENE VILLAGERS 3,1195,Victor Van Niekerk,2985801,4.0,0,14,31,0,7.75,(4 w)
719,18,Titans Second League,unknown,32995,29/10/2022,20221029,1197,1195,1,TUT 3,1197,IRENE VILLAGERS 3,1195,Gerrie Viljoen,3015413,5.0,0,19,31,1,6.20,(5 w1 nb)
719,18,Titans Second League,unknown,32995,29/10/2022,20221029,1197,1195,1,TUT 3,1197,IRENE VILLAGERS 3,1195,Reynier Swart,2985798,3.3,0,13,17,1,4.86,
719,18,Titans Second League,unknown,32995,29/10/2022,20221029,1197,1195,2,IRENE VILLAGERS 3,1195,TUT 3,1197,Dewald Basson,3018234,9.0,1,43,25,4,2.78,(5 w)
719,18,Titans Second League,unknown,32995,29/10/2022,20221029,1197,1195,2,IRENE VILLAGERS 3,1195,TUT 3,1197,Stefan Grobler,3018230,5.0,1,25,10,0,2.00,(2 w1 nb)
719,18,Titans Second League,unknown,32995,29/10/2022,20221029,1197,1195,2,IRENE VILLAGERS 3,1195,TUT 3,1197,Dylan Alberts,3018227,9.0,0,35,46,3,5.11,(11 w)
719,18,Titans Second League,unknown,32995,29/10/2022,20221029,1197,1195,2,IRENE VILLAGERS 3,1195,TUT 3,1197,Barend Huyzer,3018233,7.0,1,29,27,0,3.86,(2 w)
719,18,Titans Second League,unknown,32995,29/10/2022,20221029,1197,1195,2,IRENE VILLAGERS 3,1195,TUT 3,1197,Jean Coetser,3018231,9.0,0,29,41,0,4.56,
719,18,Titans Second League,unknown,32995,29/10/2022,20221029,1197,1195,2,IRENE VILLAGERS 3,1195,TUT 3,1197,Charl Foxcroft,2097177,3.0,0,10,15,2,5.00,(4 w)
713,18,Titans Second League,unknown,32995,29/10/2022,20221029,1193,1860,1,PHSOB 3,1193,TUKS 5,1860,Tiaan Engelbrecht,2936837,6.0,0,28,25,1,4.17,
713,18,Titans Second League,unknown,32995,29/10/2022,20221029,1193,1860,1,PHSOB 3,1193,TUKS 5,1860,Gerhard De Bruin,2936835,6.0,0,23,35,0,5.83,(4 w)
713,18,Titans Second League,unknown,32995,29/10/2022,20221029,1193,1860,1,PHSOB 3,1193,TUKS 5,1860,Christian Strydom,2936847,8.0,0,21,78,3,9.75,(3 w)
713,18,Titans Second League,unknown,32995,29/10/2022,20221029,1193,1860,1,PHSOB 3,1193,TUKS 5,1860,Martin Van Tonder,2840539,8.0,0,31,38,3,4.75,(3 w)
713,18,Titans Second League,unknown,32995,29/10/2022,20221029,1193,1860,1,PHSOB 3,1193,TUKS 5,1860,Hancko Vosser,2936836,8.0,0,20,72,0,9.00,(6 w3 nb)
713,18,Titans Second League,unknown,32995,29/10/2022,20221029,1193,1860,1,PHSOB 3,1193,TUKS 5,1860,Andre Van Wyk,3266939,8.0,1,33,32,1,4.00,(2 w)
713,18,Titans Second League,unknown,32995,29/10/2022,20221029,1193,1860,1,PHSOB 3,1193,TUKS 5,1860,Jan Jones,2936838,1.0,0,1,23,0,23.00,(3 w)
713,18,Titans Second League,unknown,32995,29/10/2022,20221029,1193,1860,2,TUKS 5,1860,PHSOB 3,1193,Josh Brady,3018177,6.0,1,28,23,0,3.83,(4 w1 nb)
713,18,Titans Second League,unknown,32995,29/10/2022,20221029,1193,1860,2,TUKS 5,1860,PHSOB 3,1193,Justin Fourie,2987524,6.0,0,30,15,1,2.50,(5 w)
713,18,Titans Second League,unknown,32995,29/10/2022,20221029,1193,1860,2,TUKS 5,1860,PHSOB 3,1193,Pieter Pretorius,2936910,9.0,1,35,51,4,5.67,
713,18,Titans Second League,unknown,32995,29/10/2022,20221029,1193,1860,2,TUKS 5,1860,PHSOB 3,1193,Uzair Vayani,3018178,3.0,0,10,29,0,9.67,(1 w1 nb)
713,18,Titans Second League,unknown,32995,29/10/2022,20221029,1193,1860,2,TUKS 5,1860,PHSOB 3,1193,Christo Swanepoel,2936900,9.0,1,31,45,0,5.00,
713,18,Titans Second League,unknown,32995,29/10/2022,20221029,1193,1860,2,TUKS 5,1860,PHSOB 3,1193,Chad Fortman,2936899,3.5,0,16,17,5,4.43,(2 w)
633,18,Titans Second League,unknown,32995,22/10/2022,20221022,1861,1201,1,TUKS 6,1861,POLICE 3,1201,Muhammad Qasim Muhammad,2973875,1.0,1,6,0,0,0.00,
633,18,Titans Second League,unknown,32995,22/10/2022,20221022,1861,1201,1,TUKS 6,1861,POLICE 3,1201,Waseem Ullah,2973878,2.0,0,7,19,0,9.50,(7 w1 nb)
633,18,Titans Second League,unknown,32995,22/10/2022,20221022,1861,1201,1,TUKS 6,1861,POLICE 3,1201,Muhammad Adil Khan,2973879,4.0,0,17,17,0,4.25,
633,18,Titans Second League,unknown,32995,22/10/2022,20221022,1861,1201,1,TUKS 6,1861,POLICE 3,1201,Anton Behr,2973880,2.0,0,7,6,0,3.00,(1 w)
633,18,Titans Second League,unknown,32995,22/10/2022,20221022,1861,1201,1,TUKS 6,1861,POLICE 3,1201,Kashif Ghuman,2973876,4.0,0,16,21,1,5.25,
633,18,Titans Second League,unknown,32995,22/10/2022,20221022,1861,1201,1,TUKS 6,1861,POLICE 3,1201,Abbas Mohammad,1082990,3.5,0,13,23,1,6.00,(1 w)
623,18,Titans Second League,unknown,32995,22/10/2022,20221022,1860,1195,1,TUKS 5,1860,IRENE VILLAGERS 3,1195,Hein Smit,2985797,4.0,1,18,8,2,2.00,(2 w)
623,18,Titans Second League,unknown,32995,22/10/2022,20221022,1860,1195,1,TUKS 5,1860,IRENE VILLAGERS 3,1195,Jacques Joubert,2985795,9.0,0,35,48,1,5.33,(4 w)
623,18,Titans Second League,unknown,32995,22/10/2022,20221022,1860,1195,1,TUKS 5,1860,IRENE VILLAGERS 3,1195,Lourens Pieterse,3003046,6.5,1,27,34,1,4.98,
623,18,Titans Second League,unknown,32995,22/10/2022,20221022,1860,1195,1,TUKS 5,1860,IRENE VILLAGERS 3,1195,Dawie Kruger,2985805,1.0,0,4,3,0,3.00,
479,18,Titans Second League,unknown,32995,16/10/2022,20221016,1194,1860,1,SINOVILLE 3,1194,TUKS 5,1860,Tiaan Engelbrecht,2936837,4.0,0,11,34,1,8.50,
479,18,Titans Second League,unknown,32995,16/10/2022,20221016,1194,1860,1,SINOVILLE 3,1194,TUKS 5,1860,Gerhard De Bruin,2936835,4.0,0,14,30,0,7.50,
479,18,Titans Second League,unknown,32995,16/10/2022,20221016,1194,1860,1,SINOVILLE 3,1194,TUKS 5,1860,Christian Strydom,2936847,5.0,1,20,22,1,4.40,(2 w)
479,18,Titans Second League,unknown,32995,16/10/2022,20221016,1194,1860,1,SINOVILLE 3,1194,TUKS 5,1860,Martin Van Tonder,2840539,6.0,0,16,70,1,11.67,(5 w)
479,18,Titans Second League,unknown,32995,16/10/2022,20221016,1194,1860,1,SINOVILLE 3,1194,TUKS 5,1860,Matimu Mayayise,2936840,3.0,0,9,28,0,9.33,(13 w)
479,18,Titans Second League,unknown,32995,16/10/2022,20221016,1194,1860,1,SINOVILLE 3,1194,TUKS 5,1860,Jan Jones,2936838,4.0,0,8,49,0,12.25,(13 w)
479,18,Titans Second League,unknown,32995,16/10/2022,20221016,1194,1860,1,SINOVILLE 3,1194,TUKS 5,1860,Samashan Naidoo,2990928,8.0,2,36,28,7,3.50,(5 w)
479,18,Titans Second League,unknown,32995,16/10/2022,20221016,1194,1860,1,SINOVILLE 3,1194,TUKS 5,1860,Andre Van Wyk,3266939,2.0,0,5,32,0,16.00,(8 w)
479,18,Titans Second League,unknown,32995,16/10/2022,20221016,1194,1860,2,TUKS 5,1860,SINOVILLE 3,1194,Dian Botha,2934759,9.0,2,40,27,2,3.00,(1 w1 nb)
479,18,Titans Second League,unknown,32995,16/10/2022,20221016,1194,1860,2,TUKS 5,1860,SINOVILLE 3,1194,Keaton Steenkamp,2944947,5.0,0,18,31,1,6.20,(2 w)
479,18,Titans Second League,unknown,32995,16/10/2022,20221016,1194,1860,2,TUKS 5,1860,SINOVILLE 3,1194,Juan Van Den Berg,2987480,9.0,0,36,59,3,6.56,(2 w)
479,18,Titans Second League,unknown,32995,16/10/2022,20221016,1194,1860,2,TUKS 5,1860,SINOVILLE 3,1194,Mj Gouws,2990919,9.0,0,29,67,2,7.44,(7 w)
479,18,Titans Second League,unknown,32995,16/10/2022,20221016,1194,1860,2,TUKS 5,1860,SINOVILLE 3,1194,Kobus Gouws,2990920,2.0,0,3,33,0,16.50,(5 w)
479,18,Titans Second League,unknown,32995,16/10/2022,20221016,1194,1860,2,TUKS 5,1860,SINOVILLE 3,1194,Stephan Lotter,2990921,4.0,0,18,23,1,5.75,(1 w1 nb)
479,18,Titans Second League,unknown,32995,16/10/2022,20221016,1194,1860,2,TUKS 5,1860,SINOVILLE 3,1194,Wian Munnik,2990925,2.2,0,8,14,1,6.00,
479,18,Titans Second League,unknown,32995,16/10/2022,20221016,1194,1860,2,TUKS 5,1860,SINOVILLE 3,1194,Wiehan Nel,2936753,1.0,0,5,7,0,7.00,(6 w)
470,18,Titans Second League,unknown,32995,15/10/2022,20221015,1196,1201,1,CBCOB 3,1196,POLICE 3,1201,Waseem Ullah,2973878,4.0,0,7,53,0,13.25,(13 w)
470,18,Titans Second League,unknown,32995,15/10/2022,20221015,1196,1201,1,CBCOB 3,1196,POLICE 3,1201,Muhammad Adil Khan,2973879,5.0,0,4,67,1,13.40,
470,18,Titans Second League,unknown,32995,15/10/2022,20221015,1196,1201,1,CBCOB 3,1196,POLICE 3,1201,Nasir Iqbal,2973877,5.0,0,10,49,0,9.80,(1 w)
470,18,Titans Second League,unknown,32995,15/10/2022,20221015,1196,1201,1,CBCOB 3,1196,POLICE 3,1201,Humayon Baig Mirza,2973881,6.0,0,12,64,2,10.67,
470,18,Titans Second League,unknown,32995,15/10/2022,20221015,1196,1201,1,CBCOB 3,1196,POLICE 3,1201,Justin Mostert,2973874,4.0,0,3,69,0,17.25,(6 w)
470,18,Titans Second League,unknown,32995,15/10/2022,20221015,1196,1201,1,CBCOB 3,1196,POLICE 3,1201,Abbas Mohammad,1082990,9.0,0,23,86,1,9.56,(8 w)
470,18,Titans Second League,unknown,32995,15/10/2022,20221015,1196,1201,1,CBCOB 3,1196,POLICE 3,1201,Danish Khan,1636074,4.0,0,8,48,0,12.00,(4 w)
470,18,Titans Second League,unknown,32995,15/10/2022,20221015,1196,1201,1,CBCOB 3,1196,POLICE 3,1201,Amin Qasim,1439806,5.0,0,7,64,0,12.80,
470,18,Titans Second League,unknown,32995,15/10/2022,20221015,1196,1201,1,CBCOB 3,1196,POLICE 3,1201,Muhammad Qasim Muhammad,2973875,3.0,0,4,16,0,5.33,
470,18,Titans Second League,unknown,32995,15/10/2022,20221015,1196,1201,2,POLICE 3,1201,CBCOB 3,1196,Jacques Nel,2987580,5.0,0,22,17,2,3.40,(2 w)
470,18,Titans Second League,unknown,32995,15/10/2022,20221015,1196,1201,2,POLICE 3,1201,CBCOB 3,1196,Stephan Van Der Berg,2987583,4.0,1,20,16,2,4.00,(3 w)
470,18,Titans Second League,unknown,32995,15/10/2022,20221015,1196,1201,2,POLICE 3,1201,CBCOB 3,1196,Louis Van Zyl,3003071,9.0,2,45,17,1,1.89,(2 w)
470,18,Titans Second League,unknown,32995,15/10/2022,20221015,1196,1201,2,POLICE 3,1201,CBCOB 3,1196,Karel Verhoef,2987576,9.0,2,36,26,3,2.89,(2 w)
465,18,Titans Second League,unknown,32995,15/10/2022,20221015,1861,1193,1,TUKS 6,1861,PHSOB 3,1193,Justin Fourie,2987524,7.0,1,30,37,5,5.29,(1 w)
465,18,Titans Second League,unknown,32995,15/10/2022,20221015,1861,1193,1,TUKS 6,1861,PHSOB 3,1193,Adriaan Ferreira,2936919,5.0,1,21,30,3,6.00,(5 w)
465,18,Titans Second League,unknown,32995,15/10/2022,20221015,1861,1193,1,TUKS 6,1861,PHSOB 3,1193,Christo Swanepoel,2936900,1.1,1,6,0,2,0.00,
465,18,Titans Second League,unknown,32995,15/10/2022,20221015,1861,1193,2,PHSOB 3,1193,TUKS 6,1861,Oliver Beauclerk,2987533,5.0,1,26,12,2,2.40,(5 w)
465,18,Titans Second League,unknown,32995,15/10/2022,20221015,1861,1193,2,PHSOB 3,1193,TUKS 6,1861,Varun Cherian,2987527,3.0,0,14,19,1,6.33,(1 w2 nb)
465,18,Titans Second League,unknown,32995,15/10/2022,20221015,1861,1193,2,PHSOB 3,1193,TUKS 6,1861,Mohammed Arbaz,2987534,2.0,0,5,23,0,11.50,(1 w1 nb)
465,18,Titans Second League,unknown,32995,15/10/2022,20221015,1861,1193,2,PHSOB 3,1193,TUKS 6,1861,Tiaan Marais,2987532,1.0,0,2,20,0,20.00,
465,18,Titans Second League,unknown,32995,15/10/2022,20221015,1861,1193,2,PHSOB 3,1193,TUKS 6,1861,Erik Hartman,2936852,0.1,0,0,6,0,36.00,
463,18,Titans Second League,unknown,32995,15/10/2022,20221015,1195,1200,1,IRENE VILLAGERS 3,1195,SINOVILLE 4,1200,Riaan Davel,3163488,4.0,0,13,28,0,7.00,(1 w)
463,18,Titans Second League,unknown,32995,15/10/2022,20221015,1195,1200,1,IRENE VILLAGERS 3,1195,SINOVILLE 4,1200,Keaton Steenkamp,2944947,5.0,1,23,11,1,2.20,(1 w)
463,18,Titans Second League,unknown,32995,15/10/2022,20221015,1195,1200,1,IRENE VILLAGERS 3,1195,SINOVILLE 4,1200,Wian Nel,2987474,3.0,0,13,11,0,3.67,
463,18,Titans Second League,unknown,32995,15/10/2022,20221015,1195,1200,1,IRENE VILLAGERS 3,1195,SINOVILLE 4,1200,Juan Van Den Berg,2987480,9.0,5,46,28,2,3.11,(10 w)
463,18,Titans Second League,unknown,32995,15/10/2022,20221015,1195,1200,1,IRENE VILLAGERS 3,1195,SINOVILLE 4,1200,Hendre Du Toit,2987477,9.0,1,32,30,1,3.33,
463,18,Titans Second League,unknown,32995,15/10/2022,20221015,1195,1200,1,IRENE VILLAGERS 3,1195,SINOVILLE 4,1200,Jp Goosen,2987481,8.0,1,32,29,5,3.62,(2 w)
463,18,Titans Second League,unknown,32995,15/10/2022,20221015,1195,1200,1,IRENE VILLAGERS 3,1195,SINOVILLE 4,1200,Dylan Van Wyk,2987473,2.0,0,5,16,0,8.00,(1 w)
463,18,Titans Second League,unknown,32995,15/10/2022,20221015,1195,1200,1,IRENE VILLAGERS 3,1195,SINOVILLE 4,1200,Stefan Schutte,2987475,5.0,0,17,30,1,6.00,(1 w)
463,18,Titans Second League,unknown,32995,15/10/2022,20221015,1195,1200,2,SINOVILLE 4,1200,IRENE VILLAGERS 3,1195,Hein Smit,2985797,6.0,0,16,58,1,9.67,(1 w)
463,18,Titans Second League,unknown,32995,15/10/2022,20221015,1195,1200,2,SINOVILLE 4,1200,IRENE VILLAGERS 3,1195,Jacques Joubert,2985795,5.0,0,18,36,2,7.20,(5 w)
463,18,Titans Second League,unknown,32995,15/10/2022,20221015,1195,1200,2,SINOVILLE 4,1200,IRENE VILLAGERS 3,1195,Donovan Steinberg,2985796,9.0,1,37,25,1,2.78,
463,18,Titans Second League,unknown,32995,15/10/2022,20221015,1195,1200,2,SINOVILLE 4,1200,IRENE VILLAGERS 3,1195,Dawie Kruger,2985805,2.0,0,4,20,0,10.00,
463,18,Titans Second League,unknown,32995,15/10/2022,20221015,1195,1200,2,SINOVILLE 4,1200,IRENE VILLAGERS 3,1195,Andre Meintjes Iv,2985799,8.0,1,30,37,3,4.62,
463,18,Titans Second League,unknown,32995,15/10/2022,20221015,1195,1200,2,SINOVILLE 4,1200,IRENE VILLAGERS 3,1195,Reynier Swart,2985798,0.4,0,1,9,0,13.50,(1 w)
