SNO,LEAGUE_ID,CLUB_ID,PLAYER,PLAYER_ID,TEAM_IMG,BLANK,TEAM,TEAM_ID,MAT,INS,OVERS,RUNS,WKTS,BBF,MDNS,DOTS,ECON,AVE,SR,HATTRICK,4W,5W,WIDES,NB,League Name
1,949,32995,Divan Potgieter,4673570,TUT 3,,TUT 3,5431,7,7,54.2,192,18,33/ 6,8,234,3.53,10.67,18.1,0,0,2,12,0,2025/2026 TITANS SECOND LEAGUE
,949,32995,TUT 3,,,,,,,,,,,,,,,,,,,,,,2025/2026 TITANS SECOND LEAGUE
2,949,32995,Brandon Polyblank,6336390,IRENE VILLAGERS 4,,IRENE VILLAGERS 4,5432,9,9,51.0,323,16,29/ 5,2,192,6.33,20.19,19.1,0,0,2,30,4,2025/2026 TITANS SECOND LEAGUE
,949,32995,IRENE VILLAGERS 4,,,,,,,,,,,,,,,,,,,,,,2025/2026 TITANS SECOND LEAGUE
3,949,32995,Tiaan Engelbrecht,2936837,TUKS 5,,TUKS 5,5430,11,11,67.5,283,15,13/ 2,9,282,4.17,18.87,27.1,0,0,0,13,1,2025/2026 TITANS SECOND LEAGUE
,949,32995,TUKS 5,,,,,,,,,,,,,,,,,,,,,,2025/2026 TITANS SECOND LEAGUE
4,949,32995,Kyle Kunneke,2985826,IRENE VILLAGERS 3,,IRENE VILLAGERS 3,5427,10,9,49.0,177,14,21/ 3,2,179,3.61,12.64,21.0,0,0,0,11,0,2025/2026 TITANS SECOND LEAGUE
,949,32995,IRENE VILLAGERS 3,,,,,,,,,,,,,,,,,,,,,,2025/2026 TITANS SECOND LEAGUE
5,949,32995,Christian Strydom,2936847,TUKS 5,,TUKS 5,5430,10,10,55.0,243,14,32/ 5,5,225,4.42,17.36,23.6,0,0,1,18,0,2025/2026 TITANS SECOND LEAGUE
,949,32995,TUKS 5,,,,,,,,,,,,,,,,,,,,,,2025/2026 TITANS SECOND LEAGUE
6,949,32995,Burgert Kloppers,4742888,PHSOB 3,,PHSOB 3,5428,8,8,49.0,217,14,26/ 3,6,213,4.43,15.50,21.0,0,0,0,30,1,2025/2026 TITANS SECOND LEAGUE
,949,32995,PHSOB 3,,,,,,,,,,,,,,,,,,,,,,2025/2026 TITANS SECOND LEAGUE
7,949,32995,Brian Kershaw,4688792,PHSOB 3,,PHSOB 3,5428,9,9,69.4,252,13,29/ 3,10,291,3.62,19.38,32.2,0,0,0,18,0,2025/2026 TITANS SECOND LEAGUE
,949,32995,PHSOB 3,,,,,,,,,,,,,,,,,,,,,,2025/2026 TITANS SECOND LEAGUE
8,949,32995,Dewald Basson,3018234,TUT 3,,TUT 3,5431,8,8,55.2,202,13,27/ 4,5,240,3.65,15.54,25.5,0,1,0,18,1,2025/2026 TITANS SECOND LEAGUE
,949,32995,TUT 3,,,,,,,,,,,,,,,,,,,,,,2025/2026 TITANS SECOND LEAGUE
9,949,32995,Martin Van Tonder,2840539,TUKS 5,,TUKS 5,5430,12,10,58.2,279,13,47/ 5,6,240,4.78,21.46,26.9,0,0,1,31,0,2025/2026 TITANS SECOND LEAGUE
,949,32995,TUKS 5,,,,,,,,,,,,,,,,,,,,,,2025/2026 TITANS SECOND LEAGUE
10,949,32995,Steven Meyburgh,2937220,PHSOB 3,,PHSOB 3,5428,6,6,44.2,245,13,28/ 4,2,152,5.53,18.85,20.5,0,2,0,14,4,2025/2026 TITANS SECOND LEAGUE
,949,32995,PHSOB 3,,,,,,,,,,,,,,,,,,,,,,2025/2026 TITANS SECOND LEAGUE
11,949,32995,Jacques Van Rooyen,3795662,IRENE VILLAGERS 3,,IRENE VILLAGERS 3,5427,8,8,55.1,195,12,14/ 5,1,229,3.53,16.25,27.6,0,0,1,22,0,2025/2026 TITANS SECOND LEAGUE
,949,32995,IRENE VILLAGERS 3,,,,,,,,,,,,,,,,,,,,,,2025/2026 TITANS SECOND LEAGUE
12,949,32995,Janro De Bruin,6299640,CBCOB 3,,CBCOB 3,5425,8,8,41.2,158,11,13/ 5,8,189,3.82,14.36,22.5,0,0,1,11,0,2025/2026 TITANS SECOND LEAGUE
,949,32995,CBCOB 3,,,,,,,,,,,,,,,,,,,,,,2025/2026 TITANS SECOND LEAGUE
13,949,32995,Johan Nel,4655263,TUKS 5,,TUKS 5,5430,10,9,53.3,223,11,11/ 2,6,217,4.17,20.27,29.2,0,0,0,14,0,2025/2026 TITANS SECOND LEAGUE
,949,32995,TUKS 5,,,,,,,,,,,,,,,,,,,,,,2025/2026 TITANS SECOND LEAGUE
14,949,32995,Waldemar Bodenstein,6299549,IRENE VILLAGERS 3,,IRENE VILLAGERS 3,5427,10,6,36.5,141,10,9/ 4,4,141,3.83,14.10,22.1,0,1,0,10,0,2025/2026 TITANS SECOND LEAGUE
,949,32995,IRENE VILLAGERS 3,,,,,,,,,,,,,,,,,,,,,,2025/2026 TITANS SECOND LEAGUE
15,949,32995,Juan Viljoen,4729877,HARLEQUINS 3,,HARLEQUINS 3,5426,11,10,60.0,257,10,20/ 3,4,246,4.28,25.70,36.0,0,0,0,24,0,2025/2026 TITANS SECOND LEAGUE
,949,32995,HARLEQUINS 3,,,,,,,,,,,,,,,,,,,,,,2025/2026 TITANS SECOND LEAGUE
16,949,32995,Willem Jacobs,5005715,HARLEQUINS 3,,HARLEQUINS 3,5426,9,7,37.5,245,10,36/ 3,0,112,6.48,24.50,22.7,0,0,0,11,6,2025/2026 TITANS SECOND LEAGUE
,949,32995,HARLEQUINS 3,,,,,,,,,,,,,,,,,,,,,,2025/2026 TITANS SECOND LEAGUE
17,949,32995,Stiaan Heymans,4673670,IRENE VILLAGERS 4,,IRENE VILLAGERS 4,5432,8,6,17.3,129,10,53/ 6,0,54,7.37,12.90,10.5,0,0,1,16,0,2025/2026 TITANS SECOND LEAGUE
,949,32995,IRENE VILLAGERS 4,,,,,,,,,,,,,,,,,,,,,,2025/2026 TITANS SECOND LEAGUE
18,949,32995,Regan Pruss,3713341,PHSOB 3,,PHSOB 3,5428,3,3,14.5,72,9,26/ 4,0,59,4.85,8.00,9.9,0,2,0,3,0,2025/2026 TITANS SECOND LEAGUE
,949,32995,PHSOB 3,,,,,,,,,,,,,,,,,,,,,,2025/2026 TITANS SECOND LEAGUE
19,949,32995,Christoper Bouwer,6407256,PHSOB 3,,PHSOB 3,5428,4,3,21.1,107,9,49/ 4,2,81,5.06,11.89,14.1,0,1,0,3,1,2025/2026 TITANS SECOND LEAGUE
,949,32995,PHSOB 3,,,,,,,,,,,,,,,,,,,,,,2025/2026 TITANS SECOND LEAGUE
20,949,32995,Eugene Botha,4973974,IRENE VILLAGERS 4,,IRENE VILLAGERS 4,5432,7,5,35.0,204,9,28/ 3,2,120,5.83,22.67,23.3,0,0,0,14,2,2025/2026 TITANS SECOND LEAGUE
,949,32995,IRENE VILLAGERS 4,,,,,,,,,,,,,,,,,,,,,,2025/2026 TITANS SECOND LEAGUE
21,949,32995,Stefan Grobler,3018230,TUT 3,,TUT 3,5431,8,6,39.0,136,8,18/ 3,6,171,3.49,17.00,29.2,0,0,0,17,8,2025/2026 TITANS SECOND LEAGUE
,949,32995,TUT 3,,,,,,,,,,,,,,,,,,,,,,2025/2026 TITANS SECOND LEAGUE
22,949,32995,Alec Jordaan,4715851,CBCOB 3,,CBCOB 3,5425,3,3,22.0,85,8,27/ 4,3,99,3.86,10.62,16.5,0,1,0,13,0,2025/2026 TITANS SECOND LEAGUE
,949,32995,CBCOB 3,,,,,,,,,,,,,,,,,,,,,,2025/2026 TITANS SECOND LEAGUE
23,949,32995,Nico Kruger,2936834,TUKS 5,,TUKS 5,5430,2,2,9.0,56,8,44/ 6,0,35,6.22,7.00,6.8,0,0,1,6,1,2025/2026 TITANS SECOND LEAGUE
,949,32995,TUKS 5,,,,,,,,,,,,,,,,,,,,,,2025/2026 TITANS SECOND LEAGUE
24,949,32995,Elgun Boecker,4702810,IRENE VILLAGERS 3,,IRENE VILLAGERS 3,5427,3,3,17.3,64,7,22/ 5,1,74,3.66,9.14,15.0,0,0,1,2,0,2025/2026 TITANS SECOND LEAGUE
,949,32995,IRENE VILLAGERS 3,,,,,,,,,,,,,,,,,,,,,,2025/2026 TITANS SECOND LEAGUE
25,949,32995,Werner Pretorius,4756703,IRENE VILLAGERS 3,,IRENE VILLAGERS 3,5427,6,6,28.0,107,7,31/ 4,1,120,3.82,15.29,24.0,0,1,0,17,1,2025/2026 TITANS SECOND LEAGUE
,949,32995,IRENE VILLAGERS 3,,,,,,,,,,,,,,,,,,,,,,2025/2026 TITANS SECOND LEAGUE
26,949,32995,Barend Pelser,4854733,IRENE VILLAGERS 3,,IRENE VILLAGERS 3,5427,4,4,23.2,97,7,22/ 3,2,94,4.16,13.86,20.0,0,0,0,9,0,2025/2026 TITANS SECOND LEAGUE
,949,32995,IRENE VILLAGERS 3,,,,,,,,,,,,,,,,,,,,,,2025/2026 TITANS SECOND LEAGUE
27,949,32995,Clayton Brunsdon,4100291,IRENE VILLAGERS 4,,IRENE VILLAGERS 4,5432,9,7,35.5,210,7,37/ 3,2,128,5.86,30.00,30.7,0,0,0,1,0,2025/2026 TITANS SECOND LEAGUE
,949,32995,IRENE VILLAGERS 4,,,,,,,,,,,,,,,,,,,,,,2025/2026 TITANS SECOND LEAGUE
28,949,32995,Rivan Stoman,6352780,SINOVILLE 3,,SINOVILLE 3,5429,4,4,16.5,123,7,31/ 4,1,56,7.31,17.57,14.4,1,1,0,17,0,2025/2026 TITANS SECOND LEAGUE
,949,32995,SINOVILLE 3,,,,,,,,,,,,,,,,,,,,,,2025/2026 TITANS SECOND LEAGUE
29,949,32995,Pieter Roos,2939189,HARLEQUINS 3,,HARLEQUINS 3,5426,5,2,9.2,70,7,53/ 5,2,31,7.50,10.00,8.0,0,0,1,7,0,2025/2026 TITANS SECOND LEAGUE
,949,32995,HARLEQUINS 3,,,,,,,,,,,,,,,,,,,,,,2025/2026 TITANS SECOND LEAGUE
30,949,32995,Andrè Smith,6371951,TUKS 5,,TUKS 5,5430,3,2,11.3,43,6,26/ 4,2,48,3.74,7.17,11.5,0,1,0,3,0,2025/2026 TITANS SECOND LEAGUE
,949,32995,TUKS 5,,,,,,,,,,,,,,,,,,,,,,2025/2026 TITANS SECOND LEAGUE
31,949,32995,Edwin De Waal,4742889,PHSOB 3,,PHSOB 3,5428,4,4,18.0,107,6,11/ 5,2,73,5.94,17.83,18.0,0,0,1,10,0,2025/2026 TITANS SECOND LEAGUE
,949,32995,PHSOB 3,,,,,,,,,,,,,,,,,,,,,,2025/2026 TITANS SECOND LEAGUE
32,949,32995,Neil Jansen,4655259,IRENE VILLAGERS 3,,IRENE VILLAGERS 3,5427,4,4,19.0,69,5,16/ 2,2,84,3.63,13.80,22.8,0,0,0,15,0,2025/2026 TITANS SECOND LEAGUE
,949,32995,IRENE VILLAGERS 3,,,,,,,,,,,,,,,,,,,,,,2025/2026 TITANS SECOND LEAGUE
33,949,32995,Altus Cbc,6644492,CBCOB 3,,CBCOB 3,5425,1,1,8.0,30,5,30/ 5,0,36,3.75,6.00,9.6,0,0,1,8,0,2025/2026 TITANS SECOND LEAGUE
,949,32995,CBCOB 3,,,,,,,,,,,,,,,,,,,,,,2025/2026 TITANS SECOND LEAGUE
34,949,32995,Chris Klopper,4673667,IRENE VILLAGERS 4,,IRENE VILLAGERS 4,5432,4,4,22.2,92,5,18/ 3,2,101,4.12,18.40,26.8,0,0,0,16,1,2025/2026 TITANS SECOND LEAGUE
,949,32995,IRENE VILLAGERS 4,,,,,,,,,,,,,,,,,,,,,,2025/2026 TITANS SECOND LEAGUE
35,949,32995,André Duvenhage,6336328,PHSOB 3,,PHSOB 3,5428,3,3,13.0,56,5,35/ 3,2,60,4.31,11.20,15.6,0,0,0,6,0,2025/2026 TITANS SECOND LEAGUE
,949,32995,PHSOB 3,,,,,,,,,,,,,,,,,,,,,,2025/2026 TITANS SECOND LEAGUE
36,949,32995,Kholi Willows,6299172,HARLEQUINS 3,,HARLEQUINS 3,5426,2,1,6.0,29,5,29/ 5,1,20,4.83,5.80,7.2,0,0,1,1,3,2025/2026 TITANS SECOND LEAGUE
,949,32995,HARLEQUINS 3,,,,,,,,,,,,,,,,,,,,,,2025/2026 TITANS SECOND LEAGUE
37,949,32995,Neiko Stigling,6299637,TUT 3,,TUT 3,5431,4,3,22.0,115,5,30/ 2,0,93,5.23,23.00,26.4,0,0,0,20,3,2025/2026 TITANS SECOND LEAGUE
,949,32995,TUT 3,,,,,,,,,,,,,,,,,,,,,,2025/2026 TITANS SECOND LEAGUE
38,949,32995,Ruan Ebersohn,2985830,IRENE VILLAGERS 4,,IRENE VILLAGERS 4,5432,11,9,37.0,200,5,7/ 2,2,144,5.41,40.00,44.4,0,0,0,12,0,2025/2026 TITANS SECOND LEAGUE
,949,32995,IRENE VILLAGERS 4,,,,,,,,,,,,,,,,,,,,,,2025/2026 TITANS SECOND LEAGUE
39,949,32995,Stefan Olivier,3729935,TUT 3,,TUT 3,5431,6,3,18.0,134,5,36/ 2,1,55,7.44,26.80,21.6,0,0,0,1,0,2025/2026 TITANS SECOND LEAGUE
,949,32995,TUT 3,,,,,,,,,,,,,,,,,,,,,,2025/2026 TITANS SECOND LEAGUE
40,949,32995,Lucky Coetzee,6299644,CBCOB 3,,CBCOB 3,5425,1,1,7.0,17,4,17/ 4,0,33,2.43,4.25,10.5,0,1,0,3,0,2025/2026 TITANS SECOND LEAGUE
,949,32995,CBCOB 3,,,,,,,,,,,,,,,,,,,,,,2025/2026 TITANS SECOND LEAGUE
41,949,32995,Jacques Van Rooyen,3745426,IRENE VILLAGERS 4,,IRENE VILLAGERS 4,5432,2,2,16.0,59,4,28/ 3,1,72,3.69,14.75,24.0,0,0,0,6,0,2025/2026 TITANS SECOND LEAGUE
,949,32995,IRENE VILLAGERS 4,,,,,,,,,,,,,,,,,,,,,,2025/2026 TITANS SECOND LEAGUE
42,949,32995,Neil Jansen,6299550,IRENE VILLAGERS 3,,IRENE VILLAGERS 3,5427,2,2,11.0,42,4,27/ 3,1,50,3.82,10.50,16.5,0,0,0,8,3,2025/2026 TITANS SECOND LEAGUE
,949,32995,IRENE VILLAGERS 3,,,,,,,,,,,,,,,,,,,,,,2025/2026 TITANS SECOND LEAGUE
43,949,32995,Faf Potgieter,6390079,CBCOB 3,,CBCOB 3,5425,3,2,6.0,23,4,21/ 3,1,24,3.83,5.75,9.0,0,0,0,1,0,2025/2026 TITANS SECOND LEAGUE
,949,32995,CBCOB 3,,,,,,,,,,,,,,,,,,,,,,2025/2026 TITANS SECOND LEAGUE
44,949,32995,Christo Weiss,2588485,SINOVILLE 3,,SINOVILLE 3,5429,1,1,9.0,38,4,38/ 4,2,40,4.22,9.50,13.5,0,1,0,5,0,2025/2026 TITANS SECOND LEAGUE
,949,32995,SINOVILLE 3,,,,,,,,,,,,,,,,,,,,,,2025/2026 TITANS SECOND LEAGUE
45,949,32995,Ulrich Breytenbach,6592628,HARLEQUINS 3,,HARLEQUINS 3,5426,4,3,17.0,82,4,16/ 2,1,72,4.82,20.50,25.5,0,0,0,12,0,2025/2026 TITANS SECOND LEAGUE
,949,32995,HARLEQUINS 3,,,,,,,,,,,,,,,,,,,,,,2025/2026 TITANS SECOND LEAGUE
46,949,32995,Ruan Venter,4673574,SINOVILLE 3,,SINOVILLE 3,5429,2,2,11.0,54,4,25/ 2,0,43,4.91,13.50,16.5,0,0,0,10,0,2025/2026 TITANS SECOND LEAGUE
,949,32995,SINOVILLE 3,,,,,,,,,,,,,,,,,,,,,,2025/2026 TITANS SECOND LEAGUE
47,949,32995,Joubert Eybers,6390024,PHSOB 3,,PHSOB 3,5428,3,2,18.0,90,4,36/ 2,3,68,5.00,22.50,27.0,0,0,0,1,0,2025/2026 TITANS SECOND LEAGUE
,949,32995,PHSOB 3,,,,,,,,,,,,,,,,,,,,,,2025/2026 TITANS SECOND LEAGUE
48,949,32995,Henry Cbc,6442337,CBCOB 3,,CBCOB 3,5425,4,2,11.3,59,4,11/ 2,0,45,5.13,14.75,17.2,0,0,0,3,0,2025/2026 TITANS SECOND LEAGUE
,949,32995,CBCOB 3,,,,,,,,,,,,,,,,,,,,,,2025/2026 TITANS SECOND LEAGUE
49,949,32995,Donovan du Toit,3713457,TUKS 5,,TUKS 5,5430,9,4,20.0,119,4,29/ 2,1,74,5.95,29.75,30.0,0,0,0,14,1,2025/2026 TITANS SECOND LEAGUE
,949,32995,TUKS 5,,,,,,,,,,,,,,,,,,,,,,2025/2026 TITANS SECOND LEAGUE
50,949,32995,Ettienne Tait,2939149,HARLEQUINS 3,,HARLEQUINS 3,5426,2,2,14.0,87,4,28/ 3,0,46,6.21,21.75,21.0,0,0,0,5,0,2025/2026 TITANS SECOND LEAGUE
,949,32995,HARLEQUINS 3,,,,,,,,,,,,,,,,,,,,,,2025/2026 TITANS SECOND LEAGUE
51,949,32995,Hendre Du toit,2987477,SINOVILLE 3,,SINOVILLE 3,5429,5,5,27.0,168,4,52/ 2,1,89,6.22,42.00,40.5,0,0,0,5,0,2025/2026 TITANS SECOND LEAGUE
,949,32995,SINOVILLE 3,,,,,,,,,,,,,,,,,,,,,,2025/2026 TITANS SECOND LEAGUE
52,949,32995,Mohapi Molete,2985827,IRENE VILLAGERS 4,,IRENE VILLAGERS 4,5432,6,5,32.0,207,4,29/ 1,1,103,6.47,51.75,48.0,0,0,0,8,2,2025/2026 TITANS SECOND LEAGUE
,949,32995,IRENE VILLAGERS 4,,,,,,,,,,,,,,,,,,,,,,2025/2026 TITANS SECOND LEAGUE
53,949,32995,Jean Botes,6355844,IRENE VILLAGERS 3,,IRENE VILLAGERS 3,5427,2,2,12.0,79,4,39/ 2,2,45,6.58,19.75,18.0,0,0,0,9,0,2025/2026 TITANS SECOND LEAGUE
,949,32995,IRENE VILLAGERS 3,,,,,,,,,,,,,,,,,,,,,,2025/2026 TITANS SECOND LEAGUE
54,949,32995,Julian Otto,6352767,SINOVILLE 3,,SINOVILLE 3,5429,4,3,9.4,71,4,23/ 2,0,25,7.34,17.75,14.5,0,0,0,2,2,2025/2026 TITANS SECOND LEAGUE
,949,32995,SINOVILLE 3,,,,,,,,,,,,,,,,,,,,,,2025/2026 TITANS SECOND LEAGUE
55,949,32995,Barend Pelser,4874775,IRENE VILLAGERS 4,,IRENE VILLAGERS 4,5432,2,2,12.0,95,4,59/ 4,1,45,7.92,23.75,18.0,0,1,0,16,0,2025/2026 TITANS SECOND LEAGUE
,949,32995,IRENE VILLAGERS 4,,,,,,,,,,,,,,,,,,,,,,2025/2026 TITANS SECOND LEAGUE
56,949,32995,Jean Steyn,6592526,TUT 3,,TUT 3,5431,2,2,4.4,41,4,4/ 3,0,14,8.79,10.25,7.0,0,0,0,2,0,2025/2026 TITANS SECOND LEAGUE
,949,32995,TUT 3,,,,,,,,,,,,,,,,,,,,,,2025/2026 TITANS SECOND LEAGUE
57,949,32995,Franco Ferriera,6592583,PHSOB 3,,PHSOB 3,5428,1,1,6.0,13,3,13/ 3,2,30,2.17,4.33,12.0,0,0,0,2,0,2025/2026 TITANS SECOND LEAGUE
,949,32995,PHSOB 3,,,,,,,,,,,,,,,,,,,,,,2025/2026 TITANS SECOND LEAGUE
58,949,32995,Franco Vd Mescht,6629543,CBCOB 3,,CBCOB 3,5425,1,1,3.0,7,3,7/ 3,0,14,2.33,2.33,6.0,0,0,0,0,0,2025/2026 TITANS SECOND LEAGUE
,949,32995,CBCOB 3,,,,,,,,,,,,,,,,,,,,,,2025/2026 TITANS SECOND LEAGUE
59,949,32995,Janu Olivier,4973941,SINOVILLE 3,,SINOVILLE 3,5429,2,2,11.0,38,3,24/ 2,1,53,3.45,12.67,22.0,0,0,0,6,4,2025/2026 TITANS SECOND LEAGUE
,949,32995,SINOVILLE 3,,,,,,,,,,,,,,,,,,,,,,2025/2026 TITANS SECOND LEAGUE
60,949,32995,Jaden Beukes,6299645,CBCOB 3,,CBCOB 3,5425,2,2,6.0,21,3,7/ 2,2,29,3.50,7.00,12.0,0,0,0,0,1,2025/2026 TITANS SECOND LEAGUE
,949,32995,CBCOB 3,,,,,,,,,,,,,,,,,,,,,,2025/2026 TITANS SECOND LEAGUE
61,949,32995,Lee Bukes,6592626,SINOVILLE 3,,SINOVILLE 3,5429,1,1,8.0,28,3,28/ 3,1,29,3.50,9.33,16.0,0,0,0,2,0,2025/2026 TITANS SECOND LEAGUE
,949,32995,SINOVILLE 3,,,,,,,,,,,,,,,,,,,,,,2025/2026 TITANS SECOND LEAGUE
62,949,32995,Juan Van den berg,2987480,SINOVILLE 3,,SINOVILLE 3,5429,1,1,8.0,29,3,29/ 3,0,33,3.62,9.67,16.0,0,0,0,3,0,2025/2026 TITANS SECOND LEAGUE
,949,32995,SINOVILLE 3,,,,,,,,,,,,,,,,,,,,,,2025/2026 TITANS SECOND LEAGUE
63,949,32995,Heinrich Klue,6358565,CBCOB 3,,CBCOB 3,5425,1,1,9.0,33,3,33/ 3,0,34,3.67,11.00,18.0,0,0,0,3,0,2025/2026 TITANS SECOND LEAGUE
,949,32995,CBCOB 3,,,,,,,,,,,,,,,,,,,,,,2025/2026 TITANS SECOND LEAGUE
64,949,32995,Peet Snyman,6299175,HARLEQUINS 3,,HARLEQUINS 3,5426,2,1,4.1,16,3,16/ 3,0,21,3.84,5.33,8.3,0,0,0,6,0,2025/2026 TITANS SECOND LEAGUE
,949,32995,HARLEQUINS 3,,,,,,,,,,,,,,,,,,,,,,2025/2026 TITANS SECOND LEAGUE
65,949,32995,Neil Jansen,4655262,IRENE VILLAGERS 3,,IRENE VILLAGERS 3,5427,2,2,12.0,61,3,25/ 2,1,50,5.08,20.33,24.0,0,0,0,5,0,2025/2026 TITANS SECOND LEAGUE
,949,32995,IRENE VILLAGERS 3,,,,,,,,,,,,,,,,,,,,,,2025/2026 TITANS SECOND LEAGUE
66,949,32995,Callen Stephen,3782749,PHSOB 3,,PHSOB 3,5428,4,2,13.3,69,3,44/ 2,0,46,5.11,23.00,27.0,0,0,0,5,0,2025/2026 TITANS SECOND LEAGUE
,949,32995,PHSOB 3,,,,,,,,,,,,,,,,,,,,,,2025/2026 TITANS SECOND LEAGUE
67,949,32995,Mark Yafee,6552299,CBCOB 3,,CBCOB 3,5425,4,3,9.3,49,3,16/ 2,2,34,5.16,16.33,19.0,0,0,0,13,0,2025/2026 TITANS SECOND LEAGUE
,949,32995,CBCOB 3,,,,,,,,,,,,,,,,,,,,,,2025/2026 TITANS SECOND LEAGUE
68,949,32995,Wilhelm Best,6372014,PHSOB 3,,PHSOB 3,5428,2,2,13.0,69,3,31/ 3,0,54,5.31,23.00,26.0,0,0,0,10,0,2025/2026 TITANS SECOND LEAGUE
,949,32995,PHSOB 3,,,,,,,,,,,,,,,,,,,,,,2025/2026 TITANS SECOND LEAGUE
69,949,32995,Marcel Cronjé,6336326,PHSOB 3,,PHSOB 3,5428,4,2,14.0,83,3,45/ 2,1,51,5.93,27.67,28.0,0,0,0,9,0,2025/2026 TITANS SECOND LEAGUE
,949,32995,PHSOB 3,,,,,,,,,,,,,,,,,,,,,,2025/2026 TITANS SECOND LEAGUE
70,949,32995,Hein Swanepoel,4649924,HARLEQUINS 3,,HARLEQUINS 3,5426,2,2,11.0,68,3,48/ 3,0,47,6.18,22.67,22.0,0,0,0,23,0,2025/2026 TITANS SECOND LEAGUE
,949,32995,HARLEQUINS 3,,,,,,,,,,,,,,,,,,,,,,2025/2026 TITANS SECOND LEAGUE
71,949,32995,Gary Van Blerk,4673569,TUT 3,,TUT 3,5431,8,4,15.0,98,3,15/ 1,1,55,6.53,32.67,30.0,0,0,0,36,0,2025/2026 TITANS SECOND LEAGUE
,949,32995,TUT 3,,,,,,,,,,,,,,,,,,,,,,2025/2026 TITANS SECOND LEAGUE
72,949,32995,Leon Smith,4673571,TUT 3,,TUT 3,5431,6,4,13.0,85,3,6/ 2,0,39,6.54,28.33,26.0,0,0,0,4,0,2025/2026 TITANS SECOND LEAGUE
,949,32995,TUT 3,,,,,,,,,,,,,,,,,,,,,,2025/2026 TITANS SECOND LEAGUE
73,949,32995,Christoff  Pompie Helm,2985831,IRENE VILLAGERS 4,,IRENE VILLAGERS 4,5432,7,4,15.1,100,3,38/ 3,1,45,6.59,33.33,30.3,0,0,0,9,0,2025/2026 TITANS SECOND LEAGUE
,949,32995,IRENE VILLAGERS 4,,,,,,,,,,,,,,,,,,,,,,2025/2026 TITANS SECOND LEAGUE
74,949,32995,Andre Van wyk,3266939,TUKS 5,,TUKS 5,5430,8,5,18.0,125,3,19/ 1,1,53,6.94,41.67,36.0,0,0,0,12,0,2025/2026 TITANS SECOND LEAGUE
,949,32995,TUKS 5,,,,,,,,,,,,,,,,,,,,,,2025/2026 TITANS SECOND LEAGUE
75,949,32995,Joshua Hall,6299551,IRENE VILLAGERS 3,,IRENE VILLAGERS 3,5427,1,1,5.0,39,3,39/ 3,0,22,7.80,13.00,10.0,0,0,0,7,0,2025/2026 TITANS SECOND LEAGUE
,949,32995,IRENE VILLAGERS 3,,,,,,,,,,,,,,,,,,,,,,2025/2026 TITANS SECOND LEAGUE
76,949,32995,Ryno Vermaak,6299554,SINOVILLE 3,,SINOVILLE 3,5429,5,5,19.0,150,3,25/ 1,0,59,7.89,50.00,38.0,0,0,0,7,2,2025/2026 TITANS SECOND LEAGUE
,949,32995,SINOVILLE 3,,,,,,,,,,,,,,,,,,,,,,2025/2026 TITANS SECOND LEAGUE
77,949,32995,Reinhardt Hamann,6371950,TUKS 5,,TUKS 5,5430,5,3,13.4,46,2,15/ 1,0,60,3.37,23.00,41.0,0,0,0,8,0,2025/2026 TITANS SECOND LEAGUE
,949,32995,TUKS 5,,,,,,,,,,,,,,,,,,,,,,2025/2026 TITANS SECOND LEAGUE
78,949,32995,Jared Fourie,3795661,IRENE VILLAGERS 3,,IRENE VILLAGERS 3,5427,2,2,16.0,54,2,25/ 1,2,65,3.38,27.00,48.0,0,0,0,2,0,2025/2026 TITANS SECOND LEAGUE
,949,32995,IRENE VILLAGERS 3,,,,,,,,,,,,,,,,,,,,,,2025/2026 TITANS SECOND LEAGUE
79,949,32995,Jody Buys,4729873,HARLEQUINS 3,,HARLEQUINS 3,5426,1,1,5.0,20,2,20/ 2,1,25,4.00,10.00,15.0,0,0,0,7,2,2025/2026 TITANS SECOND LEAGUE
,949,32995,HARLEQUINS 3,,,,,,,,,,,,,,,,,,,,,,2025/2026 TITANS SECOND LEAGUE
80,949,32995,James van der Merwe,5000388,SINOVILLE 3,,SINOVILLE 3,5429,1,1,5.0,20,2,20/ 2,1,19,4.00,10.00,15.0,0,0,0,1,0,2025/2026 TITANS SECOND LEAGUE
,949,32995,SINOVILLE 3,,,,,,,,,,,,,,,,,,,,,,2025/2026 TITANS SECOND LEAGUE
81,949,32995,Cj Jordaan,4892048,IRENE VILLAGERS 3,,IRENE VILLAGERS 3,5427,1,1,8.0,33,2,33/ 2,0,33,4.12,16.50,24.0,0,0,0,8,0,2025/2026 TITANS SECOND LEAGUE
,949,32995,IRENE VILLAGERS 3,,,,,,,,,,,,,,,,,,,,,,2025/2026 TITANS SECOND LEAGUE
82,949,32995,Werner Pretorius,4688690,IRENE VILLAGERS 4,,IRENE VILLAGERS 4,5432,3,2,9.0,41,2,19/ 1,1,38,4.56,20.50,27.0,0,0,0,9,0,2025/2026 TITANS SECOND LEAGUE
,949,32995,IRENE VILLAGERS 4,,,,,,,,,,,,,,,,,,,,,,2025/2026 TITANS SECOND LEAGUE
83,949,32995,Nico Minnaar,3713344,TUT 3,,TUT 3,5431,1,1,8.0,37,2,37/ 2,0,33,4.62,18.50,24.0,0,0,0,1,0,2025/2026 TITANS SECOND LEAGUE
,949,32995,TUT 3,,,,,,,,,,,,,,,,,,,,,,2025/2026 TITANS SECOND LEAGUE
84,949,32995,Tristan Beetge,4658060,IRENE VILLAGERS 4,,IRENE VILLAGERS 4,5432,4,2,4.3,21,2,11/ 2,1,17,4.67,10.50,13.5,0,0,0,1,0,2025/2026 TITANS SECOND LEAGUE
,949,32995,IRENE VILLAGERS 4,,,,,,,,,,,,,,,,,,,,,,2025/2026 TITANS SECOND LEAGUE
85,949,32995,Jerry Lesige,6299177,TUKS 5,,TUKS 5,5430,3,2,8.0,39,2,19/ 2,1,35,4.88,19.50,24.0,0,0,0,1,3,2025/2026 TITANS SECOND LEAGUE
,949,32995,TUKS 5,,,,,,,,,,,,,,,,,,,,,,2025/2026 TITANS SECOND LEAGUE
86,949,32995,Arno Kruger,6336327,PHSOB 3,,PHSOB 3,5428,7,1,3.0,15,2,15/ 2,0,12,5.00,7.50,9.0,0,0,0,3,0,2025/2026 TITANS SECOND LEAGUE
,949,32995,PHSOB 3,,,,,,,,,,,,,,,,,,,,,,2025/2026 TITANS SECOND LEAGUE
87,949,32995,Pj Richter,6552362,SINOVILLE 3,,SINOVILLE 3,5429,2,2,10.0,51,2,37/ 2,0,41,5.10,25.50,30.0,0,0,0,4,2,2025/2026 TITANS SECOND LEAGUE
,949,32995,SINOVILLE 3,,,,,,,,,,,,,,,,,,,,,,2025/2026 TITANS SECOND LEAGUE
88,949,32995,Ben Hough,6592585,PHSOB 3,,PHSOB 3,5428,2,2,11.0,60,2,39/ 2,1,48,5.45,30.00,33.0,0,0,0,13,0,2025/2026 TITANS SECOND LEAGUE
,949,32995,PHSOB 3,,,,,,,,,,,,,,,,,,,,,,2025/2026 TITANS SECOND LEAGUE
89,949,32995,Dillon Kotze,3729565,CBCOB 3,,CBCOB 3,5425,2,1,2.0,11,2,11/ 2,0,6,5.50,5.50,6.0,0,0,0,0,0,2025/2026 TITANS SECOND LEAGUE
,949,32995,CBCOB 3,,,,,,,,,,,,,,,,,,,,,,2025/2026 TITANS SECOND LEAGUE
90,949,32995,Dylan Howe-Dreyer,2936902,PHSOB 3,,PHSOB 3,5428,6,3,7.0,40,2,5/ 2,0,28,5.71,20.00,21.0,0,0,0,11,1,2025/2026 TITANS SECOND LEAGUE
,949,32995,PHSOB 3,,,,,,,,,,,,,,,,,,,,,,2025/2026 TITANS SECOND LEAGUE
91,949,32995,Carvel Pillay,6631981,TUKS 5,,TUKS 5,5430,2,1,4.0,23,2,23/ 2,0,13,5.75,11.50,12.0,0,0,0,0,0,2025/2026 TITANS SECOND LEAGUE
,949,32995,TUKS 5,,,,,,,,,,,,,,,,,,,,,,2025/2026 TITANS SECOND LEAGUE
92,949,32995,Devon Horn,6613295,HARLEQUINS 3,,HARLEQUINS 3,5426,1,1,3.3,22,2,22/ 2,0,13,6.29,11.00,10.5,0,0,0,3,0,2025/2026 TITANS SECOND LEAGUE
,949,32995,HARLEQUINS 3,,,,,,,,,,,,,,,,,,,,,,2025/2026 TITANS SECOND LEAGUE
93,949,32995,Dewald Van Der Walt,3276817,HARLEQUINS 3,,HARLEQUINS 3,5426,4,3,8.0,52,2,14/ 2,1,32,6.50,26.00,24.0,0,0,0,10,0,2025/2026 TITANS SECOND LEAGUE
,949,32995,HARLEQUINS 3,,,,,,,,,,,,,,,,,,,,,,2025/2026 TITANS SECOND LEAGUE
94,949,32995,Juan Venter,6552360,SINOVILLE 3,,SINOVILLE 3,5429,1,1,8.0,52,2,52/ 2,0,28,6.50,26.00,24.0,0,0,0,3,0,2025/2026 TITANS SECOND LEAGUE
,949,32995,SINOVILLE 3,,,,,,,,,,,,,,,,,,,,,,2025/2026 TITANS SECOND LEAGUE
95,949,32995,Jason Van Loggenberg,6552363,SINOVILLE 3,,SINOVILLE 3,5429,1,1,8.0,52,2,52/ 2,1,27,6.50,26.00,24.0,0,0,0,9,0,2025/2026 TITANS SECOND LEAGUE
,949,32995,SINOVILLE 3,,,,,,,,,,,,,,,,,,,,,,2025/2026 TITANS SECOND LEAGUE
96,949,32995,JD van Wyk,5000390,SINOVILLE 3,,SINOVILLE 3,5429,1,1,7.0,48,2,48/ 2,0,21,6.86,24.00,21.0,0,0,0,3,0,2025/2026 TITANS SECOND LEAGUE
,949,32995,SINOVILLE 3,,,,,,,,,,,,,,,,,,,,,,2025/2026 TITANS SECOND LEAGUE
97,949,32995,Kholisile Khuzwayo,6407265,HARLEQUINS 3,,HARLEQUINS 3,5426,5,3,19.3,136,2,80/ 2,1,63,6.97,68.00,58.5,0,0,0,4,0,2025/2026 TITANS SECOND LEAGUE
,949,32995,HARLEQUINS 3,,,,,,,,,,,,,,,,,,,,,,2025/2026 TITANS SECOND LEAGUE
98,949,32995,Stefan Ferreira,6552300,CBCOB 3,,CBCOB 3,5425,2,1,7.3,53,2,53/ 2,0,23,7.07,26.50,22.5,0,0,0,2,0,2025/2026 TITANS SECOND LEAGUE
,949,32995,CBCOB 3,,,,,,,,,,,,,,,,,,,,,,2025/2026 TITANS SECOND LEAGUE
99,949,32995,Justin Pretorius,6407259,IRENE VILLAGERS 3,,IRENE VILLAGERS 3,5427,3,3,5.5,43,2,1/ 1,0,23,7.37,21.50,17.5,0,0,0,9,0,2025/2026 TITANS SECOND LEAGUE
,949,32995,IRENE VILLAGERS 3,,,,,,,,,,,,,,,,,,,,,,2025/2026 TITANS SECOND LEAGUE
100,949,32995,Jordan Cbc,6442338,CBCOB 3,,CBCOB 3,5425,1,1,5.0,37,2,37/ 2,0,19,7.40,18.50,15.0,0,0,0,19,0,2025/2026 TITANS SECOND LEAGUE
,949,32995,CBCOB 3,,,,,,,,,,,,,,,,,,,,,,2025/2026 TITANS SECOND LEAGUE
101,949,32995,Senekal Cbc,6442336,CBCOB 3,,CBCOB 3,5425,2,1,9.0,67,2,67/ 2,0,24,7.44,33.50,27.0,0,0,0,13,0,2025/2026 TITANS SECOND LEAGUE
,949,32995,CBCOB 3,,,,,,,,,,,,,,,,,,,,,,2025/2026 TITANS SECOND LEAGUE
102,949,32995,Tiaan Borman,3772082,SINOVILLE 3,,SINOVILLE 3,5429,1,1,8.0,61,2,61/ 2,0,22,7.62,30.50,24.0,0,0,0,1,0,2025/2026 TITANS SECOND LEAGUE
,949,32995,SINOVILLE 3,,,,,,,,,,,,,,,,,,,,,,2025/2026 TITANS SECOND LEAGUE
103,949,32995,Eddie Stephen,6299173,HARLEQUINS 3,,HARLEQUINS 3,5426,7,4,9.0,76,2,24/ 2,0,34,8.44,38.00,27.0,0,0,0,8,5,2025/2026 TITANS SECOND LEAGUE
,949,32995,HARLEQUINS 3,,,,,,,,,,,,,,,,,,,,,,2025/2026 TITANS SECOND LEAGUE
104,949,32995,Eugene Pelzer,6552298,IRENE VILLAGERS 3,,IRENE VILLAGERS 3,5427,1,1,3.0,26,2,26/ 2,0,11,8.67,13.00,9.0,0,0,0,0,0,2025/2026 TITANS SECOND LEAGUE
,949,32995,IRENE VILLAGERS 3,,,,,,,,,,,,,,,,,,,,,,2025/2026 TITANS SECOND LEAGUE
105,949,32995,Matthew Field,6592582,CBCOB 3,,CBCOB 3,5425,1,1,4.0,37,2,37/ 2,0,16,9.25,18.50,12.0,0,0,0,11,1,2025/2026 TITANS SECOND LEAGUE
,949,32995,CBCOB 3,,,,,,,,,,,,,,,,,,,,,,2025/2026 TITANS SECOND LEAGUE
106,949,32995,Zandré Nel,3031806,SINOVILLE 3,,SINOVILLE 3,5429,1,1,3.0,28,2,28/ 2,0,8,9.33,14.00,9.0,0,0,0,1,0,2025/2026 TITANS SECOND LEAGUE
,949,32995,SINOVILLE 3,,,,,,,,,,,,,,,,,,,,,,2025/2026 TITANS SECOND LEAGUE
107,949,32995,Emil Rolfes,2936903,PHSOB 3,,PHSOB 3,5428,8,4,8.0,76,2,15/ 1,0,21,9.50,38.00,24.0,0,0,0,4,0,2025/2026 TITANS SECOND LEAGUE
,949,32995,PHSOB 3,,,,,,,,,,,,,,,,,,,,,,2025/2026 TITANS SECOND LEAGUE
108,949,32995,Hayden Van Den Heever,6372013,PHSOB 3,,PHSOB 3,5428,5,3,4.0,38,2,12/ 1,0,9,9.50,19.00,12.0,0,0,0,3,0,2025/2026 TITANS SECOND LEAGUE
,949,32995,PHSOB 3,,,,,,,,,,,,,,,,,,,,,,2025/2026 TITANS SECOND LEAGUE
109,949,32995,Ruan Coetzer,6336357,HARLEQUINS 3,,HARLEQUINS 3,5426,10,8,17.2,173,2,4/ 1,0,42,9.98,86.50,52.0,0,0,0,14,2,2025/2026 TITANS SECOND LEAGUE
,949,32995,HARLEQUINS 3,,,,,,,,,,,,,,,,,,,,,,2025/2026 TITANS SECOND LEAGUE
110,949,32995,Willie Kamffer,6299174,HARLEQUINS 3,,HARLEQUINS 3,5426,6,4,7.0,89,2,4/ 1,0,14,12.71,44.50,21.0,0,0,0,0,2,2025/2026 TITANS SECOND LEAGUE
,949,32995,HARLEQUINS 3,,,,,,,,,,,,,,,,,,,,,,2025/2026 TITANS SECOND LEAGUE
111,949,32995,Puseletso Mogofe,6631979,TUKS 5,,TUKS 5,5430,1,1,3.0,6,1,6/ 1,1,14,2.00,6.00,18.0,0,0,0,0,0,2025/2026 TITANS SECOND LEAGUE
,949,32995,TUKS 5,,,,,,,,,,,,,,,,,,,,,,2025/2026 TITANS SECOND LEAGUE
112,949,32995,Gunter Geyer,2985804,IRENE VILLAGERS 3,,IRENE VILLAGERS 3,5427,1,1,4.0,10,1,10/ 1,0,19,2.50,10.00,24.0,0,0,0,5,0,2025/2026 TITANS SECOND LEAGUE
,949,32995,IRENE VILLAGERS 3,,,,,,,,,,,,,,,,,,,,,,2025/2026 TITANS SECOND LEAGUE
113,949,32995,Jeandre Pfister,6390081,CBCOB 3,,CBCOB 3,5425,1,1,3.5,10,1,10/ 1,0,18,2.61,10.00,23.0,0,0,0,0,0,2025/2026 TITANS SECOND LEAGUE
,949,32995,CBCOB 3,,,,,,,,,,,,,,,,,,,,,,2025/2026 TITANS SECOND LEAGUE
114,949,32995,Jason Gillard,3003090,SINOVILLE 3,,SINOVILLE 3,5429,1,1,9.0,24,1,24/ 1,1,39,2.67,24.00,54.0,0,0,0,1,0,2025/2026 TITANS SECOND LEAGUE
,949,32995,SINOVILLE 3,,,,,,,,,,,,,,,,,,,,,,2025/2026 TITANS SECOND LEAGUE
115,949,32995,Gerrie Van Rooyen,6592584,PHSOB 3,,PHSOB 3,5428,1,1,3.0,8,1,8/ 1,1,16,2.67,8.00,18.0,0,0,0,2,0,2025/2026 TITANS SECOND LEAGUE
,949,32995,PHSOB 3,,,,,,,,,,,,,,,,,,,,,,2025/2026 TITANS SECOND LEAGUE
116,949,32995,Altys Cbc,6613298,CBCOB 3,,CBCOB 3,5425,1,1,4.0,11,1,11/ 1,1,21,2.75,11.00,24.0,0,0,0,4,0,2025/2026 TITANS SECOND LEAGUE
,949,32995,CBCOB 3,,,,,,,,,,,,,,,,,,,,,,2025/2026 TITANS SECOND LEAGUE
117,949,32995,Reghardt Jordaan,6613299,CBCOB 3,,CBCOB 3,5425,1,1,5.0,16,1,16/ 1,0,21,3.20,16.00,30.0,0,0,0,1,0,2025/2026 TITANS SECOND LEAGUE
,949,32995,CBCOB 3,,,,,,,,,,,,,,,,,,,,,,2025/2026 TITANS SECOND LEAGUE
118,949,32995,Jandre Lotheringen,6629544,CBCOB 3,,CBCOB 3,5425,1,1,5.0,16,1,16/ 1,0,25,3.20,16.00,30.0,0,0,0,7,0,2025/2026 TITANS SECOND LEAGUE
,949,32995,CBCOB 3,,,,,,,,,,,,,,,,,,,,,,2025/2026 TITANS SECOND LEAGUE
119,949,32995,Rigardt Saaiman,3729566,CBCOB 3,,CBCOB 3,5425,2,1,8.0,26,1,26/ 1,2,34,3.25,26.00,48.0,0,0,0,0,0,2025/2026 TITANS SECOND LEAGUE
,949,32995,CBCOB 3,,,,,,,,,,,,,,,,,,,,,,2025/2026 TITANS SECOND LEAGUE
120,949,32995,Henry Knell,6613294,HARLEQUINS 3,,HARLEQUINS 3,5426,1,1,2.0,7,1,7/ 1,0,7,3.50,7.00,12.0,0,0,0,0,0,2025/2026 TITANS SECOND LEAGUE
,949,32995,HARLEQUINS 3,,,,,,,,,,,,,,,,,,,,,,2025/2026 TITANS SECOND LEAGUE
121,949,32995,Jaco de Vos,2936844,TUKS 5,,TUKS 5,5430,2,1,6.0,22,1,22/ 1,1,28,3.67,22.00,36.0,0,0,0,2,0,2025/2026 TITANS SECOND LEAGUE
,949,32995,TUKS 5,,,,,,,,,,,,,,,,,,,,,,2025/2026 TITANS SECOND LEAGUE
122,949,32995,Ryan Blyth,6592525,TUKS 5,,TUKS 5,5430,1,1,4.5,19,1,19/ 1,0,21,3.93,19.00,29.0,0,0,0,3,1,2025/2026 TITANS SECOND LEAGUE
,949,32995,TUKS 5,,,,,,,,,,,,,,,,,,,,,,2025/2026 TITANS SECOND LEAGUE
123,949,32995,Rian Klopper,4769742,IRENE VILLAGERS 4,,IRENE VILLAGERS 4,5432,2,1,5.0,20,1,20/ 1,0,21,4.00,20.00,30.0,0,0,0,0,4,2025/2026 TITANS SECOND LEAGUE
,949,32995,IRENE VILLAGERS 4,,,,,,,,,,,,,,,,,,,,,,2025/2026 TITANS SECOND LEAGUE
124,949,32995,Austin Prins,6590932,IRENE VILLAGERS 4,,IRENE VILLAGERS 4,5432,1,1,5.0,20,1,20/ 1,1,23,4.00,20.00,30.0,0,0,0,2,1,2025/2026 TITANS SECOND LEAGUE
,949,32995,IRENE VILLAGERS 4,,,,,,,,,,,,,,,,,,,,,,2025/2026 TITANS SECOND LEAGUE
125,949,32995,Charl Prinsloo,3018226,TUT 3,,TUT 3,5431,7,2,8.4,36,1,10/ 1,1,36,4.15,36.00,52.0,0,0,0,2,1,2025/2026 TITANS SECOND LEAGUE
,949,32995,TUT 3,,,,,,,,,,,,,,,,,,,,,,2025/2026 TITANS SECOND LEAGUE
126,949,32995,Arno La Cock,6631980,TUKS 5,,TUKS 5,5430,2,1,5.0,21,1,21/ 1,1,25,4.20,21.00,30.0,0,0,0,11,0,2025/2026 TITANS SECOND LEAGUE
,949,32995,TUKS 5,,,,,,,,,,,,,,,,,,,,,,2025/2026 TITANS SECOND LEAGUE
127,949,32995,Jean Cbc,6644490,CBCOB 3,,CBCOB 3,5425,1,1,5.0,21,1,21/ 1,0,21,4.20,21.00,30.0,0,0,0,1,0,2025/2026 TITANS SECOND LEAGUE
,949,32995,CBCOB 3,,,,,,,,,,,,,,,,,,,,,,2025/2026 TITANS SECOND LEAGUE
128,949,32995,Johan Broekman,4756705,IRENE VILLAGERS 3,,IRENE VILLAGERS 3,5427,4,1,7.0,32,1,32/ 1,1,30,4.57,32.00,42.0,0,0,0,8,0,2025/2026 TITANS SECOND LEAGUE
,949,32995,IRENE VILLAGERS 3,,,,,,,,,,,,,,,,,,,,,,2025/2026 TITANS SECOND LEAGUE
129,949,32995,Jaco Fourie,4688790,PHSOB 3,,PHSOB 3,5428,1,1,6.0,28,1,28/ 1,0,24,4.67,28.00,36.0,0,0,0,3,0,2025/2026 TITANS SECOND LEAGUE
,949,32995,PHSOB 3,,,,,,,,,,,,,,,,,,,,,,2025/2026 TITANS SECOND LEAGUE
130,949,32995,Josua Marx,6336355,IRENE VILLAGERS 3,,IRENE VILLAGERS 3,5427,2,1,6.1,29,1,29/ 1,0,23,4.70,29.00,37.0,0,0,0,2,0,2025/2026 TITANS SECOND LEAGUE
,949,32995,IRENE VILLAGERS 3,,,,,,,,,,,,,,,,,,,,,,2025/2026 TITANS SECOND LEAGUE
131,949,32995,Duanne Cbc,6644491,CBCOB 3,,CBCOB 3,5425,1,1,5.0,24,1,24/ 1,0,21,4.80,24.00,30.0,0,0,0,3,0,2025/2026 TITANS SECOND LEAGUE
,949,32995,CBCOB 3,,,,,,,,,,,,,,,,,,,,,,2025/2026 TITANS SECOND LEAGUE
132,949,32995,Devin Almeida,6299636,TUT 3,,TUT 3,5431,2,1,3.0,15,1,15/ 1,0,11,5.00,15.00,18.0,0,0,0,3,0,2025/2026 TITANS SECOND LEAGUE
,949,32995,TUT 3,,,,,,,,,,,,,,,,,,,,,,2025/2026 TITANS SECOND LEAGUE
133,949,32995,Tshepo Molite,4892046,IRENE VILLAGERS 3,,IRENE VILLAGERS 3,5427,4,3,8.0,41,1,17/ 1,1,35,5.12,41.00,48.0,0,0,0,4,3,2025/2026 TITANS SECOND LEAGUE
,949,32995,IRENE VILLAGERS 3,,,,,,,,,,,,,,,,,,,,,,2025/2026 TITANS SECOND LEAGUE
134,949,32995,Andre Schoombee,3772084,SINOVILLE 3,,SINOVILLE 3,5429,1,1,5.0,26,1,26/ 1,0,22,5.20,26.00,30.0,0,0,0,6,1,2025/2026 TITANS SECOND LEAGUE
,949,32995,SINOVILLE 3,,,,,,,,,,,,,,,,,,,,,,2025/2026 TITANS SECOND LEAGUE
135,949,32995,Ricardo Pretorius,6355784,SINOVILLE 3,,SINOVILLE 3,5429,1,1,5.0,26,1,26/ 1,0,24,5.20,26.00,30.0,0,0,0,8,0,2025/2026 TITANS SECOND LEAGUE
,949,32995,SINOVILLE 3,,,,,,,,,,,,,,,,,,,,,,2025/2026 TITANS SECOND LEAGUE
136,949,32995,Leo Pelser,6355782,HARLEQUINS 3,,HARLEQUINS 3,5426,2,2,10.0,53,1,44/ 1,0,38,5.30,53.00,60.0,0,0,0,3,0,2025/2026 TITANS SECOND LEAGUE
,949,32995,HARLEQUINS 3,,,,,,,,,,,,,,,,,,,,,,2025/2026 TITANS SECOND LEAGUE
137,949,32995,Robert Vermeulen,6407267,IRENE VILLAGERS 4,,IRENE VILLAGERS 4,5432,1,1,5.0,27,1,27/ 1,0,21,5.40,27.00,30.0,0,0,0,9,0,2025/2026 TITANS SECOND LEAGUE
,949,32995,IRENE VILLAGERS 4,,,,,,,,,,,,,,,,,,,,,,2025/2026 TITANS SECOND LEAGUE
138,949,32995,Rohan Van Der Walt,6299643,CBCOB 3,,CBCOB 3,5425,4,4,17.0,99,1,26/ 1,0,61,5.82,99.00,102.0,0,0,0,13,0,2025/2026 TITANS SECOND LEAGUE
,949,32995,CBCOB 3,,,,,,,,,,,,,,,,,,,,,,2025/2026 TITANS SECOND LEAGUE
139,949,32995,Alex Brown,6358567,CBCOB 3,,CBCOB 3,5425,1,1,6.0,38,1,38/ 1,0,18,6.33,38.00,36.0,0,0,0,2,0,2025/2026 TITANS SECOND LEAGUE
,949,32995,CBCOB 3,,,,,,,,,,,,,,,,,,,,,,2025/2026 TITANS SECOND LEAGUE
140,949,32995,Sydney Stanley,6389980,TUKS 5,,TUKS 5,5430,2,1,3.0,19,1,19/ 1,0,11,6.33,19.00,18.0,0,0,0,7,0,2025/2026 TITANS SECOND LEAGUE
,949,32995,TUKS 5,,,,,,,,,,,,,,,,,,,,,,2025/2026 TITANS SECOND LEAGUE
141,949,32995,Jeandre Roux,3018228,TUT 3,,TUT 3,5431,5,1,2.0,13,1,13/ 1,0,5,6.50,13.00,12.0,0,0,0,1,0,2025/2026 TITANS SECOND LEAGUE
,949,32995,TUT 3,,,,,,,,,,,,,,,,,,,,,,2025/2026 TITANS SECOND LEAGUE
142,949,32995,Tihardt Kruger,3242942,TUKS 5,,TUKS 5,5430,11,6,18.5,128,1,4/ 1,0,51,6.80,128.00,113.0,0,0,0,12,0,2025/2026 TITANS SECOND LEAGUE
,949,32995,TUKS 5,,,,,,,,,,,,,,,,,,,,,,2025/2026 TITANS SECOND LEAGUE
143,949,32995,Hendrik Ferreira,4891854,TUT 3,,TUT 3,5431,7,4,10.4,76,1,23/ 1,0,35,7.12,76.00,64.0,0,0,0,5,1,2025/2026 TITANS SECOND LEAGUE
,949,32995,TUT 3,,,,,,,,,,,,,,,,,,,,,,2025/2026 TITANS SECOND LEAGUE
144,949,32995,Michael Kershaw,6297242,PHSOB 3,,PHSOB 3,5428,9,2,12.0,87,1,38/ 1,0,44,7.25,87.00,72.0,0,0,0,7,1,2025/2026 TITANS SECOND LEAGUE
,949,32995,PHSOB 3,,,,,,,,,,,,,,,,,,,,,,2025/2026 TITANS SECOND LEAGUE
145,949,32995,PJ McKechnie,3000408,PHSOB 3,,PHSOB 3,5428,3,3,12.0,90,1,37/ 1,0,41,7.50,90.00,72.0,0,0,0,4,2,2025/2026 TITANS SECOND LEAGUE
,949,32995,PHSOB 3,,,,,,,,,,,,,,,,,,,,,,2025/2026 TITANS SECOND LEAGUE
146,949,32995,Adriaan Venter,3673677,CBCOB 3,,CBCOB 3,5425,3,1,7.0,55,1,55/ 1,0,22,7.86,55.00,42.0,0,0,0,1,1,2025/2026 TITANS SECOND LEAGUE
,949,32995,CBCOB 3,,,,,,,,,,,,,,,,,,,,,,2025/2026 TITANS SECOND LEAGUE
147,949,32995,Matt Collett,4081460,PHSOB 3,,PHSOB 3,5428,2,1,1.2,11,1,11/ 1,0,3,8.25,11.00,8.0,0,0,0,0,0,2025/2026 TITANS SECOND LEAGUE
,949,32995,PHSOB 3,,,,,,,,,,,,,,,,,,,,,,2025/2026 TITANS SECOND LEAGUE
148,949,32995,Tristan Voshee,6299555,SINOVILLE 3,,SINOVILLE 3,5429,1,1,3.0,25,1,25/ 1,0,12,8.33,25.00,18.0,0,0,0,1,1,2025/2026 TITANS SECOND LEAGUE
,949,32995,SINOVILLE 3,,,,,,,,,,,,,,,,,,,,,,2025/2026 TITANS SECOND LEAGUE
149,949,32995,JD van Wyk,4688794,SINOVILLE 3,,SINOVILLE 3,5429,4,3,5.0,42,1,15/ 1,0,17,8.40,42.00,30.0,0,0,0,7,0,2025/2026 TITANS SECOND LEAGUE
,949,32995,SINOVILLE 3,,,,,,,,,,,,,,,,,,,,,,2025/2026 TITANS SECOND LEAGUE
150,949,32995,Ian Dorfling,4063612,SINOVILLE 3,,SINOVILLE 3,5429,3,2,7.0,61,1,31/ 1,0,22,8.71,61.00,42.0,0,0,0,5,2,2025/2026 TITANS SECOND LEAGUE
,949,32995,SINOVILLE 3,,,,,,,,,,,,,,,,,,,,,,2025/2026 TITANS SECOND LEAGUE
151,949,32995,Kai Trumplemann,4691512,CBCOB 3,,CBCOB 3,5425,1,1,6.0,55,1,55/ 1,0,21,9.17,55.00,36.0,0,0,0,3,0,2025/2026 TITANS SECOND LEAGUE
,949,32995,CBCOB 3,,,,,,,,,,,,,,,,,,,,,,2025/2026 TITANS SECOND LEAGUE
152,949,32995,Gerhard Bezuidenhout,6570586,PHSOB 3,,PHSOB 3,5428,1,1,4.0,37,1,37/ 1,0,12,9.25,37.00,24.0,0,0,0,2,2,2025/2026 TITANS SECOND LEAGUE
,949,32995,PHSOB 3,,,,,,,,,,,,,,,,,,,,,,2025/2026 TITANS SECOND LEAGUE
153,949,32995,Werner Swart,6592625,SINOVILLE 3,,SINOVILLE 3,5429,1,1,4.0,37,1,37/ 1,0,13,9.25,37.00,24.0,0,0,0,6,2,2025/2026 TITANS SECOND LEAGUE
,949,32995,SINOVILLE 3,,,,,,,,,,,,,,,,,,,,,,2025/2026 TITANS SECOND LEAGUE
154,949,32995,Xavier Dido,6552348,IRENE VILLAGERS 4,,IRENE VILLAGERS 4,5432,2,1,2.2,22,1,22/ 1,0,9,9.43,22.00,14.0,0,0,0,5,0,2025/2026 TITANS SECOND LEAGUE
,949,32995,IRENE VILLAGERS 4,,,,,,,,,,,,,,,,,,,,,,2025/2026 TITANS SECOND LEAGUE
155,949,32995,Jean Botes,6299519,IRENE VILLAGERS 4,,IRENE VILLAGERS 4,5432,2,1,5.0,48,1,48/ 1,0,19,9.60,48.00,30.0,0,0,0,9,0,2025/2026 TITANS SECOND LEAGUE
,949,32995,IRENE VILLAGERS 4,,,,,,,,,,,,,,,,,,,,,,2025/2026 TITANS SECOND LEAGUE
156,949,32995,Karel Vd Walt,6355781,HARLEQUINS 3,,HARLEQUINS 3,5426,6,4,7.0,68,1,5/ 1,0,19,9.71,68.00,42.0,0,0,0,4,0,2025/2026 TITANS SECOND LEAGUE
,949,32995,HARLEQUINS 3,,,,,,,,,,,,,,,,,,,,,,2025/2026 TITANS SECOND LEAGUE
157,949,32995,Brian Panashe,6592586,PHSOB 3,,PHSOB 3,5428,1,1,1.0,14,1,14/ 1,0,4,14.00,14.00,6.0,0,0,0,9,0,2025/2026 TITANS SECOND LEAGUE
,949,32995,PHSOB 3,,,,,,,,,,,,,,,,,,,,,,2025/2026 TITANS SECOND LEAGUE
158,949,32995,MJ Kruger,3056984,TUKS 5,,TUKS 5,5430,1,1,1.0,1,0,1/ 0,0,5,1.00,0,0.0,0,0,0,0,0,2025/2026 TITANS SECOND LEAGUE
,949,32995,TUKS 5,,,,,,,,,,,,,,,,,,,,,,2025/2026 TITANS SECOND LEAGUE
159,949,32995,Stefan Van Jaarsveld,6552292,HARLEQUINS 3,,HARLEQUINS 3,5426,1,1,1.0,1,0,1/ 0,0,5,1.00,0,0.0,0,0,0,0,0,2025/2026 TITANS SECOND LEAGUE
,949,32995,HARLEQUINS 3,,,,,,,,,,,,,,,,,,,,,,2025/2026 TITANS SECOND LEAGUE
160,949,32995,Albert Myburgh,4024779,IRENE VILLAGERS 3,,IRENE VILLAGERS 3,5427,1,1,3.0,9,0,9/ 0,0,13,3.00,0,0.0,0,0,0,0,0,2025/2026 TITANS SECOND LEAGUE
,949,32995,IRENE VILLAGERS 3,,,,,,,,,,,,,,,,,,,,,,2025/2026 TITANS SECOND LEAGUE
161,949,32995,Justin Van Bassen,4673824,CBCOB 3,,CBCOB 3,5425,1,1,1.0,3,0,3/ 0,0,4,3.00,0,0.0,0,0,0,1,0,2025/2026 TITANS SECOND LEAGUE
,949,32995,CBCOB 3,,,,,,,,,,,,,,,,,,,,,,2025/2026 TITANS SECOND LEAGUE
162,949,32995,Henry Van Der Merwe,6389981,TUKS 5,,TUKS 5,5430,2,1,8.0,29,0,0/ 0,0,35,3.62,0,0.0,0,0,0,0,0,2025/2026 TITANS SECOND LEAGUE
,949,32995,TUKS 5,,,,,,,,,,,,,,,,,,,,,,2025/2026 TITANS SECOND LEAGUE
163,949,32995,Barend Pelser,6407260,IRENE VILLAGERS 3,,IRENE VILLAGERS 3,5427,1,1,6.0,26,0,26/ 0,1,25,4.33,0,0.0,0,0,0,2,0,2025/2026 TITANS SECOND LEAGUE
,949,32995,IRENE VILLAGERS 3,,,,,,,,,,,,,,,,,,,,,,2025/2026 TITANS SECOND LEAGUE
164,949,32995,Richard Bean,6592579,CBCOB 3,,CBCOB 3,5425,1,1,7.0,34,0,34/ 0,0,29,4.86,0,0.0,0,0,0,4,0,2025/2026 TITANS SECOND LEAGUE
,949,32995,CBCOB 3,,,,,,,,,,,,,,,,,,,,,,2025/2026 TITANS SECOND LEAGUE
165,949,32995,Henk Fick,6352771,SINOVILLE 3,,SINOVILLE 3,5429,3,3,15.0,74,0,19/ 0,0,62,4.93,0,0.0,0,0,0,6,0,2025/2026 TITANS SECOND LEAGUE
,949,32995,SINOVILLE 3,,,,,,,,,,,,,,,,,,,,,,2025/2026 TITANS SECOND LEAGUE
166,949,32995,Braam Sinoville,3257329,SINOVILLE 3,,SINOVILLE 3,5429,1,1,1.0,5,0,5/ 0,0,3,5.00,0,0.0,0,0,0,1,0,2025/2026 TITANS SECOND LEAGUE
,949,32995,SINOVILLE 3,,,,,,,,,,,,,,,,,,,,,,2025/2026 TITANS SECOND LEAGUE
167,949,32995,Marko De Cock,4688791,PHSOB 3,,PHSOB 3,5428,3,1,3.0,15,0,0/ 0,0,13,5.00,0,0.0,0,0,0,1,0,2025/2026 TITANS SECOND LEAGUE
,949,32995,PHSOB 3,,,,,,,,,,,,,,,,,,,,,,2025/2026 TITANS SECOND LEAGUE
168,949,32995,Barend Pelser,6299518,IRENE VILLAGERS 4,,IRENE VILLAGERS 4,5432,1,1,2.0,10,0,10/ 0,0,7,5.00,0,0.0,0,0,0,1,0,2025/2026 TITANS SECOND LEAGUE
,949,32995,IRENE VILLAGERS 4,,,,,,,,,,,,,,,,,,,,,,2025/2026 TITANS SECOND LEAGUE
169,949,32995,Dylan Kotze,6299638,CBCOB 3,,CBCOB 3,5425,2,1,2.0,10,0,0/ 0,0,7,5.00,0,0.0,0,0,0,3,0,2025/2026 TITANS SECOND LEAGUE
,949,32995,CBCOB 3,,,,,,,,,,,,,,,,,,,,,,2025/2026 TITANS SECOND LEAGUE
170,949,32995,Mulalo Mavhalane,6570652,IRENE VILLAGERS 4,,IRENE VILLAGERS 4,5432,3,2,7.0,36,0,0/ 0,0,25,5.14,0,0.0,0,0,0,4,1,2025/2026 TITANS SECOND LEAGUE
,949,32995,IRENE VILLAGERS 4,,,,,,,,,,,,,,,,,,,,,,2025/2026 TITANS SECOND LEAGUE
171,949,32995,PJ Van Der Merwe,4854676,IRENE VILLAGERS 4,,IRENE VILLAGERS 4,5432,7,2,7.0,37,0,0/ 0,1,32,5.29,0,0.0,0,0,0,8,0,2025/2026 TITANS SECOND LEAGUE
,949,32995,IRENE VILLAGERS 4,,,,,,,,,,,,,,,,,,,,,,2025/2026 TITANS SECOND LEAGUE
172,949,32995,Fredrik Strydom,6654203,PHSOB 3,,PHSOB 3,5428,1,1,3.0,16,0,16/ 0,0,11,5.33,0,0.0,0,0,0,4,1,2025/2026 TITANS SECOND LEAGUE
,949,32995,PHSOB 3,,,,,,,,,,,,,,,,,,,,,,2025/2026 TITANS SECOND LEAGUE
173,949,32995,Devon Horn,6355843,IRENE VILLAGERS 3,,IRENE VILLAGERS 3,5427,2,2,6.0,33,0,9/ 0,0,21,5.50,0,0.0,0,0,0,6,0,2025/2026 TITANS SECOND LEAGUE
,949,32995,IRENE VILLAGERS 3,,,,,,,,,,,,,,,,,,,,,,2025/2026 TITANS SECOND LEAGUE
174,949,32995,Neo Ngarize,6407264,HARLEQUINS 3,,HARLEQUINS 3,5426,1,1,4.0,22,0,22/ 0,1,16,5.50,0,0.0,0,0,0,3,0,2025/2026 TITANS SECOND LEAGUE
,949,32995,HARLEQUINS 3,,,,,,,,,,,,,,,,,,,,,,2025/2026 TITANS SECOND LEAGUE
175,949,32995,Henco Erasmus,6629315,HARLEQUINS 3,,HARLEQUINS 3,5426,1,1,5.0,28,0,28/ 0,1,20,5.60,0,0.0,0,0,0,5,0,2025/2026 TITANS SECOND LEAGUE
,949,32995,HARLEQUINS 3,,,,,,,,,,,,,,,,,,,,,,2025/2026 TITANS SECOND LEAGUE
176,949,32995,Christopher Bouwer,6654204,PHSOB 3,,PHSOB 3,5428,1,1,8.0,45,0,45/ 0,0,26,5.62,0,0.0,0,0,0,0,0,2025/2026 TITANS SECOND LEAGUE
,949,32995,PHSOB 3,,,,,,,,,,,,,,,,,,,,,,2025/2026 TITANS SECOND LEAGUE
177,949,32995,Gerhard Batt,6299553,SINOVILLE 3,,SINOVILLE 3,5429,3,1,2.0,12,0,0/ 0,0,6,6.00,0,0.0,0,0,0,0,0,2025/2026 TITANS SECOND LEAGUE
,949,32995,SINOVILLE 3,,,,,,,,,,,,,,,,,,,,,,2025/2026 TITANS SECOND LEAGUE
178,949,32995,Haadi Abdul,6407263,HARLEQUINS 3,,HARLEQUINS 3,5426,2,2,9.0,54,0,26/ 0,0,31,6.00,0,0.0,0,0,0,9,0,2025/2026 TITANS SECOND LEAGUE
,949,32995,HARLEQUINS 3,,,,,,,,,,,,,,,,,,,,,,2025/2026 TITANS SECOND LEAGUE
179,949,32995,Michael Flanagan,6613296,HARLEQUINS 3,,HARLEQUINS 3,5426,3,2,9.0,57,0,0/ 0,1,36,6.33,0,0.0,0,0,0,8,1,2025/2026 TITANS SECOND LEAGUE
,949,32995,HARLEQUINS 3,,,,,,,,,,,,,,,,,,,,,,2025/2026 TITANS SECOND LEAGUE
180,949,32995,Nathan Fox,6358570,PHSOB 3,,PHSOB 3,5428,1,1,5.0,32,0,32/ 0,1,22,6.40,0,0.0,0,0,0,5,0,2025/2026 TITANS SECOND LEAGUE
,949,32995,PHSOB 3,,,,,,,,,,,,,,,,,,,,,,2025/2026 TITANS SECOND LEAGUE
181,949,32995,Dimitri Saunders,6552289,HARLEQUINS 3,,HARLEQUINS 3,5426,2,1,5.0,34,0,0/ 0,0,16,6.80,0,0.0,0,0,0,4,0,2025/2026 TITANS SECOND LEAGUE
,949,32995,HARLEQUINS 3,,,,,,,,,,,,,,,,,,,,,,2025/2026 TITANS SECOND LEAGUE
182,949,32995,Rolf Behrens,6299176,TUKS 5,,TUKS 5,5430,1,1,2.0,14,0,14/ 0,0,10,7.00,0,0.0,0,0,0,8,1,2025/2026 TITANS SECOND LEAGUE
,949,32995,TUKS 5,,,,,,,,,,,,,,,,,,,,,,2025/2026 TITANS SECOND LEAGUE
183,949,32995,Ruben Erasmus,6352785,SINOVILLE 3,,SINOVILLE 3,5429,4,1,2.0,14,0,0/ 0,0,6,7.00,0,0.0,0,0,0,3,1,2025/2026 TITANS SECOND LEAGUE
,949,32995,SINOVILLE 3,,,,,,,,,,,,,,,,,,,,,,2025/2026 TITANS SECOND LEAGUE
184,949,32995,Dean Van Bassen,6358569,CBCOB 3,,CBCOB 3,5425,1,1,6.0,42,0,42/ 0,0,18,7.00,0,0.0,0,0,0,3,0,2025/2026 TITANS SECOND LEAGUE
,949,32995,CBCOB 3,,,,,,,,,,,,,,,,,,,,,,2025/2026 TITANS SECOND LEAGUE
185,949,32995,Rickus Engelbrecht,6423335,TUKS 5,,TUKS 5,5430,1,1,5.0,35,0,35/ 0,0,19,7.00,0,0.0,0,0,0,0,0,2025/2026 TITANS SECOND LEAGUE
,949,32995,TUKS 5,,,,,,,,,,,,,,,,,,,,,,2025/2026 TITANS SECOND LEAGUE
186,949,32995,Connor Walker,6654205,PHSOB 3,,PHSOB 3,5428,1,1,1.0,7,0,7/ 0,0,4,7.00,0,0.0,0,0,0,3,0,2025/2026 TITANS SECOND LEAGUE
,949,32995,PHSOB 3,,,,,,,,,,,,,,,,,,,,,,2025/2026 TITANS SECOND LEAGUE
187,949,32995,Lehlohonolo Moshoati,3266899,TUKS 5,,TUKS 5,5430,2,2,8.0,60,0,21/ 0,0,23,7.50,0,0.0,0,0,0,3,0,2025/2026 TITANS SECOND LEAGUE
,949,32995,TUKS 5,,,,,,,,,,,,,,,,,,,,,,2025/2026 TITANS SECOND LEAGUE
188,949,32995,Heinz Hellmann,6372012,PHSOB 3,,PHSOB 3,5428,1,1,2.0,17,0,17/ 0,0,8,8.50,0,0.0,0,0,0,3,2,2025/2026 TITANS SECOND LEAGUE
,949,32995,PHSOB 3,,,,,,,,,,,,,,,,,,,,,,2025/2026 TITANS SECOND LEAGUE
189,949,32995,Devon Horn,6407266,IRENE VILLAGERS 4,,IRENE VILLAGERS 4,5432,1,1,4.0,35,0,35/ 0,0,15,8.75,0,0.0,0,0,0,13,0,2025/2026 TITANS SECOND LEAGUE
,949,32995,IRENE VILLAGERS 4,,,,,,,,,,,,,,,,,,,,,,2025/2026 TITANS SECOND LEAGUE
190,949,32995,Ivan Snyman,6336359,HARLEQUINS 3,,HARLEQUINS 3,5426,1,1,1.0,9,0,9/ 0,0,3,9.00,0,0.0,0,0,0,3,0,2025/2026 TITANS SECOND LEAGUE
,949,32995,HARLEQUINS 3,,,,,,,,,,,,,,,,,,,,,,2025/2026 TITANS SECOND LEAGUE
191,949,32995,Francke Botha,6390022,HARLEQUINS 3,,HARLEQUINS 3,5426,4,1,2.0,18,0,0/ 0,0,8,9.00,0,0.0,0,0,0,1,0,2025/2026 TITANS SECOND LEAGUE
,949,32995,HARLEQUINS 3,,,,,,,,,,,,,,,,,,,,,,2025/2026 TITANS SECOND LEAGUE
192,949,32995,Riccardo Oosthuizen,2936842,TUKS 5,,TUKS 5,5430,2,1,5.0,46,0,0/ 0,0,9,9.20,0,0.0,0,0,0,2,0,2025/2026 TITANS SECOND LEAGUE
,949,32995,TUKS 5,,,,,,,,,,,,,,,,,,,,,,2025/2026 TITANS SECOND LEAGUE
193,949,32995,Patrick Mouton,6592627,HARLEQUINS 3,,HARLEQUINS 3,5426,1,1,5.0,48,0,48/ 0,0,9,9.60,0,0.0,0,0,0,1,0,2025/2026 TITANS SECOND LEAGUE
,949,32995,HARLEQUINS 3,,,,,,,,,,,,,,,,,,,,,,2025/2026 TITANS SECOND LEAGUE
194,949,32995,Fritz De Villiers,6570616,HARLEQUINS 3,,HARLEQUINS 3,5426,2,1,3.0,29,0,0/ 0,0,5,9.67,0,0.0,0,0,0,5,0,2025/2026 TITANS SECOND LEAGUE
,949,32995,HARLEQUINS 3,,,,,,,,,,,,,,,,,,,,,,2025/2026 TITANS SECOND LEAGUE
195,949,32995,JD Buys,4973938,HARLEQUINS 3,,HARLEQUINS 3,5426,1,1,2.0,21,0,21/ 0,0,5,10.50,0,0.0,0,0,0,1,0,2025/2026 TITANS SECOND LEAGUE
,949,32995,HARLEQUINS 3,,,,,,,,,,,,,,,,,,,,,,2025/2026 TITANS SECOND LEAGUE
196,949,32995,Keegan Pickard,6592581,CBCOB 3,,CBCOB 3,5425,1,1,3.0,32,0,32/ 0,0,8,10.67,0,0.0,0,0,0,5,1,2025/2026 TITANS SECOND LEAGUE
,949,32995,CBCOB 3,,,,,,,,,,,,,,,,,,,,,,2025/2026 TITANS SECOND LEAGUE
197,949,32995,Tiaan Lotter,2934784,SINOVILLE 3,,SINOVILLE 3,5429,1,1,1.0,11,0,11/ 0,0,3,11.00,0,0.0,0,0,0,0,0,2025/2026 TITANS SECOND LEAGUE
,949,32995,SINOVILLE 3,,,,,,,,,,,,,,,,,,,,,,2025/2026 TITANS SECOND LEAGUE
198,949,32995,Andre Klopper,4688691,IRENE VILLAGERS 4,,IRENE VILLAGERS 4,5432,2,1,2.0,22,0,0/ 0,0,3,11.00,0,0.0,0,0,0,5,0,2025/2026 TITANS SECOND LEAGUE
,949,32995,IRENE VILLAGERS 4,,,,,,,,,,,,,,,,,,,,,,2025/2026 TITANS SECOND LEAGUE
199,949,32995,Kopano Thema,6570617,HARLEQUINS 3,,HARLEQUINS 3,5426,5,1,1.0,11,0,0/ 0,0,1,11.00,0,0.0,0,0,0,0,1,2025/2026 TITANS SECOND LEAGUE
,949,32995,HARLEQUINS 3,,,,,,,,,,,,,,,,,,,,,,2025/2026 TITANS SECOND LEAGUE
200,949,32995,Antonie Minnaar,6404467,SINOVILLE 3,,SINOVILLE 3,5429,1,1,2.0,23,0,23/ 0,0,4,11.50,0,0.0,0,0,0,1,0,2025/2026 TITANS SECOND LEAGUE
,949,32995,SINOVILLE 3,,,,,,,,,,,,,,,,,,,,,,2025/2026 TITANS SECOND LEAGUE
201,949,32995,Coert du Plessis,3771285,PHSOB 3,,PHSOB 3,5428,2,1,2.0,25,0,0/ 0,0,3,12.50,0,0.0,0,0,0,0,1,2025/2026 TITANS SECOND LEAGUE
,949,32995,PHSOB 3,,,,,,,,,,,,,,,,,,,,,,2025/2026 TITANS SECOND LEAGUE
202,949,32995,Rohann Rossouw,6336391,IRENE VILLAGERS 4,,IRENE VILLAGERS 4,5432,1,1,2.0,25,0,25/ 0,0,7,12.50,0,0.0,0,0,0,4,3,2025/2026 TITANS SECOND LEAGUE
,949,32995,IRENE VILLAGERS 4,,,,,,,,,,,,,,,,,,,,,,2025/2026 TITANS SECOND LEAGUE
203,949,32995,Christo Swanepoel,2936900,PHSOB 3,,PHSOB 3,5428,3,3,9.0,114,0,27/ 0,0,23,12.67,0,0.0,0,0,0,21,0,2025/2026 TITANS SECOND LEAGUE
,949,32995,PHSOB 3,,,,,,,,,,,,,,,,,,,,,,2025/2026 TITANS SECOND LEAGUE
204,949,32995,Dewet Lombaard,6552293,TUT 3,,TUT 3,5431,4,1,2.0,26,0,0/ 0,0,4,13.00,0,0.0,0,0,0,0,0,2025/2026 TITANS SECOND LEAGUE
,949,32995,TUT 3,,,,,,,,,,,,,,,,,,,,,,2025/2026 TITANS SECOND LEAGUE
205,949,32995,Juan Human,4673828,HARLEQUINS 3,,HARLEQUINS 3,5426,1,1,1.0,14,0,14/ 0,0,2,14.00,0,0.0,0,0,0,1,0,2025/2026 TITANS SECOND LEAGUE
,949,32995,HARLEQUINS 3,,,,,,,,,,,,,,,,,,,,,,2025/2026 TITANS SECOND LEAGUE
206,949,32995,Brian Chataika,6297240,PHSOB 3,,PHSOB 3,5428,1,1,2.0,44,0,44/ 0,0,4,22.00,0,0.0,0,0,0,11,5,2025/2026 TITANS SECOND LEAGUE
,949,32995,PHSOB 3,,,,,,,,,,,,,,,,,,,,,,2025/2026 TITANS SECOND LEAGUE
1,790,32995,Nevada Jacobs,4673820,CBCOB 3,,CBCOB 3,4552,8,7,54.3,252,18,25/ 6,6,202,4.62,14.00,18.2,0,1,1,17,10,2024 Titans Second League
,790,32995,CBCOB 3,,,,,,,,,,,,,,,,,,,,,,2024 Titans Second League
2,790,32995,Rigardt Saaiman,3729566,CBCOB 3,,CBCOB 3,4552,9,7,53.4,271,15,39/ 4,4,164,5.05,18.07,21.5,0,2,0,5,1,2024 Titans Second League
,790,32995,CBCOB 3,,,,,,,,,,,,,,,,,,,,,,2024 Titans Second League
3,790,32995,Jacques Van Rooyen,3795662,IRENE VILLAGERS 3,,IRENE VILLAGERS 3,4554,8,8,50.3,231,14,40/ 3,1,184,4.57,16.50,21.6,0,0,0,9,0,2024 Titans Second League
,790,32995,IRENE VILLAGERS 3,,,,,,,,,,,,,,,,,,,,,,2024 Titans Second League
4,790,32995,Martin Van Tonder,2840539,TUKS 5,,TUKS 5,4558,13,12,52.0,279,14,15/ 3,3,209,5.37,19.93,22.3,0,0,0,26,0,2024 Titans Second League
,790,32995,TUKS 5,,,,,,,,,,,,,,,,,,,,,,2024 Titans Second League
5,790,32995,Tiaan Engelbrecht,2936837,TUKS 5,,TUKS 5,4558,13,13,74.0,357,13,38/ 3,10,301,4.82,27.46,34.2,0,0,0,30,1,2024 Titans Second League
,790,32995,TUKS 5,,,,,,,,,,,,,,,,,,,,,,2024 Titans Second League
6,790,32995,Christian Strydom,2936847,TUKS 5,,TUKS 5,4558,10,10,55.1,209,11,17/ 3,8,236,3.79,19.00,30.1,0,0,0,12,1,2024 Titans Second League
,790,32995,TUKS 5,,,,,,,,,,,,,,,,,,,,,,2024 Titans Second League
7,790,32995,Piet Botha,4198490,SINOVILLE 4,,SINOVILLE 4,4557,3,3,24.3,78,10,7/ 5,4,100,3.18,7.80,14.7,0,0,2,2,0,2024 Titans Second League
,790,32995,SINOVILLE 4,,,,,,,,,,,,,,,,,,,,,,2024 Titans Second League
8,790,32995,Brian Kershaw,4688792,PHSOB 3,,PHSOB 3,4555,3,3,26.0,84,10,31/ 7,5,85,3.23,8.40,15.6,0,0,1,8,0,2024 Titans Second League
,790,32995,PHSOB 3,,,,,,,,,,,,,,,,,,,,,,2024 Titans Second League
9,790,32995,Divan Potgieter,4673570,TUT 3,,TUT 3,4559,3,3,23.0,86,10,23/ 4,1,99,3.74,8.60,13.8,0,1,0,6,0,2024 Titans Second League
,790,32995,TUT 3,,,,,,,,,,,,,,,,,,,,,,2024 Titans Second League
10,790,32995,Piet Botha,4063611,SINOVILLE 3,,SINOVILLE 3,4556,4,4,34.0,130,10,28/ 4,4,141,3.82,13.00,20.4,0,1,0,1,0,2024 Titans Second League
,790,32995,SINOVILLE 3,,,,,,,,,,,,,,,,,,,,,,2024 Titans Second League
11,790,32995,Elgun Boecker,4702810,IRENE VILLAGERS 3,,IRENE VILLAGERS 3,4554,9,8,49.0,218,10,29/ 4,3,194,4.45,21.80,29.4,0,1,0,17,0,2024 Titans Second League
,790,32995,IRENE VILLAGERS 3,,,,,,,,,,,,,,,,,,,,,,2024 Titans Second League
12,790,32995,Hendre Du toit,2987477,SINOVILLE 3,,SINOVILLE 3,4556,6,5,34.0,174,9,50/ 3,0,115,5.12,19.33,22.7,0,0,0,2,0,2024 Titans Second League
,790,32995,SINOVILLE 3,,,,,,,,,,,,,,,,,,,,,,2024 Titans Second League
13,790,32995,James Van der merwe,4892050,SINOVILLE 4,,SINOVILLE 4,4557,2,2,14.1,62,8,21/ 5,1,53,4.38,7.75,10.6,0,0,1,2,0,2024 Titans Second League
,790,32995,SINOVILLE 4,,,,,,,,,,,,,,,,,,,,,,2024 Titans Second League
14,790,32995,Regan Pruss,3713341,PHSOB 3,,PHSOB 3,4555,2,2,12.1,66,8,23/ 5,1,45,5.42,8.25,9.1,1,0,1,7,0,2024 Titans Second League
,790,32995,PHSOB 3,,,,,,,,,,,,,,,,,,,,,,2024 Titans Second League
15,790,32995,Nico de Bruyn,3180581,TUKS 5,,TUKS 5,4558,9,7,35.0,202,8,21/ 3,1,121,5.77,25.25,26.2,1,0,0,9,1,2024 Titans Second League
,790,32995,TUKS 5,,,,,,,,,,,,,,,,,,,,,,2024 Titans Second League
16,790,32995,Riccardo Oosthuizen,2936842,TUKS 5,,TUKS 5,4558,10,7,28.3,178,8,5/ 2,1,88,6.25,22.25,21.4,0,0,0,9,0,2024 Titans Second League
,790,32995,TUKS 5,,,,,,,,,,,,,,,,,,,,,,2024 Titans Second League
17,790,32995,Nico Minnaar,3713344,TUT 3,,TUT 3,4559,3,3,26.0,80,7,11/ 3,6,120,3.08,11.43,22.3,0,0,0,6,1,2024 Titans Second League
,790,32995,TUT 3,,,,,,,,,,,,,,,,,,,,,,2024 Titans Second League
18,790,32995,Dewald Van Der Walt,3276817,HARLEQUINS 3,,HARLEQUINS 3,4553,6,5,35.0,142,7,19/ 5,3,74,4.06,20.29,30.0,0,0,1,9,0,2024 Titans Second League
,790,32995,HARLEQUINS 3,,,,,,,,,,,,,,,,,,,,,,2024 Titans Second League
19,790,32995,Elandré van den Berg,3713456,TUKS 5,,TUKS 5,4558,8,8,37.0,157,7,24/ 3,8,156,4.24,22.43,31.7,0,0,0,23,0,2024 Titans Second League
,790,32995,TUKS 5,,,,,,,,,,,,,,,,,,,,,,2024 Titans Second League
20,790,32995,Elro Grobeler,4655709,IRENE VILLAGERS 3,,IRENE VILLAGERS 3,4554,5,5,30.0,129,7,39/ 4,2,126,4.30,18.43,25.7,0,1,0,15,0,2024 Titans Second League
,790,32995,IRENE VILLAGERS 3,,,,,,,,,,,,,,,,,,,,,,2024 Titans Second League
21,790,32995,Kai Trumplemann,4691512,CBCOB 3,,CBCOB 3,4552,2,2,14.0,64,7,38/ 5,2,58,4.57,9.14,12.0,0,0,1,4,0,2024 Titans Second League
,790,32995,CBCOB 3,,,,,,,,,,,,,,,,,,,,,,2024 Titans Second League
22,790,32995,Jaden Beukes,3783165,CBCOB 3,,CBCOB 3,4552,4,3,20.0,93,7,36/ 4,2,89,4.65,13.29,17.1,0,1,0,8,0,2024 Titans Second League
,790,32995,CBCOB 3,,,,,,,,,,,,,,,,,,,,,,2024 Titans Second League
23,790,32995,Andre Kruyshaar,3772081,SINOVILLE 3,,SINOVILLE 3,4556,6,4,21.0,114,7,44/ 5,0,68,5.43,16.29,18.0,0,0,1,3,0,2024 Titans Second League
,790,32995,SINOVILLE 3,,,,,,,,,,,,,,,,,,,,,,2024 Titans Second League
24,790,32995,Stanley Fabri,3056139,SINOVILLE 3,,SINOVILLE 3,4556,7,7,43.2,236,7,34/ 2,5,174,5.45,33.71,37.1,0,0,0,27,1,2024 Titans Second League
,790,32995,SINOVILLE 3,,,,,,,,,,,,,,,,,,,,,,2024 Titans Second League
25,790,32995,Luke Cannata,4704974,CENTURION KAVALIERS 3,,CENTURION KAVALIERS 3,4560,3,3,18.0,112,7,46/ 3,1,67,6.22,16.00,15.4,0,0,0,11,1,2024 Titans Second League
,790,32995,CENTURION KAVALIERS 3,,,,,,,,,,,,,,,,,,,,,,2024 Titans Second League
26,790,32995,Ettienne Tait,2939149,HARLEQUINS 3,,HARLEQUINS 3,4553,3,3,22.4,61,6,25/ 4,4,63,2.69,10.17,22.7,0,1,0,3,0,2024 Titans Second League
,790,32995,HARLEQUINS 3,,,,,,,,,,,,,,,,,,,,,,2024 Titans Second League
27,790,32995,Chris Klopper,4756702,IRENE VILLAGERS 3,,IRENE VILLAGERS 3,4554,3,2,12.0,36,6,11/ 5,2,51,3.00,6.00,12.0,0,0,1,5,1,2024 Titans Second League
,790,32995,IRENE VILLAGERS 3,,,,,,,,,,,,,,,,,,,,,,2024 Titans Second League
28,790,32995,Dewald Basson,3018234,TUT 3,,TUT 3,4559,3,3,27.0,104,6,28/ 3,2,118,3.85,17.33,27.0,0,0,0,11,1,2024 Titans Second League
,790,32995,TUT 3,,,,,,,,,,,,,,,,,,,,,,2024 Titans Second League
29,790,32995,Donovan du Toit,3713457,TUKS 5,,TUKS 5,4558,11,7,43.3,230,6,31/ 3,3,162,5.29,38.33,43.5,0,0,0,7,0,2024 Titans Second League
,790,32995,TUKS 5,,,,,,,,,,,,,,,,,,,,,,2024 Titans Second League
30,790,32995,Shaanthen Thumbiran,4854734,IRENE VILLAGERS 3,,IRENE VILLAGERS 3,4554,4,3,10.2,66,6,14/ 5,0,36,6.39,11.00,10.3,0,0,1,4,0,2024 Titans Second League
,790,32995,IRENE VILLAGERS 3,,,,,,,,,,,,,,,,,,,,,,2024 Titans Second League
31,790,32995,Gerhard De Bruin,2936835,TUKS 5,,TUKS 5,4558,5,5,22.0,166,6,32/ 2,0,79,7.55,27.67,22.0,0,0,0,18,2,2024 Titans Second League
,790,32995,TUKS 5,,,,,,,,,,,,,,,,,,,,,,2024 Titans Second League
32,790,32995,Gerrie Viljoen,3015413,IRENE VILLAGERS 3,,IRENE VILLAGERS 3,4554,2,2,12.1,41,5,15/ 4,0,54,3.37,8.20,14.6,0,1,0,2,1,2024 Titans Second League
,790,32995,IRENE VILLAGERS 3,,,,,,,,,,,,,,,,,,,,,,2024 Titans Second League
33,790,32995,Johan Nel,4655263,TUKS 5,,TUKS 5,4558,8,2,9.0,36,5,8/ 4,0,40,4.00,7.20,10.8,0,1,0,4,0,2024 Titans Second League
,790,32995,TUKS 5,,,,,,,,,,,,,,,,,,,,,,2024 Titans Second League
34,790,32995,Neil Jansen,4655262,IRENE VILLAGERS 3,,IRENE VILLAGERS 3,4554,3,3,18.0,103,5,33/ 3,3,70,5.72,20.60,21.6,0,0,0,15,0,2024 Titans Second League
,790,32995,IRENE VILLAGERS 3,,,,,,,,,,,,,,,,,,,,,,2024 Titans Second League
35,790,32995,Riaan Davel,3163488,SINOVILLE 4,,SINOVILLE 4,4557,2,2,15.0,91,5,24/ 3,4,60,6.07,18.20,18.0,0,0,0,1,0,2024 Titans Second League
,790,32995,SINOVILLE 4,,,,,,,,,,,,,,,,,,,,,,2024 Titans Second League
36,790,32995,Lehlohonolo Moshoati,3266899,TUKS 5,,TUKS 5,4558,4,4,27.0,164,5,43/ 2,0,88,6.07,32.80,32.4,0,0,0,15,0,2024 Titans Second League
,790,32995,TUKS 5,,,,,,,,,,,,,,,,,,,,,,2024 Titans Second League
37,790,32995,Andre Van wyk,3266939,TUKS 5,,TUKS 5,4558,10,8,20.0,127,5,9/ 2,1,62,6.35,25.40,24.0,0,0,0,12,0,2024 Titans Second League
,790,32995,TUKS 5,,,,,,,,,,,,,,,,,,,,,,2024 Titans Second League
38,790,32995,Ruan Venter,4673574,SINOVILLE 3,,SINOVILLE 3,4556,5,5,35.0,235,5,47/ 2,0,122,6.71,47.00,42.0,0,0,0,29,2,2024 Titans Second League
,790,32995,SINOVILLE 3,,,,,,,,,,,,,,,,,,,,,,2024 Titans Second League
39,790,32995,Andre Kruyshaar,3795248,SINOVILLE 4,,SINOVILLE 4,4557,5,3,18.2,128,5,12/ 4,0,55,6.98,25.60,22.0,1,1,0,7,0,2024 Titans Second League
,790,32995,SINOVILLE 4,,,,,,,,,,,,,,,,,,,,,,2024 Titans Second League
40,790,32995,Wendell Plaatjies,4673818,CBCOB 3,,CBCOB 3,4552,7,3,17.0,123,5,53/ 3,0,26,7.24,24.60,20.4,0,0,0,1,2,2024 Titans Second League
,790,32995,CBCOB 3,,,,,,,,,,,,,,,,,,,,,,2024 Titans Second League
41,790,32995,Dewald Dummon,4715787,PHSOB 3,,PHSOB 3,4555,1,1,9.0,20,4,20/ 4,0,45,2.22,5.00,13.5,0,1,0,4,1,2024 Titans Second League
,790,32995,PHSOB 3,,,,,,,,,,,,,,,,,,,,,,2024 Titans Second League
42,790,32995,Dylan van Wyk,3277436,SINOVILLE 3,,SINOVILLE 3,4556,1,1,9.0,21,4,21/ 4,1,45,2.33,5.25,13.5,0,1,0,2,0,2024 Titans Second League
,790,32995,SINOVILLE 3,,,,,,,,,,,,,,,,,,,,,,2024 Titans Second League
43,790,32995,Justin Van Bassen,4673824,CBCOB 3,,CBCOB 3,4552,4,2,11.0,51,4,22/ 2,0,35,4.64,12.75,16.5,0,0,0,4,0,2024 Titans Second League
,790,32995,CBCOB 3,,,,,,,,,,,,,,,,,,,,,,2024 Titans Second League
44,790,32995,Tshepo Molite,4892046,IRENE VILLAGERS 3,,IRENE VILLAGERS 3,4554,1,1,8.3,45,4,45/ 4,1,33,5.29,11.25,12.8,0,1,0,2,1,2024 Titans Second League
,790,32995,IRENE VILLAGERS 3,,,,,,,,,,,,,,,,,,,,,,2024 Titans Second League
45,790,32995,Gunter Geyer,4655258,IRENE VILLAGERS 3,,IRENE VILLAGERS 3,4554,3,3,14.2,76,4,22/ 2,0,56,5.30,19.00,21.5,0,0,0,9,0,2024 Titans Second League
,790,32995,IRENE VILLAGERS 3,,,,,,,,,,,,,,,,,,,,,,2024 Titans Second League
46,790,32995,Hendrik Ferreira,4891854,TUT 3,,TUT 3,4559,2,2,12.2,69,4,13/ 3,1,44,5.59,17.25,18.5,0,0,0,2,1,2024 Titans Second League
,790,32995,TUT 3,,,,,,,,,,,,,,,,,,,,,,2024 Titans Second League
47,790,32995,Travis Joshua,3783171,HARLEQUINS 3,,HARLEQUINS 3,4553,3,3,12.3,71,4,25/ 3,0,15,5.68,17.75,18.8,0,0,0,2,0,2024 Titans Second League
,790,32995,HARLEQUINS 3,,,,,,,,,,,,,,,,,,,,,,2024 Titans Second League
48,790,32995,Jaydwin Venske,3031828,CENTURION KAVALIERS 3,,CENTURION KAVALIERS 3,4560,3,3,22.0,126,4,29/ 3,1,80,5.73,31.50,33.0,0,0,0,17,0,2024 Titans Second League
,790,32995,CENTURION KAVALIERS 3,,,,,,,,,,,,,,,,,,,,,,2024 Titans Second League
49,790,32995,Cecil Chitaka,3255253,TUKS 5,,TUKS 5,4558,1,1,9.0,54,4,54/ 4,0,31,6.00,13.50,13.5,0,1,0,6,0,2024 Titans Second League
,790,32995,TUKS 5,,,,,,,,,,,,,,,,,,,,,,2024 Titans Second League
50,790,32995,Nico Kruger,2936834,TUKS 5,,TUKS 5,4558,2,2,16.0,97,4,41/ 2,0,42,6.06,24.25,24.0,0,0,0,5,0,2024 Titans Second League
,790,32995,TUKS 5,,,,,,,,,,,,,,,,,,,,,,2024 Titans Second League
51,790,32995,Pieter Oosthuizen,4063614,SINOVILLE 3,,SINOVILLE 3,4556,5,2,8.2,55,4,11/ 2,0,24,6.60,13.75,12.5,0,0,0,3,0,2024 Titans Second League
,790,32995,SINOVILLE 3,,,,,,,,,,,,,,,,,,,,,,2024 Titans Second League
52,790,32995,Burgert Kloppers,4742888,PHSOB 3,,PHSOB 3,4555,2,2,9.0,60,4,29/ 2,1,19,6.67,15.00,13.5,0,0,0,2,0,2024 Titans Second League
,790,32995,PHSOB 3,,,,,,,,,,,,,,,,,,,,,,2024 Titans Second League
53,790,32995,Janu Olivier,4973941,SINOVILLE 3,,SINOVILLE 3,4556,3,2,11.0,76,4,36/ 4,1,41,6.91,19.00,16.5,0,1,0,7,3,2024 Titans Second League
,790,32995,SINOVILLE 3,,,,,,,,,,,,,,,,,,,,,,2024 Titans Second League
54,790,32995,Khumo Tihocela,4973939,HARLEQUINS 3,,HARLEQUINS 3,4553,1,1,3.0,7,3,7/ 3,0,15,2.33,2.33,6.0,0,0,0,3,1,2024 Titans Second League
,790,32995,HARLEQUINS 3,,,,,,,,,,,,,,,,,,,,,,2024 Titans Second League
55,790,32995,JEANDRE Du Bruyn,4891852,TUT 3,,TUT 3,4559,1,1,9.0,25,3,25/ 3,0,37,2.78,8.33,18.0,0,0,0,2,0,2024 Titans Second League
,790,32995,TUT 3,,,,,,,,,,,,,,,,,,,,,,2024 Titans Second League
56,790,32995,Sellin de Beer,4715786,PHSOB 3,,PHSOB 3,4555,2,2,10.0,35,3,12/ 3,1,40,3.50,11.67,20.0,0,0,0,1,0,2024 Titans Second League
,790,32995,PHSOB 3,,,,,,,,,,,,,,,,,,,,,,2024 Titans Second League
57,790,32995,Oliver Beaclerk,4729876,HARLEQUINS 3,,HARLEQUINS 3,4553,3,2,12.0,46,3,19/ 3,1,49,3.83,15.33,24.0,0,0,0,11,0,2024 Titans Second League
,790,32995,HARLEQUINS 3,,,,,,,,,,,,,,,,,,,,,,2024 Titans Second League
58,790,32995,Chris Coetzee,3719304,CENTURION KAVALIERS 3,,CENTURION KAVALIERS 3,4560,4,4,30.0,124,3,24/ 1,3,111,4.13,41.33,60.0,0,0,0,7,0,2024 Titans Second League
,790,32995,CENTURION KAVALIERS 3,,,,,,,,,,,,,,,,,,,,,,2024 Titans Second League
59,790,32995,Stefan Grobler,3018230,TUT 3,,TUT 3,4559,4,4,23.0,97,3,21/ 1,1,99,4.22,32.33,46.0,0,0,0,13,1,2024 Titans Second League
,790,32995,TUT 3,,,,,,,,,,,,,,,,,,,,,,2024 Titans Second League
60,790,32995,Simion Muller,3783164,CBCOB 3,,CBCOB 3,4552,1,1,3.1,14,3,14/ 3,0,12,4.42,4.67,6.3,0,0,0,0,0,2024 Titans Second League
,790,32995,CBCOB 3,,,,,,,,,,,,,,,,,,,,,,2024 Titans Second League
61,790,32995,Barend Pelser,4854733,IRENE VILLAGERS 3,,IRENE VILLAGERS 3,4554,2,2,13.0,66,3,19/ 3,0,41,5.08,22.00,26.0,0,0,0,6,0,2024 Titans Second League
,790,32995,IRENE VILLAGERS 3,,,,,,,,,,,,,,,,,,,,,,2024 Titans Second League
62,790,32995,Jaydon Blom,4756761,SINOVILLE 3,,SINOVILLE 3,4556,1,1,9.0,46,3,46/ 3,0,35,5.11,15.33,18.0,0,0,0,3,0,2024 Titans Second League
,790,32995,SINOVILLE 3,,,,,,,,,,,,,,,,,,,,,,2024 Titans Second League
63,790,32995,Reghardt Smit,4691513,CBCOB 3,,CBCOB 3,4552,1,1,7.0,37,3,37/ 3,1,26,5.29,12.33,14.0,0,0,0,4,0,2024 Titans Second League
,790,32995,CBCOB 3,,,,,,,,,,,,,,,,,,,,,,2024 Titans Second League
64,790,32995,Henre Quins,4878344,HARLEQUINS 3,,HARLEQUINS 3,4553,4,4,25.4,140,3,20/ 2,0,50,5.45,46.67,51.3,0,0,0,0,0,2024 Titans Second League
,790,32995,HARLEQUINS 3,,,,,,,,,,,,,,,,,,,,,,2024 Titans Second League
65,790,32995,Tihardt Kruger,3242942,TUKS 5,,TUKS 5,4558,5,3,11.0,61,3,13/ 2,0,38,5.55,20.33,22.0,0,0,0,8,0,2024 Titans Second League
,790,32995,TUKS 5,,,,,,,,,,,,,,,,,,,,,,2024 Titans Second League
66,790,32995,Leon Smith,4673571,TUT 3,,TUT 3,4559,4,2,8.0,45,3,31/ 2,0,27,5.62,15.00,16.0,0,0,0,0,0,2024 Titans Second League
,790,32995,TUT 3,,,,,,,,,,,,,,,,,,,,,,2024 Titans Second League
67,790,32995,Tyler Miller,3729934,IRENE VILLAGERS 3,,IRENE VILLAGERS 3,4554,4,4,7.3,44,3,16/ 2,1,28,5.87,14.67,15.0,0,0,0,6,0,2024 Titans Second League
,790,32995,IRENE VILLAGERS 3,,,,,,,,,,,,,,,,,,,,,,2024 Titans Second League
68,790,32995,Matt Vd Mescht,4702807,IRENE VILLAGERS 3,,IRENE VILLAGERS 3,4554,4,3,14.0,83,3,28/ 2,2,59,5.93,27.67,28.0,0,0,0,12,7,2024 Titans Second League
,790,32995,IRENE VILLAGERS 3,,,,,,,,,,,,,,,,,,,,,,2024 Titans Second League
69,790,32995,Babonke Twetwa,3080703,CENTURION KAVALIERS 3,,CENTURION KAVALIERS 3,4560,4,2,11.0,66,3,24/ 3,1,41,6.00,22.00,22.0,0,0,0,2,0,2024 Titans Second League
,790,32995,CENTURION KAVALIERS 3,,,,,,,,,,,,,,,,,,,,,,2024 Titans Second League
70,790,32995,Johan van Antwerpen,4673543,PHSOB 4,,PHSOB 4,4561,1,1,6.0,38,3,38/ 3,0,23,6.33,12.67,12.0,0,0,0,5,0,2024 Titans Second League
,790,32995,PHSOB 4,,,,,,,,,,,,,,,,,,,,,,2024 Titans Second League
71,790,32995,Franco Schmidt,4673821,CBCOB 3,,CBCOB 3,4552,6,3,20.0,128,3,59/ 2,1,71,6.40,42.67,40.0,0,0,0,7,3,2024 Titans Second League
,790,32995,CBCOB 3,,,,,,,,,,,,,,,,,,,,,,2024 Titans Second League
72,790,32995,Tyler Lockhart,4742892,PHSOB 3,,PHSOB 3,4555,1,1,8.1,54,3,54/ 3,0,27,6.61,18.00,16.3,0,0,0,1,0,2024 Titans Second League
,790,32995,PHSOB 3,,,,,,,,,,,,,,,,,,,,,,2024 Titans Second League
73,790,32995,Ruan Venter,4715814,SINOVILLE 4,,SINOVILLE 4,4557,4,4,15.0,105,3,59/ 3,0,55,7.00,35.00,30.0,0,0,0,6,1,2024 Titans Second League
,790,32995,SINOVILLE 4,,,,,,,,,,,,,,,,,,,,,,2024 Titans Second League
74,790,32995,Heinrich Maraldo,3031835,CENTURION KAVALIERS 3,,CENTURION KAVALIERS 3,4560,3,2,8.0,57,3,41/ 3,0,23,7.12,19.00,16.0,0,0,0,2,1,2024 Titans Second League
,790,32995,CENTURION KAVALIERS 3,,,,,,,,,,,,,,,,,,,,,,2024 Titans Second League
75,790,32995,Thuto Scheepers,4704972,CENTURION KAVALIERS 3,,CENTURION KAVALIERS 3,4560,1,1,5.0,36,3,36/ 3,0,17,7.20,12.00,10.0,0,0,0,7,2,2024 Titans Second League
,790,32995,CENTURION KAVALIERS 3,,,,,,,,,,,,,,,,,,,,,,2024 Titans Second League
76,790,32995,Wiehan Nel,2936753,SINOVILLE 3,,SINOVILLE 3,4556,4,4,13.4,103,3,23/ 1,0,45,7.54,34.33,27.3,0,0,0,7,0,2024 Titans Second League
,790,32995,SINOVILLE 3,,,,,,,,,,,,,,,,,,,,,,2024 Titans Second League
77,790,32995,Gunter Geyer,2985804,IRENE VILLAGERS 3,,IRENE VILLAGERS 3,4554,2,2,6.2,48,3,9/ 2,1,19,7.58,16.00,12.7,0,0,0,4,2,2024 Titans Second League
,790,32995,IRENE VILLAGERS 3,,,,,,,,,,,,,,,,,,,,,,2024 Titans Second League
78,790,32995,Calyle Stolze,4896935,HARLEQUINS 3,,HARLEQUINS 3,4553,3,3,9.0,69,3,26/ 2,0,25,7.67,23.00,18.0,0,0,0,6,2,2024 Titans Second League
,790,32995,HARLEQUINS 3,,,,,,,,,,,,,,,,,,,,,,2024 Titans Second League
79,790,32995,Johan Feute,4729909,SINOVILLE 3,,SINOVILLE 3,4556,2,2,14.5,114,3,29/ 2,0,42,7.69,38.00,29.7,0,0,0,1,0,2024 Titans Second League
,790,32995,SINOVILLE 3,,,,,,,,,,,,,,,,,,,,,,2024 Titans Second League
80,790,32995,Tiaan Borman,3772082,SINOVILLE 3,,SINOVILLE 3,4556,1,1,5.5,45,3,45/ 3,0,18,7.71,15.00,11.7,0,0,0,0,0,2024 Titans Second League
,790,32995,SINOVILLE 3,,,,,,,,,,,,,,,,,,,,,,2024 Titans Second League
81,790,32995,Jock de Jager,4165762,TUKS 5,,TUKS 5,4558,3,3,8.0,67,3,21/ 1,1,23,8.38,22.33,16.0,0,0,0,5,0,2024 Titans Second League
,790,32995,TUKS 5,,,,,,,,,,,,,,,,,,,,,,2024 Titans Second League
82,790,32995,Pieter Roos,2939189,HARLEQUINS 3,,HARLEQUINS 3,4553,8,3,16.0,148,3,63/ 3,1,50,9.25,49.33,32.0,0,0,0,13,1,2024 Titans Second League
,790,32995,HARLEQUINS 3,,,,,,,,,,,,,,,,,,,,,,2024 Titans Second League
83,790,32995,JJ Du Toit,3226765,SINOVILLE 4,,SINOVILLE 4,4557,1,1,6.0,18,2,18/ 2,2,31,3.00,9.00,18.0,0,0,0,1,0,2024 Titans Second League
,790,32995,SINOVILLE 4,,,,,,,,,,,,,,,,,,,,,,2024 Titans Second League
84,790,32995,James van der Merwe,5000388,SINOVILLE 3,,SINOVILLE 3,4556,1,1,7.0,21,2,21/ 2,1,29,3.00,10.50,21.0,0,0,0,1,0,2024 Titans Second League
,790,32995,SINOVILLE 3,,,,,,,,,,,,,,,,,,,,,,2024 Titans Second League
85,790,32995,Acelan Pruss,4655260,IRENE VILLAGERS 3,,IRENE VILLAGERS 3,4554,2,2,12.3,41,2,16/ 2,1,52,3.28,20.50,37.5,0,0,0,2,0,2024 Titans Second League
,790,32995,IRENE VILLAGERS 3,,,,,,,,,,,,,,,,,,,,,,2024 Titans Second League
86,790,32995,Yatin Koul,4081459,PHSOB 3,,PHSOB 3,4555,1,1,3.0,10,2,10/ 2,0,11,3.33,5.00,9.0,0,0,0,0,0,2024 Titans Second League
,790,32995,PHSOB 3,,,,,,,,,,,,,,,,,,,,,,2024 Titans Second League
87,790,32995,Stephan Van Der Berg,2987583,CBCOB 3,,CBCOB 3,4552,1,1,9.0,31,2,31/ 2,0,27,3.44,15.50,27.0,0,0,0,1,0,2024 Titans Second League
,790,32995,CBCOB 3,,,,,,,,,,,,,,,,,,,,,,2024 Titans Second League
88,790,32995,Patrick Mounton,4729872,HARLEQUINS 3,,HARLEQUINS 3,4553,2,1,7.0,29,2,29/ 2,0,29,4.14,14.50,21.0,0,0,0,0,1,2024 Titans Second League
,790,32995,HARLEQUINS 3,,,,,,,,,,,,,,,,,,,,,,2024 Titans Second League
89,790,32995,Nathan Hall,5045108,CENTURION KAVALIERS 3,,CENTURION KAVALIERS 3,4560,1,1,5.1,22,2,22/ 2,0,20,4.26,11.00,15.5,0,0,0,1,0,2024 Titans Second League
,790,32995,CENTURION KAVALIERS 3,,,,,,,,,,,,,,,,,,,,,,2024 Titans Second League
90,790,32995,Wessel Herbst,3783166,CBCOB 3,,CBCOB 3,4552,2,2,14.0,62,2,20/ 2,1,59,4.43,31.00,42.0,0,0,0,1,1,2024 Titans Second League
,790,32995,CBCOB 3,,,,,,,,,,,,,,,,,,,,,,2024 Titans Second League
91,790,32995,Tiaan Malan,4715812,SINOVILLE 4,,SINOVILLE 4,4557,1,1,2.0,9,2,9/ 2,0,8,4.50,4.50,6.0,0,0,0,0,0,2024 Titans Second League
,790,32995,SINOVILLE 4,,,,,,,,,,,,,,,,,,,,,,2024 Titans Second League
92,790,32995,Regan Pruss,3759682,PHSOB 4,,PHSOB 4,4561,1,1,7.4,38,2,38/ 2,0,26,4.96,19.00,23.0,0,0,0,2,0,2024 Titans Second League
,790,32995,PHSOB 4,,,,,,,,,,,,,,,,,,,,,,2024 Titans Second League
93,790,32995,Steven Meyburgh,2937220,PHSOB 3,,PHSOB 3,4555,2,2,13.0,66,2,23/ 1,1,35,5.08,33.00,39.0,0,0,0,1,0,2024 Titans Second League
,790,32995,PHSOB 3,,,,,,,,,,,,,,,,,,,,,,2024 Titans Second League
94,790,32995,Mollie Sinoville,4063613,SINOVILLE 3,,SINOVILLE 3,4556,1,1,9.0,46,2,46/ 2,0,33,5.11,23.00,27.0,0,0,0,5,0,2024 Titans Second League
,790,32995,SINOVILLE 3,,,,,,,,,,,,,,,,,,,,,,2024 Titans Second League
95,790,32995,Brian Kershaw,4673539,PHSOB 4,,PHSOB 4,4561,1,1,9.0,46,2,46/ 2,0,28,5.11,23.00,27.0,0,0,0,2,0,2024 Titans Second League
,790,32995,PHSOB 4,,,,,,,,,,,,,,,,,,,,,,2024 Titans Second League
96,790,32995,Jaco Van der walt,4715817,SINOVILLE 3,,SINOVILLE 3,4556,1,1,6.0,32,2,32/ 2,0,24,5.33,16.00,18.0,0,0,0,5,1,2024 Titans Second League
,790,32995,SINOVILLE 3,,,,,,,,,,,,,,,,,,,,,,2024 Titans Second League
97,790,32995,Johan Broekman,4756705,IRENE VILLAGERS 3,,IRENE VILLAGERS 3,4554,7,1,9.0,50,2,50/ 2,1,32,5.56,25.00,27.0,0,0,0,0,1,2024 Titans Second League
,790,32995,IRENE VILLAGERS 3,,,,,,,,,,,,,,,,,,,,,,2024 Titans Second League
98,790,32995,Jaco CBC,4046234,CBCOB 3,,CBCOB 3,4552,1,1,9.0,51,2,51/ 2,1,31,5.67,25.50,27.0,0,0,0,2,0,2024 Titans Second League
,790,32995,CBCOB 3,,,,,,,,,,,,,,,,,,,,,,2024 Titans Second League
99,790,32995,Jody Buys,4729873,HARLEQUINS 3,,HARLEQUINS 3,4553,5,3,14.0,83,2,8/ 1,0,38,5.93,41.50,42.0,0,0,0,8,0,2024 Titans Second League
,790,32995,HARLEQUINS 3,,,,,,,,,,,,,,,,,,,,,,2024 Titans Second League
100,790,32995,Meshack Gabeni,3180887,CENTURION KAVALIERS 3,,CENTURION KAVALIERS 3,4560,1,1,3.0,18,2,18/ 2,0,8,6.00,9.00,9.0,0,0,0,0,0,2024 Titans Second League
,790,32995,CENTURION KAVALIERS 3,,,,,,,,,,,,,,,,,,,,,,2024 Titans Second League
101,790,32995,Justin Fourie,2987524,PHSOB 3,,PHSOB 3,4555,1,1,9.0,61,2,61/ 2,0,27,6.78,30.50,27.0,0,0,0,0,0,2024 Titans Second League
,790,32995,PHSOB 3,,,,,,,,,,,,,,,,,,,,,,2024 Titans Second League
102,790,32995,Benjamin Cronje,4702808,IRENE VILLAGERS 3,,IRENE VILLAGERS 3,4554,2,2,6.0,41,2,16/ 2,1,21,6.83,20.50,18.0,0,0,0,5,2,2024 Titans Second League
,790,32995,IRENE VILLAGERS 3,,,,,,,,,,,,,,,,,,,,,,2024 Titans Second League
103,790,32995,Bennie Viljoen,3713450,IRENE VILLAGERS 3,,IRENE VILLAGERS 3,4554,1,1,4.0,29,2,29/ 2,0,15,7.25,14.50,12.0,0,0,0,4,0,2024 Titans Second League
,790,32995,IRENE VILLAGERS 3,,,,,,,,,,,,,,,,,,,,,,2024 Titans Second League
104,790,32995,Ivan Havenga,3729571,CBCOB 3,,CBCOB 3,4552,4,3,12.0,103,2,17/ 1,0,21,8.58,51.50,36.0,0,0,0,5,1,2024 Titans Second League
,790,32995,CBCOB 3,,,,,,,,,,,,,,,,,,,,,,2024 Titans Second League
105,790,32995,Adriaan Venter,3673677,CBCOB 3,,CBCOB 3,4552,4,1,0.2,0,1,0/ 1,0,2,0.00,0.00,2.0,0,0,0,0,0,2024 Titans Second League
,790,32995,CBCOB 3,,,,,,,,,,,,,,,,,,,,,,2024 Titans Second League
106,790,32995,Gary Van Blerk,4673569,TUT 3,,TUT 3,4559,4,1,0.1,0,1,0/ 1,0,1,0.00,0.00,1.0,0,0,0,0,0,2024 Titans Second League
,790,32995,TUT 3,,,,,,,,,,,,,,,,,,,,,,2024 Titans Second League
107,790,32995,Matt Collett,4081460,PHSOB 3,,PHSOB 3,4555,1,1,1.2,1,1,1/ 1,0,7,0.75,1.00,8.0,0,0,0,0,0,2024 Titans Second League
,790,32995,PHSOB 3,,,,,,,,,,,,,,,,,,,,,,2024 Titans Second League
108,790,32995,Dylan Van wyk,2987473,SINOVILLE 4,,SINOVILLE 4,4557,1,1,2.0,4,1,4/ 1,1,9,2.00,4.00,12.0,0,0,0,0,0,2024 Titans Second League
,790,32995,SINOVILLE 4,,,,,,,,,,,,,,,,,,,,,,2024 Titans Second League
109,790,32995,Wian van Deventer,3257325,SINOVILLE 3,,SINOVILLE 3,4556,1,1,3.0,7,1,7/ 1,0,14,2.33,7.00,18.0,0,0,0,1,0,2024 Titans Second League
,790,32995,SINOVILLE 3,,,,,,,,,,,,,,,,,,,,,,2024 Titans Second League
110,790,32995,Matt Rogerson,2936914,PHSOB 3,,PHSOB 3,4555,2,1,5.0,13,1,13/ 1,0,25,2.60,13.00,30.0,0,0,0,4,0,2024 Titans Second League
,790,32995,PHSOB 3,,,,,,,,,,,,,,,,,,,,,,2024 Titans Second League
111,790,32995,Francois Mostert,5023418,PHSOB 3,,PHSOB 3,4555,1,1,6.0,16,1,16/ 1,3,31,2.67,16.00,36.0,0,0,0,0,0,2024 Titans Second League
,790,32995,PHSOB 3,,,,,,,,,,,,,,,,,,,,,,2024 Titans Second League
112,790,32995,Hendre Du toit,2987477,SINOVILLE 4,,SINOVILLE 4,4557,1,1,9.0,25,1,25/ 1,0,40,2.78,25.00,54.0,0,0,0,3,0,2024 Titans Second League
,790,32995,SINOVILLE 4,,,,,,,,,,,,,,,,,,,,,,2024 Titans Second League
113,790,32995,Clinton Da costa,5000469,HARLEQUINS 3,,HARLEQUINS 3,4553,2,2,13.0,43,1,23/ 1,0,50,3.31,43.00,78.0,0,0,0,0,1,2024 Titans Second League
,790,32995,HARLEQUINS 3,,,,,,,,,,,,,,,,,,,,,,2024 Titans Second League
114,790,32995,Lafras Jenkins,4143518,PHSOB 3,,PHSOB 3,4555,1,1,9.0,32,1,32/ 1,0,31,3.56,32.00,54.0,0,0,0,1,0,2024 Titans Second League
,790,32995,PHSOB 3,,,,,,,,,,,,,,,,,,,,,,2024 Titans Second League
115,790,32995,JP Roetz,3267058,SINOVILLE 4,,SINOVILLE 4,4557,1,1,9.0,33,1,33/ 1,2,42,3.67,33.00,54.0,0,0,0,2,0,2024 Titans Second League
,790,32995,SINOVILLE 4,,,,,,,,,,,,,,,,,,,,,,2024 Titans Second League
116,790,32995,Marius Swanepoel,5034372,CBCOB 3,,CBCOB 3,4552,1,1,6.0,22,1,22/ 1,1,23,3.67,22.00,36.0,0,0,0,2,0,2024 Titans Second League
,790,32995,CBCOB 3,,,,,,,,,,,,,,,,,,,,,,2024 Titans Second League
117,790,32995,Riaan Davel,4715815,SINOVILLE 4,,SINOVILLE 4,4557,1,1,7.0,26,1,26/ 1,1,30,3.71,26.00,42.0,0,0,0,2,0,2024 Titans Second League
,790,32995,SINOVILLE 4,,,,,,,,,,,,,,,,,,,,,,2024 Titans Second League
118,790,32995,Chad Fortman,2936899,PHSOB 3,,PHSOB 3,4555,2,2,11.0,41,1,29/ 1,0,39,3.73,41.00,66.0,0,0,0,7,0,2024 Titans Second League
,790,32995,PHSOB 3,,,,,,,,,,,,,,,,,,,,,,2024 Titans Second League
119,790,32995,Pieter Jansen van rensburg,4704969,SINOVILLE 3,,SINOVILLE 3,4556,2,1,5.0,19,1,19/ 1,0,17,3.80,19.00,30.0,0,0,0,1,0,2024 Titans Second League
,790,32995,SINOVILLE 3,,,,,,,,,,,,,,,,,,,,,,2024 Titans Second League
120,790,32995,Vuks Bamuza,5000466,HARLEQUINS 3,,HARLEQUINS 3,4553,1,1,9.0,35,1,35/ 1,0,32,3.89,35.00,54.0,0,0,0,2,0,2024 Titans Second League
,790,32995,HARLEQUINS 3,,,,,,,,,,,,,,,,,,,,,,2024 Titans Second League
121,790,32995,Nicolas Pillay,4729911,IRENE VILLAGERS 3,,IRENE VILLAGERS 3,4554,1,1,2.0,8,1,8/ 1,1,10,4.00,8.00,12.0,0,0,0,0,0,2024 Titans Second League
,790,32995,IRENE VILLAGERS 3,,,,,,,,,,,,,,,,,,,,,,2024 Titans Second League
122,790,32995,Haardi Abdul,4756700,HARLEQUINS 3,,HARLEQUINS 3,4553,1,1,8.0,35,1,35/ 1,0,33,4.38,35.00,48.0,0,0,0,2,0,2024 Titans Second League
,790,32995,HARLEQUINS 3,,,,,,,,,,,,,,,,,,,,,,2024 Titans Second League
123,790,32995,Wehan du Waal,4715788,PHSOB 3,,PHSOB 3,4555,2,2,10.0,44,1,11/ 1,1,47,4.40,44.00,60.0,0,0,0,10,1,2024 Titans Second League
,790,32995,PHSOB 3,,,,,,,,,,,,,,,,,,,,,,2024 Titans Second League
124,790,32995,Alec Jordaan,4715851,CBCOB 3,,CBCOB 3,4552,4,4,20.5,94,1,20/ 1,3,94,4.51,94.00,125.0,0,0,0,22,1,2024 Titans Second League
,790,32995,CBCOB 3,,,,,,,,,,,,,,,,,,,,,,2024 Titans Second League
125,790,32995,Werner Marneweck,4715784,TUKS 5,,TUKS 5,4558,2,2,9.0,42,1,20/ 1,1,40,4.67,42.00,54.0,0,0,0,8,0,2024 Titans Second League
,790,32995,TUKS 5,,,,,,,,,,,,,,,,,,,,,,2024 Titans Second League
126,790,32995,Stanley Fabri,3056139,SINOVILLE 4,,SINOVILLE 4,4557,3,3,19.0,92,1,54/ 1,1,74,4.84,92.00,114.0,0,0,0,5,0,2024 Titans Second League
,790,32995,SINOVILLE 4,,,,,,,,,,,,,,,,,,,,,,2024 Titans Second League
127,790,32995,Reinhardt Engler,4673827,HARLEQUINS 3,,HARLEQUINS 3,4553,1,1,7.0,37,1,37/ 1,0,29,5.29,37.00,42.0,0,0,0,5,1,2024 Titans Second League
,790,32995,HARLEQUINS 3,,,,,,,,,,,,,,,,,,,,,,2024 Titans Second League
128,790,32995,Andre Schoombee,3772961,SINOVILLE 3,,SINOVILLE 3,4556,3,3,17.0,90,1,34/ 1,2,70,5.29,90.00,102.0,0,0,0,3,3,2024 Titans Second League
,790,32995,SINOVILLE 3,,,,,,,,,,,,,,,,,,,,,,2024 Titans Second League
129,790,32995,Christo Swanepoel,3299532,PHSOB 4,,PHSOB 4,4561,1,1,9.0,48,1,48/ 1,1,29,5.33,48.00,54.0,0,0,0,2,0,2024 Titans Second League
,790,32995,PHSOB 4,,,,,,,,,,,,,,,,,,,,,,2024 Titans Second League
130,790,32995,Jonathan White,5047117,CENTURION KAVALIERS 3,,CENTURION KAVALIERS 3,4560,1,1,3.0,16,1,16/ 1,0,10,5.33,16.00,18.0,0,0,0,1,0,2024 Titans Second League
,790,32995,CENTURION KAVALIERS 3,,,,,,,,,,,,,,,,,,,,,,2024 Titans Second League
131,790,32995,Lessego Teffo,4196334,HARLEQUINS 3,,HARLEQUINS 3,4553,4,2,11.3,64,1,46/ 1,0,26,5.57,64.00,69.0,0,0,0,5,1,2024 Titans Second League
,790,32995,HARLEQUINS 3,,,,,,,,,,,,,,,,,,,,,,2024 Titans Second League
132,790,32995,Danie Kruger,3745390,SINOVILLE 4,,SINOVILLE 4,4557,1,1,4.0,23,1,23/ 1,0,15,5.75,23.00,24.0,0,0,0,4,0,2024 Titans Second League
,790,32995,SINOVILLE 4,,,,,,,,,,,,,,,,,,,,,,2024 Titans Second League
133,790,32995,Berno Klopper,3180553,SINOVILLE 3,,SINOVILLE 3,4556,5,1,4.0,24,1,24/ 1,0,10,6.00,24.00,24.0,0,0,0,0,0,2024 Titans Second League
,790,32995,SINOVILLE 3,,,,,,,,,,,,,,,,,,,,,,2024 Titans Second League
134,790,32995,Pieter Oosthuisen,4186402,SINOVILLE 4,,SINOVILLE 4,4557,1,1,5.0,30,1,30/ 1,0,9,6.00,30.00,30.0,0,0,0,1,0,2024 Titans Second League
,790,32995,SINOVILLE 4,,,,,,,,,,,,,,,,,,,,,,2024 Titans Second League
135,790,32995,Nathan Stryfom,4673826,HARLEQUINS 3,,HARLEQUINS 3,4553,2,1,1.5,11,1,11/ 1,0,5,6.00,11.00,11.0,0,0,0,0,0,2024 Titans Second League
,790,32995,HARLEQUINS 3,,,,,,,,,,,,,,,,,,,,,,2024 Titans Second League
136,790,32995,Divan Haasbroek,4715852,CBCOB 3,,CBCOB 3,4552,1,1,4.0,24,1,24/ 1,1,15,6.00,24.00,24.0,0,0,0,0,0,2024 Titans Second League
,790,32995,CBCOB 3,,,,,,,,,,,,,,,,,,,,,,2024 Titans Second League
137,790,32995,Mike Hartman,5000468,HARLEQUINS 3,,HARLEQUINS 3,4553,2,2,5.2,32,1,23/ 1,0,19,6.00,32.00,32.0,0,0,0,1,0,2024 Titans Second League
,790,32995,HARLEQUINS 3,,,,,,,,,,,,,,,,,,,,,,2024 Titans Second League
138,790,32995,Tiaan Borman,4715816,SINOVILLE 4,,SINOVILLE 4,4557,2,2,10.0,64,1,31/ 1,0,35,6.40,64.00,60.0,0,0,0,3,0,2024 Titans Second League
,790,32995,SINOVILLE 4,,,,,,,,,,,,,,,,,,,,,,2024 Titans Second League
139,790,32995,Edwin De Waal,4742889,PHSOB 3,,PHSOB 3,4555,1,1,4.0,26,1,26/ 1,0,11,6.50,26.00,24.0,0,0,0,0,0,2024 Titans Second League
,790,32995,PHSOB 3,,,,,,,,,,,,,,,,,,,,,,2024 Titans Second League
140,790,32995,Dustyn Du preez,5047118,CENTURION KAVALIERS 3,,CENTURION KAVALIERS 3,4560,1,1,2.0,13,1,13/ 1,0,5,6.50,13.00,12.0,0,0,0,0,0,2024 Titans Second League
,790,32995,CENTURION KAVALIERS 3,,,,,,,,,,,,,,,,,,,,,,2024 Titans Second League
141,790,32995,Mohapi Molete,4756704,IRENE VILLAGERS 3,,IRENE VILLAGERS 3,4554,3,2,6.0,40,1,21/ 1,0,19,6.67,40.00,36.0,0,0,0,2,0,2024 Titans Second League
,790,32995,IRENE VILLAGERS 3,,,,,,,,,,,,,,,,,,,,,,2024 Titans Second League
142,790,32995,Hanco Kruger,4702785,TUKS 5,,TUKS 5,4558,2,2,10.0,71,1,26/ 1,2,36,7.10,71.00,60.0,0,0,0,8,2,2024 Titans Second League
,790,32995,TUKS 5,,,,,,,,,,,,,,,,,,,,,,2024 Titans Second League
143,790,32995,Kian Hoeuner,3928431,CBCOB 3,,CBCOB 3,4552,1,1,7.0,50,1,50/ 1,0,0,7.14,50.00,42.0,0,0,0,0,0,2024 Titans Second League
,790,32995,CBCOB 3,,,,,,,,,,,,,,,,,,,,,,2024 Titans Second League
144,790,32995,Matthew Bottham,2987582,CBCOB 3,,CBCOB 3,4552,1,1,7.0,54,1,54/ 1,0,0,7.71,54.00,42.0,0,0,0,0,0,2024 Titans Second League
,790,32995,CBCOB 3,,,,,,,,,,,,,,,,,,,,,,2024 Titans Second League
145,790,32995,Franco Vorster,3730039,HARLEQUINS 3,,HARLEQUINS 3,4553,1,1,5.0,39,1,39/ 1,0,14,7.80,39.00,30.0,0,0,0,2,1,2024 Titans Second League
,790,32995,HARLEQUINS 3,,,,,,,,,,,,,,,,,,,,,,2024 Titans Second League
146,790,32995,Gerry Gouws,4673823,CBCOB 3,,CBCOB 3,4552,3,2,8.0,63,1,42/ 1,0,20,7.88,63.00,48.0,0,0,0,5,0,2024 Titans Second League
,790,32995,CBCOB 3,,,,,,,,,,,,,,,,,,,,,,2024 Titans Second League
147,790,32995,Albert Myburgh,4024779,IRENE VILLAGERS 3,,IRENE VILLAGERS 3,4554,7,4,15.0,120,1,48/ 1,1,55,8.00,120.00,90.0,0,0,0,6,1,2024 Titans Second League
,790,32995,IRENE VILLAGERS 3,,,,,,,,,,,,,,,,,,,,,,2024 Titans Second League
148,790,32995,Keith Slater,5047119,CENTURION KAVALIERS 3,,CENTURION KAVALIERS 3,4560,1,1,5.0,40,1,40/ 1,0,15,8.00,40.00,30.0,0,0,0,0,0,2024 Titans Second League
,790,32995,CENTURION KAVALIERS 3,,,,,,,,,,,,,,,,,,,,,,2024 Titans Second League
149,790,32995,JP Roets,3195753,SINOVILLE 4,,SINOVILLE 4,4557,3,3,11.0,91,1,44/ 1,0,32,8.27,91.00,66.0,0,0,0,7,0,2024 Titans Second League
,790,32995,SINOVILLE 4,,,,,,,,,,,,,,,,,,,,,,2024 Titans Second League
150,790,32995,Hanco Hertzog,3928457,SINOVILLE 3,,SINOVILLE 3,4556,2,2,8.0,72,1,29/ 1,0,30,9.00,72.00,48.0,0,0,0,24,3,2024 Titans Second League
,790,32995,SINOVILLE 3,,,,,,,,,,,,,,,,,,,,,,2024 Titans Second League
151,790,32995,Berno Klopper,3180553,SINOVILLE 4,,SINOVILLE 4,4557,2,1,7.0,71,1,71/ 1,0,12,10.14,71.00,42.0,0,0,0,5,0,2024 Titans Second League
,790,32995,SINOVILLE 4,,,,,,,,,,,,,,,,,,,,,,2024 Titans Second League
152,790,32995,Hein Swanepoel,4649924,HARLEQUINS 3,,HARLEQUINS 3,4553,2,2,11.0,114,1,75/ 1,0,28,10.36,114.00,66.0,0,0,0,10,1,2024 Titans Second League
,790,32995,HARLEQUINS 3,,,,,,,,,,,,,,,,,,,,,,2024 Titans Second League
153,790,32995,Rowan Plaatjies,4673819,CBCOB 3,,CBCOB 3,4552,2,1,1.0,13,1,13/ 1,0,1,13.00,13.00,6.0,0,0,0,0,0,2024 Titans Second League
,790,32995,CBCOB 3,,,,,,,,,,,,,,,,,,,,,,2024 Titans Second League
154,790,32995,Matt Rodgerson,4100183,PHSOB 4,,PHSOB 4,4561,1,1,1.0,16,1,16/ 1,0,3,16.00,16.00,6.0,0,0,0,1,1,2024 Titans Second League
,790,32995,PHSOB 4,,,,,,,,,,,,,,,,,,,,,,2024 Titans Second League
155,790,32995,Hanco Hertzog,4165763,SINOVILLE 4,,SINOVILLE 4,4557,2,1,1.0,18,1,18/ 1,0,3,18.00,18.00,6.0,0,0,0,9,0,2024 Titans Second League
,790,32995,SINOVILLE 4,,,,,,,,,,,,,,,,,,,,,,2024 Titans Second League
156,790,32995,Echardt Stuwig,4729879,SINOVILLE 4,,SINOVILLE 4,4557,1,1,5.0,10,0,10/ 0,2,26,2.00,0,0.0,0,0,0,3,0,2024 Titans Second League
,790,32995,SINOVILLE 4,,,,,,,,,,,,,,,,,,,,,,2024 Titans Second League
157,790,32995,Keaton Steenkamp,2944947,SINOVILLE 4,,SINOVILLE 4,4557,1,1,4.0,11,0,11/ 0,0,21,2.75,0,0.0,0,0,0,2,0,2024 Titans Second League
,790,32995,SINOVILLE 4,,,,,,,,,,,,,,,,,,,,,,2024 Titans Second League
158,790,32995,Juan Van den berg,2987480,SINOVILLE 4,,SINOVILLE 4,4557,1,1,9.0,26,0,26/ 0,0,38,2.89,0,0.0,0,0,0,4,0,2024 Titans Second League
,790,32995,SINOVILLE 4,,,,,,,,,,,,,,,,,,,,,,2024 Titans Second League
159,790,32995,Zadian Cbc3,4874626,CBCOB 3,,CBCOB 3,4552,1,1,9.0,28,0,28/ 0,1,42,3.11,0,0.0,0,0,0,6,0,2024 Titans Second League
,790,32995,CBCOB 3,,,,,,,,,,,,,,,,,,,,,,2024 Titans Second League
160,790,32995,Dian Botha,2934759,SINOVILLE 3,,SINOVILLE 3,4556,1,1,6.0,19,0,19/ 0,1,30,3.17,0,0.0,0,0,0,3,0,2024 Titans Second League
,790,32995,SINOVILLE 3,,,,,,,,,,,,,,,,,,,,,,2024 Titans Second League
161,790,32995,Warren Pollard,4655261,IRENE VILLAGERS 3,,IRENE VILLAGERS 3,4554,2,1,3.0,10,0,0/ 0,0,13,3.33,0,0.0,0,0,0,0,0,2024 Titans Second League
,790,32995,IRENE VILLAGERS 3,,,,,,,,,,,,,,,,,,,,,,2024 Titans Second League
162,790,32995,Johanco Faihst,3255252,TUKS 5,,TUKS 5,4558,1,1,9.0,31,0,31/ 0,1,39,3.44,0,0.0,0,0,0,6,0,2024 Titans Second League
,790,32995,TUKS 5,,,,,,,,,,,,,,,,,,,,,,2024 Titans Second League
163,790,32995,Wian Nel,2987474,SINOVILLE 4,,SINOVILLE 4,4557,1,1,5.0,20,0,20/ 0,0,21,4.00,0,0.0,0,0,0,2,0,2024 Titans Second League
,790,32995,SINOVILLE 4,,,,,,,,,,,,,,,,,,,,,,2024 Titans Second League
164,790,32995,Ryan Kruger,4973940,SINOVILLE 3,,SINOVILLE 3,4556,1,1,2.0,9,0,9/ 0,0,9,4.50,0,0.0,0,0,0,0,1,2024 Titans Second League
,790,32995,SINOVILLE 3,,,,,,,,,,,,,,,,,,,,,,2024 Titans Second League
165,790,32995,Jayden Smith,4891853,TUT 3,,TUT 3,4559,1,1,9.0,43,0,43/ 0,1,28,4.78,0,0.0,0,0,0,3,0,2024 Titans Second League
,790,32995,TUT 3,,,,,,,,,,,,,,,,,,,,,,2024 Titans Second League
166,790,32995,Chanluke Van Niewenhuizen,4742886,CBCOB 3,,CBCOB 3,4552,2,2,6.0,29,0,11/ 0,0,21,4.83,0,0.0,0,0,0,1,0,2024 Titans Second League
,790,32995,CBCOB 3,,,,,,,,,,,,,,,,,,,,,,2024 Titans Second League
167,790,32995,Gerrald Gouws,3056111,CBCOB 3,,CBCOB 3,4552,2,1,3.0,15,0,0/ 0,0,12,5.00,0,0.0,0,0,0,3,0,2024 Titans Second League
,790,32995,CBCOB 3,,,,,,,,,,,,,,,,,,,,,,2024 Titans Second League
168,790,32995,Brad Goss,4081458,PHSOB 3,,PHSOB 3,4555,1,1,9.0,45,0,45/ 0,0,35,5.00,0,0.0,0,0,0,1,0,2024 Titans Second League
,790,32995,PHSOB 3,,,,,,,,,,,,,,,,,,,,,,2024 Titans Second League
169,790,32995,Gerhard Strydom,4688789,PHSOB 3,,PHSOB 3,4555,1,1,3.0,15,0,15/ 0,0,13,5.00,0,0.0,0,0,0,2,1,2024 Titans Second League
,790,32995,PHSOB 3,,,,,,,,,,,,,,,,,,,,,,2024 Titans Second League
170,790,32995,Jayden Potgieter,4854735,CENTURION KAVALIERS 3,,CENTURION KAVALIERS 3,4560,2,1,3.0,15,0,0/ 0,0,11,5.00,0,0.0,0,0,0,2,2,2024 Titans Second League
,790,32995,CENTURION KAVALIERS 3,,,,,,,,,,,,,,,,,,,,,,2024 Titans Second League
171,790,32995,Liam Van Wyk,5045111,CENTURION KAVALIERS 3,,CENTURION KAVALIERS 3,4560,2,2,11.0,55,0,8/ 0,0,44,5.00,0,0.0,0,0,0,6,1,2024 Titans Second League
,790,32995,CENTURION KAVALIERS 3,,,,,,,,,,,,,,,,,,,,,,2024 Titans Second League
172,790,32995,Cj Jordaan,4892048,IRENE VILLAGERS 3,,IRENE VILLAGERS 3,4554,1,1,9.0,47,0,47/ 0,0,33,5.22,0,0.0,0,0,0,2,0,2024 Titans Second League
,790,32995,IRENE VILLAGERS 3,,,,,,,,,,,,,,,,,,,,,,2024 Titans Second League
173,790,32995,Divan Cilliers,3713448,IRENE VILLAGERS 3,,IRENE VILLAGERS 3,4554,9,2,5.0,30,0,0/ 0,0,17,6.00,0,0.0,0,0,0,8,0,2024 Titans Second League
,790,32995,IRENE VILLAGERS 3,,,,,,,,,,,,,,,,,,,,,,2024 Titans Second League
174,790,32995,Ryno Opperman,4715854,IRENE VILLAGERS 3,,IRENE VILLAGERS 3,4554,1,1,1.0,6,0,6/ 0,0,3,6.00,0,0.0,0,0,0,0,0,2024 Titans Second League
,790,32995,IRENE VILLAGERS 3,,,,,,,,,,,,,,,,,,,,,,2024 Titans Second League
175,790,32995,Christo Swanepoel,2936900,PHSOB 3,,PHSOB 3,4555,1,1,9.0,55,0,55/ 0,0,30,6.11,0,0.0,0,0,0,4,0,2024 Titans Second League
,790,32995,PHSOB 3,,,,,,,,,,,,,,,,,,,,,,2024 Titans Second League
176,790,32995,Jared Fourie,3795661,IRENE VILLAGERS 3,,IRENE VILLAGERS 3,4554,1,1,9.0,56,0,56/ 0,0,36,6.22,0,0.0,0,0,0,5,0,2024 Titans Second League
,790,32995,IRENE VILLAGERS 3,,,,,,,,,,,,,,,,,,,,,,2024 Titans Second League
177,790,32995,Malcolm Lourens,3719302,CENTURION KAVALIERS 3,,CENTURION KAVALIERS 3,4560,1,1,2.0,13,0,13/ 0,0,3,6.50,0,0.0,0,0,0,0,0,2024 Titans Second League
,790,32995,CENTURION KAVALIERS 3,,,,,,,,,,,,,,,,,,,,,,2024 Titans Second League
178,790,32995,Grant S,4704970,SINOVILLE 3,,SINOVILLE 3,4556,2,1,2.0,13,0,0/ 0,0,7,6.50,0,0.0,0,0,0,2,0,2024 Titans Second League
,790,32995,SINOVILLE 3,,,,,,,,,,,,,,,,,,,,,,2024 Titans Second League
179,790,32995,Lodewyk deJager,3719312,PHSOB 4,,PHSOB 4,4561,1,1,3.0,20,0,20/ 0,0,11,6.67,0,0.0,0,0,0,8,0,2024 Titans Second League
,790,32995,PHSOB 4,,,,,,,,,,,,,,,,,,,,,,2024 Titans Second League
180,790,32995,Michael Boyjsens,4854736,CENTURION KAVALIERS 3,,CENTURION KAVALIERS 3,4560,1,1,6.0,40,0,40/ 0,0,19,6.67,0,0.0,0,0,0,3,0,2024 Titans Second League
,790,32995,CENTURION KAVALIERS 3,,,,,,,,,,,,,,,,,,,,,,2024 Titans Second League
181,790,32995,Dwayne Kruger,4877008,SINOVILLE 4,,SINOVILLE 4,4557,1,1,3.0,20,0,20/ 0,0,13,6.67,0,0.0,0,0,0,0,1,2024 Titans Second League
,790,32995,SINOVILLE 4,,,,,,,,,,,,,,,,,,,,,,2024 Titans Second League
182,790,32995,Rox Marule,4702805,SINOVILLE 4,,SINOVILLE 4,4557,1,1,4.0,27,0,27/ 0,0,17,6.75,0,0.0,0,0,0,13,0,2024 Titans Second League
,790,32995,SINOVILLE 4,,,,,,,,,,,,,,,,,,,,,,2024 Titans Second League
183,790,32995,Ewan Erasmus,4673825,HARLEQUINS 3,,HARLEQUINS 3,4553,1,1,3.0,21,0,21/ 0,0,11,7.00,0,0.0,0,0,0,3,0,2024 Titans Second League
,790,32995,HARLEQUINS 3,,,,,,,,,,,,,,,,,,,,,,2024 Titans Second League
184,790,32995,Tiaan Du Plessis,4702804,SINOVILLE 4,,SINOVILLE 4,4557,1,1,2.0,15,0,15/ 0,0,7,7.50,0,0.0,0,0,0,4,0,2024 Titans Second League
,790,32995,SINOVILLE 4,,,,,,,,,,,,,,,,,,,,,,2024 Titans Second League
185,790,32995,Clayton Brunsdon,4837526,IRENE VILLAGERS 3,,IRENE VILLAGERS 3,4554,1,1,4.0,31,0,31/ 0,0,14,7.75,0,0.0,0,0,0,3,0,2024 Titans Second League
,790,32995,IRENE VILLAGERS 3,,,,,,,,,,,,,,,,,,,,,,2024 Titans Second League
186,790,32995,Lester Joseph,4704973,CENTURION KAVALIERS 3,,CENTURION KAVALIERS 3,4560,1,1,5.0,39,0,39/ 0,0,13,7.80,0,0.0,0,0,0,2,0,2024 Titans Second League
,790,32995,CENTURION KAVALIERS 3,,,,,,,,,,,,,,,,,,,,,,2024 Titans Second League
187,790,32995,Marius Bornman,2936833,TUKS 5,,TUKS 5,4558,6,1,1.0,8,0,0/ 0,0,2,8.00,0,0.0,0,0,0,0,0,2024 Titans Second League
,790,32995,TUKS 5,,,,,,,,,,,,,,,,,,,,,,2024 Titans Second League
188,790,32995,Pietman Voster,4854737,CENTURION KAVALIERS 3,,CENTURION KAVALIERS 3,4560,2,1,4.0,33,0,0/ 0,1,11,8.25,0,0.0,0,0,0,0,0,2024 Titans Second League
,790,32995,CENTURION KAVALIERS 3,,,,,,,,,,,,,,,,,,,,,,2024 Titans Second League
189,790,32995,Emil Rolfes,2936903,PHSOB 3,,PHSOB 3,4555,3,1,2.0,17,0,0/ 0,0,6,8.50,0,0.0,0,0,0,5,0,2024 Titans Second League
,790,32995,PHSOB 3,,,,,,,,,,,,,,,,,,,,,,2024 Titans Second League
190,790,32995,Johan Pretorius,3255251,TUKS 5,,TUKS 5,4558,5,2,5.0,43,0,0/ 0,0,16,8.60,0,0.0,0,0,0,11,1,2024 Titans Second League
,790,32995,TUKS 5,,,,,,,,,,,,,,,,,,,,,,2024 Titans Second League
191,790,32995,Nathi Kundhlande,4854738,CENTURION KAVALIERS 3,,CENTURION KAVALIERS 3,4560,4,1,3.0,26,0,0/ 0,0,6,8.67,0,0.0,0,0,0,0,1,2024 Titans Second League
,790,32995,CENTURION KAVALIERS 3,,,,,,,,,,,,,,,,,,,,,,2024 Titans Second League
192,790,32995,Burgert Kloppers,4673542,PHSOB 4,,PHSOB 4,4561,1,1,6.0,53,0,53/ 0,0,12,8.83,0,0.0,0,0,0,2,0,2024 Titans Second League
,790,32995,PHSOB 4,,,,,,,,,,,,,,,,,,,,,,2024 Titans Second League
193,790,32995,Andre Schoombee,3772084,SINOVILLE 3,,SINOVILLE 3,4556,1,1,5.0,45,0,45/ 0,0,16,9.00,0,0.0,0,0,0,1,1,2024 Titans Second League
,790,32995,SINOVILLE 3,,,,,,,,,,,,,,,,,,,,,,2024 Titans Second League
194,790,32995,Jaco Fourie,4688790,PHSOB 3,,PHSOB 3,4555,1,1,3.0,28,0,28/ 0,0,6,9.33,0,0.0,0,0,0,0,0,2024 Titans Second League
,790,32995,PHSOB 3,,,,,,,,,,,,,,,,,,,,,,2024 Titans Second League
195,790,32995,Paul Gouws,3056110,CBCOB 3,,CBCOB 3,4552,5,1,2.0,19,0,0/ 0,0,7,9.50,0,0.0,0,0,0,5,0,2024 Titans Second League
,790,32995,CBCOB 3,,,,,,,,,,,,,,,,,,,,,,2024 Titans Second League
196,790,32995,Janus Bronkhorst,4704971,CENTURION KAVALIERS 3,,CENTURION KAVALIERS 3,4560,1,1,3.0,30,0,30/ 0,0,7,10.00,0,0.0,0,0,0,2,0,2024 Titans Second League
,790,32995,CENTURION KAVALIERS 3,,,,,,,,,,,,,,,,,,,,,,2024 Titans Second League
197,790,32995,Shane Henery,5047116,CENTURION KAVALIERS 3,,CENTURION KAVALIERS 3,4560,1,1,3.0,30,0,30/ 0,0,7,10.00,0,0.0,0,0,0,3,0,2024 Titans Second League
,790,32995,CENTURION KAVALIERS 3,,,,,,,,,,,,,,,,,,,,,,2024 Titans Second League
198,790,32995,Juan Human,4673828,HARLEQUINS 3,,HARLEQUINS 3,4553,4,3,7.0,73,0,0/ 0,0,15,10.43,0,0.0,0,0,0,12,0,2024 Titans Second League
,790,32995,HARLEQUINS 3,,,,,,,,,,,,,,,,,,,,,,2024 Titans Second League
199,790,32995,Maans Roubaix,3031813,SINOVILLE 3,,SINOVILLE 3,4556,1,1,3.0,33,0,33/ 0,0,8,11.00,0,0.0,0,0,0,3,1,2024 Titans Second League
,790,32995,SINOVILLE 3,,,,,,,,,,,,,,,,,,,,,,2024 Titans Second League
200,790,32995,Aj Jordaan,5045109,CENTURION KAVALIERS 3,,CENTURION KAVALIERS 3,4560,2,1,4.0,44,0,0/ 0,0,9,11.00,0,0.0,0,0,0,4,0,2024 Titans Second League
,790,32995,CENTURION KAVALIERS 3,,,,,,,,,,,,,,,,,,,,,,2024 Titans Second League
201,790,32995,Ian Dorfling,3795252,SINOVILLE 4,,SINOVILLE 4,4557,4,1,1.0,12,0,0/ 0,0,2,12.00,0,0.0,0,0,0,0,0,2024 Titans Second League
,790,32995,SINOVILLE 4,,,,,,,,,,,,,,,,,,,,,,2024 Titans Second League
202,790,32995,Keppie Kavaliers,4877010,CENTURION KAVALIERS 3,,CENTURION KAVALIERS 3,4560,1,1,1.0,12,0,12/ 0,0,1,12.00,0,0.0,0,0,0,1,0,2024 Titans Second League
,790,32995,CENTURION KAVALIERS 3,,,,,,,,,,,,,,,,,,,,,,2024 Titans Second League
203,790,32995,Steffan Putter,4973953,SINOVILLE 4,,SINOVILLE 4,4557,1,1,0.4,8,0,8/ 0,0,2,12.00,0,0.0,0,0,0,1,0,2024 Titans Second League
,790,32995,SINOVILLE 4,,,,,,,,,,,,,,,,,,,,,,2024 Titans Second League
204,790,32995,Janco Harholt,5047115,CENTURION KAVALIERS 3,,CENTURION KAVALIERS 3,4560,1,1,3.0,36,0,36/ 0,0,4,12.00,0,0.0,0,0,0,1,0,2024 Titans Second League
,790,32995,CENTURION KAVALIERS 3,,,,,,,,,,,,,,,,,,,,,,2024 Titans Second League
205,790,32995,Thato Pege,3719303,CENTURION KAVALIERS 3,,CENTURION KAVALIERS 3,4560,5,3,9.0,115,0,0/ 0,0,15,12.78,0,0.0,0,0,0,8,2,2024 Titans Second League
,790,32995,CENTURION KAVALIERS 3,,,,,,,,,,,,,,,,,,,,,,2024 Titans Second League
206,790,32995,Keenan Huebsch,4729854,CENTURION KAVALIERS 3,,CENTURION KAVALIERS 3,4560,1,1,1.0,16,0,16/ 0,0,3,16.00,0,0.0,0,0,0,11,1,2024 Titans Second League
,790,32995,CENTURION KAVALIERS 3,,,,,,,,,,,,,,,,,,,,,,2024 Titans Second League
207,790,32995,Dante Meyer,4896936,HARLEQUINS 3,,HARLEQUINS 3,4553,3,1,1.0,17,0,0/ 0,0,0,17.00,0,0.0,0,0,0,0,0,2024 Titans Second League
,790,32995,HARLEQUINS 3,,,,,,,,,,,,,,,,,,,,,,2024 Titans Second League
208,790,32995,Stiaan Heymans,4673670,IRENE VILLAGERS 3,,IRENE VILLAGERS 3,4554,3,1,2.0,39,0,0/ 0,0,4,19.50,0,0.0,0,0,0,1,0,2024 Titans Second League
,790,32995,IRENE VILLAGERS 3,,,,,,,,,,,,,,,,,,,,,,2024 Titans Second League
1,576,32995,Kyle Kunneke,2985826,IRENE VILLAGERS 3,,IRENE VILLAGERS 3,3299,14,10,68.5,257,26,31/ 5,6,276,3.73,9.88,15.9,0,1,1,28,0,2023 Titans Second League
,576,32995,IRENE VILLAGERS 3,,,,,,,,,,,,,,,,,,,,,,2023 Titans Second League
2,576,32995,Christoff  Pompie Helm,2985831,IRENE VILLAGERS 4,,IRENE VILLAGERS 4,3307,13,13,89.0,474,23,59/ 5,6,308,5.33,20.61,23.2,0,2,1,39,2,2023 Titans Second League
,576,32995,IRENE VILLAGERS 4,,,,,,,,,,,,,,,,,,,,,,2023 Titans Second League
3,576,32995,Christian Strydom,2936847,TUKS 5,,TUKS 5,3304,13,13,72.4,392,21,36/ 4,3,281,5.39,18.67,20.8,0,2,0,31,0,2023 Titans Second League
,576,32995,TUKS 5,,,,,,,,,,,,,,,,,,,,,,2023 Titans Second League
4,576,32995,Gerhard De Bruin,2936835,TUKS 5,,TUKS 5,3304,12,12,71.0,326,18,11/ 5,10,286,4.59,18.11,23.7,0,0,1,19,1,2023 Titans Second League
,576,32995,TUKS 5,,,,,,,,,,,,,,,,,,,,,,2023 Titans Second League
5,576,32995,Martin Van Tonder,2840539,TUKS 5,,TUKS 5,3304,16,15,68.1,344,17,19/ 3,6,268,5.05,20.24,24.1,0,0,0,37,0,2023 Titans Second League
,576,32995,TUKS 5,,,,,,,,,,,,,,,,,,,,,,2023 Titans Second League
6,576,32995,Steven Meyburgh,2937220,PHSOB 3,,PHSOB 3,3300,6,6,40.0,170,16,27/ 4,4,173,4.25,10.62,15.0,0,2,0,14,1,2023 Titans Second League
,576,32995,PHSOB 3,,,,,,,,,,,,,,,,,,,,,,2023 Titans Second League
7,576,32995,Albert Myburgh,4024779,IRENE VILLAGERS 3,,IRENE VILLAGERS 3,3299,6,6,43.3,147,15,23/ 4,6,190,3.38,9.80,17.4,0,1,0,7,3,2023 Titans Second League
,576,32995,IRENE VILLAGERS 3,,,,,,,,,,,,,,,,,,,,,,2023 Titans Second League
8,576,32995,Rigardt Saaiman,3729566,CBCOB 3,,CBCOB 3,3298,7,7,46.0,205,13,38/ 5,0,163,4.46,15.77,21.2,0,0,1,3,2,2023 Titans Second League
,576,32995,CBCOB 3,,,,,,,,,,,,,,,,,,,,,,2023 Titans Second League
9,576,32995,Jacques Van Rooyen,3795662,IRENE VILLAGERS 3,,IRENE VILLAGERS 3,3299,8,7,54.3,230,12,19/ 3,4,220,4.22,19.17,27.2,0,0,0,24,0,2023 Titans Second League
,576,32995,IRENE VILLAGERS 3,,,,,,,,,,,,,,,,,,,,,,2023 Titans Second League
10,576,32995,Donovan du Toit,3713457,TUKS 5,,TUKS 5,3304,13,11,50.5,290,12,24/ 3,2,199,5.70,24.17,25.4,0,0,0,24,0,2023 Titans Second League
,576,32995,TUKS 5,,,,,,,,,,,,,,,,,,,,,,2023 Titans Second League
11,576,32995,Tiaan Engelbrecht,2936837,TUKS 5,,TUKS 5,3304,13,13,72.0,294,11,16/ 2,10,307,4.08,26.73,39.3,0,0,0,20,1,2023 Titans Second League
,576,32995,TUKS 5,,,,,,,,,,,,,,,,,,,,,,2023 Titans Second League
12,576,32995,Ruan Ebersohn,2985830,IRENE VILLAGERS 4,,IRENE VILLAGERS 4,3307,11,10,56.0,292,11,24/ 2,4,234,5.21,26.55,30.5,0,0,0,24,0,2023 Titans Second League
,576,32995,IRENE VILLAGERS 4,,,,,,,,,,,,,,,,,,,,,,2023 Titans Second League
13,576,32995,Chris van Niekerk,3713451,IRENE VILLAGERS 3,,IRENE VILLAGERS 3,3299,8,5,27.0,125,10,14/ 3,2,108,4.63,12.50,16.2,0,0,0,9,0,2023 Titans Second League
,576,32995,IRENE VILLAGERS 3,,,,,,,,,,,,,,,,,,,,,,2023 Titans Second League
14,576,32995,Andro Vosloo,3713342,PHSOB 3,,PHSOB 3,3300,5,5,29.0,166,10,38/ 4,2,125,5.72,16.60,17.4,0,1,0,9,0,2023 Titans Second League
,576,32995,PHSOB 3,,,,,,,,,,,,,,,,,,,,,,2023 Titans Second League
15,576,32995,JP Roets,3031810,SINOVILLE 3,,SINOVILLE 3,3302,5,5,34.0,156,9,9/ 3,2,107,4.59,17.33,22.7,0,0,0,14,1,2023 Titans Second League
,576,32995,SINOVILLE 3,,,,,,,,,,,,,,,,,,,,,,2023 Titans Second League
16,576,32995,Trent Hardie,4116169,IRENE VILLAGERS 3,,IRENE VILLAGERS 3,3299,4,4,19.3,109,9,29/ 6,0,83,5.59,12.11,13.0,0,0,1,16,1,2023 Titans Second League
,576,32995,IRENE VILLAGERS 3,,,,,,,,,,,,,,,,,,,,,,2023 Titans Second League
17,576,32995,Aerton Helena,2936841,TUKS 5,,TUKS 5,3304,11,10,65.1,223,8,10/ 2,7,267,3.42,27.88,48.9,0,0,0,9,0,2023 Titans Second League
,576,32995,TUKS 5,,,,,,,,,,,,,,,,,,,,,,2023 Titans Second League
18,576,32995,Christo Swanepoel,2936900,PHSOB 3,,PHSOB 3,3300,8,8,42.1,173,8,32/ 3,5,182,4.10,21.62,31.6,0,0,0,18,0,2023 Titans Second League
,576,32995,PHSOB 3,,,,,,,,,,,,,,,,,,,,,,2023 Titans Second League
19,576,32995,Dewald Basson,3018234,TUT 3,,TUT 3,3305,7,7,48.0,233,8,34/ 4,4,180,4.85,29.12,36.0,0,1,0,29,0,2023 Titans Second League
,576,32995,TUT 3,,,,,,,,,,,,,,,,,,,,,,2023 Titans Second League
20,576,32995,Juan Van den berg,2987480,SINOVILLE 3,,SINOVILLE 3,3302,2,2,18.0,67,7,32/ 5,2,39,3.72,9.57,15.4,0,0,1,0,0,2023 Titans Second League
,576,32995,SINOVILLE 3,,,,,,,,,,,,,,,,,,,,,,2023 Titans Second League
21,576,32995,Gerhard Swanepoel,3713453,IRENE VILLAGERS 3,,IRENE VILLAGERS 3,3299,9,4,31.0,120,7,19/ 2,3,126,3.87,17.14,26.6,0,0,0,12,0,2023 Titans Second League
,576,32995,IRENE VILLAGERS 3,,,,,,,,,,,,,,,,,,,,,,2023 Titans Second League
22,576,32995,Andre Kruyshaar,3795248,SINOVILLE 4,,SINOVILLE 4,3303,5,2,18.0,88,7,34/ 4,0,38,4.89,12.57,15.4,0,1,0,11,0,2023 Titans Second League
,576,32995,SINOVILLE 4,,,,,,,,,,,,,,,,,,,,,,2023 Titans Second League
23,576,32995,Stefan Grobler,3018230,TUT 3,,TUT 3,3305,7,7,38.2,223,7,17/ 2,2,139,5.82,31.86,32.9,0,0,0,20,5,2023 Titans Second League
,576,32995,TUT 3,,,,,,,,,,,,,,,,,,,,,,2023 Titans Second League
24,576,32995,Andre Schoombee,3745389,SINOVILLE 4,,SINOVILLE 4,3303,4,4,23.0,170,7,45/ 3,0,83,7.39,24.29,19.7,0,0,0,17,0,2023 Titans Second League
,576,32995,SINOVILLE 4,,,,,,,,,,,,,,,,,,,,,,2023 Titans Second League
25,576,32995,Piet Botha,4063611,SINOVILLE 3,,SINOVILLE 3,3302,2,2,15.4,53,6,19/ 3,3,66,3.38,8.83,15.7,0,0,0,2,0,2023 Titans Second League
,576,32995,SINOVILLE 3,,,,,,,,,,,,,,,,,,,,,,2023 Titans Second League
26,576,32995,Nico Minnaar,3713344,TUT 3,,TUT 3,3305,5,5,36.0,145,6,21/ 2,5,162,4.03,24.17,36.0,0,0,0,23,0,2023 Titans Second League
,576,32995,TUT 3,,,,,,,,,,,,,,,,,,,,,,2023 Titans Second League
27,576,32995,Clayton Brunsdon,4100291,IRENE VILLAGERS 4,,IRENE VILLAGERS 4,3307,5,5,27.1,139,6,39/ 2,1,99,5.12,23.17,27.2,0,0,0,4,0,2023 Titans Second League
,576,32995,IRENE VILLAGERS 4,,,,,,,,,,,,,,,,,,,,,,2023 Titans Second League
28,576,32995,Jacques Van Rooyen,3745426,IRENE VILLAGERS 4,,IRENE VILLAGERS 4,3307,4,4,30.3,159,6,50/ 5,0,110,5.21,26.50,30.5,0,0,1,12,0,2023 Titans Second League
,576,32995,IRENE VILLAGERS 4,,,,,,,,,,,,,,,,,,,,,,2023 Titans Second League
29,576,32995,Regan Pruss,3713341,PHSOB 3,,PHSOB 3,3300,7,6,32.0,175,6,15/ 2,3,132,5.47,29.17,32.0,0,0,0,13,2,2023 Titans Second League
,576,32995,PHSOB 3,,,,,,,,,,,,,,,,,,,,,,2023 Titans Second League
30,576,32995,Ruan Brenner,3180560,PHSOB 3,,PHSOB 3,3300,4,3,18.2,101,6,10/ 2,2,79,5.51,16.83,18.3,0,0,0,22,0,2023 Titans Second League
,576,32995,PHSOB 3,,,,,,,,,,,,,,,,,,,,,,2023 Titans Second League
31,576,32995,Elandré van den Berg,3713456,TUKS 5,,TUKS 5,3304,11,9,24.2,150,6,23/ 2,2,88,6.16,25.00,24.3,0,0,0,15,1,2023 Titans Second League
,576,32995,TUKS 5,,,,,,,,,,,,,,,,,,,,,,2023 Titans Second League
32,576,32995,Danie Kruger,3745390,SINOVILLE 4,,SINOVILLE 4,3303,2,2,11.0,77,6,41/ 6,1,33,7.00,12.83,11.0,0,0,1,11,0,2023 Titans Second League
,576,32995,SINOVILLE 4,,,,,,,,,,,,,,,,,,,,,,2023 Titans Second League
33,576,32995,Micheal TUT3,3772114,TUT 3,,TUT 3,3305,5,4,15.0,107,6,51/ 4,0,45,7.13,17.83,15.0,0,1,0,6,0,2023 Titans Second League
,576,32995,TUT 3,,,,,,,,,,,,,,,,,,,,,,2023 Titans Second League
34,576,32995,Johanco Faihst,3255252,TUKS 5,,TUKS 5,3304,5,3,16.4,56,5,14/ 2,2,67,3.36,11.20,20.0,0,0,0,0,0,2023 Titans Second League
,576,32995,TUKS 5,,,,,,,,,,,,,,,,,,,,,,2023 Titans Second League
35,576,32995,Matthew Collins,3729933,IRENE VILLAGERS 3,,IRENE VILLAGERS 3,3299,8,7,57.0,220,5,33/ 3,4,249,3.86,44.00,68.4,0,0,0,10,0,2023 Titans Second League
,576,32995,IRENE VILLAGERS 3,,,,,,,,,,,,,,,,,,,,,,2023 Titans Second League
36,576,32995,Dylan Kotze,2987579,CBCOB 3,,CBCOB 3,3298,5,3,24.0,104,5,21/ 2,0,85,4.33,20.80,28.8,0,0,0,1,0,2023 Titans Second League
,576,32995,CBCOB 3,,,,,,,,,,,,,,,,,,,,,,2023 Titans Second League
37,576,32995,Hendre Du toit,2987477,SINOVILLE 3,,SINOVILLE 3,3302,2,2,17.0,80,5,34/ 3,0,66,4.71,16.00,20.4,0,0,0,2,0,2023 Titans Second League
,576,32995,SINOVILLE 3,,,,,,,,,,,,,,,,,,,,,,2023 Titans Second League
38,576,32995,Pieter Pretorius,4116054,HARLEQUINS 3,,HARLEQUINS 3,3306,3,3,24.0,119,5,40/ 3,3,89,4.96,23.80,28.8,0,0,0,18,0,2023 Titans Second League
,576,32995,HARLEQUINS 3,,,,,,,,,,,,,,,,,,,,,,2023 Titans Second League
39,576,32995,Ruben van Vuuren,3713452,IRENE VILLAGERS 3,,IRENE VILLAGERS 3,3299,3,3,16.0,84,5,39/ 3,1,69,5.25,16.80,19.2,0,0,0,17,0,2023 Titans Second League
,576,32995,IRENE VILLAGERS 3,,,,,,,,,,,,,,,,,,,,,,2023 Titans Second League
40,576,32995,Justin Van Bassen,2936896,PHSOB 3,,PHSOB 3,3300,9,3,12.0,64,5,38/ 5,1,44,5.33,12.80,14.4,0,0,1,0,1,2023 Titans Second League
,576,32995,PHSOB 3,,,,,,,,,,,,,,,,,,,,,,2023 Titans Second League
41,576,32995,Tyler Lockhart,4185928,PHSOB 3,,PHSOB 3,3300,2,1,9.0,50,5,50/ 5,0,37,5.56,10.00,10.8,0,0,1,3,0,2023 Titans Second League
,576,32995,PHSOB 3,,,,,,,,,,,,,,,,,,,,,,2023 Titans Second League
42,576,32995,Devon Almeida,3242449,CBCOB 3,,CBCOB 3,3298,2,2,10.0,58,5,44/ 3,0,36,5.80,11.60,12.0,0,0,0,13,3,2023 Titans Second League
,576,32995,CBCOB 3,,,,,,,,,,,,,,,,,,,,,,2023 Titans Second League
43,576,32995,Heinrich Hamman,2987472,SINOVILLE 4,,SINOVILLE 4,3303,2,2,12.1,72,5,30/ 3,1,36,5.92,14.40,14.6,0,0,0,1,0,2023 Titans Second League
,576,32995,SINOVILLE 4,,,,,,,,,,,,,,,,,,,,,,2023 Titans Second League
44,576,32995,Mohapi Molete,2985827,IRENE VILLAGERS 4,,IRENE VILLAGERS 4,3307,5,4,24.0,153,5,37/ 2,0,76,6.38,30.60,28.8,0,0,0,6,0,2023 Titans Second League
,576,32995,IRENE VILLAGERS 4,,,,,,,,,,,,,,,,,,,,,,2023 Titans Second League
45,576,32995,Ivan Havenga,3729571,CBCOB 3,,CBCOB 3,3298,5,5,21.3,147,5,30/ 2,2,85,6.84,29.40,25.8,0,0,0,15,2,2023 Titans Second League
,576,32995,CBCOB 3,,,,,,,,,,,,,,,,,,,,,,2023 Titans Second League
46,576,32995,Amohelang Sebati,3795244,IRENE VILLAGERS 4,,IRENE VILLAGERS 4,3307,7,7,23.0,171,5,5/ 1,0,73,7.43,34.20,27.6,0,0,0,17,4,2023 Titans Second League
,576,32995,IRENE VILLAGERS 4,,,,,,,,,,,,,,,,,,,,,,2023 Titans Second League
47,576,32995,Elro Van der Heever,3745425,IRENE VILLAGERS 4,,IRENE VILLAGERS 4,3307,7,7,24.1,189,5,3/ 2,1,72,7.82,37.80,29.0,0,0,0,12,1,2023 Titans Second League
,576,32995,IRENE VILLAGERS 4,,,,,,,,,,,,,,,,,,,,,,2023 Titans Second League
48,576,32995,Francois Viljoen,3912802,CBCOB 3,,CBCOB 3,3298,4,3,26.0,103,4,20/ 4,0,101,3.96,25.75,39.0,0,1,0,13,0,2023 Titans Second League
,576,32995,CBCOB 3,,,,,,,,,,,,,,,,,,,,,,2023 Titans Second League
49,576,32995,Mark Bekker,3146406,TUT 3,,TUT 3,3305,7,7,43.2,173,4,14/ 1,2,186,3.99,43.25,65.0,0,0,0,21,0,2023 Titans Second League
,576,32995,TUT 3,,,,,,,,,,,,,,,,,,,,,,2023 Titans Second League
50,576,32995,Lafras Jenkins,4143518,PHSOB 3,,PHSOB 3,3300,3,2,17.0,76,4,42/ 3,3,72,4.47,19.00,25.5,0,0,0,8,0,2023 Titans Second League
,576,32995,PHSOB 3,,,,,,,,,,,,,,,,,,,,,,2023 Titans Second League
51,576,32995,Aidan Van der Westhuizen,3795247,SINOVILLE 4,,SINOVILLE 4,3303,1,1,3.1,15,4,15/ 4,0,12,4.74,3.75,4.8,0,1,0,4,0,2023 Titans Second League
,576,32995,SINOVILLE 4,,,,,,,,,,,,,,,,,,,,,,2023 Titans Second League
52,576,32995,Botha Geldenhuis,3795241,IRENE VILLAGERS 4,,IRENE VILLAGERS 4,3307,2,2,14.0,71,4,46/ 3,0,56,5.07,17.75,21.0,0,0,0,4,2,2023 Titans Second League
,576,32995,IRENE VILLAGERS 4,,,,,,,,,,,,,,,,,,,,,,2023 Titans Second League
53,576,32995,Jared Fourie,3783167,IRENE VILLAGERS 4,,IRENE VILLAGERS 4,3307,4,4,26.3,135,4,4/ 2,2,89,5.09,33.75,39.8,0,0,0,10,0,2023 Titans Second League
,576,32995,IRENE VILLAGERS 4,,,,,,,,,,,,,,,,,,,,,,2023 Titans Second League
54,576,32995,Caleb Eckard,3018344,CBCOB 3,,CBCOB 3,3298,1,1,9.0,48,4,48/ 4,0,34,5.33,12.00,13.5,0,1,0,3,0,2023 Titans Second League
,576,32995,CBCOB 3,,,,,,,,,,,,,,,,,,,,,,2023 Titans Second League
55,576,32995,Andre Van wyk,3266939,TUKS 5,,TUKS 5,3304,13,8,23.0,125,4,11/ 2,1,80,5.43,31.25,34.5,0,0,0,19,0,2023 Titans Second League
,576,32995,TUKS 5,,,,,,,,,,,,,,,,,,,,,,2023 Titans Second League
56,576,32995,Tiaan Lotter,2934784,SINOVILLE 3,,SINOVILLE 3,3302,5,5,30.0,164,4,25/ 3,2,95,5.47,41.00,45.0,0,0,0,2,1,2023 Titans Second League
,576,32995,SINOVILLE 3,,,,,,,,,,,,,,,,,,,,,,2023 Titans Second League
57,576,32995,Nico de Bruyn,3180581,TUKS 5,,TUKS 5,3304,12,10,42.0,239,4,17/ 1,1,128,5.69,59.75,63.0,0,0,0,9,0,2023 Titans Second League
,576,32995,TUKS 5,,,,,,,,,,,,,,,,,,,,,,2023 Titans Second League
58,576,32995,Riaan Scheepers,3713347,TUT 3,,TUT 3,3305,5,4,14.0,81,4,7/ 1,1,52,5.79,20.25,21.0,0,0,0,19,0,2023 Titans Second League
,576,32995,TUT 3,,,,,,,,,,,,,,,,,,,,,,2023 Titans Second League
59,576,32995,Ian Dorfling,3795252,SINOVILLE 4,,SINOVILLE 4,3303,5,4,13.0,77,4,34/ 3,0,27,5.92,19.25,19.5,0,0,0,3,0,2023 Titans Second League
,576,32995,SINOVILLE 4,,,,,,,,,,,,,,,,,,,,,,2023 Titans Second League
60,576,32995,Keaton Steenkamp,2944947,SINOVILLE 3,,SINOVILLE 3,3302,5,5,23.0,137,4,25/ 2,1,62,5.96,34.25,34.5,0,0,0,10,0,2023 Titans Second League
,576,32995,SINOVILLE 3,,,,,,,,,,,,,,,,,,,,,,2023 Titans Second League
61,576,32995,Riccardo Oosthuizen,2936842,TUKS 5,,TUKS 5,3304,7,6,29.0,185,4,44/ 2,1,90,6.38,46.25,43.5,0,0,0,12,0,2023 Titans Second League
,576,32995,TUKS 5,,,,,,,,,,,,,,,,,,,,,,2023 Titans Second League
62,576,32995,Tyler Miller,3729934,IRENE VILLAGERS 3,,IRENE VILLAGERS 3,3299,7,5,25.3,170,4,52/ 2,0,81,6.67,42.50,38.2,0,0,0,19,3,2023 Titans Second League
,576,32995,IRENE VILLAGERS 3,,,,,,,,,,,,,,,,,,,,,,2023 Titans Second League
63,576,32995,Dillan Chatham,3928461,CBCOB 3,,CBCOB 3,3298,2,2,11.0,74,4,40/ 3,0,21,6.73,18.50,16.5,0,0,0,2,0,2023 Titans Second League
,576,32995,CBCOB 3,,,,,,,,,,,,,,,,,,,,,,2023 Titans Second League
64,576,32995,Adriaan Venter,3673677,CBCOB 3,,CBCOB 3,3298,2,1,7.3,52,4,52/ 4,0,26,6.93,13.00,11.2,0,1,0,8,0,2023 Titans Second League
,576,32995,CBCOB 3,,,,,,,,,,,,,,,,,,,,,,2023 Titans Second League
65,576,32995,Tiaan Borman,3772082,SINOVILLE 3,,SINOVILLE 3,3302,2,2,7.0,51,4,25/ 3,0,11,7.29,12.75,10.5,0,0,0,7,0,2023 Titans Second League
,576,32995,SINOVILLE 3,,,,,,,,,,,,,,,,,,,,,,2023 Titans Second League
66,576,32995,Hendré van Niekerk,3713455,IRENE VILLAGERS 3,,IRENE VILLAGERS 3,3299,6,3,8.3,76,4,37/ 2,0,24,8.94,19.00,12.8,0,0,0,20,1,2023 Titans Second League
,576,32995,IRENE VILLAGERS 3,,,,,,,,,,,,,,,,,,,,,,2023 Titans Second League
67,576,32995,Josh Botes,3795663,IRENE VILLAGERS 3,,IRENE VILLAGERS 3,3299,1,1,3.0,7,3,7/ 3,1,12,2.33,2.33,6.0,0,0,0,0,0,2023 Titans Second League
,576,32995,IRENE VILLAGERS 3,,,,,,,,,,,,,,,,,,,,,,2023 Titans Second League
68,576,32995,Ruan Breytenbach,2936745,SINOVILLE 3,,SINOVILLE 3,3302,1,1,5.0,14,3,14/ 3,1,0,2.80,4.67,10.0,0,0,0,0,0,2023 Titans Second League
,576,32995,SINOVILLE 3,,,,,,,,,,,,,,,,,,,,,,2023 Titans Second League
69,576,32995,Gerhard Scheepers,3927337,IRENE VILLAGERS 4,,IRENE VILLAGERS 4,3307,1,1,3.0,9,3,9/ 3,0,12,3.00,3.00,6.0,0,0,0,1,0,2023 Titans Second League
,576,32995,IRENE VILLAGERS 4,,,,,,,,,,,,,,,,,,,,,,2023 Titans Second League
70,576,32995,Richard Williams,3729932,IRENE VILLAGERS 3,,IRENE VILLAGERS 3,3299,1,1,9.0,32,3,32/ 3,3,42,3.56,10.67,18.0,0,0,0,6,0,2023 Titans Second League
,576,32995,IRENE VILLAGERS 3,,,,,,,,,,,,,,,,,,,,,,2023 Titans Second League
71,576,32995,Gunter Geyser,3771717,IRENE VILLAGERS 4,,IRENE VILLAGERS 4,3307,2,2,9.2,34,3,7/ 2,2,39,3.64,11.33,18.7,0,0,0,1,0,2023 Titans Second League
,576,32995,IRENE VILLAGERS 4,,,,,,,,,,,,,,,,,,,,,,2023 Titans Second League
72,576,32995,Etienne Tait,3745434,HARLEQUINS 3,,HARLEQUINS 3,3306,1,1,8.0,30,3,30/ 3,1,32,3.75,10.00,16.0,0,0,0,1,0,2023 Titans Second League
,576,32995,HARLEQUINS 3,,,,,,,,,,,,,,,,,,,,,,2023 Titans Second League
73,576,32995,Juan Van Der Westhuizen,3771719,IRENE VILLAGERS 3,,IRENE VILLAGERS 3,3299,1,1,8.0,31,3,31/ 3,0,37,3.88,10.33,16.0,0,0,0,9,0,2023 Titans Second League
,576,32995,IRENE VILLAGERS 3,,,,,,,,,,,,,,,,,,,,,,2023 Titans Second League
74,576,32995,Neyko Stiglingh,4116051,HARLEQUINS 3,,HARLEQUINS 3,3306,1,1,8.0,31,3,31/ 3,0,33,3.88,10.33,16.0,0,0,0,5,0,2023 Titans Second League
,576,32995,HARLEQUINS 3,,,,,,,,,,,,,,,,,,,,,,2023 Titans Second League
75,576,32995,Oliver Beauclerk,2934812,HARLEQUINS 3,,HARLEQUINS 3,3306,1,1,7.0,28,3,28/ 3,0,32,4.00,9.33,14.0,0,0,0,5,0,2023 Titans Second League
,576,32995,HARLEQUINS 3,,,,,,,,,,,,,,,,,,,,,,2023 Titans Second League
76,576,32995,Paul Gouws,3056110,CBCOB 3,,CBCOB 3,3298,3,2,12.0,53,3,38/ 2,0,52,4.42,17.67,24.0,0,0,0,13,0,2023 Titans Second League
,576,32995,CBCOB 3,,,,,,,,,,,,,,,,,,,,,,2023 Titans Second League
77,576,32995,Wessel Marais,3713343,TUT 3,,TUT 3,3305,2,2,9.0,40,3,30/ 2,2,44,4.44,13.33,18.0,0,0,0,7,0,2023 Titans Second League
,576,32995,TUT 3,,,,,,,,,,,,,,,,,,,,,,2023 Titans Second League
78,576,32995,Seun Bornman,3759631,SINOVILLE 3,,SINOVILLE 3,3302,1,1,9.0,40,3,40/ 3,0,31,4.44,13.33,18.0,0,0,0,0,0,2023 Titans Second League
,576,32995,SINOVILLE 3,,,,,,,,,,,,,,,,,,,,,,2023 Titans Second League
79,576,32995,James Twycross,2936917,PHSOB 3,,PHSOB 3,3300,2,2,12.0,56,3,47/ 2,0,37,4.67,18.67,24.0,0,0,0,0,0,2023 Titans Second League
,576,32995,PHSOB 3,,,,,,,,,,,,,,,,,,,,,,2023 Titans Second League
80,576,32995,Dirkie Kruger,3713346,TUT 3,,TUT 3,3305,2,1,4.0,19,3,19/ 3,0,15,4.75,6.33,8.0,0,0,0,4,0,2023 Titans Second League
,576,32995,TUT 3,,,,,,,,,,,,,,,,,,,,,,2023 Titans Second League
81,576,32995,Renier Bornman,3759634,SINOVILLE 3,,SINOVILLE 3,3302,1,1,9.0,43,3,43/ 3,0,31,4.78,14.33,18.0,0,0,0,3,0,2023 Titans Second League
,576,32995,SINOVILLE 3,,,,,,,,,,,,,,,,,,,,,,2023 Titans Second League
82,576,32995,Johan Broekman,3069548,CBCOB 3,,CBCOB 3,3298,3,3,12.0,60,3,19/ 2,2,50,5.00,20.00,24.0,0,0,0,13,0,2023 Titans Second League
,576,32995,CBCOB 3,,,,,,,,,,,,,,,,,,,,,,2023 Titans Second League
83,576,32995,Erik Van Deventer,3033825,TUT 3,,TUT 3,3305,2,2,14.1,71,3,36/ 3,0,39,5.01,23.67,28.3,0,0,0,1,0,2023 Titans Second League
,576,32995,TUT 3,,,,,,,,,,,,,,,,,,,,,,2023 Titans Second League
84,576,32995,Tristan De Klerk,3912805,IRENE VILLAGERS 3,,IRENE VILLAGERS 3,3299,5,4,22.0,115,3,24/ 1,2,83,5.23,38.33,44.0,0,0,0,6,3,2023 Titans Second League
,576,32995,IRENE VILLAGERS 3,,,,,,,,,,,,,,,,,,,,,,2023 Titans Second League
85,576,32995,Quintin Pretorius,3745417,SINOVILLE 3,,SINOVILLE 3,3302,2,2,16.0,85,3,31/ 2,0,55,5.31,28.33,32.0,0,0,0,0,0,2023 Titans Second League
,576,32995,SINOVILLE 3,,,,,,,,,,,,,,,,,,,,,,2023 Titans Second League
86,576,32995,JP Roets,3195753,SINOVILLE 4,,SINOVILLE 4,3303,4,4,29.3,157,3,48/ 2,1,77,5.32,52.33,59.0,0,0,0,3,0,2023 Titans Second League
,576,32995,SINOVILLE 4,,,,,,,,,,,,,,,,,,,,,,2023 Titans Second League
87,576,32995,Stanley Fabri,3056139,SINOVILLE 3,,SINOVILLE 3,3302,1,1,7.4,41,3,41/ 3,2,31,5.35,13.67,15.3,0,0,0,0,0,2023 Titans Second League
,576,32995,SINOVILLE 3,,,,,,,,,,,,,,,,,,,,,,2023 Titans Second League
88,576,32995,Cj Jordaan,4116167,PHSOB 3,,PHSOB 3,3300,2,2,6.0,35,3,21/ 3,0,25,5.83,11.67,12.0,0,0,0,3,0,2023 Titans Second League
,576,32995,PHSOB 3,,,,,,,,,,,,,,,,,,,,,,2023 Titans Second League
89,576,32995,Martin Childs-Hurn,2936849,TUKS 5,,TUKS 5,3304,6,5,14.0,87,3,17/ 2,1,45,6.21,29.00,28.0,0,0,0,18,0,2023 Titans Second League
,576,32995,TUKS 5,,,,,,,,,,,,,,,,,,,,,,2023 Titans Second League
90,576,32995,Brad Goss,4081458,PHSOB 3,,PHSOB 3,3300,5,5,22.0,142,3,23/ 1,1,87,6.45,47.33,44.0,0,0,0,11,0,2023 Titans Second League
,576,32995,PHSOB 3,,,,,,,,,,,,,,,,,,,,,,2023 Titans Second League
91,576,32995,Travis Joshua,3678955,HARLEQUINS 3,,HARLEQUINS 3,3306,4,4,9.2,61,3,7/ 2,0,32,6.54,20.33,18.7,0,0,0,7,0,2023 Titans Second League
,576,32995,HARLEQUINS 3,,,,,,,,,,,,,,,,,,,,,,2023 Titans Second League
92,576,32995,Erick Knoesen,3912420,IRENE VILLAGERS 4,,IRENE VILLAGERS 4,3307,4,4,17.0,124,3,38/ 2,0,49,7.29,41.33,34.0,0,0,0,11,0,2023 Titans Second League
,576,32995,IRENE VILLAGERS 4,,,,,,,,,,,,,,,,,,,,,,2023 Titans Second League
93,576,32995,Charl Foxcroft,2097177,TUT 3,,TUT 3,3305,6,3,11.0,83,3,33/ 3,0,33,7.55,27.67,22.0,0,0,0,10,2,2023 Titans Second League
,576,32995,TUT 3,,,,,,,,,,,,,,,,,,,,,,2023 Titans Second League
94,576,32995,Jaco Joubert,4100290,IRENE VILLAGERS 4,,IRENE VILLAGERS 4,3307,2,2,7.0,53,3,31/ 3,0,26,7.57,17.67,14.0,0,0,0,13,0,2023 Titans Second League
,576,32995,IRENE VILLAGERS 4,,,,,,,,,,,,,,,,,,,,,,2023 Titans Second League
95,576,32995,Bennie Viljoen,3745424,IRENE VILLAGERS 4,,IRENE VILLAGERS 4,3307,3,3,12.4,105,3,26/ 1,0,45,8.29,35.00,25.3,0,0,0,24,1,2023 Titans Second League
,576,32995,IRENE VILLAGERS 4,,,,,,,,,,,,,,,,,,,,,,2023 Titans Second League
96,576,32995,Pieter Roos,2939189,HARLEQUINS 3,,HARLEQUINS 3,3306,5,4,9.5,112,3,7/ 2,0,23,11.39,37.33,19.7,0,0,0,2,1,2023 Titans Second League
,576,32995,HARLEQUINS 3,,,,,,,,,,,,,,,,,,,,,,2023 Titans Second League
97,576,32995,Michael Stoop,2936908,PHSOB 3,,PHSOB 3,3300,2,1,1.2,2,2,2/ 2,0,6,1.50,1.00,4.0,0,0,0,0,0,2023 Titans Second League
,576,32995,PHSOB 3,,,,,,,,,,,,,,,,,,,,,,2023 Titans Second League
98,576,32995,Wessel Herbst,3783166,CBCOB 3,,CBCOB 3,3298,1,1,9.0,20,2,20/ 2,3,45,2.22,10.00,27.0,0,0,0,4,1,2023 Titans Second League
,576,32995,CBCOB 3,,,,,,,,,,,,,,,,,,,,,,2023 Titans Second League
99,576,32995,Wian van Deventer,3257325,SINOVILLE 3,,SINOVILLE 3,3302,1,1,6.0,14,2,14/ 2,1,30,2.33,7.00,18.0,0,0,0,1,1,2023 Titans Second League
,576,32995,SINOVILLE 3,,,,,,,,,,,,,,,,,,,,,,2023 Titans Second League
100,576,32995,Jared Fourie,3795661,IRENE VILLAGERS 3,,IRENE VILLAGERS 3,3299,1,1,1.4,5,2,5/ 2,0,9,3.00,2.50,5.0,0,0,0,1,0,2023 Titans Second League
,576,32995,IRENE VILLAGERS 3,,,,,,,,,,,,,,,,,,,,,,2023 Titans Second League
101,576,32995,Louan Nel,3163477,HARLEQUINS 3,,HARLEQUINS 3,3306,2,1,9.0,34,2,34/ 2,1,34,3.78,17.00,27.0,0,0,0,1,0,2023 Titans Second League
,576,32995,HARLEQUINS 3,,,,,,,,,,,,,,,,,,,,,,2023 Titans Second League
102,576,32995,Hein Loggenberg,2929078,SINOVILLE 4,,SINOVILLE 4,3303,1,1,7.0,28,2,28/ 2,1,27,4.00,14.00,21.0,0,0,0,0,0,2023 Titans Second League
,576,32995,SINOVILLE 4,,,,,,,,,,,,,,,,,,,,,,2023 Titans Second League
103,576,32995,Piet Botha,4198490,SINOVILLE 4,,SINOVILLE 4,3303,1,1,9.0,37,2,37/ 2,0,35,4.11,18.50,27.0,0,0,0,0,0,2023 Titans Second League
,576,32995,SINOVILLE 4,,,,,,,,,,,,,,,,,,,,,,2023 Titans Second League
104,576,32995,Louis van Zyl,3003071,CBCOB 3,,CBCOB 3,3298,3,2,12.3,53,2,8/ 1,1,49,4.24,26.50,37.5,0,0,0,2,0,2023 Titans Second League
,576,32995,CBCOB 3,,,,,,,,,,,,,,,,,,,,,,2023 Titans Second League
105,576,32995,Ruben Potgieter,3729568,CBCOB 3,,CBCOB 3,3298,2,2,4.0,17,2,12/ 2,0,15,4.25,8.50,12.0,0,0,0,4,0,2023 Titans Second League
,576,32995,CBCOB 3,,,,,,,,,,,,,,,,,,,,,,2023 Titans Second League
106,576,32995,Lehlohonolo Moshoati,3266899,TUKS 5,,TUKS 5,3304,2,2,5.5,25,2,13/ 2,0,25,4.29,12.50,17.5,0,0,0,3,0,2023 Titans Second League
,576,32995,TUKS 5,,,,,,,,,,,,,,,,,,,,,,2023 Titans Second League
107,576,32995,Ruben Munnik,3795660,SINOVILLE 3,,SINOVILLE 3,3302,1,1,5.0,22,2,22/ 2,0,17,4.40,11.00,15.0,0,0,0,2,1,2023 Titans Second League
,576,32995,SINOVILLE 3,,,,,,,,,,,,,,,,,,,,,,2023 Titans Second League
108,576,32995,Keaton Steenkamp,2944947,SINOVILLE 4,,SINOVILLE 4,3303,1,1,4.0,18,2,18/ 2,0,19,4.50,9.00,12.0,0,0,0,4,1,2023 Titans Second League
,576,32995,SINOVILLE 4,,,,,,,,,,,,,,,,,,,,,,2023 Titans Second League
109,576,32995,Riaan Labuschagne,3759632,SINOVILLE 3,,SINOVILLE 3,3302,1,1,2.0,9,2,9/ 2,0,8,4.50,4.50,6.0,0,0,0,1,0,2023 Titans Second League
,576,32995,SINOVILLE 3,,,,,,,,,,,,,,,,,,,,,,2023 Titans Second League
110,576,32995,Sibusiso Mxube,4024776,IRENE VILLAGERS 3,,IRENE VILLAGERS 3,3299,1,1,7.0,32,2,32/ 2,0,24,4.57,16.00,21.0,0,0,0,4,1,2023 Titans Second League
,576,32995,IRENE VILLAGERS 3,,,,,,,,,,,,,,,,,,,,,,2023 Titans Second League
111,576,32995,Stefan Strydom,2985833,IRENE VILLAGERS 4,,IRENE VILLAGERS 4,3307,6,1,4.0,19,2,19/ 2,1,14,4.75,9.50,12.0,0,0,0,2,0,2023 Titans Second League
,576,32995,IRENE VILLAGERS 4,,,,,,,,,,,,,,,,,,,,,,2023 Titans Second League
112,576,32995,Niel Alberts,3745436,HARLEQUINS 3,,HARLEQUINS 3,3306,1,1,4.0,19,2,19/ 2,1,15,4.75,9.50,12.0,0,0,0,1,0,2023 Titans Second League
,576,32995,HARLEQUINS 3,,,,,,,,,,,,,,,,,,,,,,2023 Titans Second League
113,576,32995,Andre Duvenhage,4116055,HARLEQUINS 3,,HARLEQUINS 3,3306,1,1,6.0,30,2,30/ 2,1,23,5.00,15.00,18.0,0,0,0,1,0,2023 Titans Second League
,576,32995,HARLEQUINS 3,,,,,,,,,,,,,,,,,,,,,,2023 Titans Second League
114,576,32995,Jason Weiss,4198489,SINOVILLE 4,,SINOVILLE 4,3303,1,1,9.0,47,2,47/ 2,0,28,5.22,23.50,27.0,0,0,0,1,0,2023 Titans Second League
,576,32995,SINOVILLE 4,,,,,,,,,,,,,,,,,,,,,,2023 Titans Second League
115,576,32995,Ruan Ebersohn,4024777,IRENE VILLAGERS 3,,IRENE VILLAGERS 3,3299,2,2,12.0,63,2,38/ 2,0,45,5.25,31.50,36.0,0,0,0,7,0,2023 Titans Second League
,576,32995,IRENE VILLAGERS 3,,,,,,,,,,,,,,,,,,,,,,2023 Titans Second League
116,576,32995,Andre Schoombee,3772961,SINOVILLE 3,,SINOVILLE 3,3302,2,2,9.0,48,2,37/ 2,0,35,5.33,24.00,27.0,0,0,0,3,0,2023 Titans Second League
,576,32995,SINOVILLE 3,,,,,,,,,,,,,,,,,,,,,,2023 Titans Second League
117,576,32995,Divan Behrens,3257324,SINOVILLE 3,,SINOVILLE 3,3302,1,1,8.0,44,2,44/ 2,0,35,5.50,22.00,24.0,0,0,0,11,1,2023 Titans Second League
,576,32995,SINOVILLE 3,,,,,,,,,,,,,,,,,,,,,,2023 Titans Second League
118,576,32995,Niel Britz,3745418,SINOVILLE 3,,SINOVILLE 3,3302,1,1,8.0,44,2,44/ 2,0,30,5.50,22.00,24.0,0,0,0,10,0,2023 Titans Second League
,576,32995,SINOVILLE 3,,,,,,,,,,,,,,,,,,,,,,2023 Titans Second League
119,576,32995,Logan Claasen,3795243,IRENE VILLAGERS 4,,IRENE VILLAGERS 4,3307,1,1,5.3,31,2,31/ 2,0,15,5.64,15.50,16.5,0,0,0,0,1,2023 Titans Second League
,576,32995,IRENE VILLAGERS 4,,,,,,,,,,,,,,,,,,,,,,2023 Titans Second League
120,576,32995,Jaden Beukes,3783165,CBCOB 3,,CBCOB 3,3298,3,3,11.4,69,2,5/ 1,0,31,5.91,34.50,35.0,0,0,0,6,0,2023 Titans Second League
,576,32995,CBCOB 3,,,,,,,,,,,,,,,,,,,,,,2023 Titans Second League
121,576,32995,Reinhardt Hamman,3745388,SINOVILLE 4,,SINOVILLE 4,3303,3,3,14.0,87,2,42/ 2,0,47,6.21,43.50,42.0,0,0,0,1,5,2023 Titans Second League
,576,32995,SINOVILLE 4,,,,,,,,,,,,,,,,,,,,,,2023 Titans Second League
122,576,32995,Stefan Olivier,3729935,TUT 3,,TUT 3,3305,2,1,6.0,41,2,41/ 2,0,21,6.83,20.50,18.0,0,0,0,6,0,2023 Titans Second League
,576,32995,TUT 3,,,,,,,,,,,,,,,,,,,,,,2023 Titans Second League
123,576,32995,Hendrik Hitge,4198492,SINOVILLE 4,,SINOVILLE 4,3303,1,1,6.0,42,2,42/ 2,0,21,7.00,21.00,18.0,0,0,0,3,0,2023 Titans Second League
,576,32995,SINOVILLE 4,,,,,,,,,,,,,,,,,,,,,,2023 Titans Second League
124,576,32995,Berno Klopper,3180553,SINOVILLE 3,,SINOVILLE 3,3302,7,4,11.3,84,2,13/ 1,0,28,7.30,42.00,34.5,0,0,0,11,0,2023 Titans Second League
,576,32995,SINOVILLE 3,,,,,,,,,,,,,,,,,,,,,,2023 Titans Second League
125,576,32995,Bernard Wentzel,3928433,CBCOB 3,,CBCOB 3,3298,5,5,25.3,205,2,31/ 1,3,70,8.04,102.50,76.5,0,0,0,14,0,2023 Titans Second League
,576,32995,CBCOB 3,,,,,,,,,,,,,,,,,,,,,,2023 Titans Second League
126,576,32995,Gerrie Marais,3783169,HARLEQUINS 3,,HARLEQUINS 3,3306,3,3,8.0,67,2,13/ 1,0,24,8.38,33.50,24.0,0,0,0,5,1,2023 Titans Second League
,576,32995,HARLEQUINS 3,,,,,,,,,,,,,,,,,,,,,,2023 Titans Second League
127,576,32995,Pieter Janse van Rensburg,2934773,SINOVILLE 3,,SINOVILLE 3,3302,1,1,0.4,1,1,1/ 1,0,0,1.50,1.00,4.0,0,0,0,0,0,2023 Titans Second League
,576,32995,SINOVILLE 3,,,,,,,,,,,,,,,,,,,,,,2023 Titans Second League
128,576,32995,Marco Rudolph,3795245,SINOVILLE 4,,SINOVILLE 4,3303,2,1,1.0,2,1,2/ 1,0,6,2.00,2.00,6.0,0,0,0,2,0,2023 Titans Second League
,576,32995,SINOVILLE 4,,,,,,,,,,,,,,,,,,,,,,2023 Titans Second League
129,576,32995,Maritz Bezuidenhout,3180554,SINOVILLE 4,,SINOVILLE 4,3303,1,1,2.0,5,1,5/ 1,0,9,2.50,5.00,12.0,0,0,0,1,0,2023 Titans Second League
,576,32995,SINOVILLE 4,,,,,,,,,,,,,,,,,,,,,,2023 Titans Second League
130,576,32995,Jeandre Roux,3018228,TUT 3,,TUT 3,3305,5,1,1.1,3,1,3/ 1,0,5,2.57,3.00,7.0,0,0,0,0,0,2023 Titans Second League
,576,32995,TUT 3,,,,,,,,,,,,,,,,,,,,,,2023 Titans Second League
131,576,32995,Leon Bender,3730114,CBCOB 3,,CBCOB 3,3298,4,1,8.0,21,1,21/ 1,1,38,2.62,21.00,48.0,0,0,0,0,0,2023 Titans Second League
,576,32995,CBCOB 3,,,,,,,,,,,,,,,,,,,,,,2023 Titans Second League
132,576,32995,Christo Bornman,4165764,SINOVILLE 4,,SINOVILLE 4,3303,1,1,3.0,10,1,10/ 1,0,14,3.33,10.00,18.0,0,0,0,0,0,2023 Titans Second League
,576,32995,SINOVILLE 4,,,,,,,,,,,,,,,,,,,,,,2023 Titans Second League
133,576,32995,Henco Irene,4063609,IRENE VILLAGERS 4,,IRENE VILLAGERS 4,3307,1,1,6.0,21,1,21/ 1,1,27,3.50,21.00,36.0,0,0,0,1,0,2023 Titans Second League
,576,32995,IRENE VILLAGERS 4,,,,,,,,,,,,,,,,,,,,,,2023 Titans Second League
134,576,32995,Donavan Kretschmer,3018251,IRENE VILLAGERS 4,,IRENE VILLAGERS 4,3307,3,3,12.0,43,1,12/ 1,1,51,3.58,43.00,72.0,0,0,0,5,0,2023 Titans Second League
,576,32995,IRENE VILLAGERS 4,,,,,,,,,,,,,,,,,,,,,,2023 Titans Second League
135,576,32995,Walli Vayani,4081461,PHSOB 3,,PHSOB 3,3300,2,1,0.5,3,1,3/ 1,0,4,3.60,3.00,5.0,0,0,0,2,0,2023 Titans Second League
,576,32995,PHSOB 3,,,,,,,,,,,,,,,,,,,,,,2023 Titans Second League
136,576,32995,Dian Botha,2934759,SINOVILLE 3,,SINOVILLE 3,3302,1,1,9.0,33,1,33/ 1,0,37,3.67,33.00,54.0,0,0,0,0,0,2023 Titans Second League
,576,32995,SINOVILLE 3,,,,,,,,,,,,,,,,,,,,,,2023 Titans Second League
137,576,32995,Mikky Hudson,3745386,TUKS 5,,TUKS 5,3304,6,1,3.0,11,1,11/ 1,0,15,3.67,11.00,18.0,0,0,0,1,0,2023 Titans Second League
,576,32995,TUKS 5,,,,,,,,,,,,,,,,,,,,,,2023 Titans Second League
138,576,32995,Burgert Kloppers,3783168,HARLEQUINS 3,,HARLEQUINS 3,3306,1,1,9.0,33,1,33/ 1,1,39,3.67,33.00,54.0,0,0,0,5,0,2023 Titans Second League
,576,32995,HARLEQUINS 3,,,,,,,,,,,,,,,,,,,,,,2023 Titans Second League
139,576,32995,Christo Borman,3928458,SINOVILLE 3,,SINOVILLE 3,3302,1,1,2.0,8,1,8/ 1,0,0,4.00,8.00,12.0,0,0,0,0,0,2023 Titans Second League
,576,32995,SINOVILLE 3,,,,,,,,,,,,,,,,,,,,,,2023 Titans Second League
140,576,32995,Lee-John Maans,3759628,TUKS 5,,TUKS 5,3304,1,1,3.0,13,1,13/ 1,0,10,4.33,13.00,18.0,0,0,0,2,0,2023 Titans Second League
,576,32995,TUKS 5,,,,,,,,,,,,,,,,,,,,,,2023 Titans Second League
141,576,32995,Gerrie Viljoen,4081456,IRENE VILLAGERS 4,,IRENE VILLAGERS 4,3307,1,1,8.0,35,1,35/ 1,2,36,4.38,35.00,48.0,0,0,0,2,0,2023 Titans Second League
,576,32995,IRENE VILLAGERS 4,,,,,,,,,,,,,,,,,,,,,,2023 Titans Second League
142,576,32995,Adam Richards,4116050,HARLEQUINS 3,,HARLEQUINS 3,3306,1,1,8.0,35,1,35/ 1,0,29,4.38,35.00,48.0,0,0,0,3,0,2023 Titans Second League
,576,32995,HARLEQUINS 3,,,,,,,,,,,,,,,,,,,,,,2023 Titans Second League
143,576,32995,Jeandre Van molledorf,4063992,SINOVILLE 3,,SINOVILLE 3,3302,1,1,7.0,31,1,31/ 1,0,27,4.43,31.00,42.0,0,0,0,4,0,2023 Titans Second League
,576,32995,SINOVILLE 3,,,,,,,,,,,,,,,,,,,,,,2023 Titans Second League
144,576,32995,Dillon Kotze,3729565,CBCOB 3,,CBCOB 3,3298,2,1,2.4,12,1,12/ 1,0,10,4.50,12.00,16.0,0,0,0,0,0,2023 Titans Second League
,576,32995,CBCOB 3,,,,,,,,,,,,,,,,,,,,,,2023 Titans Second League
145,576,32995,Ivan Schoeman,3759630,SINOVILLE 3,,SINOVILLE 3,3302,1,1,2.5,13,1,13/ 1,0,11,4.59,13.00,17.0,0,0,0,0,0,2023 Titans Second League
,576,32995,SINOVILLE 3,,,,,,,,,,,,,,,,,,,,,,2023 Titans Second League
146,576,32995,Juan Van den berg,2987480,SINOVILLE 4,,SINOVILLE 4,3303,1,1,9.0,42,1,42/ 1,1,35,4.67,42.00,54.0,0,0,0,1,0,2023 Titans Second League
,576,32995,SINOVILLE 4,,,,,,,,,,,,,,,,,,,,,,2023 Titans Second League
147,576,32995,Dian Van der Walt,2936868,CBCOB 3,,CBCOB 3,3298,2,2,5.0,24,1,13/ 1,1,23,4.80,24.00,30.0,0,0,0,15,0,2023 Titans Second League
,576,32995,CBCOB 3,,,,,,,,,,,,,,,,,,,,,,2023 Titans Second League
148,576,32995,Wayne Scott,3056109,CBCOB 3,,CBCOB 3,3298,2,1,3.0,15,1,15/ 1,0,12,5.00,15.00,18.0,0,0,0,3,0,2023 Titans Second League
,576,32995,CBCOB 3,,,,,,,,,,,,,,,,,,,,,,2023 Titans Second League
149,576,32995,Keldon van Zyl,3812052,SINOVILLE 3,,SINOVILLE 3,3302,2,2,7.0,35,1,15/ 1,0,18,5.00,35.00,42.0,0,0,0,6,0,2023 Titans Second League
,576,32995,SINOVILLE 3,,,,,,,,,,,,,,,,,,,,,,2023 Titans Second League
150,576,32995,Ryan Seymore,4100168,TUT 3,,TUT 3,3305,1,1,8.0,41,1,41/ 1,1,31,5.12,41.00,48.0,0,0,0,1,0,2023 Titans Second League
,576,32995,TUT 3,,,,,,,,,,,,,,,,,,,,,,2023 Titans Second League
151,576,32995,Sam Wearne,4163812,IRENE VILLAGERS 3,,IRENE VILLAGERS 3,3299,2,2,7.0,37,1,23/ 1,0,28,5.29,37.00,42.0,0,0,0,11,0,2023 Titans Second League
,576,32995,IRENE VILLAGERS 3,,,,,,,,,,,,,,,,,,,,,,2023 Titans Second League
152,576,32995,Joe Vickery,3783170,HARLEQUINS 3,,HARLEQUINS 3,3306,1,1,6.0,35,1,35/ 1,0,18,5.83,35.00,36.0,0,0,0,5,0,2023 Titans Second League
,576,32995,HARLEQUINS 3,,,,,,,,,,,,,,,,,,,,,,2023 Titans Second League
153,576,32995,Ian Dorfling,4063612,SINOVILLE 3,,SINOVILLE 3,3302,3,2,7.0,44,1,24/ 1,0,26,6.29,44.00,42.0,0,0,0,7,0,2023 Titans Second League
,576,32995,SINOVILLE 3,,,,,,,,,,,,,,,,,,,,,,2023 Titans Second League
154,576,32995,JG Adendorff,4198488,SINOVILLE 4,,SINOVILLE 4,3303,1,1,6.0,38,1,38/ 1,0,11,6.33,38.00,36.0,0,0,0,1,0,2023 Titans Second League
,576,32995,SINOVILLE 4,,,,,,,,,,,,,,,,,,,,,,2023 Titans Second League
155,576,32995,Dries Van der Lith,2934771,SINOVILLE 4,,SINOVILLE 4,3303,2,2,13.0,84,1,33/ 1,0,47,6.46,84.00,78.0,0,0,0,14,0,2023 Titans Second League
,576,32995,SINOVILLE 4,,,,,,,,,,,,,,,,,,,,,,2023 Titans Second League
156,576,32995,Charl Prinsloo,3018226,TUT 3,,TUT 3,3305,5,1,4.0,26,1,26/ 1,0,11,6.50,26.00,24.0,0,0,0,0,0,2023 Titans Second League
,576,32995,TUT 3,,,,,,,,,,,,,,,,,,,,,,2023 Titans Second League
157,576,32995,Duane Kruger,3928459,SINOVILLE 3,,SINOVILLE 3,3302,1,1,2.0,13,1,13/ 1,0,0,6.50,13.00,12.0,0,0,0,3,0,2023 Titans Second League
,576,32995,SINOVILLE 3,,,,,,,,,,,,,,,,,,,,,,2023 Titans Second League
158,576,32995,Gary Joshua,4198495,HARLEQUINS 3,,HARLEQUINS 3,3306,1,1,2.0,14,1,14/ 1,0,3,7.00,14.00,12.0,0,0,0,0,0,2023 Titans Second League
,576,32995,HARLEQUINS 3,,,,,,,,,,,,,,,,,,,,,,2023 Titans Second League
159,576,32995,Morgan Potgiter,3198242,SINOVILLE 4,,SINOVILLE 4,3303,1,1,7.0,50,1,50/ 1,1,26,7.14,50.00,42.0,0,0,0,1,0,2023 Titans Second League
,576,32995,SINOVILLE 4,,,,,,,,,,,,,,,,,,,,,,2023 Titans Second League
160,576,32995,Dylan van Wyk,3277436,SINOVILLE 3,,SINOVILLE 3,3302,1,1,6.0,45,1,45/ 1,1,26,7.50,45.00,36.0,0,0,0,3,1,2023 Titans Second League
,576,32995,SINOVILLE 3,,,,,,,,,,,,,,,,,,,,,,2023 Titans Second League
161,576,32995,Riaan Davel,3163488,SINOVILLE 3,,SINOVILLE 3,3302,1,1,8.0,61,1,61/ 1,0,29,7.62,61.00,48.0,0,0,0,4,1,2023 Titans Second League
,576,32995,SINOVILLE 3,,,,,,,,,,,,,,,,,,,,,,2023 Titans Second League
162,576,32995,Jason Skinner,3912803,CBCOB 3,,CBCOB 3,3298,2,2,7.0,59,1,43/ 1,0,19,8.43,59.00,42.0,0,0,0,4,0,2023 Titans Second League
,576,32995,CBCOB 3,,,,,,,,,,,,,,,,,,,,,,2023 Titans Second League
163,576,32995,Gunter Geyer,3146508,IRENE VILLAGERS 4,,IRENE VILLAGERS 4,3307,3,2,9.0,81,1,70/ 1,0,29,9.00,81.00,54.0,0,0,0,7,0,2023 Titans Second League
,576,32995,IRENE VILLAGERS 4,,,,,,,,,,,,,,,,,,,,,,2023 Titans Second League
164,576,32995,Estiaan Blom,4143526,SINOVILLE 3,,SINOVILLE 3,3302,1,1,0.2,3,1,3/ 1,0,1,9.00,3.00,2.0,0,0,0,0,1,2023 Titans Second League
,576,32995,SINOVILLE 3,,,,,,,,,,,,,,,,,,,,,,2023 Titans Second League
165,576,32995,Lessego Teffo,4196334,HARLEQUINS 3,,HARLEQUINS 3,3306,2,2,6.0,68,1,22/ 1,1,14,11.33,68.00,36.0,0,0,0,3,0,2023 Titans Second League
,576,32995,HARLEQUINS 3,,,,,,,,,,,,,,,,,,,,,,2023 Titans Second League
166,576,32995,Theo Van Rooyen,4196333,HARLEQUINS 3,,HARLEQUINS 3,3306,1,1,2.0,4,0,4/ 0,0,8,2.00,0,0.0,0,0,0,0,0,2023 Titans Second League
,576,32995,HARLEQUINS 3,,,,,,,,,,,,,,,,,,,,,,2023 Titans Second League
167,576,32995,Jaco Ferreira,3759639,SINOVILLE 3,,SINOVILLE 3,3302,1,1,5.0,12,0,12/ 0,1,24,2.40,0,0.0,0,0,0,3,0,2023 Titans Second League
,576,32995,SINOVILLE 3,,,,,,,,,,,,,,,,,,,,,,2023 Titans Second League
168,576,32995,Sub Sub,3745392,SINOVILLE 4,,SINOVILLE 4,3303,1,1,2.0,5,0,5/ 0,0,9,2.50,0,0.0,0,0,0,0,1,2023 Titans Second League
,576,32995,SINOVILLE 4,,,,,,,,,,,,,,,,,,,,,,2023 Titans Second League
169,576,32995,Wian van Deventer,3255254,SINOVILLE 4,,SINOVILLE 4,3303,1,1,4.0,11,0,11/ 0,0,0,2.75,0,0.0,0,0,0,1,0,2023 Titans Second League
,576,32995,SINOVILLE 4,,,,,,,,,,,,,,,,,,,,,,2023 Titans Second League
170,576,32995,Pippie Kemm,3033949,PHSOB 3,,PHSOB 3,3300,2,2,9.0,25,0,11/ 0,1,42,2.78,0,0.0,0,0,0,3,0,2023 Titans Second League
,576,32995,PHSOB 3,,,,,,,,,,,,,,,,,,,,,,2023 Titans Second League
171,576,32995,Tyler Miller,4163789,IRENE VILLAGERS 4,,IRENE VILLAGERS 4,3307,1,1,6.0,17,0,17/ 0,1,30,2.83,0,0.0,0,0,0,3,0,2023 Titans Second League
,576,32995,IRENE VILLAGERS 4,,,,,,,,,,,,,,,,,,,,,,2023 Titans Second League
172,576,32995,Josh Joubert,4100288,IRENE VILLAGERS 3,,IRENE VILLAGERS 3,3299,1,1,2.0,6,0,6/ 0,1,9,3.00,0,0.0,0,0,0,2,0,2023 Titans Second League
,576,32995,IRENE VILLAGERS 3,,,,,,,,,,,,,,,,,,,,,,2023 Titans Second League
173,576,32995,Ab Rasool,4116168,IRENE VILLAGERS 3,,IRENE VILLAGERS 3,3299,4,1,3.0,11,0,0/ 0,0,11,3.67,0,0.0,0,0,0,3,0,2023 Titans Second League
,576,32995,IRENE VILLAGERS 3,,,,,,,,,,,,,,,,,,,,,,2023 Titans Second League
174,576,32995,Alec CBC,4046235,CBCOB 3,,CBCOB 3,3298,1,1,3.0,12,0,12/ 0,0,12,4.00,0,0.0,0,0,0,2,0,2023 Titans Second League
,576,32995,CBCOB 3,,,,,,,,,,,,,,,,,,,,,,2023 Titans Second League
175,576,32995,Ruben Rossouw,4046236,CBCOB 3,,CBCOB 3,3298,1,1,3.0,13,0,13/ 0,0,10,4.33,0,0.0,0,0,0,3,0,2023 Titans Second League
,576,32995,CBCOB 3,,,,,,,,,,,,,,,,,,,,,,2023 Titans Second League
176,576,32995,Riaan Coetzer,4198491,SINOVILLE 4,,SINOVILLE 4,3303,1,1,3.0,13,0,13/ 0,2,15,4.33,0,0.0,0,0,0,3,0,2023 Titans Second League
,576,32995,SINOVILLE 4,,,,,,,,,,,,,,,,,,,,,,2023 Titans Second League
177,576,32995,Du Preez Prinsloo,3242451,SINOVILLE 4,,SINOVILLE 4,3303,2,2,12.0,53,0,16/ 0,0,13,4.42,0,0.0,0,0,0,2,1,2023 Titans Second League
,576,32995,SINOVILLE 4,,,,,,,,,,,,,,,,,,,,,,2023 Titans Second League
178,576,32995,Luca Bairos,3586611,SINOVILLE 4,,SINOVILLE 4,3303,2,2,8.0,36,0,9/ 0,0,26,4.50,0,0.0,0,0,0,3,0,2023 Titans Second League
,576,32995,SINOVILLE 4,,,,,,,,,,,,,,,,,,,,,,2023 Titans Second League
179,576,32995,Gilan Mellet,3163470,HARLEQUINS 3,,HARLEQUINS 3,3306,1,1,3.0,14,0,14/ 0,0,12,4.67,0,0.0,0,0,0,4,2,2023 Titans Second League
,576,32995,HARLEQUINS 3,,,,,,,,,,,,,,,,,,,,,,2023 Titans Second League
180,576,32995,Raymond Vd Berg,3795619,CBCOB 3,,CBCOB 3,3298,1,1,5.0,24,0,24/ 0,2,22,4.80,0,0.0,0,0,0,0,0,2023 Titans Second League
,576,32995,CBCOB 3,,,,,,,,,,,,,,,,,,,,,,2023 Titans Second League
181,576,32995,Jaco CBC,4046234,CBCOB 3,,CBCOB 3,3298,1,1,5.0,24,0,24/ 0,0,21,4.80,0,0.0,0,0,0,2,1,2023 Titans Second League
,576,32995,CBCOB 3,,,,,,,,,,,,,,,,,,,,,,2023 Titans Second League
182,576,32995,JJ Lesolang,3772080,PHSOB 3,,PHSOB 3,3300,3,1,5.0,25,0,0/ 0,0,17,5.00,0,0.0,0,0,0,1,0,2023 Titans Second League
,576,32995,PHSOB 3,,,,,,,,,,,,,,,,,,,,,,2023 Titans Second League
183,576,32995,Nico Kruger,2936834,TUKS 5,,TUKS 5,3304,2,2,12.0,66,0,23/ 0,0,43,5.50,0,0.0,0,0,0,10,0,2023 Titans Second League
,576,32995,TUKS 5,,,,,,,,,,,,,,,,,,,,,,2023 Titans Second League
184,576,32995,Stephan Van den berg,3266950,CBCOB 3,,CBCOB 3,3298,1,1,8.0,44,0,44/ 0,0,30,5.50,0,0.0,0,0,0,1,1,2023 Titans Second League
,576,32995,CBCOB 3,,,,,,,,,,,,,,,,,,,,,,2023 Titans Second League
185,576,32995,Marinus Langerman,4196331,HARLEQUINS 3,,HARLEQUINS 3,3306,1,1,4.0,22,0,22/ 0,0,17,5.50,0,0.0,0,0,0,2,0,2023 Titans Second League
,576,32995,HARLEQUINS 3,,,,,,,,,,,,,,,,,,,,,,2023 Titans Second League
186,576,32995,Motheo B,3795621,CBCOB 3,,CBCOB 3,3298,1,1,6.3,37,0,37/ 0,1,29,5.69,0,0.0,0,0,0,8,0,2023 Titans Second League
,576,32995,CBCOB 3,,,,,,,,,,,,,,,,,,,,,,2023 Titans Second League
187,576,32995,Kenny Rothe,3759636,SINOVILLE 3,,SINOVILLE 3,3302,1,1,6.0,35,0,35/ 0,0,22,5.83,0,0.0,0,0,0,4,1,2023 Titans Second League
,576,32995,SINOVILLE 3,,,,,,,,,,,,,,,,,,,,,,2023 Titans Second League
188,576,32995,Zian De Jager,3745433,IRENE VILLAGERS 3,,IRENE VILLAGERS 3,3299,1,1,9.0,53,0,53/ 0,1,35,5.89,0,0.0,0,0,0,1,0,2023 Titans Second League
,576,32995,IRENE VILLAGERS 3,,,,,,,,,,,,,,,,,,,,,,2023 Titans Second League
189,576,32995,Gerrald Gouws,3056111,CBCOB 3,,CBCOB 3,3298,3,1,6.0,36,0,0/ 0,0,21,6.00,0,0.0,0,0,0,6,0,2023 Titans Second League
,576,32995,CBCOB 3,,,,,,,,,,,,,,,,,,,,,,2023 Titans Second League
190,576,32995,Dieter Munnik,3795659,SINOVILLE 3,,SINOVILLE 3,3302,1,1,3.0,18,0,18/ 0,0,8,6.00,0,0.0,0,0,0,3,0,2023 Titans Second League
,576,32995,SINOVILLE 3,,,,,,,,,,,,,,,,,,,,,,2023 Titans Second League
191,576,32995,Dylan Van wyk,2987473,SINOVILLE 4,,SINOVILLE 4,3303,1,1,5.0,31,0,31/ 0,0,18,6.20,0,0.0,0,0,0,6,0,2023 Titans Second League
,576,32995,SINOVILLE 4,,,,,,,,,,,,,,,,,,,,,,2023 Titans Second League
192,576,32995,Donovan Kretschmer,3749171,IRENE VILLAGERS 4,,IRENE VILLAGERS 4,3307,1,1,5.0,31,0,31/ 0,0,18,6.20,0,0.0,0,0,0,3,0,2023 Titans Second League
,576,32995,IRENE VILLAGERS 4,,,,,,,,,,,,,,,,,,,,,,2023 Titans Second League
193,576,32995,Duan St Arnaud,3145215,PHSOB 3,,PHSOB 3,3300,4,1,5.0,32,0,0/ 0,0,11,6.40,0,0.0,0,0,0,0,0,2023 Titans Second League
,576,32995,PHSOB 3,,,,,,,,,,,,,,,,,,,,,,2023 Titans Second League
194,576,32995,Justin Reynolds,3713446,IRENE VILLAGERS 3,,IRENE VILLAGERS 3,3299,3,1,5.0,32,0,0/ 0,0,16,6.40,0,0.0,0,0,0,1,0,2023 Titans Second League
,576,32995,IRENE VILLAGERS 3,,,,,,,,,,,,,,,,,,,,,,2023 Titans Second League
195,576,32995,Phillip Weyer,4116170,IRENE VILLAGERS 3,,IRENE VILLAGERS 3,3299,1,1,5.0,32,0,32/ 0,1,19,6.40,0,0.0,0,0,0,7,2,2023 Titans Second League
,576,32995,IRENE VILLAGERS 3,,,,,,,,,,,,,,,,,,,,,,2023 Titans Second League
196,576,32995,Stanley Fabri,3056139,SINOVILLE 4,,SINOVILLE 4,3303,2,2,7.0,45,0,12/ 0,1,20,6.43,0,0.0,0,0,0,1,0,2023 Titans Second League
,576,32995,SINOVILLE 4,,,,,,,,,,,,,,,,,,,,,,2023 Titans Second League
197,576,32995,Rudi Loibner,2935397,CBCOB 3,,CBCOB 3,3298,7,1,3.0,20,0,0/ 0,0,8,6.67,0,0.0,0,0,0,0,0,2023 Titans Second League
,576,32995,CBCOB 3,,,,,,,,,,,,,,,,,,,,,,2023 Titans Second League
198,576,32995,Bennie Viljoen,3713450,IRENE VILLAGERS 3,,IRENE VILLAGERS 3,3299,4,1,3.0,20,0,0/ 0,0,11,6.67,0,0.0,0,0,0,6,0,2023 Titans Second League
,576,32995,IRENE VILLAGERS 3,,,,,,,,,,,,,,,,,,,,,,2023 Titans Second League
199,576,32995,Christiaan Steyn,3179091,HARLEQUINS 3,,HARLEQUINS 3,3306,2,1,5.0,34,0,0/ 0,0,19,6.80,0,0.0,0,0,0,0,1,2023 Titans Second League
,576,32995,HARLEQUINS 3,,,,,,,,,,,,,,,,,,,,,,2023 Titans Second League
200,576,32995,Igmar Erasmus,3745422,SINOVILLE 3,,SINOVILLE 3,3302,1,1,1.0,7,0,7/ 0,0,2,7.00,0,0.0,0,0,0,0,0,2023 Titans Second League
,576,32995,SINOVILLE 3,,,,,,,,,,,,,,,,,,,,,,2023 Titans Second League
201,576,32995,Pete Harlequins 3,3783175,HARLEQUINS 3,,HARLEQUINS 3,3306,1,1,1.0,7,0,7/ 0,0,3,7.00,0,0.0,0,0,0,3,0,2023 Titans Second League
,576,32995,HARLEQUINS 3,,,,,,,,,,,,,,,,,,,,,,2023 Titans Second League
202,576,32995,Mohammed Korowlay,4198493,HARLEQUINS 3,,HARLEQUINS 3,3306,1,1,1.0,7,0,7/ 0,0,2,7.00,0,0.0,0,0,0,0,0,2023 Titans Second League
,576,32995,HARLEQUINS 3,,,,,,,,,,,,,,,,,,,,,,2023 Titans Second League
203,576,32995,Deon Van Huysteen,3795246,SINOVILLE 4,,SINOVILLE 4,3303,1,1,3.0,22,0,22/ 0,0,12,7.33,0,0.0,0,0,0,1,0,2023 Titans Second League
,576,32995,SINOVILLE 4,,,,,,,,,,,,,,,,,,,,,,2023 Titans Second League
204,576,32995,Zander Jordaan,2987471,SINOVILLE 4,,SINOVILLE 4,3303,2,2,4.0,30,0,10/ 0,0,12,7.50,0,0.0,0,0,0,5,0,2023 Titans Second League
,576,32995,SINOVILLE 4,,,,,,,,,,,,,,,,,,,,,,2023 Titans Second League
205,576,32995,Nicolas Conradie,4163790,IRENE VILLAGERS 4,,IRENE VILLAGERS 4,3307,2,1,3.0,23,0,0/ 0,0,8,7.67,0,0.0,0,0,0,3,0,2023 Titans Second League
,576,32995,IRENE VILLAGERS 4,,,,,,,,,,,,,,,,,,,,,,2023 Titans Second League
206,576,32995,Stephan Lotter,2990921,SINOVILLE 3,,SINOVILLE 3,3302,1,1,2.0,16,0,16/ 0,0,7,8.00,0,0.0,0,0,0,5,0,2023 Titans Second League
,576,32995,SINOVILLE 3,,,,,,,,,,,,,,,,,,,,,,2023 Titans Second League
207,576,32995,Stiaan Schmiedeskamp,3783172,HARLEQUINS 3,,HARLEQUINS 3,3306,2,2,9.0,72,0,23/ 0,0,27,8.00,0,0.0,0,0,0,16,0,2023 Titans Second League
,576,32995,HARLEQUINS 3,,,,,,,,,,,,,,,,,,,,,,2023 Titans Second League
208,576,32995,Ryan Stringer,4116165,PHSOB 3,,PHSOB 3,3300,1,1,1.0,8,0,8/ 0,0,4,8.00,0,0.0,0,0,0,3,0,2023 Titans Second League
,576,32995,PHSOB 3,,,,,,,,,,,,,,,,,,,,,,2023 Titans Second League
209,576,32995,HR Cbc,4143517,CBCOB 3,,CBCOB 3,3298,1,1,3.0,24,0,24/ 0,0,6,8.00,0,0.0,0,0,0,2,0,2023 Titans Second League
,576,32995,CBCOB 3,,,,,,,,,,,,,,,,,,,,,,2023 Titans Second League
210,576,32995,Dylan Kruger,4187743,PHSOB 3,,PHSOB 3,3300,1,1,4.0,32,0,32/ 0,0,16,8.00,0,0.0,0,0,0,1,0,2023 Titans Second League
,576,32995,PHSOB 3,,,,,,,,,,,,,,,,,,,,,,2023 Titans Second League
211,576,32995,Sieg Dorfling,4143515,CBCOB 3,,CBCOB 3,3298,1,1,5.0,41,0,41/ 0,0,10,8.20,0,0.0,0,0,0,1,1,2023 Titans Second League
,576,32995,CBCOB 3,,,,,,,,,,,,,,,,,,,,,,2023 Titans Second League
212,576,32995,Papi Cbf,4143516,CBCOB 3,,CBCOB 3,3298,2,1,3.0,25,0,0/ 0,0,9,8.33,0,0.0,0,0,0,1,1,2023 Titans Second League
,576,32995,CBCOB 3,,,,,,,,,,,,,,,,,,,,,,2023 Titans Second League
213,576,32995,Travis Joshua,3783171,HARLEQUINS 3,,HARLEQUINS 3,3306,1,1,4.0,35,0,35/ 0,0,11,8.75,0,0.0,0,0,0,1,0,2023 Titans Second League
,576,32995,HARLEQUINS 3,,,,,,,,,,,,,,,,,,,,,,2023 Titans Second League
214,576,32995,Ryan Thurbon,3771716,IRENE VILLAGERS 4,,IRENE VILLAGERS 4,3307,6,2,3.0,28,0,0/ 0,0,9,9.33,0,0.0,0,0,0,4,1,2023 Titans Second League
,576,32995,IRENE VILLAGERS 4,,,,,,,,,,,,,,,,,,,,,,2023 Titans Second League
215,576,32995,Matthew Thurbon,2985834,IRENE VILLAGERS 4,,IRENE VILLAGERS 4,3307,12,4,8.0,80,0,0/ 0,0,22,10.00,0,0.0,0,0,0,6,0,2023 Titans Second League
,576,32995,IRENE VILLAGERS 4,,,,,,,,,,,,,,,,,,,,,,2023 Titans Second League
216,576,32995,Tihardt Kruger,3242942,TUKS 5,,TUKS 5,3304,1,1,2.0,20,0,20/ 0,0,3,10.00,0,0.0,0,0,0,1,0,2023 Titans Second League
,576,32995,TUKS 5,,,,,,,,,,,,,,,,,,,,,,2023 Titans Second League
217,576,32995,Franco Von Mollendorf,3812051,SINOVILLE 3,,SINOVILLE 3,3302,1,1,3.0,31,0,31/ 0,0,0,10.33,0,0.0,0,0,0,3,0,2023 Titans Second League
,576,32995,SINOVILLE 3,,,,,,,,,,,,,,,,,,,,,,2023 Titans Second League
218,576,32995,Divan Cilliers,3713448,IRENE VILLAGERS 3,,IRENE VILLAGERS 3,3299,13,1,3.0,32,0,0/ 0,0,7,10.67,0,0.0,0,0,0,0,0,2023 Titans Second League
,576,32995,IRENE VILLAGERS 3,,,,,,,,,,,,,,,,,,,,,,2023 Titans Second League
219,576,32995,Nuzi Ndlovu,4081457,PHSOB 3,,PHSOB 3,3300,2,1,3.0,32,0,0/ 0,0,8,10.67,0,0.0,0,0,0,4,1,2023 Titans Second League
,576,32995,PHSOB 3,,,,,,,,,,,,,,,,,,,,,,2023 Titans Second League
220,576,32995,Josh Botes,2985840,IRENE VILLAGERS 4,,IRENE VILLAGERS 4,3307,1,1,4.0,43,0,43/ 0,0,10,10.75,0,0.0,0,0,0,1,0,2023 Titans Second League
,576,32995,IRENE VILLAGERS 4,,,,,,,,,,,,,,,,,,,,,,2023 Titans Second League
221,576,32995,Jayden Blom,4187740,SINOVILLE 4,,SINOVILLE 4,3303,1,1,4.0,44,0,44/ 0,0,9,11.00,0,0.0,0,0,0,0,0,2023 Titans Second League
,576,32995,SINOVILLE 4,,,,,,,,,,,,,,,,,,,,,,2023 Titans Second League
222,576,32995,Kian Hoeuner,3928431,CBCOB 3,,CBCOB 3,3298,1,1,2.0,23,0,23/ 0,0,0,11.50,0,0.0,0,0,0,2,0,2023 Titans Second League
,576,32995,CBCOB 3,,,,,,,,,,,,,,,,,,,,,,2023 Titans Second League
223,576,32995,Hanco Hertzog,4165763,SINOVILLE 4,,SINOVILLE 4,3303,1,1,3.0,35,0,35/ 0,0,10,11.67,0,0.0,0,0,0,18,0,2023 Titans Second League
,576,32995,SINOVILLE 4,,,,,,,,,,,,,,,,,,,,,,2023 Titans Second League
224,576,32995,Andre Kruyshaar,3772081,SINOVILLE 3,,SINOVILLE 3,3302,3,1,4.0,47,0,0/ 0,0,13,11.75,0,0.0,0,0,0,0,2,2023 Titans Second League
,576,32995,SINOVILLE 3,,,,,,,,,,,,,,,,,,,,,,2023 Titans Second League
225,576,32995,Johan Pretorius,3255251,TUKS 5,,TUKS 5,3304,6,1,2.0,24,0,0/ 0,0,5,12.00,0,0.0,0,0,0,1,1,2023 Titans Second League
,576,32995,TUKS 5,,,,,,,,,,,,,,,,,,,,,,2023 Titans Second League
226,576,32995,Dewan Bohmer,4116166,PHSOB 3,,PHSOB 3,3300,4,1,0.3,6,0,0/ 0,0,2,12.00,0,0.0,0,0,0,0,0,2023 Titans Second League
,576,32995,PHSOB 3,,,,,,,,,,,,,,,,,,,,,,2023 Titans Second League
227,576,32995,Thomas Hobson,4185926,PHSOB 3,,PHSOB 3,3300,2,1,1.0,12,0,0/ 0,0,3,12.00,0,0.0,0,0,0,3,0,2023 Titans Second League
,576,32995,PHSOB 3,,,,,,,,,,,,,,,,,,,,,,2023 Titans Second League
228,576,32995,Maans Roubaix,3031813,SINOVILLE 3,,SINOVILLE 3,3302,1,1,1.0,13,0,13/ 0,0,1,13.00,0,0.0,0,0,0,0,1,2023 Titans Second League
,576,32995,SINOVILLE 3,,,,,,,,,,,,,,,,,,,,,,2023 Titans Second League
229,576,32995,Simion Muller,3783164,CBCOB 3,,CBCOB 3,3298,1,1,2.0,26,0,26/ 0,0,5,13.00,0,0.0,0,0,0,3,0,2023 Titans Second League
,576,32995,CBCOB 3,,,,,,,,,,,,,,,,,,,,,,2023 Titans Second League
230,576,32995,Matt Collett,4081460,PHSOB 3,,PHSOB 3,3300,3,1,1.0,14,0,0/ 0,0,3,14.00,0,0.0,0,0,0,1,0,2023 Titans Second League
,576,32995,PHSOB 3,,,,,,,,,,,,,,,,,,,,,,2023 Titans Second League
231,576,32995,Andre Schoombee,3772084,SINOVILLE 3,,SINOVILLE 3,3302,1,1,2.0,29,0,29/ 0,0,4,14.50,0,0.0,0,0,0,2,0,2023 Titans Second League
,576,32995,SINOVILLE 3,,,,,,,,,,,,,,,,,,,,,,2023 Titans Second League
232,576,32995,Gerbrandt Viviers,3018253,IRENE VILLAGERS 4,,IRENE VILLAGERS 4,3307,4,1,1.0,15,0,0/ 0,0,4,15.00,0,0.0,0,0,0,0,3,2023 Titans Second League
,576,32995,IRENE VILLAGERS 4,,,,,,,,,,,,,,,,,,,,,,2023 Titans Second League
233,576,32995,Hanco Hertzog,3928457,SINOVILLE 3,,SINOVILLE 3,3302,1,1,1.0,15,0,15/ 0,0,0,15.00,0,0.0,0,0,0,5,0,2023 Titans Second League
,576,32995,SINOVILLE 3,,,,,,,,,,,,,,,,,,,,,,2023 Titans Second League
234,576,32995,Eugene Joubert,4187738,SINOVILLE 4,,SINOVILLE 4,3303,1,1,1.0,15,0,15/ 0,0,1,15.00,0,0.0,0,0,0,0,0,2023 Titans Second League
,576,32995,SINOVILLE 4,,,,,,,,,,,,,,,,,,,,,,2023 Titans Second League
235,576,32995,Schalk Pelzer,4187737,SINOVILLE 4,,SINOVILLE 4,3303,1,1,2.0,32,0,32/ 0,0,5,16.00,0,0.0,0,0,0,7,0,2023 Titans Second League
,576,32995,SINOVILLE 4,,,,,,,,,,,,,,,,,,,,,,2023 Titans Second League
236,576,32995,Mulder Kotze,2985832,IRENE VILLAGERS 4,,IRENE VILLAGERS 4,3307,1,1,2.0,33,0,33/ 0,0,4,16.50,0,0.0,0,0,0,5,0,2023 Titans Second League
,576,32995,IRENE VILLAGERS 4,,,,,,,,,,,,,,,,,,,,,,2023 Titans Second League
237,576,32995,Tyler Lockhart,3772078,PHSOB 3,,PHSOB 3,3300,4,1,2.0,34,0,0/ 0,0,2,17.00,0,0.0,0,0,0,0,0,2023 Titans Second League
,576,32995,PHSOB 3,,,,,,,,,,,,,,,,,,,,,,2023 Titans Second League
238,576,32995,Johan Feuth,3056115,CBCOB 3,,CBCOB 3,3298,1,1,1.0,26,0,26/ 0,0,0,26.00,0,0.0,0,0,0,0,0,2023 Titans Second League
,576,32995,CBCOB 3,,,,,,,,,,,,,,,,,,,,,,2023 Titans Second League
239,576,32995,Rowan Sweetman,4196332,HARLEQUINS 3,,HARLEQUINS 3,3306,2,1,1.0,32,0,0/ 0,0,0,32.00,0,0.0,0,0,0,1,0,2023 Titans Second League
,576,32995,HARLEQUINS 3,,,,,,,,,,,,,,,,,,,,,,2023 Titans Second League
1,18,32995,Tiaan Engelbrecht,2936837,TUKS 5,,TUKS 5,1860,10,8,39.2,182,15,39/ 5,4,156,4.63,12.13,15.7,0,0,1,8,5,Titans Second League
,18,32995,TUKS 5,,,,,,,,,,,,,,,,,,,,,,Titans Second League
2,18,32995,Uzair Vayani,3018178,PHSOB 3,,PHSOB 3,1193,7,7,26.1,135,15,11/ 6,1,95,5.16,9.00,10.5,0,0,2,16,1,Titans Second League
,18,32995,PHSOB 3,,,,,,,,,,,,,,,,,,,,,,Titans Second League
3,18,32995,Donovan Steinberg,2985796,IRENE VILLAGERS 3,,IRENE VILLAGERS 3,1195,7,7,43.0,190,12,31/ 5,5,171,4.42,15.83,21.5,0,0,1,6,0,Titans Second League
,18,32995,IRENE VILLAGERS 3,,,,,,,,,,,,,,,,,,,,,,Titans Second League
4,18,32995,Steven Meyburgh,2937220,PHSOB 3,,PHSOB 3,1193,7,7,32.0,141,11,18/ 5,2,115,4.41,12.82,17.5,1,0,1,12,0,Titans Second League
,18,32995,PHSOB 3,,,,,,,,,,,,,,,,,,,,,,Titans Second League
5,18,32995,Jacques Joubert,2985795,IRENE VILLAGERS 3,,IRENE VILLAGERS 3,1195,9,9,44.0,266,11,21/ 4,6,173,6.05,24.18,24.0,0,1,0,15,0,Titans Second League
,18,32995,IRENE VILLAGERS 3,,,,,,,,,,,,,,,,,,,,,,Titans Second League
6,18,32995,Christian Strydom,2936847,TUKS 5,,TUKS 5,1860,12,9,44.0,273,11,78/ 3,1,147,6.20,24.82,24.0,0,0,0,21,0,Titans Second League
,18,32995,TUKS 5,,,,,,,,,,,,,,,,,,,,,,Titans Second League
7,18,32995,Victor Van Niekerk,2985801,IRENE VILLAGERS 3,,IRENE VILLAGERS 3,1195,6,6,26.0,196,11,52/ 6,0,83,7.54,17.82,14.2,0,0,1,10,0,Titans Second League
,18,32995,IRENE VILLAGERS 3,,,,,,,,,,,,,,,,,,,,,,Titans Second League
8,18,32995,Christo Swanepoel,2936900,PHSOB 3,,PHSOB 3,1193,8,8,39.1,202,9,0/ 2,4,143,5.16,22.44,26.1,0,0,0,12,0,Titans Second League
,18,32995,PHSOB 3,,,,,,,,,,,,,,,,,,,,,,Titans Second League
9,18,32995,Dawie Kruger,2985805,IRENE VILLAGERS 3,,IRENE VILLAGERS 3,1195,8,8,33.0,182,9,23/ 4,0,105,5.52,20.22,22.0,0,1,0,11,1,Titans Second League
,18,32995,IRENE VILLAGERS 3,,,,,,,,,,,,,,,,,,,,,,Titans Second League
10,18,32995,Martin Van Tonder,2840539,TUKS 5,,TUKS 5,1860,12,11,40.5,287,9,38/ 3,0,151,7.03,31.89,27.2,0,0,0,29,0,Titans Second League
,18,32995,TUKS 5,,,,,,,,,,,,,,,,,,,,,,Titans Second League
11,18,32995,Dewald Basson,3018234,TUT 3,,TUT 3,1197,6,6,36.0,170,8,25/ 4,3,148,4.72,21.25,27.0,0,1,0,18,1,Titans Second League
,18,32995,TUT 3,,,,,,,,,,,,,,,,,,,,,,Titans Second League
12,18,32995,Justin Fourie,2987524,PHSOB 3,,PHSOB 3,1193,4,4,19.0,90,8,37/ 5,1,75,4.74,11.25,14.2,0,0,1,7,0,Titans Second League
,18,32995,PHSOB 3,,,,,,,,,,,,,,,,,,,,,,Titans Second League
13,18,32995,Adriaan Ferreira,2936919,PHSOB 3,,PHSOB 3,1193,5,5,22.0,109,8,11/ 3,4,88,4.95,13.62,16.5,0,0,0,12,0,Titans Second League
,18,32995,PHSOB 3,,,,,,,,,,,,,,,,,,,,,,Titans Second League
14,18,32995,Andre Meintjes IV,2985799,IRENE VILLAGERS 3,,IRENE VILLAGERS 3,1195,6,5,28.0,166,8,37/ 3,3,85,5.93,20.75,21.0,0,0,0,1,1,Titans Second League
,18,32995,IRENE VILLAGERS 3,,,,,,,,,,,,,,,,,,,,,,Titans Second League
15,18,32995,Samashan Naidoo,2990928,TUKS 5,,TUKS 5,1860,1,1,8.0,28,7,28/ 7,2,36,3.50,4.00,6.9,0,0,1,5,0,Titans Second League
,18,32995,TUKS 5,,,,,,,,,,,,,,,,,,,,,,Titans Second League
16,18,32995,Aerton Helena,2936841,TUKS 5,,TUKS 5,1860,7,5,23.0,116,7,10/ 2,4,75,5.04,16.57,19.7,0,0,0,2,0,Titans Second League
,18,32995,TUKS 5,,,,,,,,,,,,,,,,,,,,,,Titans Second League
17,18,32995,Louis van Zyl,3003071,CBCOB 3,,CBCOB 3,1196,6,6,25.0,129,7,23/ 3,2,98,5.16,18.43,21.4,0,0,0,3,0,Titans Second League
,18,32995,CBCOB 3,,,,,,,,,,,,,,,,,,,,,,Titans Second League
18,18,32995,Devon Almeida,3242449,CBCOB 3,,CBCOB 3,1196,3,3,11.0,57,7,6/ 5,3,41,5.18,8.14,9.4,0,0,1,7,0,Titans Second League
,18,32995,CBCOB 3,,,,,,,,,,,,,,,,,,,,,,Titans Second League
19,18,32995,André Botes,3018347,CBCOB 3,,CBCOB 3,1196,8,5,20.4,126,7,26/ 2,0,82,6.10,18.00,17.7,0,0,0,21,0,Titans Second League
,18,32995,CBCOB 3,,,,,,,,,,,,,,,,,,,,,,Titans Second League
20,18,32995,Riccardo Oosthuizen,2936842,TUKS 5,,TUKS 5,1860,7,6,23.0,90,6,20/ 2,2,98,3.91,15.00,23.0,0,0,0,13,0,Titans Second League
,18,32995,TUKS 5,,,,,,,,,,,,,,,,,,,,,,Titans Second League
21,18,32995,Dylan Alberts,3018227,TUT 3,,TUT 3,1197,3,3,14.3,70,6,8/ 3,1,54,4.83,11.67,14.5,0,0,0,11,0,Titans Second League
,18,32995,TUT 3,,,,,,,,,,,,,,,,,,,,,,Titans Second League
22,18,32995,JP Roets,3031810,SINOVILLE 3,,SINOVILLE 3,1194,6,4,10.3,56,6,0/ 2,0,29,5.33,9.33,10.5,0,0,0,1,0,Titans Second League
,18,32995,SINOVILLE 3,,,,,,,,,,,,,,,,,,,,,,Titans Second League
23,18,32995,Reynier Swart,2985798,IRENE VILLAGERS 3,,IRENE VILLAGERS 3,1195,10,7,20.0,114,6,7/ 2,2,70,5.70,19.00,20.0,0,0,0,5,0,Titans Second League
,18,32995,IRENE VILLAGERS 3,,,,,,,,,,,,,,,,,,,,,,Titans Second League
24,18,32995,Jos Grove,2936905,PHSOB 3,,PHSOB 3,1193,2,2,11.0,66,6,46/ 4,0,43,6.00,11.00,11.0,0,1,0,6,1,Titans Second League
,18,32995,PHSOB 3,,,,,,,,,,,,,,,,,,,,,,Titans Second League
25,18,32995,Hein Smit,2985797,IRENE VILLAGERS 3,,IRENE VILLAGERS 3,1195,5,5,29.4,178,6,46/ 3,5,107,6.00,29.67,29.7,0,0,0,10,1,Titans Second League
,18,32995,IRENE VILLAGERS 3,,,,,,,,,,,,,,,,,,,,,,Titans Second League
26,18,32995,Rudi Loibner,2935397,CBCOB 3,,CBCOB 3,1196,2,1,4.5,15,5,15/ 5,0,21,3.10,3.00,5.8,0,0,1,1,0,Titans Second League
,18,32995,CBCOB 3,,,,,,,,,,,,,,,,,,,,,,Titans Second League
27,18,32995,JP Goosen,2987481,SINOVILLE 4,,SINOVILLE 4,1200,2,1,8.0,29,5,29/ 5,1,32,3.62,5.80,9.6,0,0,1,2,0,Titans Second League
,18,32995,SINOVILLE 4,,,,,,,,,,,,,,,,,,,,,,Titans Second League
28,18,32995,Keaton Steenkamp,2944947,SINOVILLE 4,,SINOVILLE 4,1200,7,5,21.5,103,5,21/ 3,2,82,4.72,20.60,26.2,0,0,0,10,1,Titans Second League
,18,32995,SINOVILLE 4,,,,,,,,,,,,,,,,,,,,,,Titans Second League
29,18,32995,Andreas De Lange,2936853,TUKS 6,,TUKS 6,1861,4,3,14.1,75,5,25/ 3,1,45,5.29,15.00,17.0,0,0,0,8,0,Titans Second League
,18,32995,TUKS 6,,,,,,,,,,,,,,,,,,,,,,Titans Second League
30,18,32995,Barend Huyzer,3018233,TUT 3,,TUT 3,1197,6,5,25.0,138,5,23/ 2,1,78,5.52,27.60,30.0,0,0,0,10,0,Titans Second League
,18,32995,TUT 3,,,,,,,,,,,,,,,,,,,,,,Titans Second League
31,18,32995,Chad Fortman,2936899,PHSOB 3,,PHSOB 3,1193,7,2,5.5,33,5,17/ 5,0,19,5.66,6.60,7.0,0,0,1,2,0,Titans Second League
,18,32995,PHSOB 3,,,,,,,,,,,,,,,,,,,,,,Titans Second League
32,18,32995,Juan Van den berg,2987480,SINOVILLE 4,,SINOVILLE 4,1200,3,2,13.0,49,4,21/ 2,5,61,3.77,12.25,19.5,0,0,0,10,0,Titans Second League
,18,32995,SINOVILLE 4,,,,,,,,,,,,,,,,,,,,,,Titans Second League
33,18,32995,Divan Behrens,3257324,SINOVILLE 3,,SINOVILLE 3,1194,2,2,7.0,35,4,31/ 3,0,33,5.00,8.75,10.5,0,0,0,10,3,Titans Second League
,18,32995,SINOVILLE 3,,,,,,,,,,,,,,,,,,,,,,Titans Second League
34,18,32995,Mark Bekker,3146406,TUT 3,,TUT 3,1197,3,2,10.3,54,4,26/ 2,0,40,5.14,13.50,15.8,0,0,0,10,0,Titans Second League
,18,32995,TUT 3,,,,,,,,,,,,,,,,,,,,,,Titans Second League
35,18,32995,Juan Van den berg,2987480,SINOVILLE 3,,SINOVILLE 3,1194,3,2,13.0,73,4,59/ 3,1,55,5.62,18.25,19.5,0,0,0,2,0,Titans Second League
,18,32995,SINOVILLE 3,,,,,,,,,,,,,,,,,,,,,,Titans Second League
36,18,32995,Pieter Pretorius,2936910,PHSOB 3,,PHSOB 3,1193,1,1,9.0,51,4,51/ 4,1,35,5.67,12.75,13.5,0,1,0,0,0,Titans Second League
,18,32995,PHSOB 3,,,,,,,,,,,,,,,,,,,,,,Titans Second League
37,18,32995,Charl Foxcroft,2097177,TUT 3,,TUT 3,1197,5,4,12.0,77,4,15/ 2,0,34,6.42,19.25,18.0,0,0,0,6,0,Titans Second League
,18,32995,TUT 3,,,,,,,,,,,,,,,,,,,,,,Titans Second League
38,18,32995,Caleb Eckard,3018344,CBCOB 3,,CBCOB 3,1196,6,5,17.0,113,4,22/ 2,1,60,6.65,28.25,25.5,0,0,0,18,0,Titans Second League
,18,32995,CBCOB 3,,,,,,,,,,,,,,,,,,,,,,Titans Second League
39,18,32995,Martin Childs-Hurn,2936849,TUKS 5,,TUKS 5,1860,4,4,10.0,69,4,10/ 3,1,32,6.90,17.25,15.0,0,0,0,18,0,Titans Second League
,18,32995,TUKS 5,,,,,,,,,,,,,,,,,,,,,,Titans Second League
40,18,32995,Andre Van wyk,3266939,TUKS 5,,TUKS 5,1860,12,10,27.2,189,4,10/ 2,1,90,6.91,47.25,41.0,0,0,0,26,0,Titans Second League
,18,32995,TUKS 5,,,,,,,,,,,,,,,,,,,,,,Titans Second League
41,18,32995,Jean Caudron,3180555,SINOVILLE 4,,SINOVILLE 4,1200,5,3,5.0,40,4,13/ 2,0,14,8.00,10.00,7.5,0,0,0,2,1,Titans Second League
,18,32995,SINOVILLE 4,,,,,,,,,,,,,,,,,,,,,,Titans Second League
42,18,32995,Karel Verhoef,2987576,CBCOB 3,,CBCOB 3,1196,2,1,9.0,26,3,26/ 3,2,36,2.89,8.67,18.0,0,0,0,2,0,Titans Second League
,18,32995,CBCOB 3,,,,,,,,,,,,,,,,,,,,,,Titans Second League
43,18,32995,Jacques Nel,2987580,CBCOB 3,,CBCOB 3,1196,5,3,14.0,46,3,17/ 2,1,65,3.29,15.33,28.0,0,0,0,6,0,Titans Second League
,18,32995,CBCOB 3,,,,,,,,,,,,,,,,,,,,,,Titans Second League
44,18,32995,Khumo Tlhoaela,3145213,CBCOB 3,,CBCOB 3,1196,1,1,6.0,26,3,26/ 3,1,27,4.33,8.67,12.0,0,0,0,1,0,Titans Second League
,18,32995,CBCOB 3,,,,,,,,,,,,,,,,,,,,,,Titans Second League
45,18,32995,Lourens Pieterse,3003046,IRENE VILLAGERS 3,,IRENE VILLAGERS 3,1195,4,4,23.4,116,3,16/ 2,1,90,4.90,38.67,47.3,0,0,0,5,0,Titans Second League
,18,32995,IRENE VILLAGERS 3,,,,,,,,,,,,,,,,,,,,,,Titans Second League
46,18,32995,Stephan Van Der Berg,2987583,CBCOB 3,,CBCOB 3,1196,2,2,8.0,40,3,16/ 2,1,33,5.00,13.33,16.0,0,0,0,9,0,Titans Second League
,18,32995,CBCOB 3,,,,,,,,,,,,,,,,,,,,,,Titans Second League
47,18,32995,Duan St Arnaud,3145215,PHSOB 3,,PHSOB 3,1193,3,3,6.0,34,3,10/ 2,0,17,5.67,11.33,12.0,0,0,0,1,0,Titans Second League
,18,32995,PHSOB 3,,,,,,,,,,,,,,,,,,,,,,Titans Second League
48,18,32995,Chris Koekemoer,3069547,CBCOB 3,,CBCOB 3,1196,7,4,13.0,80,3,13/ 2,2,47,6.15,26.67,26.0,0,0,0,2,0,Titans Second League
,18,32995,CBCOB 3,,,,,,,,,,,,,,,,,,,,,,Titans Second League
49,18,32995,JP Roets,3195753,SINOVILLE 4,,SINOVILLE 4,1200,3,3,10.1,64,3,19/ 2,1,28,6.30,21.33,20.3,0,0,0,1,0,Titans Second League
,18,32995,SINOVILLE 4,,,,,,,,,,,,,,,,,,,,,,Titans Second League
50,18,32995,Gerhard De Bruin,2936835,TUKS 5,,TUKS 5,1860,13,11,43.5,278,3,21/ 2,1,149,6.34,92.67,87.7,0,0,0,16,1,Titans Second League
,18,32995,TUKS 5,,,,,,,,,,,,,,,,,,,,,,Titans Second League
51,18,32995,Jason Gillard,3003090,SINOVILLE 4,,SINOVILLE 4,1200,1,1,4.0,30,3,30/ 3,0,15,7.50,10.00,8.0,0,0,0,1,0,Titans Second League
,18,32995,SINOVILLE 4,,,,,,,,,,,,,,,,,,,,,,Titans Second League
52,18,32995,Erik Van Deventer,3033825,TUT 3,,TUT 3,1197,4,2,6.0,45,3,34/ 3,0,10,7.50,15.00,12.0,0,0,0,0,0,Titans Second League
,18,32995,TUT 3,,,,,,,,,,,,,,,,,,,,,,Titans Second League
53,18,32995,George Chibweza,3229703,CBCOB 3,,CBCOB 3,1196,3,2,8.0,62,3,12/ 3,1,20,7.75,20.67,16.0,0,0,0,3,0,Titans Second League
,18,32995,CBCOB 3,,,,,,,,,,,,,,,,,,,,,,Titans Second League
54,18,32995,Matt Rogerson,2936914,PHSOB 3,,PHSOB 3,1193,8,4,12.0,96,3,9/ 1,1,27,8.00,32.00,24.0,0,0,0,5,0,Titans Second League
,18,32995,PHSOB 3,,,,,,,,,,,,,,,,,,,,,,Titans Second League
55,18,32995,Kofi Essel-mensah,2987529,TUKS 6,,TUKS 6,1861,6,2,8.0,69,3,37/ 2,0,24,8.62,23.00,16.0,0,0,0,0,0,Titans Second League
,18,32995,TUKS 6,,,,,,,,,,,,,,,,,,,,,,Titans Second League
56,18,32995,Abbas Mohammad,1082990,POLICE 3,,POLICE 3,1201,3,3,21.5,194,3,23/ 1,0,60,8.89,64.67,43.7,0,0,0,18,0,Titans Second League
,18,32995,POLICE 3,,,,,,,,,,,,,,,,,,,,,,Titans Second League
57,18,32995,Oliver Beauclerk,2987533,TUKS 6,,TUKS 6,1861,1,1,5.0,12,2,12/ 2,1,26,2.40,6.00,15.0,0,0,0,5,0,Titans Second League
,18,32995,TUKS 6,,,,,,,,,,,,,,,,,,,,,,Titans Second League
58,18,32995,Micheal van der Westhuizen,3069551,CBCOB 3,,CBCOB 3,1196,5,4,21.0,54,2,11/ 1,8,96,2.57,27.00,63.0,0,0,0,0,0,Titans Second League
,18,32995,CBCOB 3,,,,,,,,,,,,,,,,,,,,,,Titans Second League
59,18,32995,Dian Botha,2934759,SINOVILLE 3,,SINOVILLE 3,1194,1,1,9.0,27,2,27/ 2,2,40,3.00,13.50,27.0,0,0,0,1,1,Titans Second League
,18,32995,SINOVILLE 3,,,,,,,,,,,,,,,,,,,,,,Titans Second League
60,18,32995,Stanley Fabri,3056139,SINOVILLE 4,,SINOVILLE 4,1200,3,3,10.0,30,2,8/ 1,2,47,3.00,15.00,30.0,0,0,0,3,0,Titans Second League
,18,32995,SINOVILLE 4,,,,,,,,,,,,,,,,,,,,,,Titans Second League
61,18,32995,Luca Tuks 6,3163550,TUKS 6,,TUKS 6,1861,1,1,9.0,27,2,27/ 2,0,41,3.00,13.50,27.0,0,0,0,8,0,Titans Second League
,18,32995,TUKS 6,,,,,,,,,,,,,,,,,,,,,,Titans Second League
62,18,32995,Gershwin Reid,3266898,CBCOB 3,,CBCOB 3,1196,1,1,4.0,15,2,15/ 2,0,13,3.75,7.50,12.0,0,0,0,1,0,Titans Second League
,18,32995,CBCOB 3,,,,,,,,,,,,,,,,,,,,,,Titans Second League
63,18,32995,Stan Skinner,3031824,TUKS 5,,TUKS 5,1860,1,1,5.0,19,2,19/ 2,1,22,3.80,9.50,15.0,0,0,0,1,0,Titans Second League
,18,32995,TUKS 5,,,,,,,,,,,,,,,,,,,,,,Titans Second League
64,18,32995,Zandre Nel,3056622,SINOVILLE 4,,SINOVILLE 4,1200,1,1,4.0,17,2,17/ 2,0,18,4.25,8.50,12.0,0,0,0,3,3,Titans Second League
,18,32995,SINOVILLE 4,,,,,,,,,,,,,,,,,,,,,,Titans Second League
65,18,32995,James Nelson,3145210,CBCOB 3,,CBCOB 3,1196,1,1,4.0,17,2,17/ 2,0,20,4.25,8.50,12.0,0,0,0,3,2,Titans Second League
,18,32995,CBCOB 3,,,,,,,,,,,,,,,,,,,,,,Titans Second League
66,18,32995,Stefan Grobler,3018230,TUT 3,,TUT 3,1197,6,6,25.0,132,2,20/ 1,1,94,5.28,66.00,75.0,0,0,0,15,5,Titans Second League
,18,32995,TUT 3,,,,,,,,,,,,,,,,,,,,,,Titans Second League
67,18,32995,Ryan Kruger,2698181,SINOVILLE 4,,SINOVILLE 4,1200,2,1,4.0,22,2,22/ 2,0,15,5.50,11.00,12.0,0,0,0,1,0,Titans Second League
,18,32995,SINOVILLE 4,,,,,,,,,,,,,,,,,,,,,,Titans Second League
68,18,32995,Playa2 Cbc,3255331,CBCOB 3,,CBCOB 3,1196,1,1,4.0,22,2,22/ 2,0,13,5.50,11.00,12.0,0,0,0,2,0,Titans Second League
,18,32995,CBCOB 3,,,,,,,,,,,,,,,,,,,,,,Titans Second League
69,18,32995,Manie de Beer,2947307,SINOVILLE 4,,SINOVILLE 4,1200,1,1,5.0,28,2,28/ 2,1,17,5.60,14.00,15.0,0,0,0,5,0,Titans Second League
,18,32995,SINOVILLE 4,,,,,,,,,,,,,,,,,,,,,,Titans Second League
70,18,32995,Jean Coetser,3018231,TUT 3,,TUT 3,1197,5,3,20.0,115,2,12/ 1,0,50,5.75,57.50,60.0,0,0,0,1,0,Titans Second League
,18,32995,TUT 3,,,,,,,,,,,,,,,,,,,,,,Titans Second League
71,18,32995,Tiaan Lotter,2934784,SINOVILLE 4,,SINOVILLE 4,1200,2,1,3.0,18,2,18/ 2,0,11,6.00,9.00,9.0,0,0,0,0,0,Titans Second League
,18,32995,SINOVILLE 4,,,,,,,,,,,,,,,,,,,,,,Titans Second League
72,18,32995,Adriaan Venter,3673677,CBCOB 3,,CBCOB 3,1196,6,3,14.0,84,2,20/ 1,0,47,6.00,42.00,42.0,0,0,0,7,1,Titans Second League
,18,32995,CBCOB 3,,,,,,,,,,,,,,,,,,,,,,Titans Second League
73,18,32995,Riaan Davel,3163488,SINOVILLE 4,,SINOVILLE 4,1200,4,3,12.0,73,2,11/ 1,2,45,6.08,36.50,36.0,0,0,0,2,0,Titans Second League
,18,32995,SINOVILLE 4,,,,,,,,,,,,,,,,,,,,,,Titans Second League
74,18,32995,Latir Grey-Johnson,3018351,TUKS 6,,TUKS 6,1861,3,3,13.0,83,2,10/ 1,0,43,6.38,41.50,39.0,0,0,0,5,0,Titans Second League
,18,32995,TUKS 6,,,,,,,,,,,,,,,,,,,,,,Titans Second League
75,18,32995,Wian van Deventer,3257325,SINOVILLE 3,,SINOVILLE 3,1194,2,2,6.0,39,2,5/ 2,0,17,6.50,19.50,18.0,0,0,0,2,0,Titans Second League
,18,32995,SINOVILLE 3,,,,,,,,,,,,,,,,,,,,,,Titans Second League
76,18,32995,JP Roetz,3267058,SINOVILLE 4,,SINOVILLE 4,1200,1,1,4.0,28,2,28/ 2,0,11,7.00,14.00,12.0,0,0,0,4,0,Titans Second League
,18,32995,SINOVILLE 4,,,,,,,,,,,,,,,,,,,,,,Titans Second League
77,18,32995,Tyron Denton,2936916,PHSOB 3,,PHSOB 3,1193,4,3,8.0,58,2,22/ 2,0,26,7.25,29.00,24.0,0,0,0,3,0,Titans Second League
,18,32995,PHSOB 3,,,,,,,,,,,,,,,,,,,,,,Titans Second League
78,18,32995,MJ Gouws,2990919,SINOVILLE 3,,SINOVILLE 3,1194,2,1,9.0,67,2,67/ 2,0,29,7.44,33.50,27.0,0,0,0,7,0,Titans Second League
,18,32995,SINOVILLE 3,,,,,,,,,,,,,,,,,,,,,,Titans Second League
79,18,32995,Luke Mogagene,2987535,TUKS 6,,TUKS 6,1861,3,2,8.0,61,2,31/ 2,0,27,7.62,30.50,24.0,0,0,0,5,1,Titans Second League
,18,32995,TUKS 6,,,,,,,,,,,,,,,,,,,,,,Titans Second League
80,18,32995,Rowan Poole,3056112,CBCOB 3,,CBCOB 3,1196,1,1,7.0,56,2,56/ 2,0,16,8.00,28.00,21.0,0,0,0,1,0,Titans Second League
,18,32995,CBCOB 3,,,,,,,,,,,,,,,,,,,,,,Titans Second League
81,18,32995,Mosleh Uddin,3226767,SINOVILLE 3,,SINOVILLE 3,1194,1,1,1.3,12,2,12/ 2,0,6,8.00,6.00,4.5,0,0,0,0,0,Titans Second League
,18,32995,SINOVILLE 3,,,,,,,,,,,,,,,,,,,,,,Titans Second League
82,18,32995,Jeandre van Molendorff,2936736,SINOVILLE 3,,SINOVILLE 3,1194,1,1,4.0,33,2,33/ 2,0,14,8.25,16.50,12.0,0,0,0,5,0,Titans Second League
,18,32995,SINOVILLE 3,,,,,,,,,,,,,,,,,,,,,,Titans Second League
83,18,32995,Dries Van der Lith,2934771,SINOVILLE 4,,SINOVILLE 4,1200,2,2,6.0,52,2,23/ 2,0,19,8.67,26.00,18.0,0,0,0,2,0,Titans Second League
,18,32995,SINOVILLE 4,,,,,,,,,,,,,,,,,,,,,,Titans Second League
84,18,32995,Hlomla Henna,2936855,TUKS 6,,TUKS 6,1861,7,1,3.0,27,2,27/ 2,0,6,9.00,13.50,9.0,0,0,0,7,0,Titans Second League
,18,32995,TUKS 6,,,,,,,,,,,,,,,,,,,,,,Titans Second League
85,18,32995,Maritz Bezuidenhout,3180554,SINOVILLE 4,,SINOVILLE 4,1200,2,1,3.0,27,2,27/ 2,0,7,9.00,13.50,9.0,0,0,0,3,0,Titans Second League
,18,32995,SINOVILLE 4,,,,,,,,,,,,,,,,,,,,,,Titans Second League
86,18,32995,Bruce Crossey,3018342,CBCOB 3,,CBCOB 3,1196,10,2,5.0,46,2,23/ 2,0,14,9.20,23.00,15.0,0,0,0,1,0,Titans Second League
,18,32995,CBCOB 3,,,,,,,,,,,,,,,,,,,,,,Titans Second League
87,18,32995,Nasir Iqbal,2973877,POLICE 3,,POLICE 3,1201,3,2,14.0,131,2,82/ 2,0,26,9.36,65.50,42.0,0,0,0,1,0,Titans Second League
,18,32995,POLICE 3,,,,,,,,,,,,,,,,,,,,,,Titans Second League
88,18,32995,Shaun Muirhead,2889022,CBCOB 3,,CBCOB 3,1196,10,3,7.0,71,2,18/ 1,0,16,10.14,35.50,21.0,0,0,0,2,0,Titans Second League
,18,32995,CBCOB 3,,,,,,,,,,,,,,,,,,,,,,Titans Second League
89,18,32995,Humayon Baig Mirza,2973881,POLICE 3,,POLICE 3,1201,3,1,6.0,64,2,64/ 2,0,12,10.67,32.00,18.0,0,0,0,0,0,Titans Second League
,18,32995,POLICE 3,,,,,,,,,,,,,,,,,,,,,,Titans Second League
90,18,32995,Paul Gouws,3056110,CBCOB 3,,CBCOB 3,1196,4,1,4.0,45,2,45/ 2,0,10,11.25,22.50,12.0,0,0,0,8,0,Titans Second League
,18,32995,CBCOB 3,,,,,,,,,,,,,,,,,,,,,,Titans Second League
91,18,32995,Dylan Kotze,2987579,CBCOB 3,,CBCOB 3,1196,3,1,1.0,0,1,0/ 1,1,6,0.00,0.00,6.0,0,0,0,0,0,Titans Second League
,18,32995,CBCOB 3,,,,,,,,,,,,,,,,,,,,,,Titans Second League
92,18,32995,Playa3 Cbc,3255332,CBCOB 3,,CBCOB 3,1196,1,1,4.0,9,1,9/ 1,0,16,2.25,9.00,24.0,0,0,0,0,0,Titans Second League
,18,32995,CBCOB 3,,,,,,,,,,,,,,,,,,,,,,Titans Second League
93,18,32995,Wayne Scott,3056109,CBCOB 3,,CBCOB 3,1196,3,1,6.0,16,1,16/ 1,1,25,2.67,16.00,36.0,0,0,0,1,1,Titans Second League
,18,32995,CBCOB 3,,,,,,,,,,,,,,,,,,,,,,Titans Second League
94,18,32995,Franco Ferns,3069549,CBCOB 3,,CBCOB 3,1196,1,1,6.0,19,1,19/ 1,1,24,3.17,19.00,36.0,0,0,0,2,0,Titans Second League
,18,32995,CBCOB 3,,,,,,,,,,,,,,,,,,,,,,Titans Second League
95,18,32995,Xander Venter,3229695,SINOVILLE 3,,SINOVILLE 3,1194,1,1,4.0,13,1,13/ 1,0,20,3.25,13.00,24.0,0,0,0,1,2,Titans Second League
,18,32995,SINOVILLE 3,,,,,,,,,,,,,,,,,,,,,,Titans Second League
96,18,32995,Stefan van Staden,3056136,SINOVILLE 4,,SINOVILLE 4,1200,1,1,6.0,24,1,24/ 1,2,28,4.00,24.00,36.0,0,0,0,1,0,Titans Second League
,18,32995,SINOVILLE 4,,,,,,,,,,,,,,,,,,,,,,Titans Second League
97,18,32995,Jaco de Vos,2936844,TUKS 5,,TUKS 5,1860,1,1,4.0,17,1,17/ 1,0,19,4.25,17.00,24.0,0,0,0,7,0,Titans Second League
,18,32995,TUKS 5,,,,,,,,,,,,,,,,,,,,,,Titans Second League
98,18,32995,Hendre Du toit,2987477,SINOVILLE 4,,SINOVILLE 4,1200,3,2,10.2,45,1,30/ 1,1,36,4.35,45.00,62.0,0,0,0,0,0,Titans Second League
,18,32995,SINOVILLE 4,,,,,,,,,,,,,,,,,,,,,,Titans Second League
99,18,32995,Ivan Bekker,2936839,TUKS 5,,TUKS 5,1860,7,1,0.4,3,1,3/ 1,0,3,4.50,3.00,4.0,0,0,0,0,2,Titans Second League
,18,32995,TUKS 5,,,,,,,,,,,,,,,,,,,,,,Titans Second League
100,18,32995,Hendre Du toit,2987477,SINOVILLE 3,,SINOVILLE 3,1194,2,1,4.0,19,1,19/ 1,0,14,4.75,19.00,24.0,0,0,0,0,0,Titans Second League
,18,32995,SINOVILLE 3,,,,,,,,,,,,,,,,,,,,,,Titans Second League
101,18,32995,Michael Stoop,2936908,PHSOB 3,,PHSOB 3,1193,3,1,2.0,10,1,10/ 1,0,5,5.00,10.00,12.0,0,0,0,2,0,Titans Second League
,18,32995,PHSOB 3,,,,,,,,,,,,,,,,,,,,,,Titans Second League
102,18,32995,Ruan Brenner,3180560,PHSOB 3,,PHSOB 3,1193,1,1,4.0,20,1,20/ 1,0,10,5.00,20.00,24.0,0,0,0,2,1,Titans Second League
,18,32995,PHSOB 3,,,,,,,,,,,,,,,,,,,,,,Titans Second League
103,18,32995,Mosleh Uddin,3226767,SINOVILLE 4,,SINOVILLE 4,1200,1,1,2.0,10,1,10/ 1,0,6,5.00,10.00,12.0,0,0,0,1,0,Titans Second League
,18,32995,SINOVILLE 4,,,,,,,,,,,,,,,,,,,,,,Titans Second League
104,18,32995,Jean Coudron,3229696,SINOVILLE 3,,SINOVILLE 3,1194,2,1,2.0,10,1,10/ 1,0,7,5.00,10.00,12.0,0,0,0,0,0,Titans Second League
,18,32995,SINOVILLE 3,,,,,,,,,,,,,,,,,,,,,,Titans Second League
105,18,32995,Kashif Ghuman,2973876,POLICE 3,,POLICE 3,1201,2,1,4.0,21,1,21/ 1,0,16,5.25,21.00,24.0,0,0,0,0,0,Titans Second League
,18,32995,POLICE 3,,,,,,,,,,,,,,,,,,,,,,Titans Second League
106,18,32995,Joe Vickery,2936854,TUKS 6,,TUKS 6,1861,2,1,6.0,33,1,33/ 1,0,16,5.50,33.00,36.0,0,0,0,5,0,Titans Second League
,18,32995,TUKS 6,,,,,,,,,,,,,,,,,,,,,,Titans Second League
107,18,32995,Kutloano Maseko,2936861,TUKS 6,,TUKS 6,1861,1,1,4.0,22,1,22/ 1,0,17,5.50,22.00,24.0,0,0,0,4,0,Titans Second League
,18,32995,TUKS 6,,,,,,,,,,,,,,,,,,,,,,Titans Second League
108,18,32995,Braam Sinoville,3257329,SINOVILLE 3,,SINOVILLE 3,1194,1,1,4.0,22,1,22/ 1,0,14,5.50,22.00,24.0,0,0,0,0,0,Titans Second League
,18,32995,SINOVILLE 3,,,,,,,,,,,,,,,,,,,,,,Titans Second League
109,18,32995,Ettienne Du Toit,3056134,SINOVILLE 4,,SINOVILLE 4,1200,1,1,7.0,39,1,39/ 1,0,25,5.57,39.00,42.0,0,0,0,9,0,Titans Second League
,18,32995,SINOVILLE 4,,,,,,,,,,,,,,,,,,,,,,Titans Second League
110,18,32995,Marius Bornman,2936833,TUKS 5,,TUKS 5,1860,9,1,3.0,17,1,17/ 1,0,11,5.67,17.00,18.0,0,0,0,1,0,Titans Second League
,18,32995,TUKS 5,,,,,,,,,,,,,,,,,,,,,,Titans Second League
111,18,32995,Ruben Munnik,3056142,SINOVILLE 4,,SINOVILLE 4,1200,3,1,3.0,17,1,17/ 1,0,13,5.67,17.00,18.0,0,0,0,0,3,Titans Second League
,18,32995,SINOVILLE 4,,,,,,,,,,,,,,,,,,,,,,Titans Second League
112,18,32995,Stephan Lotter,2990921,SINOVILLE 3,,SINOVILLE 3,1194,1,1,4.0,23,1,23/ 1,0,18,5.75,23.00,24.0,0,0,0,1,1,Titans Second League
,18,32995,SINOVILLE 3,,,,,,,,,,,,,,,,,,,,,,Titans Second League
113,18,32995,Jeandre Joubert,3257328,SINOVILLE 3,,SINOVILLE 3,1194,1,1,4.0,23,1,23/ 1,0,12,5.75,23.00,24.0,0,0,0,0,0,Titans Second League
,18,32995,SINOVILLE 3,,,,,,,,,,,,,,,,,,,,,,Titans Second League
114,18,32995,Stefan Schutte,2987475,SINOVILLE 4,,SINOVILLE 4,1200,2,1,5.0,30,1,30/ 1,0,17,6.00,30.00,30.0,0,0,0,1,0,Titans Second League
,18,32995,SINOVILLE 4,,,,,,,,,,,,,,,,,,,,,,Titans Second League
115,18,32995,Wian Munnik,2990925,SINOVILLE 3,,SINOVILLE 3,1194,1,1,2.2,14,1,14/ 1,0,8,6.00,14.00,14.0,0,0,0,0,0,Titans Second League
,18,32995,SINOVILLE 3,,,,,,,,,,,,,,,,,,,,,,Titans Second League
116,18,32995,Keaton Steenkamp,2944947,SINOVILLE 3,,SINOVILLE 3,1194,1,1,5.0,31,1,31/ 1,0,18,6.20,31.00,30.0,0,0,0,2,0,Titans Second League
,18,32995,SINOVILLE 3,,,,,,,,,,,,,,,,,,,,,,Titans Second League
117,18,32995,Gerrie Viljoen,3015413,IRENE VILLAGERS 3,,IRENE VILLAGERS 3,1195,1,1,5.0,31,1,31/ 1,0,19,6.20,31.00,30.0,0,0,0,5,1,Titans Second League
,18,32995,IRENE VILLAGERS 3,,,,,,,,,,,,,,,,,,,,,,Titans Second League
118,18,32995,Bonolo Khuzwayo,3018350,TUKS 6,,TUKS 6,1861,1,1,7.0,44,1,44/ 1,0,26,6.29,44.00,42.0,0,0,0,5,0,Titans Second League
,18,32995,TUKS 6,,,,,,,,,,,,,,,,,,,,,,Titans Second League
119,18,32995,Varun Cherian,2987527,TUKS 6,,TUKS 6,1861,1,1,3.0,19,1,19/ 1,0,14,6.33,19.00,18.0,0,0,0,1,2,Titans Second League
,18,32995,TUKS 6,,,,,,,,,,,,,,,,,,,,,,Titans Second League
120,18,32995,Jason Gillard,3003090,SINOVILLE 3,,SINOVILLE 3,1194,1,1,3.0,19,1,19/ 1,0,11,6.33,19.00,18.0,0,0,0,3,0,Titans Second League
,18,32995,SINOVILLE 3,,,,,,,,,,,,,,,,,,,,,,Titans Second League
121,18,32995,Wayne Steyn,3146405,TUT 3,,TUT 3,1197,1,1,3.0,19,1,19/ 1,0,12,6.33,19.00,18.0,0,0,0,11,0,Titans Second League
,18,32995,TUT 3,,,,,,,,,,,,,,,,,,,,,,Titans Second League
122,18,32995,Stanley Fabri,3056139,SINOVILLE 3,,SINOVILLE 3,1194,1,1,2.0,13,1,13/ 1,0,8,6.50,13.00,12.0,0,0,0,2,0,Titans Second League
,18,32995,SINOVILLE 3,,,,,,,,,,,,,,,,,,,,,,Titans Second League
123,18,32995,Brendan Freiser,3069550,CBCOB 3,,CBCOB 3,1196,2,1,3.0,20,1,20/ 1,0,8,6.67,20.00,18.0,0,0,0,1,0,Titans Second League
,18,32995,CBCOB 3,,,,,,,,,,,,,,,,,,,,,,Titans Second League
124,18,32995,Pieter Smit,3145212,CBCOB 3,,CBCOB 3,1196,1,1,1.3,10,1,10/ 1,0,5,6.67,10.00,9.0,0,0,0,0,0,Titans Second League
,18,32995,CBCOB 3,,,,,,,,,,,,,,,,,,,,,,Titans Second League
125,18,32995,Pippie Kemm,3033949,PHSOB 3,,PHSOB 3,1193,4,4,17.1,115,1,32/ 1,1,66,6.70,115.00,103.0,0,0,0,15,1,Titans Second League
,18,32995,PHSOB 3,,,,,,,,,,,,,,,,,,,,,,Titans Second League
126,18,32995,David Ewen,2987528,TUKS 6,,TUKS 6,1861,5,2,7.0,47,1,37/ 1,0,19,6.71,47.00,42.0,0,0,0,3,0,Titans Second League
,18,32995,TUKS 6,,,,,,,,,,,,,,,,,,,,,,Titans Second League
127,18,32995,Juan Matta,3229701,SINOVILLE 3,,SINOVILLE 3,1194,1,1,4.0,27,1,27/ 1,1,17,6.75,27.00,24.0,0,0,0,0,0,Titans Second League
,18,32995,SINOVILLE 3,,,,,,,,,,,,,,,,,,,,,,Titans Second League
128,18,32995,Wian van Deventer,3255254,SINOVILLE 4,,SINOVILLE 4,1200,2,1,4.0,28,1,28/ 1,0,12,7.00,28.00,24.0,0,0,0,5,2,Titans Second League
,18,32995,SINOVILLE 4,,,,,,,,,,,,,,,,,,,,,,Titans Second League
129,18,32995,Muhammad Qasim Muhammad,2973875,POLICE 3,,POLICE 3,1201,3,3,12.0,85,1,69/ 1,1,28,7.08,85.00,72.0,0,0,0,4,1,Titans Second League
,18,32995,POLICE 3,,,,,,,,,,,,,,,,,,,,,,Titans Second League
130,18,32995,Nico Kruger,2936834,TUKS 5,,TUKS 5,1860,3,3,14.0,102,1,45/ 1,0,38,7.29,102.00,84.0,0,0,0,5,0,Titans Second League
,18,32995,TUKS 5,,,,,,,,,,,,,,,,,,,,,,Titans Second League
131,18,32995,Dylan Van wyk,2987473,SINOVILLE 4,,SINOVILLE 4,1200,3,2,6.0,44,1,28/ 1,0,16,7.33,44.00,36.0,0,0,0,5,0,Titans Second League
,18,32995,SINOVILLE 4,,,,,,,,,,,,,,,,,,,,,,Titans Second League
132,18,32995,Wian Munnik,3198244,SINOVILLE 4,,SINOVILLE 4,1200,2,1,4.0,30,1,30/ 1,0,15,7.50,30.00,24.0,0,0,0,7,0,Titans Second League
,18,32995,SINOVILLE 4,,,,,,,,,,,,,,,,,,,,,,Titans Second League
133,18,32995,Playa4 Cbc,3255333,CBCOB 3,,CBCOB 3,1196,1,1,2.0,15,1,15/ 1,0,6,7.50,15.00,12.0,0,0,0,8,0,Titans Second League
,18,32995,CBCOB 3,,,,,,,,,,,,,,,,,,,,,,Titans Second League
134,18,32995,Kai Trimpelmann,3180552,SINOVILLE 4,,SINOVILLE 4,1200,1,1,2.0,16,1,16/ 1,0,7,8.00,16.00,12.0,0,0,0,1,0,Titans Second League
,18,32995,SINOVILLE 4,,,,,,,,,,,,,,,,,,,,,,Titans Second League
135,18,32995,Muhammed Moosa,2987530,TUKS 6,,TUKS 6,1861,4,2,3.4,30,1,18/ 1,0,10,8.18,30.00,22.0,0,0,0,0,0,Titans Second League
,18,32995,TUKS 6,,,,,,,,,,,,,,,,,,,,,,Titans Second League
136,18,32995,Kieran Anderson,2936859,TUKS 6,,TUKS 6,1861,6,2,7.1,60,1,31/ 1,0,21,8.37,60.00,43.0,0,0,0,3,2,Titans Second League
,18,32995,TUKS 6,,,,,,,,,,,,,,,,,,,,,,Titans Second League
137,18,32995,Eddie Robenson,3255311,SINOVILLE 4,,SINOVILLE 4,1200,1,1,4.0,38,1,38/ 1,0,11,9.50,38.00,24.0,0,0,0,1,1,Titans Second League
,18,32995,SINOVILLE 4,,,,,,,,,,,,,,,,,,,,,,Titans Second League
138,18,32995,Puseletso Mogofe,2936856,TUKS 6,,TUKS 6,1861,4,3,8.0,80,1,43/ 1,0,18,10.00,80.00,48.0,0,0,0,3,2,Titans Second League
,18,32995,TUKS 6,,,,,,,,,,,,,,,,,,,,,,Titans Second League
139,18,32995,Muhammad Adil Khan,2973879,POLICE 3,,POLICE 3,1201,3,3,16.0,165,1,67/ 1,0,31,10.31,165.00,96.0,0,0,0,1,1,Titans Second League
,18,32995,POLICE 3,,,,,,,,,,,,,,,,,,,,,,Titans Second League
140,18,32995,Byron Slaughter,3226764,SINOVILLE 4,,SINOVILLE 4,1200,3,2,4.0,42,1,11/ 1,0,13,10.50,42.00,24.0,0,0,0,2,1,Titans Second League
,18,32995,SINOVILLE 4,,,,,,,,,,,,,,,,,,,,,,Titans Second League
141,18,32995,Waseem Ullah,2973878,POLICE 3,,POLICE 3,1201,3,3,8.0,86,1,14/ 1,0,19,10.75,86.00,48.0,0,0,0,21,1,Titans Second League
,18,32995,POLICE 3,,,,,,,,,,,,,,,,,,,,,,Titans Second League
142,18,32995,Tavish Seebran Ramthol,2936867,TUKS 6,,TUKS 6,1861,1,1,6.0,68,1,68/ 1,1,12,11.33,68.00,36.0,0,0,0,4,0,Titans Second League
,18,32995,TUKS 6,,,,,,,,,,,,,,,,,,,,,,Titans Second League
143,18,32995,Jan Jones,2936838,TUKS 5,,TUKS 5,1860,4,3,8.0,92,1,20/ 1,0,21,11.50,92.00,48.0,0,0,0,20,0,Titans Second League
,18,32995,TUKS 5,,,,,,,,,,,,,,,,,,,,,,Titans Second League
144,18,32995,Henko Affies,3180556,IRENE VILLAGERS 3,,IRENE VILLAGERS 3,1195,2,2,3.0,37,1,30/ 1,0,8,12.33,37.00,18.0,0,0,0,0,0,Titans Second League
,18,32995,IRENE VILLAGERS 3,,,,,,,,,,,,,,,,,,,,,,Titans Second League
145,18,32995,Hossin Rony,3242450,SINOVILLE 4,,SINOVILLE 4,1200,1,1,4.0,50,1,50/ 1,0,10,12.50,50.00,24.0,0,0,0,3,0,Titans Second League
,18,32995,SINOVILLE 4,,,,,,,,,,,,,,,,,,,,,,Titans Second League
146,18,32995,Erik Hartman,2936852,TUKS 6,,TUKS 6,1861,4,2,1.2,21,1,15/ 1,0,1,15.75,21.00,8.0,0,0,0,0,0,Titans Second League
,18,32995,TUKS 6,,,,,,,,,,,,,,,,,,,,,,Titans Second League
147,18,32995,Anton Behr,2973880,POLICE 3,,POLICE 3,1201,2,1,2.0,6,0,0/ 0,0,7,3.00,0,0.0,0,0,0,1,0,Titans Second League
,18,32995,POLICE 3,,,,,,,,,,,,,,,,,,,,,,Titans Second League
148,18,32995,Playa1 Cbc,3255330,CBCOB 3,,CBCOB 3,1196,1,1,4.0,13,0,13/ 0,0,15,3.25,0,0.0,0,0,0,0,0,Titans Second League
,18,32995,CBCOB 3,,,,,,,,,,,,,,,,,,,,,,Titans Second League
149,18,32995,Ivan Venter,2936845,TUKS 5,,TUKS 5,1860,5,1,3.0,10,0,0/ 0,1,15,3.33,0,0.0,0,0,0,1,0,Titans Second League
,18,32995,TUKS 5,,,,,,,,,,,,,,,,,,,,,,Titans Second League
150,18,32995,Wian Nel,2987474,SINOVILLE 4,,SINOVILLE 4,1200,2,1,3.0,11,0,0/ 0,0,13,3.67,0,0.0,0,0,0,0,0,Titans Second League
,18,32995,SINOVILLE 4,,,,,,,,,,,,,,,,,,,,,,Titans Second League
151,18,32995,Josh Brady,3018177,PHSOB 3,,PHSOB 3,1193,1,1,6.0,23,0,23/ 0,1,28,3.83,0,0.0,0,0,0,4,1,Titans Second League
,18,32995,PHSOB 3,,,,,,,,,,,,,,,,,,,,,,Titans Second League
152,18,32995,Ewan Tuks 6,3180559,TUKS 6,,TUKS 6,1861,1,1,2.0,9,0,9/ 0,0,6,4.50,0,0.0,0,0,0,2,0,Titans Second League
,18,32995,TUKS 6,,,,,,,,,,,,,,,,,,,,,,Titans Second League
153,18,32995,Morgan Potgiter,3198242,SINOVILLE 4,,SINOVILLE 4,1200,1,1,4.0,20,0,20/ 0,0,16,5.00,0,0.0,0,0,0,1,0,Titans Second League
,18,32995,SINOVILLE 4,,,,,,,,,,,,,,,,,,,,,,Titans Second League
154,18,32995,Pusoletso Ethan,3277434,TUKS 6,,TUKS 6,1861,1,1,1.0,5,0,5/ 0,0,3,5.00,0,0.0,0,0,0,0,0,Titans Second League
,18,32995,TUKS 6,,,,,,,,,,,,,,,,,,,,,,Titans Second League
155,18,32995,Jonson Cbc,3069787,CBCOB 3,,CBCOB 3,1196,1,1,2.0,11,0,11/ 0,0,7,5.50,0,0.0,0,0,0,3,0,Titans Second League
,18,32995,CBCOB 3,,,,,,,,,,,,,,,,,,,,,,Titans Second League
156,18,32995,Tiaan Dorfling,3693408,IRENE VILLAGERS 3,,IRENE VILLAGERS 3,1195,2,2,3.0,18,0,3/ 0,0,13,6.00,0,0.0,0,0,0,1,0,Titans Second League
,18,32995,IRENE VILLAGERS 3,,,,,,,,,,,,,,,,,,,,,,Titans Second League
157,18,32995,Tumelo Sinoville,3242453,SINOVILLE 4,,SINOVILLE 4,1200,1,1,4.0,25,0,25/ 0,1,15,6.25,0,0.0,0,0,0,1,0,Titans Second League
,18,32995,SINOVILLE 4,,,,,,,,,,,,,,,,,,,,,,Titans Second League
158,18,32995,Lucky Moshoati,3031823,TUKS 5,,TUKS 5,1860,1,1,3.0,19,0,19/ 0,0,11,6.33,0,0.0,0,0,0,3,1,Titans Second League
,18,32995,TUKS 5,,,,,,,,,,,,,,,,,,,,,,Titans Second League
159,18,32995,Gerrald Gouws,3056111,CBCOB 3,,CBCOB 3,1196,2,1,6.0,38,0,0/ 0,0,18,6.33,0,0.0,0,0,0,3,0,Titans Second League
,18,32995,CBCOB 3,,,,,,,,,,,,,,,,,,,,,,Titans Second League
160,18,32995,Tyler Irene,3255327,IRENE VILLAGERS 3,,IRENE VILLAGERS 3,1195,1,1,2.4,17,0,17/ 0,0,8,6.38,0,0.0,0,0,0,0,0,Titans Second League
,18,32995,IRENE VILLAGERS 3,,,,,,,,,,,,,,,,,,,,,,Titans Second League
161,18,32995,Bradley Joynt,3015414,IRENE VILLAGERS 3,,IRENE VILLAGERS 3,1195,2,1,4.0,26,0,0/ 0,0,16,6.50,0,0.0,0,0,0,1,1,Titans Second League
,18,32995,IRENE VILLAGERS 3,,,,,,,,,,,,,,,,,,,,,,Titans Second League
162,18,32995,Playa6 Cbc,3255335,CBCOB 3,,CBCOB 3,1196,1,1,2.0,13,0,13/ 0,0,6,6.50,0,0.0,0,0,0,1,0,Titans Second League
,18,32995,CBCOB 3,,,,,,,,,,,,,,,,,,,,,,Titans Second League
163,18,32995,Wiehan Nel,2936753,SINOVILLE 3,,SINOVILLE 3,1194,1,1,1.0,7,0,7/ 0,0,5,7.00,0,0.0,0,0,0,6,0,Titans Second League
,18,32995,SINOVILLE 3,,,,,,,,,,,,,,,,,,,,,,Titans Second League
164,18,32995,Playa5 Cbc,3255334,CBCOB 3,,CBCOB 3,1196,1,1,2.0,14,0,14/ 0,0,8,7.00,0,0.0,0,0,0,3,1,Titans Second League
,18,32995,CBCOB 3,,,,,,,,,,,,,,,,,,,,,,Titans Second League
165,18,32995,Hancko Vosser,2936836,TUKS 5,,TUKS 5,1860,5,5,20.3,147,0,6/ 0,1,59,7.17,0,0.0,0,0,0,10,3,Titans Second League
,18,32995,TUKS 5,,,,,,,,,,,,,,,,,,,,,,Titans Second League
166,18,32995,Henro Bouwer,3180583,SINOVILLE 3,,SINOVILLE 3,1194,1,1,4.0,30,0,30/ 0,0,13,7.50,0,0.0,0,0,0,3,0,Titans Second League
,18,32995,SINOVILLE 3,,,,,,,,,,,,,,,,,,,,,,Titans Second League
167,18,32995,Rhys Tuks6,3242941,TUKS 6,,TUKS 6,1861,1,1,4.0,30,0,30/ 0,0,10,7.50,0,0.0,0,0,0,3,0,Titans Second League
,18,32995,TUKS 6,,,,,,,,,,,,,,,,,,,,,,Titans Second League
168,18,32995,Stephan Stoltz,3056114,CBCOB 3,,CBCOB 3,1196,1,1,5.0,38,0,38/ 0,0,13,7.60,0,0.0,0,0,0,5,0,Titans Second League
,18,32995,CBCOB 3,,,,,,,,,,,,,,,,,,,,,,Titans Second League
169,18,32995,Deon Van Huyssteen,3018345,CBCOB 3,,CBCOB 3,1196,7,3,5.0,39,0,0/ 0,0,17,7.80,0,0.0,0,0,0,6,1,Titans Second League
,18,32995,CBCOB 3,,,,,,,,,,,,,,,,,,,,,,Titans Second League
170,18,32995,Berno Klopper,3180553,SINOVILLE 3,,SINOVILLE 3,1194,3,1,2.0,16,0,0/ 0,0,7,8.00,0,0.0,0,0,0,2,1,Titans Second League
,18,32995,SINOVILLE 3,,,,,,,,,,,,,,,,,,,,,,Titans Second League
171,18,32995,Mohammed Arbaz,2987534,TUKS 6,,TUKS 6,1861,5,4,10.0,82,0,0/ 0,1,30,8.20,0,0.0,0,0,0,10,2,Titans Second League
,18,32995,TUKS 6,,,,,,,,,,,,,,,,,,,,,,Titans Second League
172,18,32995,Want V deventer,3180548,SINOVILLE 4,,SINOVILLE 4,1200,1,1,2.0,17,0,17/ 0,0,5,8.50,0,0.0,0,0,0,6,0,Titans Second League
,18,32995,SINOVILLE 4,,,,,,,,,,,,,,,,,,,,,,Titans Second League
173,18,32995,Playa7 Cbc,3255336,CBCOB 3,,CBCOB 3,1196,1,1,2.0,17,0,17/ 0,0,5,8.50,0,0.0,0,0,0,1,0,Titans Second League
,18,32995,CBCOB 3,,,,,,,,,,,,,,,,,,,,,,Titans Second League
174,18,32995,Jeandre Roux,3018228,TUT 3,,TUT 3,1197,5,1,2.0,18,0,0/ 0,0,3,9.00,0,0.0,0,0,0,0,0,Titans Second League
,18,32995,TUT 3,,,,,,,,,,,,,,,,,,,,,,Titans Second League
175,18,32995,Marnus Swanepoel,3180584,SINOVILLE 3,,SINOVILLE 3,1194,1,1,1.0,9,0,9/ 0,0,0,9.00,0,0.0,0,0,0,1,0,Titans Second League
,18,32995,SINOVILLE 3,,,,,,,,,,,,,,,,,,,,,,Titans Second League
176,18,32995,Gian Tuks 6,3163548,TUKS 6,,TUKS 6,1861,3,3,5.0,47,0,3/ 0,0,13,9.40,0,0.0,0,0,0,2,1,Titans Second League
,18,32995,TUKS 6,,,,,,,,,,,,,,,,,,,,,,Titans Second League
177,18,32995,Lehlohonolo Moshoati,3266899,TUKS 5,,TUKS 5,1860,1,1,3.0,29,0,29/ 0,0,7,9.67,0,0.0,0,0,0,0,0,Titans Second League
,18,32995,TUKS 5,,,,,,,,,,,,,,,,,,,,,,Titans Second League
178,18,32995,Nico de Bruyn,3180581,TUKS 5,,TUKS 5,1860,2,1,2.0,20,0,0/ 0,0,2,10.00,0,0.0,0,0,0,1,0,Titans Second League
,18,32995,TUKS 5,,,,,,,,,,,,,,,,,,,,,,Titans Second League
179,18,32995,Rudi Roets,3226769,SINOVILLE 4,,SINOVILLE 4,1200,3,1,2.0,20,0,0/ 0,0,4,10.00,0,0.0,0,0,0,1,0,Titans Second League
,18,32995,SINOVILLE 4,,,,,,,,,,,,,,,,,,,,,,Titans Second League
180,18,32995,Tihardt Kruger,3242942,TUKS 5,,TUKS 5,1860,1,1,1.0,10,0,10/ 0,0,2,10.00,0,0.0,0,0,0,0,0,Titans Second League
,18,32995,TUKS 5,,,,,,,,,,,,,,,,,,,,,,Titans Second League
181,18,32995,Edwin Xx,3267059,TUT 3,,TUT 3,1197,2,1,1.0,10,0,0/ 0,0,2,10.00,0,0.0,0,0,0,0,0,Titans Second League
,18,32995,TUT 3,,,,,,,,,,,,,,,,,,,,,,Titans Second League
182,18,32995,Sana ullah Ula,3032044,POLICE 3,,POLICE 3,1201,1,1,4.0,41,0,41/ 0,0,8,10.25,0,0.0,0,0,0,0,0,Titans Second League
,18,32995,POLICE 3,,,,,,,,,,,,,,,,,,,,,,Titans Second League
183,18,32995,Thoriso Dibatana,3018349,TUKS 6,,TUKS 6,1861,5,4,10.3,108,0,0/ 0,0,24,10.29,0,0.0,0,0,0,9,0,Titans Second League
,18,32995,TUKS 6,,,,,,,,,,,,,,,,,,,,,,Titans Second League
184,18,32995,Matimu Mayayise,2936840,TUKS 5,,TUKS 5,1860,4,3,6.0,68,0,0/ 0,0,14,11.33,0,0.0,0,0,0,13,0,Titans Second League
,18,32995,TUKS 5,,,,,,,,,,,,,,,,,,,,,,Titans Second League
185,18,32995,Amin Qasim,1439806,POLICE 3,,POLICE 3,1201,3,2,8.0,96,0,0/ 0,0,16,12.00,0,0.0,0,0,0,8,0,Titans Second League
,18,32995,POLICE 3,,,,,,,,,,,,,,,,,,,,,,Titans Second League
186,18,32995,Cecil Chitaka,3255253,TUKS 5,,TUKS 5,1860,1,1,2.0,24,0,24/ 0,0,5,12.00,0,0.0,0,0,0,3,0,Titans Second League
,18,32995,TUKS 5,,,,,,,,,,,,,,,,,,,,,,Titans Second League
187,18,32995,Danish Khan,1636074,POLICE 3,,POLICE 3,1201,3,2,7.0,86,0,0/ 0,0,15,12.29,0,0.0,0,0,0,9,1,Titans Second League
,18,32995,POLICE 3,,,,,,,,,,,,,,,,,,,,,,Titans Second League
188,18,32995,Johan Feuth,3056115,CBCOB 3,,CBCOB 3,1196,3,1,3.0,38,0,0/ 0,0,9,12.67,0,0.0,0,0,0,1,0,Titans Second League
,18,32995,CBCOB 3,,,,,,,,,,,,,,,,,,,,,,Titans Second League
189,18,32995,Phillp Irene,3255329,IRENE VILLAGERS 3,,IRENE VILLAGERS 3,1195,1,1,1.0,13,0,13/ 0,0,4,13.00,0,0.0,0,0,0,10,0,Titans Second League
,18,32995,IRENE VILLAGERS 3,,,,,,,,,,,,,,,,,,,,,,Titans Second League
190,18,32995,Berno Klopper,3180553,SINOVILLE 4,,SINOVILLE 4,1200,1,1,1.0,14,0,14/ 0,0,3,14.00,0,0.0,0,0,0,0,0,Titans Second League
,18,32995,SINOVILLE 4,,,,,,,,,,,,,,,,,,,,,,Titans Second League
191,18,32995,Michael Du Plessis,3226770,TUKS 6,,TUKS 6,1861,1,1,1.0,16,0,16/ 0,0,2,16.00,0,0.0,0,0,0,5,0,Titans Second League
,18,32995,TUKS 6,,,,,,,,,,,,,,,,,,,,,,Titans Second League
192,18,32995,Maans De Roubaix,3242452,SINOVILLE 4,,SINOVILLE 4,1200,1,1,1.0,16,0,16/ 0,0,1,16.00,0,0.0,0,0,0,0,0,Titans Second League
,18,32995,SINOVILLE 4,,,,,,,,,,,,,,,,,,,,,,Titans Second League
193,18,32995,Kobus Gouws,2990920,SINOVILLE 3,,SINOVILLE 3,1194,1,1,2.0,33,0,33/ 0,0,3,16.50,0,0.0,0,0,0,5,0,Titans Second League
,18,32995,SINOVILLE 3,,,,,,,,,,,,,,,,,,,,,,Titans Second League
194,18,32995,Justin Mostert,2973874,POLICE 3,,POLICE 3,1201,3,1,4.0,69,0,0/ 0,0,3,17.25,0,0.0,0,0,0,6,0,Titans Second League
,18,32995,POLICE 3,,,,,,,,,,,,,,,,,,,,,,Titans Second League
195,18,32995,Janko Roets,2936858,TUKS 6,,TUKS 6,1861,2,1,1.0,18,0,0/ 0,0,3,18.00,0,0.0,0,0,0,4,0,Titans Second League
,18,32995,TUKS 6,,,,,,,,,,,,,,,,,,,,,,Titans Second League
196,18,32995,Du Preez Prinsloo,3229700,SINOVILLE 3,,SINOVILLE 3,1194,1,1,1.0,18,0,18/ 0,0,1,18.00,0,0.0,0,0,0,0,0,Titans Second League
,18,32995,SINOVILLE 3,,,,,,,,,,,,,,,,,,,,,,Titans Second League
197,18,32995,Tiaan Marais,2987532,TUKS 6,,TUKS 6,1861,2,1,1.0,20,0,0/ 0,0,2,20.00,0,0.0,0,0,0,0,0,Titans Second League
,18,32995,TUKS 6,,,,,,,,,,,,,,,,,,,,,,Titans Second League
198,18,32995,Pieter Jansen van Rensburg,3198240,SINOVILLE 4,,SINOVILLE 4,1200,1,1,1.0,21,0,21/ 0,0,1,21.00,0,0.0,0,0,0,1,0,Titans Second League
,18,32995,SINOVILLE 4,,,,,,,,,,,,,,,,,,,,,,Titans Second League
