SNO,LEAGUE_ID,CLUB_ID,PLAYER,PLAYER_ID,TEAM_IMG,BLANK,TEAM,TEAM_ID,CATCHES,WK_CATCHES,DIRECT_RO,INDIRECT_RO,STUMPINGS,TOTAL,League Name
1,949,32995,Stefan Van Der Linden,4742893,PHSOB 3,,PHSOB 3,5428,1,13,0,2,0,16,2025/2026 TITANS SECOND LEAGUE
,949,32995,PHSOB 3,,,,,,,,,,,,2025/2026 TITANS SECOND LEAGUE
2,949,32995,Donovan du Toit,3713457,TUKS 5,,TUKS 5,5430,6,7,0,1,0,14,2025/2026 TITANS SECOND LEAGUE
,949,32995,TUKS 5,,,,,,,,,,,,2025/2026 TITANS SECOND LEAGUE
3,949,32995,Rykers Voges,6299646,CBCOB 3,,CBCOB 3,5425,2,9,0,0,0,11,2025/2026 TITANS SECOND LEAGUE
,949,32995,CBCOB 3,,,,,,,,,,,,2025/2026 TITANS SECOND LEAGUE
4,949,32995,Jeandre Roux,3018228,TUT 3,,TUT 3,5431,7,0,0,0,0,7,2025/2026 TITANS SECOND LEAGUE
,949,32995,TUT 3,,,,,,,,,,,,2025/2026 TITANS SECOND LEAGUE
5,949,32995,Kyle Kunneke,2985826,IRENE VILLAGERS 3,,IRENE VILLAGERS 3,5427,5,0,2,0,0,7,2025/2026 TITANS SECOND LEAGUE
,949,32995,IRENE VILLAGERS 3,,,,,,,,,,,,2025/2026 TITANS SECOND LEAGUE
6,949,32995,Brent Hartley,2985828,IRENE VILLAGERS 4,,IRENE VILLAGERS 4,5432,2,4,0,0,0,6,2025/2026 TITANS SECOND LEAGUE
,949,32995,IRENE VILLAGERS 4,,,,,,,,,,,,2025/2026 TITANS SECOND LEAGUE
7,949,32995,Niel Coetzee,3018224,TUT 3,,TUT 3,5431,0,6,0,0,0,6,2025/2026 TITANS SECOND LEAGUE
,949,32995,TUT 3,,,,,,,,,,,,2025/2026 TITANS SECOND LEAGUE
8,949,32995,Divan Potgieter,4673570,TUT 3,,TUT 3,5431,6,0,0,0,0,6,2025/2026 TITANS SECOND LEAGUE
,949,32995,TUT 3,,,,,,,,,,,,2025/2026 TITANS SECOND LEAGUE
9,949,32995,Ulrich Breytenbach,6592628,HARLEQUINS 3,,HARLEQUINS 3,5426,4,0,1,1,0,6,2025/2026 TITANS SECOND LEAGUE
,949,32995,HARLEQUINS 3,,,,,,,,,,,,2025/2026 TITANS SECOND LEAGUE
10,949,32995,Marko De Cock,4688791,PHSOB 3,,PHSOB 3,5428,5,0,0,0,0,5,2025/2026 TITANS SECOND LEAGUE
,949,32995,PHSOB 3,,,,,,,,,,,,2025/2026 TITANS SECOND LEAGUE
11,949,32995,Eugene Botha,4973974,IRENE VILLAGERS 4,,IRENE VILLAGERS 4,5432,5,0,0,0,0,5,2025/2026 TITANS SECOND LEAGUE
,949,32995,IRENE VILLAGERS 4,,,,,,,,,,,,2025/2026 TITANS SECOND LEAGUE
12,949,32995,Michael Kershaw,6297242,PHSOB 3,,PHSOB 3,5428,5,0,0,0,0,5,2025/2026 TITANS SECOND LEAGUE
,949,32995,PHSOB 3,,,,,,,,,,,,2025/2026 TITANS SECOND LEAGUE
13,949,32995,Ruan Coetzer,6336357,HARLEQUINS 3,,HARLEQUINS 3,5426,5,0,0,0,0,5,2025/2026 TITANS SECOND LEAGUE
,949,32995,HARLEQUINS 3,,,,,,,,,,,,2025/2026 TITANS SECOND LEAGUE
14,949,32995,Henco Murphy,3771718,IRENE VILLAGERS 3,,IRENE VILLAGERS 3,5427,0,4,0,1,0,5,2025/2026 TITANS SECOND LEAGUE
,949,32995,IRENE VILLAGERS 3,,,,,,,,,,,,2025/2026 TITANS SECOND LEAGUE
15,949,32995,Dylan Howe-Dreyer,2936902,PHSOB 3,,PHSOB 3,5428,0,3,0,1,1,5,2025/2026 TITANS SECOND LEAGUE
,949,32995,PHSOB 3,,,,,,,,,,,,2025/2026 TITANS SECOND LEAGUE
16,949,32995,Reinhardt Hamann,6371950,TUKS 5,,TUKS 5,5430,2,1,1,1,0,5,2025/2026 TITANS SECOND LEAGUE
,949,32995,TUKS 5,,,,,,,,,,,,2025/2026 TITANS SECOND LEAGUE
17,949,32995,Tiaan Engelbrecht,2936837,TUKS 5,,TUKS 5,5430,4,0,0,0,0,4,2025/2026 TITANS SECOND LEAGUE
,949,32995,TUKS 5,,,,,,,,,,,,2025/2026 TITANS SECOND LEAGUE
18,949,32995,Jan Jones,2936838,TUKS 5,,TUKS 5,5430,4,0,0,0,0,4,2025/2026 TITANS SECOND LEAGUE
,949,32995,TUKS 5,,,,,,,,,,,,2025/2026 TITANS SECOND LEAGUE
19,949,32995,Frits Snyman,2936846,TUKS 5,,TUKS 5,5430,1,3,0,0,0,4,2025/2026 TITANS SECOND LEAGUE
,949,32995,TUKS 5,,,,,,,,,,,,2025/2026 TITANS SECOND LEAGUE
20,949,32995,Ruan Ebersohn,2985830,IRENE VILLAGERS 4,,IRENE VILLAGERS 4,5432,4,0,0,0,0,4,2025/2026 TITANS SECOND LEAGUE
,949,32995,IRENE VILLAGERS 4,,,,,,,,,,,,2025/2026 TITANS SECOND LEAGUE
21,949,32995,Clayton Brunsdon,4100291,IRENE VILLAGERS 4,,IRENE VILLAGERS 4,5432,4,0,0,0,0,4,2025/2026 TITANS SECOND LEAGUE
,949,32995,IRENE VILLAGERS 4,,,,,,,,,,,,2025/2026 TITANS SECOND LEAGUE
22,949,32995,Wayne Sadler,6336329,TUKS 5,,TUKS 5,5430,4,0,0,0,0,4,2025/2026 TITANS SECOND LEAGUE
,949,32995,TUKS 5,,,,,,,,,,,,2025/2026 TITANS SECOND LEAGUE
23,949,32995,Nicolas Conradie,6552297,IRENE VILLAGERS 3,,IRENE VILLAGERS 3,5427,4,0,0,0,0,4,2025/2026 TITANS SECOND LEAGUE
,949,32995,IRENE VILLAGERS 3,,,,,,,,,,,,2025/2026 TITANS SECOND LEAGUE
24,949,32995,Burgert Kloppers,4742888,PHSOB 3,,PHSOB 3,5428,3,0,0,1,0,4,2025/2026 TITANS SECOND LEAGUE
,949,32995,PHSOB 3,,,,,,,,,,,,2025/2026 TITANS SECOND LEAGUE
25,949,32995,Brandon Polyblank,6336390,IRENE VILLAGERS 4,,IRENE VILLAGERS 4,5432,3,0,1,0,0,4,2025/2026 TITANS SECOND LEAGUE
,949,32995,IRENE VILLAGERS 4,,,,,,,,,,,,2025/2026 TITANS SECOND LEAGUE
26,949,32995,Henry Cbc,6442337,CBCOB 3,,CBCOB 3,5425,3,0,1,0,0,4,2025/2026 TITANS SECOND LEAGUE
,949,32995,CBCOB 3,,,,,,,,,,,,2025/2026 TITANS SECOND LEAGUE
27,949,32995,Mark Yafee,6552299,CBCOB 3,,CBCOB 3,5425,1,0,1,2,0,4,2025/2026 TITANS SECOND LEAGUE
,949,32995,CBCOB 3,,,,,,,,,,,,2025/2026 TITANS SECOND LEAGUE
28,949,32995,Martin Van Tonder,2840539,TUKS 5,,TUKS 5,5430,3,0,0,0,0,3,2025/2026 TITANS SECOND LEAGUE
,949,32995,TUKS 5,,,,,,,,,,,,2025/2026 TITANS SECOND LEAGUE
29,949,32995,Ettienne Tait,2939149,HARLEQUINS 3,,HARLEQUINS 3,5426,3,0,0,0,0,3,2025/2026 TITANS SECOND LEAGUE
,949,32995,HARLEQUINS 3,,,,,,,,,,,,2025/2026 TITANS SECOND LEAGUE
30,949,32995,Mohapi Molete,2985827,IRENE VILLAGERS 4,,IRENE VILLAGERS 4,5432,3,0,0,0,0,3,2025/2026 TITANS SECOND LEAGUE
,949,32995,IRENE VILLAGERS 4,,,,,,,,,,,,2025/2026 TITANS SECOND LEAGUE
31,949,32995,Stefan Grobler,3018230,TUT 3,,TUT 3,5431,3,0,0,0,0,3,2025/2026 TITANS SECOND LEAGUE
,949,32995,TUT 3,,,,,,,,,,,,2025/2026 TITANS SECOND LEAGUE
32,949,32995,Dewald Basson,3018234,TUT 3,,TUT 3,5431,3,0,0,0,0,3,2025/2026 TITANS SECOND LEAGUE
,949,32995,TUT 3,,,,,,,,,,,,2025/2026 TITANS SECOND LEAGUE
33,949,32995,Hein Swanepoel,4649924,HARLEQUINS 3,,HARLEQUINS 3,5426,3,0,0,0,0,3,2025/2026 TITANS SECOND LEAGUE
,949,32995,HARLEQUINS 3,,,,,,,,,,,,2025/2026 TITANS SECOND LEAGUE
34,949,32995,Kholi Willows,6299172,HARLEQUINS 3,,HARLEQUINS 3,5426,3,0,0,0,0,3,2025/2026 TITANS SECOND LEAGUE
,949,32995,HARLEQUINS 3,,,,,,,,,,,,2025/2026 TITANS SECOND LEAGUE
35,949,32995,Waldemar Bodenstein,6299549,IRENE VILLAGERS 3,,IRENE VILLAGERS 3,5427,3,0,0,0,0,3,2025/2026 TITANS SECOND LEAGUE
,949,32995,IRENE VILLAGERS 3,,,,,,,,,,,,2025/2026 TITANS SECOND LEAGUE
36,949,32995,Christoper Bouwer,6407256,PHSOB 3,,PHSOB 3,5428,3,0,0,0,0,3,2025/2026 TITANS SECOND LEAGUE
,949,32995,PHSOB 3,,,,,,,,,,,,2025/2026 TITANS SECOND LEAGUE
37,949,32995,Dewet Lombaard,6552293,TUT 3,,TUT 3,5431,3,0,0,0,0,3,2025/2026 TITANS SECOND LEAGUE
,949,32995,TUT 3,,,,,,,,,,,,2025/2026 TITANS SECOND LEAGUE
38,949,32995,Steven Meyburgh,2937220,PHSOB 3,,PHSOB 3,5428,2,0,0,1,0,3,2025/2026 TITANS SECOND LEAGUE
,949,32995,PHSOB 3,,,,,,,,,,,,2025/2026 TITANS SECOND LEAGUE
39,949,32995,Jacques Van Rooyen,3795662,IRENE VILLAGERS 3,,IRENE VILLAGERS 3,5427,2,0,0,1,0,3,2025/2026 TITANS SECOND LEAGUE
,949,32995,IRENE VILLAGERS 3,,,,,,,,,,,,2025/2026 TITANS SECOND LEAGUE
40,949,32995,Eddie Stephen,6299173,HARLEQUINS 3,,HARLEQUINS 3,5426,0,2,1,0,0,3,2025/2026 TITANS SECOND LEAGUE
,949,32995,HARLEQUINS 3,,,,,,,,,,,,2025/2026 TITANS SECOND LEAGUE
41,949,32995,Arno Kruger,6336327,PHSOB 3,,PHSOB 3,5428,1,1,0,0,1,3,2025/2026 TITANS SECOND LEAGUE
,949,32995,PHSOB 3,,,,,,,,,,,,2025/2026 TITANS SECOND LEAGUE
42,949,32995,Rohann Rossouw,6355842,IRENE VILLAGERS 3,,IRENE VILLAGERS 3,5427,2,0,0,1,0,3,2025/2026 TITANS SECOND LEAGUE
,949,32995,IRENE VILLAGERS 3,,,,,,,,,,,,2025/2026 TITANS SECOND LEAGUE
43,949,32995,Logan Weetman,6552359,PHSOB 3,,PHSOB 3,5428,2,0,0,1,0,3,2025/2026 TITANS SECOND LEAGUE
,949,32995,PHSOB 3,,,,,,,,,,,,2025/2026 TITANS SECOND LEAGUE
44,949,32995,Johan Broekman,4756705,IRENE VILLAGERS 3,,IRENE VILLAGERS 3,5427,1,0,0,2,0,3,2025/2026 TITANS SECOND LEAGUE
,949,32995,IRENE VILLAGERS 3,,,,,,,,,,,,2025/2026 TITANS SECOND LEAGUE
45,949,32995,Riccardo Oosthuizen,2936842,TUKS 5,,TUKS 5,5430,2,0,0,0,0,2,2025/2026 TITANS SECOND LEAGUE
,949,32995,TUKS 5,,,,,,,,,,,,2025/2026 TITANS SECOND LEAGUE
46,949,32995,Jaco de Vos,2936844,TUKS 5,,TUKS 5,5430,2,0,0,0,0,2,2025/2026 TITANS SECOND LEAGUE
,949,32995,TUKS 5,,,,,,,,,,,,2025/2026 TITANS SECOND LEAGUE
47,949,32995,Pieter Roos,2939189,HARLEQUINS 3,,HARLEQUINS 3,5426,1,1,0,0,0,2,2025/2026 TITANS SECOND LEAGUE
,949,32995,HARLEQUINS 3,,,,,,,,,,,,2025/2026 TITANS SECOND LEAGUE
48,949,32995,Matthew Thurbon,2985834,IRENE VILLAGERS 4,,IRENE VILLAGERS 4,5432,2,0,0,0,0,2,2025/2026 TITANS SECOND LEAGUE
,949,32995,IRENE VILLAGERS 4,,,,,,,,,,,,2025/2026 TITANS SECOND LEAGUE
49,949,32995,Lehlohonolo Moshoati,3266899,TUKS 5,,TUKS 5,5430,2,0,0,0,0,2,2025/2026 TITANS SECOND LEAGUE
,949,32995,TUKS 5,,,,,,,,,,,,2025/2026 TITANS SECOND LEAGUE
50,949,32995,Adriaan Venter,3673677,CBCOB 3,,CBCOB 3,5425,2,0,0,0,0,2,2025/2026 TITANS SECOND LEAGUE
,949,32995,CBCOB 3,,,,,,,,,,,,2025/2026 TITANS SECOND LEAGUE
51,949,32995,Matthew Thurbon,4024778,IRENE VILLAGERS 3,,IRENE VILLAGERS 3,5427,2,0,0,0,0,2,2025/2026 TITANS SECOND LEAGUE
,949,32995,IRENE VILLAGERS 3,,,,,,,,,,,,2025/2026 TITANS SECOND LEAGUE
52,949,32995,Gary Van Blerk,4673569,TUT 3,,TUT 3,5431,2,0,0,0,0,2,2025/2026 TITANS SECOND LEAGUE
,949,32995,TUT 3,,,,,,,,,,,,2025/2026 TITANS SECOND LEAGUE
53,949,32995,Ruan Venter,4673574,SINOVILLE 3,,SINOVILLE 3,5429,2,0,0,0,0,2,2025/2026 TITANS SECOND LEAGUE
,949,32995,SINOVILLE 3,,,,,,,,,,,,2025/2026 TITANS SECOND LEAGUE
54,949,32995,Andre Klopper,4688691,IRENE VILLAGERS 4,,IRENE VILLAGERS 4,5432,2,0,0,0,0,2,2025/2026 TITANS SECOND LEAGUE
,949,32995,IRENE VILLAGERS 4,,,,,,,,,,,,2025/2026 TITANS SECOND LEAGUE
55,949,32995,Brian Kershaw,4688792,PHSOB 3,,PHSOB 3,5428,2,0,0,0,0,2,2025/2026 TITANS SECOND LEAGUE
,949,32995,PHSOB 3,,,,,,,,,,,,2025/2026 TITANS SECOND LEAGUE
56,949,32995,Alec Jordaan,4715851,CBCOB 3,,CBCOB 3,5425,2,0,0,0,0,2,2025/2026 TITANS SECOND LEAGUE
,949,32995,CBCOB 3,,,,,,,,,,,,2025/2026 TITANS SECOND LEAGUE
57,949,32995,PJ Van Der Merwe,4854676,IRENE VILLAGERS 4,,IRENE VILLAGERS 4,5432,2,0,0,0,0,2,2025/2026 TITANS SECOND LEAGUE
,949,32995,IRENE VILLAGERS 4,,,,,,,,,,,,2025/2026 TITANS SECOND LEAGUE
58,949,32995,Hendrik Ferreira,4891854,TUT 3,,TUT 3,5431,2,0,0,0,0,2,2025/2026 TITANS SECOND LEAGUE
,949,32995,TUT 3,,,,,,,,,,,,2025/2026 TITANS SECOND LEAGUE
59,949,32995,Tshepo Molite,4892046,IRENE VILLAGERS 3,,IRENE VILLAGERS 3,5427,2,0,0,0,0,2,2025/2026 TITANS SECOND LEAGUE
,949,32995,IRENE VILLAGERS 3,,,,,,,,,,,,2025/2026 TITANS SECOND LEAGUE
60,949,32995,Willem Jacobs,5005715,HARLEQUINS 3,,HARLEQUINS 3,5426,2,0,0,0,0,2,2025/2026 TITANS SECOND LEAGUE
,949,32995,HARLEQUINS 3,,,,,,,,,,,,2025/2026 TITANS SECOND LEAGUE
61,949,32995,Neiko Stigling,6299637,TUT 3,,TUT 3,5431,2,0,0,0,0,2,2025/2026 TITANS SECOND LEAGUE
,949,32995,TUT 3,,,,,,,,,,,,2025/2026 TITANS SECOND LEAGUE
62,949,32995,Lucky Coetzee,6299644,CBCOB 3,,CBCOB 3,5425,2,0,0,0,0,2,2025/2026 TITANS SECOND LEAGUE
,949,32995,CBCOB 3,,,,,,,,,,,,2025/2026 TITANS SECOND LEAGUE
63,949,32995,Rivan Stoman,6352780,SINOVILLE 3,,SINOVILLE 3,5429,2,0,0,0,0,2,2025/2026 TITANS SECOND LEAGUE
,949,32995,SINOVILLE 3,,,,,,,,,,,,2025/2026 TITANS SECOND LEAGUE
64,949,32995,Andre Klopper,6355845,IRENE VILLAGERS 4,,IRENE VILLAGERS 4,5432,2,0,0,0,0,2,2025/2026 TITANS SECOND LEAGUE
,949,32995,IRENE VILLAGERS 4,,,,,,,,,,,,2025/2026 TITANS SECOND LEAGUE
65,949,32995,Keegan Skinner,6358566,CBCOB 3,,CBCOB 3,5425,2,0,0,0,0,2,2025/2026 TITANS SECOND LEAGUE
,949,32995,CBCOB 3,,,,,,,,,,,,2025/2026 TITANS SECOND LEAGUE
66,949,32995,Andrè Smith,6371951,TUKS 5,,TUKS 5,5430,2,0,0,0,0,2,2025/2026 TITANS SECOND LEAGUE
,949,32995,TUKS 5,,,,,,,,,,,,2025/2026 TITANS SECOND LEAGUE
67,949,32995,Kholisile Khuzwayo,6407265,HARLEQUINS 3,,HARLEQUINS 3,5426,2,0,0,0,0,2,2025/2026 TITANS SECOND LEAGUE
,949,32995,HARLEQUINS 3,,,,,,,,,,,,2025/2026 TITANS SECOND LEAGUE
68,949,32995,Jason Van Loggenberg,6552363,SINOVILLE 3,,SINOVILLE 3,5429,2,0,0,0,0,2,2025/2026 TITANS SECOND LEAGUE
,949,32995,SINOVILLE 3,,,,,,,,,,,,2025/2026 TITANS SECOND LEAGUE
69,949,32995,Franco Ferriera,6592583,PHSOB 3,,PHSOB 3,5428,2,0,0,0,0,2,2025/2026 TITANS SECOND LEAGUE
,949,32995,PHSOB 3,,,,,,,,,,,,2025/2026 TITANS SECOND LEAGUE
70,949,32995,Jandre Lotheringen,6629544,CBCOB 3,,CBCOB 3,5425,2,0,0,0,0,2,2025/2026 TITANS SECOND LEAGUE
,949,32995,CBCOB 3,,,,,,,,,,,,2025/2026 TITANS SECOND LEAGUE
71,949,32995,Jason Gillard,3003090,SINOVILLE 3,,SINOVILLE 3,5429,1,0,1,0,0,2,2025/2026 TITANS SECOND LEAGUE
,949,32995,SINOVILLE 3,,,,,,,,,,,,2025/2026 TITANS SECOND LEAGUE
72,949,32995,Regan Pruss,3713341,PHSOB 3,,PHSOB 3,5428,1,0,1,0,0,2,2025/2026 TITANS SECOND LEAGUE
,949,32995,PHSOB 3,,,,,,,,,,,,2025/2026 TITANS SECOND LEAGUE
73,949,32995,Juan Viljoen,4729877,HARLEQUINS 3,,HARLEQUINS 3,5426,1,0,0,1,0,2,2025/2026 TITANS SECOND LEAGUE
,949,32995,HARLEQUINS 3,,,,,,,,,,,,2025/2026 TITANS SECOND LEAGUE
74,949,32995,Neil Jansen,6299550,IRENE VILLAGERS 3,,IRENE VILLAGERS 3,5427,1,0,0,1,0,2,2025/2026 TITANS SECOND LEAGUE
,949,32995,IRENE VILLAGERS 3,,,,,,,,,,,,2025/2026 TITANS SECOND LEAGUE
75,949,32995,Henk Fick,6352771,SINOVILLE 3,,SINOVILLE 3,5429,1,0,1,0,0,2,2025/2026 TITANS SECOND LEAGUE
,949,32995,SINOVILLE 3,,,,,,,,,,,,2025/2026 TITANS SECOND LEAGUE
76,949,32995,Ciaron Roundtree,6355841,IRENE VILLAGERS 3,,IRENE VILLAGERS 3,5427,1,0,1,0,0,2,2025/2026 TITANS SECOND LEAGUE
,949,32995,IRENE VILLAGERS 3,,,,,,,,,,,,2025/2026 TITANS SECOND LEAGUE
77,949,32995,Janu Olivier,4973941,SINOVILLE 3,,SINOVILLE 3,5429,0,0,2,0,0,2,2025/2026 TITANS SECOND LEAGUE
,949,32995,SINOVILLE 3,,,,,,,,,,,,2025/2026 TITANS SECOND LEAGUE
78,949,32995,Henco Murphy,6407257,IRENE VILLAGERS 3,,IRENE VILLAGERS 3,5427,0,0,0,0,2,2,2025/2026 TITANS SECOND LEAGUE
,949,32995,IRENE VILLAGERS 3,,,,,,,,,,,,2025/2026 TITANS SECOND LEAGUE
79,949,32995,Wian Van Der Merwe,6423336,HARLEQUINS 3,,HARLEQUINS 3,5426,0,0,0,0,2,2,2025/2026 TITANS SECOND LEAGUE
,949,32995,HARLEQUINS 3,,,,,,,,,,,,2025/2026 TITANS SECOND LEAGUE
80,949,32995,Zandre Jordaan,2934760,SINOVILLE 3,,SINOVILLE 3,5429,1,0,0,0,0,1,2025/2026 TITANS SECOND LEAGUE
,949,32995,SINOVILLE 3,,,,,,,,,,,,2025/2026 TITANS SECOND LEAGUE
81,949,32995,Nico Kruger,2936834,TUKS 5,,TUKS 5,5430,1,0,0,0,0,1,2025/2026 TITANS SECOND LEAGUE
,949,32995,TUKS 5,,,,,,,,,,,,2025/2026 TITANS SECOND LEAGUE
82,949,32995,Christian Strydom,2936847,TUKS 5,,TUKS 5,5430,1,0,0,0,0,1,2025/2026 TITANS SECOND LEAGUE
,949,32995,TUKS 5,,,,,,,,,,,,2025/2026 TITANS SECOND LEAGUE
83,949,32995,Christo Swanepoel,2936900,PHSOB 3,,PHSOB 3,5428,1,0,0,0,0,1,2025/2026 TITANS SECOND LEAGUE
,949,32995,PHSOB 3,,,,,,,,,,,,2025/2026 TITANS SECOND LEAGUE
84,949,32995,Emil Rolfes,2936903,PHSOB 3,,PHSOB 3,5428,1,0,0,0,0,1,2025/2026 TITANS SECOND LEAGUE
,949,32995,PHSOB 3,,,,,,,,,,,,2025/2026 TITANS SECOND LEAGUE
85,949,32995,Christoff  Pompie Helm,2985831,IRENE VILLAGERS 4,,IRENE VILLAGERS 4,5432,1,0,0,0,0,1,2025/2026 TITANS SECOND LEAGUE
,949,32995,IRENE VILLAGERS 4,,,,,,,,,,,,2025/2026 TITANS SECOND LEAGUE
86,949,32995,Stefan Strydom,2985833,IRENE VILLAGERS 4,,IRENE VILLAGERS 4,5432,1,0,0,0,0,1,2025/2026 TITANS SECOND LEAGUE
,949,32995,IRENE VILLAGERS 4,,,,,,,,,,,,2025/2026 TITANS SECOND LEAGUE
87,949,32995,David Fourie,3018346,CBCOB 3,,CBCOB 3,5425,1,0,0,0,0,1,2025/2026 TITANS SECOND LEAGUE
,949,32995,CBCOB 3,,,,,,,,,,,,2025/2026 TITANS SECOND LEAGUE
88,949,32995,Andre Van wyk,3266939,TUKS 5,,TUKS 5,5430,1,0,0,0,0,1,2025/2026 TITANS SECOND LEAGUE
,949,32995,TUKS 5,,,,,,,,,,,,2025/2026 TITANS SECOND LEAGUE
89,949,32995,Nico Minnaar,3713344,TUT 3,,TUT 3,5431,1,0,0,0,0,1,2025/2026 TITANS SECOND LEAGUE
,949,32995,TUT 3,,,,,,,,,,,,2025/2026 TITANS SECOND LEAGUE
90,949,32995,Justin Reynolds,3713446,IRENE VILLAGERS 3,,IRENE VILLAGERS 3,5427,1,0,0,0,0,1,2025/2026 TITANS SECOND LEAGUE
,949,32995,IRENE VILLAGERS 3,,,,,,,,,,,,2025/2026 TITANS SECOND LEAGUE
91,949,32995,Hendré van Niekerk,3713455,IRENE VILLAGERS 3,,IRENE VILLAGERS 3,5427,1,0,0,0,0,1,2025/2026 TITANS SECOND LEAGUE
,949,32995,IRENE VILLAGERS 3,,,,,,,,,,,,2025/2026 TITANS SECOND LEAGUE
92,949,32995,Armin Havenga,3729570,CBCOB 3,,CBCOB 3,5425,1,0,0,0,0,1,2025/2026 TITANS SECOND LEAGUE
,949,32995,CBCOB 3,,,,,,,,,,,,2025/2026 TITANS SECOND LEAGUE
93,949,32995,Jacques Van Rooyen,3745426,IRENE VILLAGERS 4,,IRENE VILLAGERS 4,5432,1,0,0,0,0,1,2025/2026 TITANS SECOND LEAGUE
,949,32995,IRENE VILLAGERS 4,,,,,,,,,,,,2025/2026 TITANS SECOND LEAGUE
94,949,32995,Andre Kruyshaar,3772081,SINOVILLE 3,,SINOVILLE 3,5429,1,0,0,0,0,1,2025/2026 TITANS SECOND LEAGUE
,949,32995,SINOVILLE 3,,,,,,,,,,,,2025/2026 TITANS SECOND LEAGUE
95,949,32995,Tiaan Borman,3772082,SINOVILLE 3,,SINOVILLE 3,5429,1,0,0,0,0,1,2025/2026 TITANS SECOND LEAGUE
,949,32995,SINOVILLE 3,,,,,,,,,,,,2025/2026 TITANS SECOND LEAGUE
96,949,32995,Albert Myburgh,4024779,IRENE VILLAGERS 3,,IRENE VILLAGERS 3,5427,1,0,0,0,0,1,2025/2026 TITANS SECOND LEAGUE
,949,32995,IRENE VILLAGERS 3,,,,,,,,,,,,2025/2026 TITANS SECOND LEAGUE
97,949,32995,Ian Dorfling,4063612,SINOVILLE 3,,SINOVILLE 3,5429,1,0,0,0,0,1,2025/2026 TITANS SECOND LEAGUE
,949,32995,SINOVILLE 3,,,,,,,,,,,,2025/2026 TITANS SECOND LEAGUE
98,949,32995,Neil Jansen,4655259,IRENE VILLAGERS 3,,IRENE VILLAGERS 3,5427,1,0,0,0,0,1,2025/2026 TITANS SECOND LEAGUE
,949,32995,IRENE VILLAGERS 3,,,,,,,,,,,,2025/2026 TITANS SECOND LEAGUE
99,949,32995,Johan Nel,4655263,TUKS 5,,TUKS 5,5430,0,1,0,0,0,1,2025/2026 TITANS SECOND LEAGUE
,949,32995,TUKS 5,,,,,,,,,,,,2025/2026 TITANS SECOND LEAGUE
100,949,32995,Stiaan Heymans,4673670,IRENE VILLAGERS 4,,IRENE VILLAGERS 4,5432,1,0,0,0,0,1,2025/2026 TITANS SECOND LEAGUE
,949,32995,IRENE VILLAGERS 4,,,,,,,,,,,,2025/2026 TITANS SECOND LEAGUE
101,949,32995,Werner Pretorius,4688690,IRENE VILLAGERS 4,,IRENE VILLAGERS 4,5432,1,0,0,0,0,1,2025/2026 TITANS SECOND LEAGUE
,949,32995,IRENE VILLAGERS 4,,,,,,,,,,,,2025/2026 TITANS SECOND LEAGUE
102,949,32995,Elgun Boecker,4702810,IRENE VILLAGERS 3,,IRENE VILLAGERS 3,5427,1,0,0,0,0,1,2025/2026 TITANS SECOND LEAGUE
,949,32995,IRENE VILLAGERS 3,,,,,,,,,,,,2025/2026 TITANS SECOND LEAGUE
103,949,32995,Rian Klopper,4769742,IRENE VILLAGERS 4,,IRENE VILLAGERS 4,5432,1,0,0,0,0,1,2025/2026 TITANS SECOND LEAGUE
,949,32995,IRENE VILLAGERS 4,,,,,,,,,,,,2025/2026 TITANS SECOND LEAGUE
104,949,32995,Barend Pelser,4854733,IRENE VILLAGERS 3,,IRENE VILLAGERS 3,5427,1,0,0,0,0,1,2025/2026 TITANS SECOND LEAGUE
,949,32995,IRENE VILLAGERS 3,,,,,,,,,,,,2025/2026 TITANS SECOND LEAGUE
105,949,32995,Cj Jordaan,4892048,IRENE VILLAGERS 3,,IRENE VILLAGERS 3,5427,1,0,0,0,0,1,2025/2026 TITANS SECOND LEAGUE
,949,32995,IRENE VILLAGERS 3,,,,,,,,,,,,2025/2026 TITANS SECOND LEAGUE
106,949,32995,Werner Jordaan,5000389,SINOVILLE 3,,SINOVILLE 3,5429,1,0,0,0,0,1,2025/2026 TITANS SECOND LEAGUE
,949,32995,SINOVILLE 3,,,,,,,,,,,,2025/2026 TITANS SECOND LEAGUE
107,949,32995,JD van Wyk,5000390,SINOVILLE 3,,SINOVILLE 3,5429,1,0,0,0,0,1,2025/2026 TITANS SECOND LEAGUE
,949,32995,SINOVILLE 3,,,,,,,,,,,,2025/2026 TITANS SECOND LEAGUE
108,949,32995,Willie Kamffer,6299174,HARLEQUINS 3,,HARLEQUINS 3,5426,1,0,0,0,0,1,2025/2026 TITANS SECOND LEAGUE
,949,32995,HARLEQUINS 3,,,,,,,,,,,,2025/2026 TITANS SECOND LEAGUE
109,949,32995,Peet Snyman,6299175,HARLEQUINS 3,,HARLEQUINS 3,5426,1,0,0,0,0,1,2025/2026 TITANS SECOND LEAGUE
,949,32995,HARLEQUINS 3,,,,,,,,,,,,2025/2026 TITANS SECOND LEAGUE
110,949,32995,Rolf Behrens,6299176,TUKS 5,,TUKS 5,5430,1,0,0,0,0,1,2025/2026 TITANS SECOND LEAGUE
,949,32995,TUKS 5,,,,,,,,,,,,2025/2026 TITANS SECOND LEAGUE
111,949,32995,Joshua Hall,6299551,IRENE VILLAGERS 3,,IRENE VILLAGERS 3,5427,1,0,0,0,0,1,2025/2026 TITANS SECOND LEAGUE
,949,32995,IRENE VILLAGERS 3,,,,,,,,,,,,2025/2026 TITANS SECOND LEAGUE
112,949,32995,Janro De Bruin,6299640,CBCOB 3,,CBCOB 3,5425,1,0,0,0,0,1,2025/2026 TITANS SECOND LEAGUE
,949,32995,CBCOB 3,,,,,,,,,,,,2025/2026 TITANS SECOND LEAGUE
113,949,32995,Ivan Bekker,6299642,CBCOB 3,,CBCOB 3,5425,1,0,0,0,0,1,2025/2026 TITANS SECOND LEAGUE
,949,32995,CBCOB 3,,,,,,,,,,,,2025/2026 TITANS SECOND LEAGUE
114,949,32995,Rohan Van Der Walt,6299643,CBCOB 3,,CBCOB 3,5425,1,0,0,0,0,1,2025/2026 TITANS SECOND LEAGUE
,949,32995,CBCOB 3,,,,,,,,,,,,2025/2026 TITANS SECOND LEAGUE
115,949,32995,Jaden Beukes,6299645,CBCOB 3,,CBCOB 3,5425,1,0,0,0,0,1,2025/2026 TITANS SECOND LEAGUE
,949,32995,CBCOB 3,,,,,,,,,,,,2025/2026 TITANS SECOND LEAGUE
116,949,32995,Marcel Cronjé,6336326,PHSOB 3,,PHSOB 3,5428,1,0,0,0,0,1,2025/2026 TITANS SECOND LEAGUE
,949,32995,PHSOB 3,,,,,,,,,,,,2025/2026 TITANS SECOND LEAGUE
117,949,32995,André Duvenhage,6336328,PHSOB 3,,PHSOB 3,5428,1,0,0,0,0,1,2025/2026 TITANS SECOND LEAGUE
,949,32995,PHSOB 3,,,,,,,,,,,,2025/2026 TITANS SECOND LEAGUE
118,949,32995,Rohann Rossouw,6336391,IRENE VILLAGERS 4,,IRENE VILLAGERS 4,5432,1,0,0,0,0,1,2025/2026 TITANS SECOND LEAGUE
,949,32995,IRENE VILLAGERS 4,,,,,,,,,,,,2025/2026 TITANS SECOND LEAGUE
119,949,32995,Arno Louw,6352769,SINOVILLE 3,,SINOVILLE 3,5429,1,0,0,0,0,1,2025/2026 TITANS SECOND LEAGUE
,949,32995,SINOVILLE 3,,,,,,,,,,,,2025/2026 TITANS SECOND LEAGUE
120,949,32995,Benjamin Coertze,6352781,SINOVILLE 3,,SINOVILLE 3,5429,0,1,0,0,0,1,2025/2026 TITANS SECOND LEAGUE
,949,32995,SINOVILLE 3,,,,,,,,,,,,2025/2026 TITANS SECOND LEAGUE
121,949,32995,Ruben Erasmus,6352785,SINOVILLE 3,,SINOVILLE 3,5429,1,0,0,0,0,1,2025/2026 TITANS SECOND LEAGUE
,949,32995,SINOVILLE 3,,,,,,,,,,,,2025/2026 TITANS SECOND LEAGUE
122,949,32995,Ricardo Pretorius,6355784,SINOVILLE 3,,SINOVILLE 3,5429,1,0,0,0,0,1,2025/2026 TITANS SECOND LEAGUE
,949,32995,SINOVILLE 3,,,,,,,,,,,,2025/2026 TITANS SECOND LEAGUE
123,949,32995,Devon Horn,6355843,IRENE VILLAGERS 3,,IRENE VILLAGERS 3,5427,1,0,0,0,0,1,2025/2026 TITANS SECOND LEAGUE
,949,32995,IRENE VILLAGERS 3,,,,,,,,,,,,2025/2026 TITANS SECOND LEAGUE
124,949,32995,Jean Botes,6355844,IRENE VILLAGERS 3,,IRENE VILLAGERS 3,5427,1,0,0,0,0,1,2025/2026 TITANS SECOND LEAGUE
,949,32995,IRENE VILLAGERS 3,,,,,,,,,,,,2025/2026 TITANS SECOND LEAGUE
125,949,32995,Heinrich Klue,6358565,CBCOB 3,,CBCOB 3,5425,1,0,0,0,0,1,2025/2026 TITANS SECOND LEAGUE
,949,32995,CBCOB 3,,,,,,,,,,,,2025/2026 TITANS SECOND LEAGUE
126,949,32995,Ulrich Louw,6389979,SINOVILLE 3,,SINOVILLE 3,5429,1,0,0,0,0,1,2025/2026 TITANS SECOND LEAGUE
,949,32995,SINOVILLE 3,,,,,,,,,,,,2025/2026 TITANS SECOND LEAGUE
127,949,32995,Henry Van Der Merwe,6389981,TUKS 5,,TUKS 5,5430,1,0,0,0,0,1,2025/2026 TITANS SECOND LEAGUE
,949,32995,TUKS 5,,,,,,,,,,,,2025/2026 TITANS SECOND LEAGUE
128,949,32995,Haadi Abdul,6407263,HARLEQUINS 3,,HARLEQUINS 3,5426,1,0,0,0,0,1,2025/2026 TITANS SECOND LEAGUE
,949,32995,HARLEQUINS 3,,,,,,,,,,,,2025/2026 TITANS SECOND LEAGUE
129,949,32995,Rickus Engelbrecht,6423335,TUKS 5,,TUKS 5,5430,1,0,0,0,0,1,2025/2026 TITANS SECOND LEAGUE
,949,32995,TUKS 5,,,,,,,,,,,,2025/2026 TITANS SECOND LEAGUE
130,949,32995,Senekal Cbc,6442336,CBCOB 3,,CBCOB 3,5425,1,0,0,0,0,1,2025/2026 TITANS SECOND LEAGUE
,949,32995,CBCOB 3,,,,,,,,,,,,2025/2026 TITANS SECOND LEAGUE
131,949,32995,Jordan Cbc,6442338,CBCOB 3,,CBCOB 3,5425,1,0,0,0,0,1,2025/2026 TITANS SECOND LEAGUE
,949,32995,CBCOB 3,,,,,,,,,,,,2025/2026 TITANS SECOND LEAGUE
132,949,32995,Jean Steyn,6552294,TUT 3,,TUT 3,5431,1,0,0,0,0,1,2025/2026 TITANS SECOND LEAGUE
,949,32995,TUT 3,,,,,,,,,,,,2025/2026 TITANS SECOND LEAGUE
133,949,32995,Gerno Erasmus,6552364,SINOVILLE 3,,SINOVILLE 3,5429,1,0,0,0,0,1,2025/2026 TITANS SECOND LEAGUE
,949,32995,SINOVILLE 3,,,,,,,,,,,,2025/2026 TITANS SECOND LEAGUE
134,949,32995,Gerhard Bezuidenhout,6570586,PHSOB 3,,PHSOB 3,5428,1,0,0,0,0,1,2025/2026 TITANS SECOND LEAGUE
,949,32995,PHSOB 3,,,,,,,,,,,,2025/2026 TITANS SECOND LEAGUE
135,949,32995,Johan Broekman,6570618,IRENE VILLAGERS 3,,IRENE VILLAGERS 3,5427,1,0,0,0,0,1,2025/2026 TITANS SECOND LEAGUE
,949,32995,IRENE VILLAGERS 3,,,,,,,,,,,,2025/2026 TITANS SECOND LEAGUE
136,949,32995,Jean Steyn,6592526,TUT 3,,TUT 3,5431,1,0,0,0,0,1,2025/2026 TITANS SECOND LEAGUE
,949,32995,TUT 3,,,,,,,,,,,,2025/2026 TITANS SECOND LEAGUE
137,949,32995,Keegan Pickard,6592581,CBCOB 3,,CBCOB 3,5425,1,0,0,0,0,1,2025/2026 TITANS SECOND LEAGUE
,949,32995,CBCOB 3,,,,,,,,,,,,2025/2026 TITANS SECOND LEAGUE
138,949,32995,Ben Hough,6592585,PHSOB 3,,PHSOB 3,5428,1,0,0,0,0,1,2025/2026 TITANS SECOND LEAGUE
,949,32995,PHSOB 3,,,,,,,,,,,,2025/2026 TITANS SECOND LEAGUE
139,949,32995,Lee Bukes,6592626,SINOVILLE 3,,SINOVILLE 3,5429,1,0,0,0,0,1,2025/2026 TITANS SECOND LEAGUE
,949,32995,SINOVILLE 3,,,,,,,,,,,,2025/2026 TITANS SECOND LEAGUE
140,949,32995,Michael Flanagan,6613296,HARLEQUINS 3,,HARLEQUINS 3,5426,1,0,0,0,0,1,2025/2026 TITANS SECOND LEAGUE
,949,32995,HARLEQUINS 3,,,,,,,,,,,,2025/2026 TITANS SECOND LEAGUE
141,949,32995,Franco Vd Mescht,6629543,CBCOB 3,,CBCOB 3,5425,1,0,0,0,0,1,2025/2026 TITANS SECOND LEAGUE
,949,32995,CBCOB 3,,,,,,,,,,,,2025/2026 TITANS SECOND LEAGUE
142,949,32995,Mj Maree,6631978,TUKS 5,,TUKS 5,5430,0,1,0,0,0,1,2025/2026 TITANS SECOND LEAGUE
,949,32995,TUKS 5,,,,,,,,,,,,2025/2026 TITANS SECOND LEAGUE
143,949,32995,Aj Annandale,6644508,IRENE VILLAGERS 4,,IRENE VILLAGERS 4,5432,1,0,0,0,0,1,2025/2026 TITANS SECOND LEAGUE
,949,32995,IRENE VILLAGERS 4,,,,,,,,,,,,2025/2026 TITANS SECOND LEAGUE
144,949,32995,Jan De Klerk,6654202,IRENE VILLAGERS 3,,IRENE VILLAGERS 3,5427,1,0,0,0,0,1,2025/2026 TITANS SECOND LEAGUE
,949,32995,IRENE VILLAGERS 3,,,,,,,,,,,,2025/2026 TITANS SECOND LEAGUE
145,949,32995,Coert du Plessis,3771285,PHSOB 3,,PHSOB 3,5428,0,0,1,0,0,1,2025/2026 TITANS SECOND LEAGUE
,949,32995,PHSOB 3,,,,,,,,,,,,2025/2026 TITANS SECOND LEAGUE
146,949,32995,Karel Vd Walt,6355781,HARLEQUINS 3,,HARLEQUINS 3,5426,0,0,1,0,0,1,2025/2026 TITANS SECOND LEAGUE
,949,32995,HARLEQUINS 3,,,,,,,,,,,,2025/2026 TITANS SECOND LEAGUE
147,949,32995,Reghardt Jordaan,6613299,CBCOB 3,,CBCOB 3,5425,0,0,1,0,0,1,2025/2026 TITANS SECOND LEAGUE
,949,32995,CBCOB 3,,,,,,,,,,,,2025/2026 TITANS SECOND LEAGUE
148,949,32995,RUAN PIETERS,2556369,SINOVILLE 3,,SINOVILLE 3,5429,0,0,0,0,0,0,2025/2026 TITANS SECOND LEAGUE
,949,32995,SINOVILLE 3,,,,,,,,,,,,2025/2026 TITANS SECOND LEAGUE
149,949,32995,Christo Weiss,2588485,SINOVILLE 3,,SINOVILLE 3,5429,0,0,0,0,0,0,2025/2026 TITANS SECOND LEAGUE
,949,32995,SINOVILLE 3,,,,,,,,,,,,2025/2026 TITANS SECOND LEAGUE
150,949,32995,Tiaan Lotter,2934784,SINOVILLE 3,,SINOVILLE 3,5429,0,0,0,0,0,0,2025/2026 TITANS SECOND LEAGUE
,949,32995,SINOVILLE 3,,,,,,,,,,,,2025/2026 TITANS SECOND LEAGUE
151,949,32995,Eben Botha,2936848,TUKS 5,,TUKS 5,5430,0,0,0,0,0,0,2025/2026 TITANS SECOND LEAGUE
,949,32995,TUKS 5,,,,,,,,,,,,2025/2026 TITANS SECOND LEAGUE
152,949,32995,Heinrich du Toit,2937224,SINOVILLE 3,,SINOVILLE 3,5429,0,0,0,0,0,0,2025/2026 TITANS SECOND LEAGUE
,949,32995,SINOVILLE 3,,,,,,,,,,,,2025/2026 TITANS SECOND LEAGUE
153,949,32995,Gunter Geyer,2985804,IRENE VILLAGERS 3,,IRENE VILLAGERS 3,5427,0,0,0,0,0,0,2025/2026 TITANS SECOND LEAGUE
,949,32995,IRENE VILLAGERS 3,,,,,,,,,,,,2025/2026 TITANS SECOND LEAGUE
154,949,32995,Stefan Strydom,2985833,IRENE VILLAGERS 3,,IRENE VILLAGERS 3,5427,0,0,0,0,0,0,2025/2026 TITANS SECOND LEAGUE
,949,32995,IRENE VILLAGERS 3,,,,,,,,,,,,2025/2026 TITANS SECOND LEAGUE
155,949,32995,Hendre Du toit,2987477,SINOVILLE 3,,SINOVILLE 3,5429,0,0,0,0,0,0,2025/2026 TITANS SECOND LEAGUE
,949,32995,SINOVILLE 3,,,,,,,,,,,,2025/2026 TITANS SECOND LEAGUE
156,949,32995,Juan Van den berg,2987480,SINOVILLE 3,,SINOVILLE 3,5429,0,0,0,0,0,0,2025/2026 TITANS SECOND LEAGUE
,949,32995,SINOVILLE 3,,,,,,,,,,,,2025/2026 TITANS SECOND LEAGUE
157,949,32995,Conrath Meiring,2987575,CBCOB 3,,CBCOB 3,5425,0,0,0,0,0,0,2025/2026 TITANS SECOND LEAGUE
,949,32995,CBCOB 3,,,,,,,,,,,,2025/2026 TITANS SECOND LEAGUE
158,949,32995,Dylan Kotze,2987579,CBCOB 3,,CBCOB 3,5425,0,0,0,0,0,0,2025/2026 TITANS SECOND LEAGUE
,949,32995,CBCOB 3,,,,,,,,,,,,2025/2026 TITANS SECOND LEAGUE
159,949,32995,PJ McKechnie,3000408,PHSOB 3,,PHSOB 3,5428,0,0,0,0,0,0,2025/2026 TITANS SECOND LEAGUE
,949,32995,PHSOB 3,,,,,,,,,,,,2025/2026 TITANS SECOND LEAGUE
160,949,32995,Gerrie Viljoen,3015413,IRENE VILLAGERS 3,,IRENE VILLAGERS 3,5427,0,0,0,0,0,0,2025/2026 TITANS SECOND LEAGUE
,949,32995,IRENE VILLAGERS 3,,,,,,,,,,,,2025/2026 TITANS SECOND LEAGUE
161,949,32995,Charl Prinsloo,3018226,TUT 3,,TUT 3,5431,0,0,0,0,0,0,2025/2026 TITANS SECOND LEAGUE
,949,32995,TUT 3,,,,,,,,,,,,2025/2026 TITANS SECOND LEAGUE
162,949,32995,Zandré Nel,3031806,SINOVILLE 3,,SINOVILLE 3,5429,0,0,0,0,0,0,2025/2026 TITANS SECOND LEAGUE
,949,32995,SINOVILLE 3,,,,,,,,,,,,2025/2026 TITANS SECOND LEAGUE
163,949,32995,MJ Kruger,3056984,TUKS 5,,TUKS 5,5430,0,0,0,0,0,0,2025/2026 TITANS SECOND LEAGUE
,949,32995,TUKS 5,,,,,,,,,,,,2025/2026 TITANS SECOND LEAGUE
164,949,32995,Mike Brink,3145217,PHSOB 3,,PHSOB 3,5428,0,0,0,0,0,0,2025/2026 TITANS SECOND LEAGUE
,949,32995,PHSOB 3,,,,,,,,,,,,2025/2026 TITANS SECOND LEAGUE
165,949,32995,Marco Rudolph,3229694,SINOVILLE 3,,SINOVILLE 3,5429,0,0,0,0,0,0,2025/2026 TITANS SECOND LEAGUE
,949,32995,SINOVILLE 3,,,,,,,,,,,,2025/2026 TITANS SECOND LEAGUE
166,949,32995,Tihardt Kruger,3242942,TUKS 5,,TUKS 5,5430,0,0,0,0,0,0,2025/2026 TITANS SECOND LEAGUE
,949,32995,TUKS 5,,,,,,,,,,,,2025/2026 TITANS SECOND LEAGUE
167,949,32995,Braam Sinoville,3257329,SINOVILLE 3,,SINOVILLE 3,5429,0,0,0,0,0,0,2025/2026 TITANS SECOND LEAGUE
,949,32995,SINOVILLE 3,,,,,,,,,,,,2025/2026 TITANS SECOND LEAGUE
168,949,32995,Dewald Van Der Walt,3276817,HARLEQUINS 3,,HARLEQUINS 3,5426,0,0,0,0,0,0,2025/2026 TITANS SECOND LEAGUE
,949,32995,HARLEQUINS 3,,,,,,,,,,,,2025/2026 TITANS SECOND LEAGUE
169,949,32995,Dillon Kotze,3729565,CBCOB 3,,CBCOB 3,5425,0,0,0,0,0,0,2025/2026 TITANS SECOND LEAGUE
,949,32995,CBCOB 3,,,,,,,,,,,,2025/2026 TITANS SECOND LEAGUE
170,949,32995,Rigardt Saaiman,3729566,CBCOB 3,,CBCOB 3,5425,0,0,0,0,0,0,2025/2026 TITANS SECOND LEAGUE
,949,32995,CBCOB 3,,,,,,,,,,,,2025/2026 TITANS SECOND LEAGUE
171,949,32995,Stefan Olivier,3729935,TUT 3,,TUT 3,5431,0,0,0,0,0,0,2025/2026 TITANS SECOND LEAGUE
,949,32995,TUT 3,,,,,,,,,,,,2025/2026 TITANS SECOND LEAGUE
172,949,32995,Leon Bender,3730114,CBCOB 3,,CBCOB 3,5425,0,0,0,0,0,0,2025/2026 TITANS SECOND LEAGUE
,949,32995,CBCOB 3,,,,,,,,,,,,2025/2026 TITANS SECOND LEAGUE
173,949,32995,JJ Lesolang,3772080,PHSOB 3,,PHSOB 3,5428,0,0,0,0,0,0,2025/2026 TITANS SECOND LEAGUE
,949,32995,PHSOB 3,,,,,,,,,,,,2025/2026 TITANS SECOND LEAGUE
174,949,32995,Andre Schoombee,3772084,SINOVILLE 3,,SINOVILLE 3,5429,0,0,0,0,0,0,2025/2026 TITANS SECOND LEAGUE
,949,32995,SINOVILLE 3,,,,,,,,,,,,2025/2026 TITANS SECOND LEAGUE
175,949,32995,Callen Stephen,3782749,PHSOB 3,,PHSOB 3,5428,0,0,0,0,0,0,2025/2026 TITANS SECOND LEAGUE
,949,32995,PHSOB 3,,,,,,,,,,,,2025/2026 TITANS SECOND LEAGUE
176,949,32995,Jared Fourie,3795661,IRENE VILLAGERS 3,,IRENE VILLAGERS 3,5427,0,0,0,0,0,0,2025/2026 TITANS SECOND LEAGUE
,949,32995,IRENE VILLAGERS 3,,,,,,,,,,,,2025/2026 TITANS SECOND LEAGUE
177,949,32995,Daylan Scheepers,3927336,TUT 3,,TUT 3,5431,0,0,0,0,0,0,2025/2026 TITANS SECOND LEAGUE
,949,32995,TUT 3,,,,,,,,,,,,2025/2026 TITANS SECOND LEAGUE
178,949,32995,Pieter Oosthuizen,4063614,SINOVILLE 3,,SINOVILLE 3,5429,0,0,0,0,0,0,2025/2026 TITANS SECOND LEAGUE
,949,32995,SINOVILLE 3,,,,,,,,,,,,2025/2026 TITANS SECOND LEAGUE
179,949,32995,Matt Collett,4081460,PHSOB 3,,PHSOB 3,5428,0,0,0,0,0,0,2025/2026 TITANS SECOND LEAGUE
,949,32995,PHSOB 3,,,,,,,,,,,,2025/2026 TITANS SECOND LEAGUE
180,949,32995,Jock de Jager,4165762,TUKS 5,,TUKS 5,5430,0,0,0,0,0,0,2025/2026 TITANS SECOND LEAGUE
,949,32995,TUKS 5,,,,,,,,,,,,2025/2026 TITANS SECOND LEAGUE
181,949,32995,Dylan Cutting,4576796,HARLEQUINS 3,,HARLEQUINS 3,5426,0,0,0,0,0,0,2025/2026 TITANS SECOND LEAGUE
,949,32995,HARLEQUINS 3,,,,,,,,,,,,2025/2026 TITANS SECOND LEAGUE
182,949,32995,David Diemont,4630530,HARLEQUINS 3,,HARLEQUINS 3,5426,0,0,0,0,0,0,2025/2026 TITANS SECOND LEAGUE
,949,32995,HARLEQUINS 3,,,,,,,,,,,,2025/2026 TITANS SECOND LEAGUE
183,949,32995,Neil Jansen,4655262,IRENE VILLAGERS 3,,IRENE VILLAGERS 3,5427,0,0,0,0,0,0,2025/2026 TITANS SECOND LEAGUE
,949,32995,IRENE VILLAGERS 3,,,,,,,,,,,,2025/2026 TITANS SECOND LEAGUE
184,949,32995,Tristan Beetge,4658060,IRENE VILLAGERS 4,,IRENE VILLAGERS 4,5432,0,0,0,0,0,0,2025/2026 TITANS SECOND LEAGUE
,949,32995,IRENE VILLAGERS 4,,,,,,,,,,,,2025/2026 TITANS SECOND LEAGUE
185,949,32995,Leon Smith,4673571,TUT 3,,TUT 3,5431,0,0,0,0,0,0,2025/2026 TITANS SECOND LEAGUE
,949,32995,TUT 3,,,,,,,,,,,,2025/2026 TITANS SECOND LEAGUE
186,949,32995,Ludwig Erasmus,4673573,SINOVILLE 3,,SINOVILLE 3,5429,0,0,0,0,0,0,2025/2026 TITANS SECOND LEAGUE
,949,32995,SINOVILLE 3,,,,,,,,,,,,2025/2026 TITANS SECOND LEAGUE
187,949,32995,Chris Klopper,4673667,IRENE VILLAGERS 4,,IRENE VILLAGERS 4,5432,0,0,0,0,0,0,2025/2026 TITANS SECOND LEAGUE
,949,32995,IRENE VILLAGERS 4,,,,,,,,,,,,2025/2026 TITANS SECOND LEAGUE
188,949,32995,Wendell Plaatjies,4673818,CBCOB 3,,CBCOB 3,5425,0,0,0,0,0,0,2025/2026 TITANS SECOND LEAGUE
,949,32995,CBCOB 3,,,,,,,,,,,,2025/2026 TITANS SECOND LEAGUE
189,949,32995,Justin Van Bassen,4673824,CBCOB 3,,CBCOB 3,5425,0,0,0,0,0,0,2025/2026 TITANS SECOND LEAGUE
,949,32995,CBCOB 3,,,,,,,,,,,,2025/2026 TITANS SECOND LEAGUE
190,949,32995,Nathan Stryfom,4673826,HARLEQUINS 3,,HARLEQUINS 3,5426,0,0,0,0,0,0,2025/2026 TITANS SECOND LEAGUE
,949,32995,HARLEQUINS 3,,,,,,,,,,,,2025/2026 TITANS SECOND LEAGUE
191,949,32995,Juan Human,4673828,HARLEQUINS 3,,HARLEQUINS 3,5426,0,0,0,0,0,0,2025/2026 TITANS SECOND LEAGUE
,949,32995,HARLEQUINS 3,,,,,,,,,,,,2025/2026 TITANS SECOND LEAGUE
192,949,32995,Jaco Fourie,4688790,PHSOB 3,,PHSOB 3,5428,0,0,0,0,0,0,2025/2026 TITANS SECOND LEAGUE
,949,32995,PHSOB 3,,,,,,,,,,,,2025/2026 TITANS SECOND LEAGUE
193,949,32995,JD van Wyk,4688794,SINOVILLE 3,,SINOVILLE 3,5429,0,0,0,0,0,0,2025/2026 TITANS SECOND LEAGUE
,949,32995,SINOVILLE 3,,,,,,,,,,,,2025/2026 TITANS SECOND LEAGUE
194,949,32995,Kai Trumplemann,4691512,CBCOB 3,,CBCOB 3,5425,0,0,0,0,0,0,2025/2026 TITANS SECOND LEAGUE
,949,32995,CBCOB 3,,,,,,,,,,,,2025/2026 TITANS SECOND LEAGUE
195,949,32995,Jody Buys,4729873,HARLEQUINS 3,,HARLEQUINS 3,5426,0,0,0,0,0,0,2025/2026 TITANS SECOND LEAGUE
,949,32995,HARLEQUINS 3,,,,,,,,,,,,2025/2026 TITANS SECOND LEAGUE
196,949,32995,Ian Diemont,4729875,HARLEQUINS 3,,HARLEQUINS 3,5426,0,0,0,0,0,0,2025/2026 TITANS SECOND LEAGUE
,949,32995,HARLEQUINS 3,,,,,,,,,,,,2025/2026 TITANS SECOND LEAGUE
197,949,32995,Edwin De Waal,4742889,PHSOB 3,,PHSOB 3,5428,0,0,0,0,0,0,2025/2026 TITANS SECOND LEAGUE
,949,32995,PHSOB 3,,,,,,,,,,,,2025/2026 TITANS SECOND LEAGUE
198,949,32995,Werner Pretorius,4756703,IRENE VILLAGERS 3,,IRENE VILLAGERS 3,5427,0,0,0,0,0,0,2025/2026 TITANS SECOND LEAGUE
,949,32995,IRENE VILLAGERS 3,,,,,,,,,,,,2025/2026 TITANS SECOND LEAGUE
199,949,32995,Barend Pelser,4874775,IRENE VILLAGERS 4,,IRENE VILLAGERS 4,5432,0,0,0,0,0,0,2025/2026 TITANS SECOND LEAGUE
,949,32995,IRENE VILLAGERS 4,,,,,,,,,,,,2025/2026 TITANS SECOND LEAGUE
200,949,32995,Shaanthe Thumbiran,4894999,IRENE VILLAGERS 4,,IRENE VILLAGERS 4,5432,0,0,0,0,0,0,2025/2026 TITANS SECOND LEAGUE
,949,32995,IRENE VILLAGERS 4,,,,,,,,,,,,2025/2026 TITANS SECOND LEAGUE
201,949,32995,Calyle Stolze,4896935,HARLEQUINS 3,,HARLEQUINS 3,5426,0,0,0,0,0,0,2025/2026 TITANS SECOND LEAGUE
,949,32995,HARLEQUINS 3,,,,,,,,,,,,2025/2026 TITANS SECOND LEAGUE
202,949,32995,Dante Meyer,4896936,HARLEQUINS 3,,HARLEQUINS 3,5426,0,0,0,0,0,0,2025/2026 TITANS SECOND LEAGUE
,949,32995,HARLEQUINS 3,,,,,,,,,,,,2025/2026 TITANS SECOND LEAGUE
203,949,32995,JD Buys,4973938,HARLEQUINS 3,,HARLEQUINS 3,5426,0,0,0,0,0,0,2025/2026 TITANS SECOND LEAGUE
,949,32995,HARLEQUINS 3,,,,,,,,,,,,2025/2026 TITANS SECOND LEAGUE
204,949,32995,James van der Merwe,5000388,SINOVILLE 3,,SINOVILLE 3,5429,0,0,0,0,0,0,2025/2026 TITANS SECOND LEAGUE
,949,32995,SINOVILLE 3,,,,,,,,,,,,2025/2026 TITANS SECOND LEAGUE
205,949,32995,Enrico Hepburn,5034371,SINOVILLE 3,,SINOVILLE 3,5429,0,0,0,0,0,0,2025/2026 TITANS SECOND LEAGUE
,949,32995,SINOVILLE 3,,,,,,,,,,,,2025/2026 TITANS SECOND LEAGUE
206,949,32995,Miles M,5047121,CBCOB 3,,CBCOB 3,5425,0,0,0,0,0,0,2025/2026 TITANS SECOND LEAGUE
,949,32995,CBCOB 3,,,,,,,,,,,,2025/2026 TITANS SECOND LEAGUE
207,949,32995,Mbulelo Jimlongoe,6260222,PHSOB 3,,PHSOB 3,5428,0,0,0,0,0,0,2025/2026 TITANS SECOND LEAGUE
,949,32995,PHSOB 3,,,,,,,,,,,,2025/2026 TITANS SECOND LEAGUE
208,949,32995,Brian Chataika,6297240,PHSOB 3,,PHSOB 3,5428,0,0,0,0,0,0,2025/2026 TITANS SECOND LEAGUE
,949,32995,PHSOB 3,,,,,,,,,,,,2025/2026 TITANS SECOND LEAGUE
209,949,32995,Jerry Lesige,6299177,TUKS 5,,TUKS 5,5430,0,0,0,0,0,0,2025/2026 TITANS SECOND LEAGUE
,949,32995,TUKS 5,,,,,,,,,,,,2025/2026 TITANS SECOND LEAGUE
210,949,32995,Barend Pelser,6299518,IRENE VILLAGERS 4,,IRENE VILLAGERS 4,5432,0,0,0,0,0,0,2025/2026 TITANS SECOND LEAGUE
,949,32995,IRENE VILLAGERS 4,,,,,,,,,,,,2025/2026 TITANS SECOND LEAGUE
211,949,32995,Jean Botes,6299519,IRENE VILLAGERS 4,,IRENE VILLAGERS 4,5432,0,0,0,0,0,0,2025/2026 TITANS SECOND LEAGUE
,949,32995,IRENE VILLAGERS 4,,,,,,,,,,,,2025/2026 TITANS SECOND LEAGUE
212,949,32995,Iwann Els,6299552,IRENE VILLAGERS 3,,IRENE VILLAGERS 3,5427,0,0,0,0,0,0,2025/2026 TITANS SECOND LEAGUE
,949,32995,IRENE VILLAGERS 3,,,,,,,,,,,,2025/2026 TITANS SECOND LEAGUE
213,949,32995,Gerhard Batt,6299553,SINOVILLE 3,,SINOVILLE 3,5429,0,0,0,0,0,0,2025/2026 TITANS SECOND LEAGUE
,949,32995,SINOVILLE 3,,,,,,,,,,,,2025/2026 TITANS SECOND LEAGUE
214,949,32995,Ryno Vermaak,6299554,SINOVILLE 3,,SINOVILLE 3,5429,0,0,0,0,0,0,2025/2026 TITANS SECOND LEAGUE
,949,32995,SINOVILLE 3,,,,,,,,,,,,2025/2026 TITANS SECOND LEAGUE
215,949,32995,Tristan Voshee,6299555,SINOVILLE 3,,SINOVILLE 3,5429,0,0,0,0,0,0,2025/2026 TITANS SECOND LEAGUE
,949,32995,SINOVILLE 3,,,,,,,,,,,,2025/2026 TITANS SECOND LEAGUE
216,949,32995,Julian Ato,6299556,SINOVILLE 3,,SINOVILLE 3,5429,0,0,0,0,0,0,2025/2026 TITANS SECOND LEAGUE
,949,32995,SINOVILLE 3,,,,,,,,,,,,2025/2026 TITANS SECOND LEAGUE
217,949,32995,Devin Almeida,6299636,TUT 3,,TUT 3,5431,0,0,0,0,0,0,2025/2026 TITANS SECOND LEAGUE
,949,32995,TUT 3,,,,,,,,,,,,2025/2026 TITANS SECOND LEAGUE
218,949,32995,Dylan Kotze,6299638,CBCOB 3,,CBCOB 3,5425,0,0,0,0,0,0,2025/2026 TITANS SECOND LEAGUE
,949,32995,CBCOB 3,,,,,,,,,,,,2025/2026 TITANS SECOND LEAGUE
219,949,32995,Louis Van Zyl,6299639,CBCOB 3,,CBCOB 3,5425,0,0,0,0,0,0,2025/2026 TITANS SECOND LEAGUE
,949,32995,CBCOB 3,,,,,,,,,,,,2025/2026 TITANS SECOND LEAGUE
220,949,32995,Owen Louwies,6299641,CBCOB 3,,CBCOB 3,5425,0,0,0,0,0,0,2025/2026 TITANS SECOND LEAGUE
,949,32995,CBCOB 3,,,,,,,,,,,,2025/2026 TITANS SECOND LEAGUE
221,949,32995,Pierre Coetzer,6336354,IRENE VILLAGERS 3,,IRENE VILLAGERS 3,5427,0,0,0,0,0,0,2025/2026 TITANS SECOND LEAGUE
,949,32995,IRENE VILLAGERS 3,,,,,,,,,,,,2025/2026 TITANS SECOND LEAGUE
222,949,32995,Josua Marx,6336355,IRENE VILLAGERS 3,,IRENE VILLAGERS 3,5427,0,0,0,0,0,0,2025/2026 TITANS SECOND LEAGUE
,949,32995,IRENE VILLAGERS 3,,,,,,,,,,,,2025/2026 TITANS SECOND LEAGUE
223,949,32995,Eugene Botha,6336356,IRENE VILLAGERS 3,,IRENE VILLAGERS 3,5427,0,0,0,0,0,0,2025/2026 TITANS SECOND LEAGUE
,949,32995,IRENE VILLAGERS 3,,,,,,,,,,,,2025/2026 TITANS SECOND LEAGUE
224,949,32995,Luandre Nell,6336358,HARLEQUINS 3,,HARLEQUINS 3,5426,0,0,0,0,0,0,2025/2026 TITANS SECOND LEAGUE
,949,32995,HARLEQUINS 3,,,,,,,,,,,,2025/2026 TITANS SECOND LEAGUE
225,949,32995,Ivan Snyman,6336359,HARLEQUINS 3,,HARLEQUINS 3,5426,0,0,0,0,0,0,2025/2026 TITANS SECOND LEAGUE
,949,32995,HARLEQUINS 3,,,,,,,,,,,,2025/2026 TITANS SECOND LEAGUE
226,949,32995,Simeon Jena,6336360,HARLEQUINS 3,,HARLEQUINS 3,5426,0,0,0,0,0,0,2025/2026 TITANS SECOND LEAGUE
,949,32995,HARLEQUINS 3,,,,,,,,,,,,2025/2026 TITANS SECOND LEAGUE
227,949,32995,Brent Ogle,6336361,HARLEQUINS 3,,HARLEQUINS 3,5426,0,0,0,0,0,0,2025/2026 TITANS SECOND LEAGUE
,949,32995,HARLEQUINS 3,,,,,,,,,,,,2025/2026 TITANS SECOND LEAGUE
228,949,32995,Aamir Samaai,6336362,HARLEQUINS 3,,HARLEQUINS 3,5426,0,0,0,0,0,0,2025/2026 TITANS SECOND LEAGUE
,949,32995,HARLEQUINS 3,,,,,,,,,,,,2025/2026 TITANS SECOND LEAGUE
229,949,32995,Julian Otto,6352767,SINOVILLE 3,,SINOVILLE 3,5429,0,0,0,0,0,0,2025/2026 TITANS SECOND LEAGUE
,949,32995,SINOVILLE 3,,,,,,,,,,,,2025/2026 TITANS SECOND LEAGUE
230,949,32995,Dewet Lombard,6355780,TUT 3,,TUT 3,5431,0,0,0,0,0,0,2025/2026 TITANS SECOND LEAGUE
,949,32995,TUT 3,,,,,,,,,,,,2025/2026 TITANS SECOND LEAGUE
231,949,32995,Leo Pelser,6355782,HARLEQUINS 3,,HARLEQUINS 3,5426,0,0,0,0,0,0,2025/2026 TITANS SECOND LEAGUE
,949,32995,HARLEQUINS 3,,,,,,,,,,,,2025/2026 TITANS SECOND LEAGUE
232,949,32995,Paul Liddle,6355783,HARLEQUINS 3,,HARLEQUINS 3,5426,0,0,0,0,0,0,2025/2026 TITANS SECOND LEAGUE
,949,32995,HARLEQUINS 3,,,,,,,,,,,,2025/2026 TITANS SECOND LEAGUE
233,949,32995,Ruben Erasmus,6355785,SINOVILLE 3,,SINOVILLE 3,5429,0,0,0,0,0,0,2025/2026 TITANS SECOND LEAGUE
,949,32995,SINOVILLE 3,,,,,,,,,,,,2025/2026 TITANS SECOND LEAGUE
234,949,32995,Rykers Voges,6358564,CBCOB 3,,CBCOB 3,5425,0,0,0,0,0,0,2025/2026 TITANS SECOND LEAGUE
,949,32995,CBCOB 3,,,,,,,,,,,,2025/2026 TITANS SECOND LEAGUE
235,949,32995,Alex Brown,6358567,CBCOB 3,,CBCOB 3,5425,0,0,0,0,0,0,2025/2026 TITANS SECOND LEAGUE
,949,32995,CBCOB 3,,,,,,,,,,,,2025/2026 TITANS SECOND LEAGUE
236,949,32995,Philip Orffer,6358568,CBCOB 3,,CBCOB 3,5425,0,0,0,0,0,0,2025/2026 TITANS SECOND LEAGUE
,949,32995,CBCOB 3,,,,,,,,,,,,2025/2026 TITANS SECOND LEAGUE
237,949,32995,Dean Van Bassen,6358569,CBCOB 3,,CBCOB 3,5425,0,0,0,0,0,0,2025/2026 TITANS SECOND LEAGUE
,949,32995,CBCOB 3,,,,,,,,,,,,2025/2026 TITANS SECOND LEAGUE
238,949,32995,Nathan Fox,6358570,PHSOB 3,,PHSOB 3,5428,0,0,0,0,0,0,2025/2026 TITANS SECOND LEAGUE
,949,32995,PHSOB 3,,,,,,,,,,,,2025/2026 TITANS SECOND LEAGUE
239,949,32995,Liam Armstrong,6358571,PHSOB 3,,PHSOB 3,5428,0,0,0,0,0,0,2025/2026 TITANS SECOND LEAGUE
,949,32995,PHSOB 3,,,,,,,,,,,,2025/2026 TITANS SECOND LEAGUE
240,949,32995,Heinz Hellmann,6372012,PHSOB 3,,PHSOB 3,5428,0,0,0,0,0,0,2025/2026 TITANS SECOND LEAGUE
,949,32995,PHSOB 3,,,,,,,,,,,,2025/2026 TITANS SECOND LEAGUE
241,949,32995,Hayden Van Den Heever,6372013,PHSOB 3,,PHSOB 3,5428,0,0,0,0,0,0,2025/2026 TITANS SECOND LEAGUE
,949,32995,PHSOB 3,,,,,,,,,,,,2025/2026 TITANS SECOND LEAGUE
242,949,32995,Wilhelm Best,6372014,PHSOB 3,,PHSOB 3,5428,0,0,0,0,0,0,2025/2026 TITANS SECOND LEAGUE
,949,32995,PHSOB 3,,,,,,,,,,,,2025/2026 TITANS SECOND LEAGUE
243,949,32995,Alexander Koekemoer,6389978,SINOVILLE 3,,SINOVILLE 3,5429,0,0,0,0,0,0,2025/2026 TITANS SECOND LEAGUE
,949,32995,SINOVILLE 3,,,,,,,,,,,,2025/2026 TITANS SECOND LEAGUE
244,949,32995,Sydney Stanley,6389980,TUKS 5,,TUKS 5,5430,0,0,0,0,0,0,2025/2026 TITANS SECOND LEAGUE
,949,32995,TUKS 5,,,,,,,,,,,,2025/2026 TITANS SECOND LEAGUE
245,949,32995,Faf De Villiers,6390021,HARLEQUINS 3,,HARLEQUINS 3,5426,0,0,0,0,0,0,2025/2026 TITANS SECOND LEAGUE
,949,32995,HARLEQUINS 3,,,,,,,,,,,,2025/2026 TITANS SECOND LEAGUE
246,949,32995,Francke Botha,6390022,HARLEQUINS 3,,HARLEQUINS 3,5426,0,0,0,0,0,0,2025/2026 TITANS SECOND LEAGUE
,949,32995,HARLEQUINS 3,,,,,,,,,,,,2025/2026 TITANS SECOND LEAGUE
247,949,32995,Joubert Eybers,6390024,PHSOB 3,,PHSOB 3,5428,0,0,0,0,0,0,2025/2026 TITANS SECOND LEAGUE
,949,32995,PHSOB 3,,,,,,,,,,,,2025/2026 TITANS SECOND LEAGUE
248,949,32995,Miane Smit,6390078,IRENE VILLAGERS 4,,IRENE VILLAGERS 4,5432,0,0,0,0,0,0,2025/2026 TITANS SECOND LEAGUE
,949,32995,IRENE VILLAGERS 4,,,,,,,,,,,,2025/2026 TITANS SECOND LEAGUE
249,949,32995,Faf Potgieter,6390079,CBCOB 3,,CBCOB 3,5425,0,0,0,0,0,0,2025/2026 TITANS SECOND LEAGUE
,949,32995,CBCOB 3,,,,,,,,,,,,2025/2026 TITANS SECOND LEAGUE
250,949,32995,Louan Nel,6390080,CBCOB 3,,CBCOB 3,5425,0,0,0,0,0,0,2025/2026 TITANS SECOND LEAGUE
,949,32995,CBCOB 3,,,,,,,,,,,,2025/2026 TITANS SECOND LEAGUE
251,949,32995,Jeandre Pfister,6390081,CBCOB 3,,CBCOB 3,5425,0,0,0,0,0,0,2025/2026 TITANS SECOND LEAGUE
,949,32995,CBCOB 3,,,,,,,,,,,,2025/2026 TITANS SECOND LEAGUE
252,949,32995,Jp De Viliers,6390082,CBCOB 3,,CBCOB 3,5425,0,0,0,0,0,0,2025/2026 TITANS SECOND LEAGUE
,949,32995,CBCOB 3,,,,,,,,,,,,2025/2026 TITANS SECOND LEAGUE
253,949,32995,Antonie Minnaar,6404467,SINOVILLE 3,,SINOVILLE 3,5429,0,0,0,0,0,0,2025/2026 TITANS SECOND LEAGUE
,949,32995,SINOVILLE 3,,,,,,,,,,,,2025/2026 TITANS SECOND LEAGUE
254,949,32995,Cieran Roundtree,6407258,IRENE VILLAGERS 3,,IRENE VILLAGERS 3,5427,0,0,0,0,0,0,2025/2026 TITANS SECOND LEAGUE
,949,32995,IRENE VILLAGERS 3,,,,,,,,,,,,2025/2026 TITANS SECOND LEAGUE
255,949,32995,Justin Pretorius,6407259,IRENE VILLAGERS 3,,IRENE VILLAGERS 3,5427,0,0,0,0,0,0,2025/2026 TITANS SECOND LEAGUE
,949,32995,IRENE VILLAGERS 3,,,,,,,,,,,,2025/2026 TITANS SECOND LEAGUE
256,949,32995,Barend Pelser,6407260,IRENE VILLAGERS 3,,IRENE VILLAGERS 3,5427,0,0,0,0,0,0,2025/2026 TITANS SECOND LEAGUE
,949,32995,IRENE VILLAGERS 3,,,,,,,,,,,,2025/2026 TITANS SECOND LEAGUE
257,949,32995,Neo Ngarize,6407264,HARLEQUINS 3,,HARLEQUINS 3,5426,0,0,0,0,0,0,2025/2026 TITANS SECOND LEAGUE
,949,32995,HARLEQUINS 3,,,,,,,,,,,,2025/2026 TITANS SECOND LEAGUE
258,949,32995,Devon Horn,6407266,IRENE VILLAGERS 4,,IRENE VILLAGERS 4,5432,0,0,0,0,0,0,2025/2026 TITANS SECOND LEAGUE
,949,32995,IRENE VILLAGERS 4,,,,,,,,,,,,2025/2026 TITANS SECOND LEAGUE
259,949,32995,Robert Vermeulen,6407267,IRENE VILLAGERS 4,,IRENE VILLAGERS 4,5432,0,0,0,0,0,0,2025/2026 TITANS SECOND LEAGUE
,949,32995,IRENE VILLAGERS 4,,,,,,,,,,,,2025/2026 TITANS SECOND LEAGUE
260,949,32995,Matt Thurbon,6407299,IRENE VILLAGERS 3,,IRENE VILLAGERS 3,5427,0,0,0,0,0,0,2025/2026 TITANS SECOND LEAGUE
,949,32995,IRENE VILLAGERS 3,,,,,,,,,,,,2025/2026 TITANS SECOND LEAGUE
261,949,32995,Johann Hattingh,6442371,IRENE VILLAGERS 4,,IRENE VILLAGERS 4,5432,0,0,0,0,0,0,2025/2026 TITANS SECOND LEAGUE
,949,32995,IRENE VILLAGERS 4,,,,,,,,,,,,2025/2026 TITANS SECOND LEAGUE
262,949,32995,Dimitri Saunders,6552289,HARLEQUINS 3,,HARLEQUINS 3,5426,0,0,0,0,0,0,2025/2026 TITANS SECOND LEAGUE
,949,32995,HARLEQUINS 3,,,,,,,,,,,,2025/2026 TITANS SECOND LEAGUE
263,949,32995,Alex Steenkamp,6552290,HARLEQUINS 3,,HARLEQUINS 3,5426,0,0,0,0,0,0,2025/2026 TITANS SECOND LEAGUE
,949,32995,HARLEQUINS 3,,,,,,,,,,,,2025/2026 TITANS SECOND LEAGUE
264,949,32995,Calvin Govender,6552291,HARLEQUINS 3,,HARLEQUINS 3,5426,0,0,0,0,0,0,2025/2026 TITANS SECOND LEAGUE
,949,32995,HARLEQUINS 3,,,,,,,,,,,,2025/2026 TITANS SECOND LEAGUE
265,949,32995,Stefan Van Jaarsveld,6552292,HARLEQUINS 3,,HARLEQUINS 3,5426,0,0,0,0,0,0,2025/2026 TITANS SECOND LEAGUE
,949,32995,HARLEQUINS 3,,,,,,,,,,,,2025/2026 TITANS SECOND LEAGUE
266,949,32995,Eugene Pelzer,6552298,IRENE VILLAGERS 3,,IRENE VILLAGERS 3,5427,0,0,0,0,0,0,2025/2026 TITANS SECOND LEAGUE
,949,32995,IRENE VILLAGERS 3,,,,,,,,,,,,2025/2026 TITANS SECOND LEAGUE
267,949,32995,Stefan Ferreira,6552300,CBCOB 3,,CBCOB 3,5425,0,0,0,0,0,0,2025/2026 TITANS SECOND LEAGUE
,949,32995,CBCOB 3,,,,,,,,,,,,2025/2026 TITANS SECOND LEAGUE
268,949,32995,Xavier Dido,6552348,IRENE VILLAGERS 4,,IRENE VILLAGERS 4,5432,0,0,0,0,0,0,2025/2026 TITANS SECOND LEAGUE
,949,32995,IRENE VILLAGERS 4,,,,,,,,,,,,2025/2026 TITANS SECOND LEAGUE
269,949,32995,Juan Venter,6552360,SINOVILLE 3,,SINOVILLE 3,5429,0,0,0,0,0,0,2025/2026 TITANS SECOND LEAGUE
,949,32995,SINOVILLE 3,,,,,,,,,,,,2025/2026 TITANS SECOND LEAGUE
270,949,32995,Juandre Schoultz,6552361,SINOVILLE 3,,SINOVILLE 3,5429,0,0,0,0,0,0,2025/2026 TITANS SECOND LEAGUE
,949,32995,SINOVILLE 3,,,,,,,,,,,,2025/2026 TITANS SECOND LEAGUE
271,949,32995,Pj Richter,6552362,SINOVILLE 3,,SINOVILLE 3,5429,0,0,0,0,0,0,2025/2026 TITANS SECOND LEAGUE
,949,32995,SINOVILLE 3,,,,,,,,,,,,2025/2026 TITANS SECOND LEAGUE
272,949,32995,Fritz De Villiers,6570616,HARLEQUINS 3,,HARLEQUINS 3,5426,0,0,0,0,0,0,2025/2026 TITANS SECOND LEAGUE
,949,32995,HARLEQUINS 3,,,,,,,,,,,,2025/2026 TITANS SECOND LEAGUE
273,949,32995,Kopano Thema,6570617,HARLEQUINS 3,,HARLEQUINS 3,5426,0,0,0,0,0,0,2025/2026 TITANS SECOND LEAGUE
,949,32995,HARLEQUINS 3,,,,,,,,,,,,2025/2026 TITANS SECOND LEAGUE
274,949,32995,Nikheel Singh,6570650,IRENE VILLAGERS 4,,IRENE VILLAGERS 4,5432,0,0,0,0,0,0,2025/2026 TITANS SECOND LEAGUE
,949,32995,IRENE VILLAGERS 4,,,,,,,,,,,,2025/2026 TITANS SECOND LEAGUE
275,949,32995,Cj Jordaan,6570651,IRENE VILLAGERS 4,,IRENE VILLAGERS 4,5432,0,0,0,0,0,0,2025/2026 TITANS SECOND LEAGUE
,949,32995,IRENE VILLAGERS 4,,,,,,,,,,,,2025/2026 TITANS SECOND LEAGUE
276,949,32995,Mulalo Mavhalane,6570652,IRENE VILLAGERS 4,,IRENE VILLAGERS 4,5432,0,0,0,0,0,0,2025/2026 TITANS SECOND LEAGUE
,949,32995,IRENE VILLAGERS 4,,,,,,,,,,,,2025/2026 TITANS SECOND LEAGUE
277,949,32995,Elijah De Lucchi,6570653,IRENE VILLAGERS 4,,IRENE VILLAGERS 4,5432,0,0,0,0,0,0,2025/2026 TITANS SECOND LEAGUE
,949,32995,IRENE VILLAGERS 4,,,,,,,,,,,,2025/2026 TITANS SECOND LEAGUE
278,949,32995,Austin Prins,6590932,IRENE VILLAGERS 4,,IRENE VILLAGERS 4,5432,0,0,0,0,0,0,2025/2026 TITANS SECOND LEAGUE
,949,32995,IRENE VILLAGERS 4,,,,,,,,,,,,2025/2026 TITANS SECOND LEAGUE
279,949,32995,Ryan Blyth,6592525,TUKS 5,,TUKS 5,5430,0,0,0,0,0,0,2025/2026 TITANS SECOND LEAGUE
,949,32995,TUKS 5,,,,,,,,,,,,2025/2026 TITANS SECOND LEAGUE
280,949,32995,Richard Bean,6592579,CBCOB 3,,CBCOB 3,5425,0,0,0,0,0,0,2025/2026 TITANS SECOND LEAGUE
,949,32995,CBCOB 3,,,,,,,,,,,,2025/2026 TITANS SECOND LEAGUE
281,949,32995,Derick Pienaar,6592580,CBCOB 3,,CBCOB 3,5425,0,0,0,0,0,0,2025/2026 TITANS SECOND LEAGUE
,949,32995,CBCOB 3,,,,,,,,,,,,2025/2026 TITANS SECOND LEAGUE
282,949,32995,Matthew Field,6592582,CBCOB 3,,CBCOB 3,5425,0,0,0,0,0,0,2025/2026 TITANS SECOND LEAGUE
,949,32995,CBCOB 3,,,,,,,,,,,,2025/2026 TITANS SECOND LEAGUE
283,949,32995,Gerrie Van Rooyen,6592584,PHSOB 3,,PHSOB 3,5428,0,0,0,0,0,0,2025/2026 TITANS SECOND LEAGUE
,949,32995,PHSOB 3,,,,,,,,,,,,2025/2026 TITANS SECOND LEAGUE
284,949,32995,Brian Panashe,6592586,PHSOB 3,,PHSOB 3,5428,0,0,0,0,0,0,2025/2026 TITANS SECOND LEAGUE
,949,32995,PHSOB 3,,,,,,,,,,,,2025/2026 TITANS SECOND LEAGUE
285,949,32995,Werner Swart,6592625,SINOVILLE 3,,SINOVILLE 3,5429,0,0,0,0,0,0,2025/2026 TITANS SECOND LEAGUE
,949,32995,SINOVILLE 3,,,,,,,,,,,,2025/2026 TITANS SECOND LEAGUE
286,949,32995,Patrick Mouton,6592627,HARLEQUINS 3,,HARLEQUINS 3,5426,0,0,0,0,0,0,2025/2026 TITANS SECOND LEAGUE
,949,32995,HARLEQUINS 3,,,,,,,,,,,,2025/2026 TITANS SECOND LEAGUE
287,949,32995,Liam Klackers,6592629,HARLEQUINS 3,,HARLEQUINS 3,5426,0,0,0,0,0,0,2025/2026 TITANS SECOND LEAGUE
,949,32995,HARLEQUINS 3,,,,,,,,,,,,2025/2026 TITANS SECOND LEAGUE
288,949,32995,Henry Knell,6613294,HARLEQUINS 3,,HARLEQUINS 3,5426,0,0,0,0,0,0,2025/2026 TITANS SECOND LEAGUE
,949,32995,HARLEQUINS 3,,,,,,,,,,,,2025/2026 TITANS SECOND LEAGUE
289,949,32995,Devon Horn,6613295,HARLEQUINS 3,,HARLEQUINS 3,5426,0,0,0,0,0,0,2025/2026 TITANS SECOND LEAGUE
,949,32995,HARLEQUINS 3,,,,,,,,,,,,2025/2026 TITANS SECOND LEAGUE
290,949,32995,Mike Cbc,6613297,CBCOB 3,,CBCOB 3,5425,0,0,0,0,0,0,2025/2026 TITANS SECOND LEAGUE
,949,32995,CBCOB 3,,,,,,,,,,,,2025/2026 TITANS SECOND LEAGUE
291,949,32995,Altys Cbc,6613298,CBCOB 3,,CBCOB 3,5425,0,0,0,0,0,0,2025/2026 TITANS SECOND LEAGUE
,949,32995,CBCOB 3,,,,,,,,,,,,2025/2026 TITANS SECOND LEAGUE
292,949,32995,Henre Smith,6613612,IRENE VILLAGERS 3,,IRENE VILLAGERS 3,5427,0,0,0,0,0,0,2025/2026 TITANS SECOND LEAGUE
,949,32995,IRENE VILLAGERS 3,,,,,,,,,,,,2025/2026 TITANS SECOND LEAGUE
293,949,32995,Henco Erasmus,6629315,HARLEQUINS 3,,HARLEQUINS 3,5426,0,0,0,0,0,0,2025/2026 TITANS SECOND LEAGUE
,949,32995,HARLEQUINS 3,,,,,,,,,,,,2025/2026 TITANS SECOND LEAGUE
294,949,32995,Cullen Els,6629542,CBCOB 3,,CBCOB 3,5425,0,0,0,0,0,0,2025/2026 TITANS SECOND LEAGUE
,949,32995,CBCOB 3,,,,,,,,,,,,2025/2026 TITANS SECOND LEAGUE
295,949,32995,Johannes Oosthuizen,6631976,SINOVILLE 3,,SINOVILLE 3,5429,0,0,0,0,0,0,2025/2026 TITANS SECOND LEAGUE
,949,32995,SINOVILLE 3,,,,,,,,,,,,2025/2026 TITANS SECOND LEAGUE
296,949,32995,Mika Human,6631977,SINOVILLE 3,,SINOVILLE 3,5429,0,0,0,0,0,0,2025/2026 TITANS SECOND LEAGUE
,949,32995,SINOVILLE 3,,,,,,,,,,,,2025/2026 TITANS SECOND LEAGUE
297,949,32995,Puseletso Mogofe,6631979,TUKS 5,,TUKS 5,5430,0,0,0,0,0,0,2025/2026 TITANS SECOND LEAGUE
,949,32995,TUKS 5,,,,,,,,,,,,2025/2026 TITANS SECOND LEAGUE
298,949,32995,Arno La Cock,6631980,TUKS 5,,TUKS 5,5430,0,0,0,0,0,0,2025/2026 TITANS SECOND LEAGUE
,949,32995,TUKS 5,,,,,,,,,,,,2025/2026 TITANS SECOND LEAGUE
299,949,32995,Carvel Pillay,6631981,TUKS 5,,TUKS 5,5430,0,0,0,0,0,0,2025/2026 TITANS SECOND LEAGUE
,949,32995,TUKS 5,,,,,,,,,,,,2025/2026 TITANS SECOND LEAGUE
300,949,32995,Werner Cbc,6644488,CBCOB 3,,CBCOB 3,5425,0,0,0,0,0,0,2025/2026 TITANS SECOND LEAGUE
,949,32995,CBCOB 3,,,,,,,,,,,,2025/2026 TITANS SECOND LEAGUE
301,949,32995,Yaffee Cbc,6644489,CBCOB 3,,CBCOB 3,5425,0,0,0,0,0,0,2025/2026 TITANS SECOND LEAGUE
,949,32995,CBCOB 3,,,,,,,,,,,,2025/2026 TITANS SECOND LEAGUE
302,949,32995,Jean Cbc,6644490,CBCOB 3,,CBCOB 3,5425,0,0,0,0,0,0,2025/2026 TITANS SECOND LEAGUE
,949,32995,CBCOB 3,,,,,,,,,,,,2025/2026 TITANS SECOND LEAGUE
303,949,32995,Duanne Cbc,6644491,CBCOB 3,,CBCOB 3,5425,0,0,0,0,0,0,2025/2026 TITANS SECOND LEAGUE
,949,32995,CBCOB 3,,,,,,,,,,,,2025/2026 TITANS SECOND LEAGUE
304,949,32995,Altus Cbc,6644492,CBCOB 3,,CBCOB 3,5425,0,0,0,0,0,0,2025/2026 TITANS SECOND LEAGUE
,949,32995,CBCOB 3,,,,,,,,,,,,2025/2026 TITANS SECOND LEAGUE
305,949,32995,Danru Cbc,6644493,CBCOB 3,,CBCOB 3,5425,0,0,0,0,0,0,2025/2026 TITANS SECOND LEAGUE
,949,32995,CBCOB 3,,,,,,,,,,,,2025/2026 TITANS SECOND LEAGUE
306,949,32995,Hyman Cbc,6644494,CBCOB 3,,CBCOB 3,5425,0,0,0,0,0,0,2025/2026 TITANS SECOND LEAGUE
,949,32995,CBCOB 3,,,,,,,,,,,,2025/2026 TITANS SECOND LEAGUE
307,949,32995,Fredrik Strydom,6654203,PHSOB 3,,PHSOB 3,5428,0,0,0,0,0,0,2025/2026 TITANS SECOND LEAGUE
,949,32995,PHSOB 3,,,,,,,,,,,,2025/2026 TITANS SECOND LEAGUE
308,949,32995,Christopher Bouwer,6654204,PHSOB 3,,PHSOB 3,5428,0,0,0,0,0,0,2025/2026 TITANS SECOND LEAGUE
,949,32995,PHSOB 3,,,,,,,,,,,,2025/2026 TITANS SECOND LEAGUE
309,949,32995,Connor Walker,6654205,PHSOB 3,,PHSOB 3,5428,0,0,0,0,0,0,2025/2026 TITANS SECOND LEAGUE
,949,32995,PHSOB 3,,,,,,,,,,,,2025/2026 TITANS SECOND LEAGUE
1,790,32995,Johan Nel,4655263,TUKS 5,,TUKS 5,4558,3,6,0,1,1,11,2024 Titans Second League
,790,32995,TUKS 5,,,,,,,,,,,,2024 Titans Second League
2,790,32995,Gerhard Swanepoel,3713453,IRENE VILLAGERS 3,,IRENE VILLAGERS 3,4554,1,7,0,0,1,9,2024 Titans Second League
,790,32995,IRENE VILLAGERS 3,,,,,,,,,,,,2024 Titans Second League
3,790,32995,Donovan du Toit,3713457,TUKS 5,,TUKS 5,4558,0,8,0,1,0,9,2024 Titans Second League
,790,32995,TUKS 5,,,,,,,,,,,,2024 Titans Second League
4,790,32995,Tiaan Engelbrecht,2936837,TUKS 5,,TUKS 5,4558,5,0,1,1,0,7,2024 Titans Second League
,790,32995,TUKS 5,,,,,,,,,,,,2024 Titans Second League
5,790,32995,Ludwig Erasmus,4673573,SINOVILLE 3,,SINOVILLE 3,4556,0,4,0,0,3,7,2024 Titans Second League
,790,32995,SINOVILLE 3,,,,,,,,,,,,2024 Titans Second League
6,790,32995,Andre Kruyshaar,3795248,SINOVILLE 4,,SINOVILLE 4,4557,6,0,0,0,0,6,2024 Titans Second League
,790,32995,SINOVILLE 4,,,,,,,,,,,,2024 Titans Second League
7,790,32995,Stanley Fabri,3056139,SINOVILLE 3,,SINOVILLE 3,4556,5,0,1,0,0,6,2024 Titans Second League
,790,32995,SINOVILLE 3,,,,,,,,,,,,2024 Titans Second League
8,790,32995,Frits Snyman,2936846,TUKS 5,,TUKS 5,4558,1,4,0,0,0,5,2024 Titans Second League
,790,32995,TUKS 5,,,,,,,,,,,,2024 Titans Second League
9,790,32995,Christian Strydom,2936847,TUKS 5,,TUKS 5,4558,5,0,0,0,0,5,2024 Titans Second League
,790,32995,TUKS 5,,,,,,,,,,,,2024 Titans Second League
10,790,32995,Hendre Du toit,2987477,SINOVILLE 3,,SINOVILLE 3,4556,5,0,0,0,0,5,2024 Titans Second League
,790,32995,SINOVILLE 3,,,,,,,,,,,,2024 Titans Second League
11,790,32995,Niel Coetzee,3018224,TUT 3,,TUT 3,4559,0,5,0,0,0,5,2024 Titans Second League
,790,32995,TUT 3,,,,,,,,,,,,2024 Titans Second League
12,790,32995,Neil Jansen,4655262,IRENE VILLAGERS 3,,IRENE VILLAGERS 3,4554,5,0,0,0,0,5,2024 Titans Second League
,790,32995,IRENE VILLAGERS 3,,,,,,,,,,,,2024 Titans Second League
13,790,32995,Nevada Jacobs,4673820,CBCOB 3,,CBCOB 3,4552,5,0,0,0,0,5,2024 Titans Second League
,790,32995,CBCOB 3,,,,,,,,,,,,2024 Titans Second League
14,790,32995,Martin Van Tonder,2840539,TUKS 5,,TUKS 5,4558,4,0,0,0,0,4,2024 Titans Second League
,790,32995,TUKS 5,,,,,,,,,,,,2024 Titans Second League
15,790,32995,Nico Minnaar,3713344,TUT 3,,TUT 3,4559,4,0,0,0,0,4,2024 Titans Second League
,790,32995,TUT 3,,,,,,,,,,,,2024 Titans Second League
16,790,32995,Rigardt Saaiman,3729566,CBCOB 3,,CBCOB 3,4552,4,0,0,0,0,4,2024 Titans Second League
,790,32995,CBCOB 3,,,,,,,,,,,,2024 Titans Second League
17,790,32995,Albert Myburgh,4024779,IRENE VILLAGERS 3,,IRENE VILLAGERS 3,4554,4,0,0,0,0,4,2024 Titans Second League
,790,32995,IRENE VILLAGERS 3,,,,,,,,,,,,2024 Titans Second League
18,790,32995,Kyle Klese,4715785,PHSOB 3,,PHSOB 3,4555,0,4,0,0,0,4,2024 Titans Second League
,790,32995,PHSOB 3,,,,,,,,,,,,2024 Titans Second League
19,790,32995,Alec Jordaan,4715851,CBCOB 3,,CBCOB 3,4552,4,0,0,0,0,4,2024 Titans Second League
,790,32995,CBCOB 3,,,,,,,,,,,,2024 Titans Second League
20,790,32995,Tshepo Molite,4892046,IRENE VILLAGERS 3,,IRENE VILLAGERS 3,4554,4,0,0,0,0,4,2024 Titans Second League
,790,32995,IRENE VILLAGERS 3,,,,,,,,,,,,2024 Titans Second League
21,790,32995,Riccardo Oosthuizen,2936842,TUKS 5,,TUKS 5,4558,3,0,0,1,0,4,2024 Titans Second League
,790,32995,TUKS 5,,,,,,,,,,,,2024 Titans Second League
22,790,32995,Pieter Roos,2939189,HARLEQUINS 3,,HARLEQUINS 3,4553,2,1,1,0,0,4,2024 Titans Second League
,790,32995,HARLEQUINS 3,,,,,,,,,,,,2024 Titans Second League
23,790,32995,Piet Botha,4063611,SINOVILLE 3,,SINOVILLE 3,4556,3,0,1,0,0,4,2024 Titans Second League
,790,32995,SINOVILLE 3,,,,,,,,,,,,2024 Titans Second League
24,790,32995,Rudi Loibner,2935397,CBCOB 3,,CBCOB 3,4552,1,2,0,0,0,3,2024 Titans Second League
,790,32995,CBCOB 3,,,,,,,,,,,,2024 Titans Second League
25,790,32995,Dewald Basson,3018234,TUT 3,,TUT 3,4559,3,0,0,0,0,3,2024 Titans Second League
,790,32995,TUT 3,,,,,,,,,,,,2024 Titans Second League
26,790,32995,David Fourie,3018346,CBCOB 3,,CBCOB 3,4552,3,0,0,0,0,3,2024 Titans Second League
,790,32995,CBCOB 3,,,,,,,,,,,,2024 Titans Second League
27,790,32995,Nico de Bruyn,3180581,TUKS 5,,TUKS 5,4558,3,0,0,0,0,3,2024 Titans Second League
,790,32995,TUKS 5,,,,,,,,,,,,2024 Titans Second League
28,790,32995,Lehlohonolo Moshoati,3266899,TUKS 5,,TUKS 5,4558,3,0,0,0,0,3,2024 Titans Second League
,790,32995,TUKS 5,,,,,,,,,,,,2024 Titans Second League
29,790,32995,Jacques Van Rooyen,3795662,IRENE VILLAGERS 3,,IRENE VILLAGERS 3,4554,3,0,0,0,0,3,2024 Titans Second League
,790,32995,IRENE VILLAGERS 3,,,,,,,,,,,,2024 Titans Second League
30,790,32995,Hanco Hertzog,4165763,SINOVILLE 4,,SINOVILLE 4,4557,3,0,0,0,0,3,2024 Titans Second League
,790,32995,SINOVILLE 4,,,,,,,,,,,,2024 Titans Second League
31,790,32995,Justin Van Bassen,4673824,CBCOB 3,,CBCOB 3,4552,0,3,0,0,0,3,2024 Titans Second League
,790,32995,CBCOB 3,,,,,,,,,,,,2024 Titans Second League
32,790,32995,Juan Human,4673828,HARLEQUINS 3,,HARLEQUINS 3,4553,3,0,0,0,0,3,2024 Titans Second League
,790,32995,HARLEQUINS 3,,,,,,,,,,,,2024 Titans Second League
33,790,32995,Ludwig Erasmus,4702802,SINOVILLE 4,,SINOVILLE 4,4557,1,2,0,0,0,3,2024 Titans Second League
,790,32995,SINOVILLE 4,,,,,,,,,,,,2024 Titans Second League
34,790,32995,Matt Vd Mescht,4702807,IRENE VILLAGERS 3,,IRENE VILLAGERS 3,4554,3,0,0,0,0,3,2024 Titans Second League
,790,32995,IRENE VILLAGERS 3,,,,,,,,,,,,2024 Titans Second League
35,790,32995,Elgun Boecker,4702810,IRENE VILLAGERS 3,,IRENE VILLAGERS 3,4554,3,0,0,0,0,3,2024 Titans Second League
,790,32995,IRENE VILLAGERS 3,,,,,,,,,,,,2024 Titans Second League
36,790,32995,Berno Klopper,3180553,SINOVILLE 3,,SINOVILLE 3,4556,2,0,0,1,0,3,2024 Titans Second League
,790,32995,SINOVILLE 3,,,,,,,,,,,,2024 Titans Second League
37,790,32995,Steyn Niemand,4116052,HARLEQUINS 3,,HARLEQUINS 3,4553,0,2,0,0,1,3,2024 Titans Second League
,790,32995,HARLEQUINS 3,,,,,,,,,,,,2024 Titans Second League
38,790,32995,Wiehan Nel,2936753,SINOVILLE 3,,SINOVILLE 3,4556,2,0,0,0,0,2,2024 Titans Second League
,790,32995,SINOVILLE 3,,,,,,,,,,,,2024 Titans Second League
39,790,32995,Gerhard De Bruin,2936835,TUKS 5,,TUKS 5,4558,2,0,0,0,0,2,2024 Titans Second League
,790,32995,TUKS 5,,,,,,,,,,,,2024 Titans Second League
40,790,32995,Gerrie Viljoen,3015413,IRENE VILLAGERS 3,,IRENE VILLAGERS 3,4554,2,0,0,0,0,2,2024 Titans Second League
,790,32995,IRENE VILLAGERS 3,,,,,,,,,,,,2024 Titans Second League
41,790,32995,Charl Prinsloo,3018226,TUT 3,,TUT 3,4559,2,0,0,0,0,2,2024 Titans Second League
,790,32995,TUT 3,,,,,,,,,,,,2024 Titans Second League
42,790,32995,Stefan Grobler,3018230,TUT 3,,TUT 3,4559,2,0,0,0,0,2,2024 Titans Second League
,790,32995,TUT 3,,,,,,,,,,,,2024 Titans Second League
43,790,32995,Paul Gouws,3056110,CBCOB 3,,CBCOB 3,4552,2,0,0,0,0,2,2024 Titans Second League
,790,32995,CBCOB 3,,,,,,,,,,,,2024 Titans Second League
44,790,32995,JP Roets,3195753,SINOVILLE 4,,SINOVILLE 4,4557,2,0,0,0,0,2,2024 Titans Second League
,790,32995,SINOVILLE 4,,,,,,,,,,,,2024 Titans Second League
45,790,32995,Andre Van wyk,3266939,TUKS 5,,TUKS 5,4558,2,0,0,0,0,2,2024 Titans Second League
,790,32995,TUKS 5,,,,,,,,,,,,2024 Titans Second League
46,790,32995,Dylan van Wyk,3277436,SINOVILLE 3,,SINOVILLE 3,4556,2,0,0,0,0,2,2024 Titans Second League
,790,32995,SINOVILLE 3,,,,,,,,,,,,2024 Titans Second League
47,790,32995,Divan Cilliers,3713448,IRENE VILLAGERS 3,,IRENE VILLAGERS 3,4554,2,0,0,0,0,2,2024 Titans Second League
,790,32995,IRENE VILLAGERS 3,,,,,,,,,,,,2024 Titans Second League
48,790,32995,Marcel Cilliers,3713449,IRENE VILLAGERS 3,,IRENE VILLAGERS 3,4554,2,0,0,0,0,2,2024 Titans Second League
,790,32995,IRENE VILLAGERS 3,,,,,,,,,,,,2024 Titans Second League
49,790,32995,Elandré van den Berg,3713456,TUKS 5,,TUKS 5,4558,2,0,0,0,0,2,2024 Titans Second League
,790,32995,TUKS 5,,,,,,,,,,,,2024 Titans Second League
50,790,32995,Andre Kruyshaar,3772081,SINOVILLE 3,,SINOVILLE 3,4556,2,0,0,0,0,2,2024 Titans Second League
,790,32995,SINOVILLE 3,,,,,,,,,,,,2024 Titans Second League
51,790,32995,Piet Botha,4198490,SINOVILLE 4,,SINOVILLE 4,4557,2,0,0,0,0,2,2024 Titans Second League
,790,32995,SINOVILLE 4,,,,,,,,,,,,2024 Titans Second League
52,790,32995,Hein Swanepoel,4649924,HARLEQUINS 3,,HARLEQUINS 3,4553,2,0,0,0,0,2,2024 Titans Second League
,790,32995,HARLEQUINS 3,,,,,,,,,,,,2024 Titans Second League
53,790,32995,Luke Cannata,4704974,CENTURION KAVALIERS 3,,CENTURION KAVALIERS 3,4560,2,0,0,0,0,2,2024 Titans Second League
,790,32995,CENTURION KAVALIERS 3,,,,,,,,,,,,2024 Titans Second League
54,790,32995,Johan Feute,4729909,SINOVILLE 3,,SINOVILLE 3,4556,2,0,0,0,0,2,2024 Titans Second League
,790,32995,SINOVILLE 3,,,,,,,,,,,,2024 Titans Second League
55,790,32995,Robert de Villiers,4729852,CENTURION KAVALIERS 3,,CENTURION KAVALIERS 3,4560,0,1,0,0,1,2,2024 Titans Second League
,790,32995,CENTURION KAVALIERS 3,,,,,,,,,,,,2024 Titans Second League
56,790,32995,Jody Buys,4729873,HARLEQUINS 3,,HARLEQUINS 3,4553,1,0,1,0,0,2,2024 Titans Second League
,790,32995,HARLEQUINS 3,,,,,,,,,,,,2024 Titans Second League
57,790,32995,Oliver Beaclerk,4729876,HARLEQUINS 3,,HARLEQUINS 3,4553,1,0,1,0,0,2,2024 Titans Second League
,790,32995,HARLEQUINS 3,,,,,,,,,,,,2024 Titans Second League
58,790,32995,Mohapi Molete,4756704,IRENE VILLAGERS 3,,IRENE VILLAGERS 3,4554,1,0,1,0,0,2,2024 Titans Second League
,790,32995,IRENE VILLAGERS 3,,,,,,,,,,,,2024 Titans Second League
59,790,32995,Johan Broekman,4756705,IRENE VILLAGERS 3,,IRENE VILLAGERS 3,4554,0,1,1,0,0,2,2024 Titans Second League
,790,32995,IRENE VILLAGERS 3,,,,,,,,,,,,2024 Titans Second League
60,790,32995,James van der Merwe,5000388,SINOVILLE 3,,SINOVILLE 3,4556,1,0,1,0,0,2,2024 Titans Second League
,790,32995,SINOVILLE 3,,,,,,,,,,,,2024 Titans Second League
61,790,32995,Charl Foxcroft,2097177,TUT 3,,TUT 3,4559,1,0,0,0,0,1,2024 Titans Second League
,790,32995,TUT 3,,,,,,,,,,,,2024 Titans Second League
62,790,32995,Steven Meyburgh,2937220,PHSOB 3,,PHSOB 3,4555,1,0,0,0,0,1,2024 Titans Second League
,790,32995,PHSOB 3,,,,,,,,,,,,2024 Titans Second League
63,790,32995,Gunter Geyer,2985804,IRENE VILLAGERS 3,,IRENE VILLAGERS 3,4554,1,0,0,0,0,1,2024 Titans Second League
,790,32995,IRENE VILLAGERS 3,,,,,,,,,,,,2024 Titans Second League
64,790,32995,Hendre Du toit,2987477,SINOVILLE 4,,SINOVILLE 4,4557,1,0,0,0,0,1,2024 Titans Second League
,790,32995,SINOVILLE 4,,,,,,,,,,,,2024 Titans Second League
65,790,32995,Stephan Van Der Berg,2987583,CBCOB 3,,CBCOB 3,4552,1,0,0,0,0,1,2024 Titans Second League
,790,32995,CBCOB 3,,,,,,,,,,,,2024 Titans Second League
66,790,32995,Jeandre Roux,3018228,TUT 3,,TUT 3,4559,1,0,0,0,0,1,2024 Titans Second League
,790,32995,TUT 3,,,,,,,,,,,,2024 Titans Second League
67,790,32995,Jaydwin Venske,3031828,CENTURION KAVALIERS 3,,CENTURION KAVALIERS 3,4560,1,0,0,0,0,1,2024 Titans Second League
,790,32995,CENTURION KAVALIERS 3,,,,,,,,,,,,2024 Titans Second League
68,790,32995,Wayne Scott,3056109,CBCOB 3,,CBCOB 3,4552,1,0,0,0,0,1,2024 Titans Second League
,790,32995,CBCOB 3,,,,,,,,,,,,2024 Titans Second League
69,790,32995,Riaan Davel,3163488,SINOVILLE 4,,SINOVILLE 4,4557,1,0,0,0,0,1,2024 Titans Second League
,790,32995,SINOVILLE 4,,,,,,,,,,,,2024 Titans Second League
70,790,32995,Berno Klopper,3180553,SINOVILLE 4,,SINOVILLE 4,4557,1,0,0,0,0,1,2024 Titans Second League
,790,32995,SINOVILLE 4,,,,,,,,,,,,2024 Titans Second League
71,790,32995,JJ Du Toit,3226765,SINOVILLE 4,,SINOVILLE 4,4557,1,0,0,0,0,1,2024 Titans Second League
,790,32995,SINOVILLE 4,,,,,,,,,,,,2024 Titans Second League
72,790,32995,Tihardt Kruger,3242942,TUKS 5,,TUKS 5,4558,1,0,0,0,0,1,2024 Titans Second League
,790,32995,TUKS 5,,,,,,,,,,,,2024 Titans Second League
73,790,32995,Christo Swanepoel,3299532,PHSOB 4,,PHSOB 4,4561,1,0,0,0,0,1,2024 Titans Second League
,790,32995,PHSOB 4,,,,,,,,,,,,2024 Titans Second League
74,790,32995,Chris Coetzee,3719304,CENTURION KAVALIERS 3,,CENTURION KAVALIERS 3,4560,1,0,0,0,0,1,2024 Titans Second League
,790,32995,CENTURION KAVALIERS 3,,,,,,,,,,,,2024 Titans Second League
75,790,32995,Stefan Olivier,3729935,TUT 3,,TUT 3,4559,1,0,0,0,0,1,2024 Titans Second League
,790,32995,TUT 3,,,,,,,,,,,,2024 Titans Second League
76,790,32995,Leon Bender,3730114,CBCOB 3,,CBCOB 3,4552,1,0,0,0,0,1,2024 Titans Second League
,790,32995,CBCOB 3,,,,,,,,,,,,2024 Titans Second League
77,790,32995,Reinhardt Hamman,3745388,SINOVILLE 4,,SINOVILLE 4,4557,1,0,0,0,0,1,2024 Titans Second League
,790,32995,SINOVILLE 4,,,,,,,,,,,,2024 Titans Second League
78,790,32995,Danie Kruger,3745390,SINOVILLE 4,,SINOVILLE 4,4557,1,0,0,0,0,1,2024 Titans Second League
,790,32995,SINOVILLE 4,,,,,,,,,,,,2024 Titans Second League
79,790,32995,Christie Klopper,3772083,SINOVILLE 3,,SINOVILLE 3,4556,0,1,0,0,0,1,2024 Titans Second League
,790,32995,SINOVILLE 3,,,,,,,,,,,,2024 Titans Second League
80,790,32995,Andre Schoombee,3772961,SINOVILLE 3,,SINOVILLE 3,4556,1,0,0,0,0,1,2024 Titans Second League
,790,32995,SINOVILLE 3,,,,,,,,,,,,2024 Titans Second League
81,790,32995,Callen Stephen,3782749,PHSOB 3,,PHSOB 3,4555,0,1,0,0,0,1,2024 Titans Second League
,790,32995,PHSOB 3,,,,,,,,,,,,2024 Titans Second League
82,790,32995,Simion Muller,3783164,CBCOB 3,,CBCOB 3,4552,0,1,0,0,0,1,2024 Titans Second League
,790,32995,CBCOB 3,,,,,,,,,,,,2024 Titans Second League
83,790,32995,Jaden Beukes,3783165,CBCOB 3,,CBCOB 3,4552,1,0,0,0,0,1,2024 Titans Second League
,790,32995,CBCOB 3,,,,,,,,,,,,2024 Titans Second League
84,790,32995,Wessel Herbst,3783166,CBCOB 3,,CBCOB 3,4552,1,0,0,0,0,1,2024 Titans Second League
,790,32995,CBCOB 3,,,,,,,,,,,,2024 Titans Second League
85,790,32995,Travis Joshua,3783171,HARLEQUINS 3,,HARLEQUINS 3,4553,1,0,0,0,0,1,2024 Titans Second League
,790,32995,HARLEQUINS 3,,,,,,,,,,,,2024 Titans Second League
86,790,32995,Hanco Hertzog,3928457,SINOVILLE 3,,SINOVILLE 3,4556,1,0,0,0,0,1,2024 Titans Second League
,790,32995,SINOVILLE 3,,,,,,,,,,,,2024 Titans Second League
87,790,32995,Jaco CBC,4046234,CBCOB 3,,CBCOB 3,4552,1,0,0,0,0,1,2024 Titans Second League
,790,32995,CBCOB 3,,,,,,,,,,,,2024 Titans Second League
88,790,32995,Ian Dorfling,4063612,SINOVILLE 3,,SINOVILLE 3,4556,1,0,0,0,0,1,2024 Titans Second League
,790,32995,SINOVILLE 3,,,,,,,,,,,,2024 Titans Second League
89,790,32995,Pieter Oosthuizen,4063614,SINOVILLE 3,,SINOVILLE 3,4556,1,0,0,0,0,1,2024 Titans Second League
,790,32995,SINOVILLE 3,,,,,,,,,,,,2024 Titans Second League
90,790,32995,Peter Harold,4116053,HARLEQUINS 3,,HARLEQUINS 3,4553,1,0,0,0,0,1,2024 Titans Second League
,790,32995,HARLEQUINS 3,,,,,,,,,,,,2024 Titans Second League
91,790,32995,Gunter Geyer,4655258,IRENE VILLAGERS 3,,IRENE VILLAGERS 3,4554,1,0,0,0,0,1,2024 Titans Second League
,790,32995,IRENE VILLAGERS 3,,,,,,,,,,,,2024 Titans Second League
92,790,32995,Acelan Pruss,4655260,IRENE VILLAGERS 3,,IRENE VILLAGERS 3,4554,1,0,0,0,0,1,2024 Titans Second League
,790,32995,IRENE VILLAGERS 3,,,,,,,,,,,,2024 Titans Second League
93,790,32995,Gary Van Blerk,4673569,TUT 3,,TUT 3,4559,1,0,0,0,0,1,2024 Titans Second League
,790,32995,TUT 3,,,,,,,,,,,,2024 Titans Second League
94,790,32995,Divan Potgieter,4673570,TUT 3,,TUT 3,4559,1,0,0,0,0,1,2024 Titans Second League
,790,32995,TUT 3,,,,,,,,,,,,2024 Titans Second League
95,790,32995,Christopher Volschenk,4673575,SINOVILLE 3,,SINOVILLE 3,4556,1,0,0,0,0,1,2024 Titans Second League
,790,32995,SINOVILLE 3,,,,,,,,,,,,2024 Titans Second League
96,790,32995,Stiaan Heymans,4673670,IRENE VILLAGERS 3,,IRENE VILLAGERS 3,4554,1,0,0,0,0,1,2024 Titans Second League
,790,32995,IRENE VILLAGERS 3,,,,,,,,,,,,2024 Titans Second League
97,790,32995,Franco Schmidt,4673821,CBCOB 3,,CBCOB 3,4552,1,0,0,0,0,1,2024 Titans Second League
,790,32995,CBCOB 3,,,,,,,,,,,,2024 Titans Second League
98,790,32995,Ewan Erasmus,4673825,HARLEQUINS 3,,HARLEQUINS 3,4553,1,0,0,0,0,1,2024 Titans Second League
,790,32995,HARLEQUINS 3,,,,,,,,,,,,2024 Titans Second League
99,790,32995,Nathan Stryfom,4673826,HARLEQUINS 3,,HARLEQUINS 3,4553,1,0,0,0,0,1,2024 Titans Second League
,790,32995,HARLEQUINS 3,,,,,,,,,,,,2024 Titans Second League
100,790,32995,Jd Van wyk,4702806,SINOVILLE 4,,SINOVILLE 4,4557,1,0,0,0,0,1,2024 Titans Second League
,790,32995,SINOVILLE 4,,,,,,,,,,,,2024 Titans Second League
101,790,32995,Benjamin Cronje,4702808,IRENE VILLAGERS 3,,IRENE VILLAGERS 3,4554,1,0,0,0,0,1,2024 Titans Second League
,790,32995,IRENE VILLAGERS 3,,,,,,,,,,,,2024 Titans Second League
102,790,32995,Werner Marneweck,4715784,TUKS 5,,TUKS 5,4558,1,0,0,0,0,1,2024 Titans Second League
,790,32995,TUKS 5,,,,,,,,,,,,2024 Titans Second League
103,790,32995,Ruan Venter,4715814,SINOVILLE 4,,SINOVILLE 4,4557,1,0,0,0,0,1,2024 Titans Second League
,790,32995,SINOVILLE 4,,,,,,,,,,,,2024 Titans Second League
104,790,32995,Riaan Davel,4715815,SINOVILLE 4,,SINOVILLE 4,4557,1,0,0,0,0,1,2024 Titans Second League
,790,32995,SINOVILLE 4,,,,,,,,,,,,2024 Titans Second League
105,790,32995,Tiaan Borman,4715816,SINOVILLE 4,,SINOVILLE 4,4557,1,0,0,0,0,1,2024 Titans Second League
,790,32995,SINOVILLE 4,,,,,,,,,,,,2024 Titans Second League
106,790,32995,Divan Haasbroek,4715852,CBCOB 3,,CBCOB 3,4552,1,0,0,0,0,1,2024 Titans Second League
,790,32995,CBCOB 3,,,,,,,,,,,,2024 Titans Second League
107,790,32995,Hennie Jnr Smit,4877007,SINOVILLE 4,,SINOVILLE 4,4557,1,0,0,0,0,1,2024 Titans Second League
,790,32995,SINOVILLE 4,,,,,,,,,,,,2024 Titans Second League
108,790,32995,Henre Quins,4878344,HARLEQUINS 3,,HARLEQUINS 3,4553,1,0,0,0,0,1,2024 Titans Second League
,790,32995,HARLEQUINS 3,,,,,,,,,,,,2024 Titans Second League
109,790,32995,JEANDRE Du Bruyn,4891852,TUT 3,,TUT 3,4559,1,0,0,0,0,1,2024 Titans Second League
,790,32995,TUT 3,,,,,,,,,,,,2024 Titans Second League
110,790,32995,Calyle Stolze,4896935,HARLEQUINS 3,,HARLEQUINS 3,4553,1,0,0,0,0,1,2024 Titans Second League
,790,32995,HARLEQUINS 3,,,,,,,,,,,,2024 Titans Second League
111,790,32995,Luke Marshell,4973936,HARLEQUINS 3,,HARLEQUINS 3,4553,1,0,0,0,0,1,2024 Titans Second League
,790,32995,HARLEQUINS 3,,,,,,,,,,,,2024 Titans Second League
112,790,32995,Ryan Kruger,4973940,SINOVILLE 3,,SINOVILLE 3,4556,1,0,0,0,0,1,2024 Titans Second League
,790,32995,SINOVILLE 3,,,,,,,,,,,,2024 Titans Second League
113,790,32995,Vuks Bamuza,5000466,HARLEQUINS 3,,HARLEQUINS 3,4553,1,0,0,0,0,1,2024 Titans Second League
,790,32995,HARLEQUINS 3,,,,,,,,,,,,2024 Titans Second League
114,790,32995,Clinton Da costa,5000469,HARLEQUINS 3,,HARLEQUINS 3,4553,1,0,0,0,0,1,2024 Titans Second League
,790,32995,HARLEQUINS 3,,,,,,,,,,,,2024 Titans Second League
115,790,32995,Enrico Hepburn,5034371,SINOVILLE 3,,SINOVILLE 3,4556,1,0,0,0,0,1,2024 Titans Second League
,790,32995,SINOVILLE 3,,,,,,,,,,,,2024 Titans Second League
116,790,32995,Nathan Hall,5045108,CENTURION KAVALIERS 3,,CENTURION KAVALIERS 3,4560,1,0,0,0,0,1,2024 Titans Second League
,790,32995,CENTURION KAVALIERS 3,,,,,,,,,,,,2024 Titans Second League
117,790,32995,Ryan Kruger,2698181,SINOVILLE 4,,SINOVILLE 4,4557,0,0,1,0,0,1,2024 Titans Second League
,790,32995,SINOVILLE 4,,,,,,,,,,,,2024 Titans Second League
118,790,32995,Wian Nel,2987474,SINOVILLE 4,,SINOVILLE 4,4557,0,0,1,0,0,1,2024 Titans Second League
,790,32995,SINOVILLE 4,,,,,,,,,,,,2024 Titans Second League
119,790,32995,Lessego Teffo,4196334,HARLEQUINS 3,,HARLEQUINS 3,4553,0,0,1,0,0,1,2024 Titans Second League
,790,32995,HARLEQUINS 3,,,,,,,,,,,,2024 Titans Second League
120,790,32995,Wendell Plaatjies,4673818,CBCOB 3,,CBCOB 3,4552,0,0,1,0,0,1,2024 Titans Second League
,790,32995,CBCOB 3,,,,,,,,,,,,2024 Titans Second League
121,790,32995,Sj Delport,4704968,SINOVILLE 3,,SINOVILLE 3,4556,0,0,0,1,0,1,2024 Titans Second League
,790,32995,SINOVILLE 3,,,,,,,,,,,,2024 Titans Second League
122,790,32995,Zadian Cbc3,4874626,CBCOB 3,,CBCOB 3,4552,0,0,1,0,0,1,2024 Titans Second League
,790,32995,CBCOB 3,,,,,,,,,,,,2024 Titans Second League
123,790,32995,Dian Botha,2934759,SINOVILLE 3,,SINOVILLE 3,4556,0,0,0,0,0,0,2024 Titans Second League
,790,32995,SINOVILLE 3,,,,,,,,,,,,2024 Titans Second League
124,790,32995,Marius Bornman,2936833,TUKS 5,,TUKS 5,4558,0,0,0,0,0,0,2024 Titans Second League
,790,32995,TUKS 5,,,,,,,,,,,,2024 Titans Second League
125,790,32995,Nico Kruger,2936834,TUKS 5,,TUKS 5,4558,0,0,0,0,0,0,2024 Titans Second League
,790,32995,TUKS 5,,,,,,,,,,,,2024 Titans Second League
126,790,32995,Ivan Bekker,2936839,TUKS 5,,TUKS 5,4558,0,0,0,0,0,0,2024 Titans Second League
,790,32995,TUKS 5,,,,,,,,,,,,2024 Titans Second League
127,790,32995,Eben Botha,2936848,TUKS 5,,TUKS 5,4558,0,0,0,0,0,0,2024 Titans Second League
,790,32995,TUKS 5,,,,,,,,,,,,2024 Titans Second League
128,790,32995,Chad Fortman,2936899,PHSOB 3,,PHSOB 3,4555,0,0,0,0,0,0,2024 Titans Second League
,790,32995,PHSOB 3,,,,,,,,,,,,2024 Titans Second League
129,790,32995,Christo Swanepoel,2936900,PHSOB 3,,PHSOB 3,4555,0,0,0,0,0,0,2024 Titans Second League
,790,32995,PHSOB 3,,,,,,,,,,,,2024 Titans Second League
130,790,32995,Emil Rolfes,2936903,PHSOB 3,,PHSOB 3,4555,0,0,0,0,0,0,2024 Titans Second League
,790,32995,PHSOB 3,,,,,,,,,,,,2024 Titans Second League
131,790,32995,Ryan Rossouw,2936911,PHSOB 3,,PHSOB 3,4555,0,0,0,0,0,0,2024 Titans Second League
,790,32995,PHSOB 3,,,,,,,,,,,,2024 Titans Second League
132,790,32995,Matt Rogerson,2936914,PHSOB 3,,PHSOB 3,4555,0,0,0,0,0,0,2024 Titans Second League
,790,32995,PHSOB 3,,,,,,,,,,,,2024 Titans Second League
133,790,32995,Adriaan Ferreira,2936919,PHSOB 3,,PHSOB 3,4555,0,0,0,0,0,0,2024 Titans Second League
,790,32995,PHSOB 3,,,,,,,,,,,,2024 Titans Second League
134,790,32995,Alain Grové,2937228,PHSOB 4,,PHSOB 4,4561,0,0,0,0,0,0,2024 Titans Second League
,790,32995,PHSOB 4,,,,,,,,,,,,2024 Titans Second League
135,790,32995,Ettienne Tait,2939149,HARLEQUINS 3,,HARLEQUINS 3,4553,0,0,0,0,0,0,2024 Titans Second League
,790,32995,HARLEQUINS 3,,,,,,,,,,,,2024 Titans Second League
136,790,32995,Mohammed B Korowlay,2939170,HARLEQUINS 3,,HARLEQUINS 3,4553,0,0,0,0,0,0,2024 Titans Second League
,790,32995,HARLEQUINS 3,,,,,,,,,,,,2024 Titans Second League
137,790,32995,Keaton Steenkamp,2944947,SINOVILLE 4,,SINOVILLE 4,4557,0,0,0,0,0,0,2024 Titans Second League
,790,32995,SINOVILLE 4,,,,,,,,,,,,2024 Titans Second League
138,790,32995,Stefan Strydom,2985833,IRENE VILLAGERS 3,,IRENE VILLAGERS 3,4554,0,0,0,0,0,0,2024 Titans Second League
,790,32995,IRENE VILLAGERS 3,,,,,,,,,,,,2024 Titans Second League
139,790,32995,Zander Jordaan,2987471,SINOVILLE 4,,SINOVILLE 4,4557,0,0,0,0,0,0,2024 Titans Second League
,790,32995,SINOVILLE 4,,,,,,,,,,,,2024 Titans Second League
140,790,32995,Dylan Van wyk,2987473,SINOVILLE 4,,SINOVILLE 4,4557,0,0,0,0,0,0,2024 Titans Second League
,790,32995,SINOVILLE 4,,,,,,,,,,,,2024 Titans Second League
141,790,32995,Juan Van den berg,2987480,SINOVILLE 4,,SINOVILLE 4,4557,0,0,0,0,0,0,2024 Titans Second League
,790,32995,SINOVILLE 4,,,,,,,,,,,,2024 Titans Second League
142,790,32995,Justin Fourie,2987524,PHSOB 3,,PHSOB 3,4555,0,0,0,0,0,0,2024 Titans Second League
,790,32995,PHSOB 3,,,,,,,,,,,,2024 Titans Second League
143,790,32995,Dylan Kotze,2987579,CBCOB 3,,CBCOB 3,4552,0,0,0,0,0,0,2024 Titans Second League
,790,32995,CBCOB 3,,,,,,,,,,,,2024 Titans Second League
144,790,32995,Matthew Bottham,2987582,CBCOB 3,,CBCOB 3,4552,0,0,0,0,0,0,2024 Titans Second League
,790,32995,CBCOB 3,,,,,,,,,,,,2024 Titans Second League
145,790,32995,Felix le Roux,3018176,PHSOB 3,,PHSOB 3,4555,0,0,0,0,0,0,2024 Titans Second League
,790,32995,PHSOB 3,,,,,,,,,,,,2024 Titans Second League
146,790,32995,André Botes,3018347,CBCOB 3,,CBCOB 3,4552,0,0,0,0,0,0,2024 Titans Second League
,790,32995,CBCOB 3,,,,,,,,,,,,2024 Titans Second League
147,790,32995,Maans Roubaix,3031813,SINOVILLE 3,,SINOVILLE 3,4556,0,0,0,0,0,0,2024 Titans Second League
,790,32995,SINOVILLE 3,,,,,,,,,,,,2024 Titans Second League
148,790,32995,Lucky Moshoati,3031823,TUKS 5,,TUKS 5,4558,0,0,0,0,0,0,2024 Titans Second League
,790,32995,TUKS 5,,,,,,,,,,,,2024 Titans Second League
149,790,32995,Heinrich Maraldo,3031835,CENTURION KAVALIERS 3,,CENTURION KAVALIERS 3,4560,0,0,0,0,0,0,2024 Titans Second League
,790,32995,CENTURION KAVALIERS 3,,,,,,,,,,,,2024 Titans Second League
150,790,32995,Gerrald Gouws,3056111,CBCOB 3,,CBCOB 3,4552,0,0,0,0,0,0,2024 Titans Second League
,790,32995,CBCOB 3,,,,,,,,,,,,2024 Titans Second League
151,790,32995,Stephan Stoltz,3056114,CBCOB 3,,CBCOB 3,4552,0,0,0,0,0,0,2024 Titans Second League
,790,32995,CBCOB 3,,,,,,,,,,,,2024 Titans Second League
152,790,32995,Stanley Fabri,3056139,SINOVILLE 4,,SINOVILLE 4,4557,0,0,0,0,0,0,2024 Titans Second League
,790,32995,SINOVILLE 4,,,,,,,,,,,,2024 Titans Second League
153,790,32995,Babonke Twetwa,3080703,CENTURION KAVALIERS 3,,CENTURION KAVALIERS 3,4560,0,0,0,0,0,0,2024 Titans Second League
,790,32995,CENTURION KAVALIERS 3,,,,,,,,,,,,2024 Titans Second League
154,790,32995,Duan St Arnaud,3145215,PHSOB 3,,PHSOB 3,4555,0,0,0,0,0,0,2024 Titans Second League
,790,32995,PHSOB 3,,,,,,,,,,,,2024 Titans Second League
155,790,32995,Mike Brink,3145217,PHSOB 3,,PHSOB 3,4555,0,0,0,0,0,0,2024 Titans Second League
,790,32995,PHSOB 3,,,,,,,,,,,,2024 Titans Second League
156,790,32995,Adam Zawada,3150924,PHSOB 3,,PHSOB 3,4555,0,0,0,0,0,0,2024 Titans Second League
,790,32995,PHSOB 3,,,,,,,,,,,,2024 Titans Second League
157,790,32995,Meshack Gabeni,3180887,CENTURION KAVALIERS 3,,CENTURION KAVALIERS 3,4560,0,0,0,0,0,0,2024 Titans Second League
,790,32995,CENTURION KAVALIERS 3,,,,,,,,,,,,2024 Titans Second League
158,790,32995,Pieter Jansen van Rensburg,3198240,SINOVILLE 4,,SINOVILLE 4,4557,0,0,0,0,0,0,2024 Titans Second League
,790,32995,SINOVILLE 4,,,,,,,,,,,,2024 Titans Second League
159,790,32995,Marco Rudolph,3229694,SINOVILLE 3,,SINOVILLE 3,4556,0,0,0,0,0,0,2024 Titans Second League
,790,32995,SINOVILLE 3,,,,,,,,,,,,2024 Titans Second League
160,790,32995,Brandon Van Wyk,3231803,SINOVILLE 3,,SINOVILLE 3,4556,0,0,0,0,0,0,2024 Titans Second League
,790,32995,SINOVILLE 3,,,,,,,,,,,,2024 Titans Second League
161,790,32995,Maans De Roubaix,3242452,SINOVILLE 4,,SINOVILLE 4,4557,0,0,0,0,0,0,2024 Titans Second League
,790,32995,SINOVILLE 4,,,,,,,,,,,,2024 Titans Second League
162,790,32995,Johan Pretorius,3255251,TUKS 5,,TUKS 5,4558,0,0,0,0,0,0,2024 Titans Second League
,790,32995,TUKS 5,,,,,,,,,,,,2024 Titans Second League
163,790,32995,Johanco Faihst,3255252,TUKS 5,,TUKS 5,4558,0,0,0,0,0,0,2024 Titans Second League
,790,32995,TUKS 5,,,,,,,,,,,,2024 Titans Second League
164,790,32995,Cecil Chitaka,3255253,TUKS 5,,TUKS 5,4558,0,0,0,0,0,0,2024 Titans Second League
,790,32995,TUKS 5,,,,,,,,,,,,2024 Titans Second League
165,790,32995,Wian van Deventer,3257325,SINOVILLE 3,,SINOVILLE 3,4556,0,0,0,0,0,0,2024 Titans Second League
,790,32995,SINOVILLE 3,,,,,,,,,,,,2024 Titans Second League
166,790,32995,Bruce Cbc3,3266947,CBCOB 3,,CBCOB 3,4552,0,0,0,0,0,0,2024 Titans Second League
,790,32995,CBCOB 3,,,,,,,,,,,,2024 Titans Second League
167,790,32995,Devin Cbc3,3266948,CBCOB 3,,CBCOB 3,4552,0,0,0,0,0,0,2024 Titans Second League
,790,32995,CBCOB 3,,,,,,,,,,,,2024 Titans Second League
168,790,32995,JP Roetz,3267058,SINOVILLE 4,,SINOVILLE 4,4557,0,0,0,0,0,0,2024 Titans Second League
,790,32995,SINOVILLE 4,,,,,,,,,,,,2024 Titans Second League
169,790,32995,Dewald Van Der Walt,3276817,HARLEQUINS 3,,HARLEQUINS 3,4553,0,0,0,0,0,0,2024 Titans Second League
,790,32995,HARLEQUINS 3,,,,,,,,,,,,2024 Titans Second League
170,790,32995,Adriaan Venter,3673677,CBCOB 3,,CBCOB 3,4552,0,0,0,0,0,0,2024 Titans Second League
,790,32995,CBCOB 3,,,,,,,,,,,,2024 Titans Second League
171,790,32995,Avela Tamsanqa,3675645,CENTURION KAVALIERS 3,,CENTURION KAVALIERS 3,4560,0,0,0,0,0,0,2024 Titans Second League
,790,32995,CENTURION KAVALIERS 3,,,,,,,,,,,,2024 Titans Second League
172,790,32995,Ali Ali,3708074,SINOVILLE 4,,SINOVILLE 4,4557,0,0,0,0,0,0,2024 Titans Second League
,790,32995,SINOVILLE 4,,,,,,,,,,,,2024 Titans Second League
173,790,32995,Regan Pruss,3713341,PHSOB 3,,PHSOB 3,4555,0,0,0,0,0,0,2024 Titans Second League
,790,32995,PHSOB 3,,,,,,,,,,,,2024 Titans Second League
174,790,32995,Bennie Viljoen,3713450,IRENE VILLAGERS 3,,IRENE VILLAGERS 3,4554,0,0,0,0,0,0,2024 Titans Second League
,790,32995,IRENE VILLAGERS 3,,,,,,,,,,,,2024 Titans Second League
175,790,32995,Malcolm Lourens,3719302,CENTURION KAVALIERS 3,,CENTURION KAVALIERS 3,4560,0,0,0,0,0,0,2024 Titans Second League
,790,32995,CENTURION KAVALIERS 3,,,,,,,,,,,,2024 Titans Second League
176,790,32995,Thato Pege,3719303,CENTURION KAVALIERS 3,,CENTURION KAVALIERS 3,4560,0,0,0,0,0,0,2024 Titans Second League
,790,32995,CENTURION KAVALIERS 3,,,,,,,,,,,,2024 Titans Second League
177,790,32995,Lodewyk deJager,3719312,PHSOB 4,,PHSOB 4,4561,0,0,0,0,0,0,2024 Titans Second League
,790,32995,PHSOB 4,,,,,,,,,,,,2024 Titans Second League
178,790,32995,Armin Havenga,3729570,CBCOB 3,,CBCOB 3,4552,0,0,0,0,0,0,2024 Titans Second League
,790,32995,CBCOB 3,,,,,,,,,,,,2024 Titans Second League
179,790,32995,Ivan Havenga,3729571,CBCOB 3,,CBCOB 3,4552,0,0,0,0,0,0,2024 Titans Second League
,790,32995,CBCOB 3,,,,,,,,,,,,2024 Titans Second League
180,790,32995,Tyler Miller,3729934,IRENE VILLAGERS 3,,IRENE VILLAGERS 3,4554,0,0,0,0,0,0,2024 Titans Second League
,790,32995,IRENE VILLAGERS 3,,,,,,,,,,,,2024 Titans Second League
181,790,32995,Franco Vorster,3730039,HARLEQUINS 3,,HARLEQUINS 3,4553,0,0,0,0,0,0,2024 Titans Second League
,790,32995,HARLEQUINS 3,,,,,,,,,,,,2024 Titans Second League
182,790,32995,Emil Rolfes,3730118,PHSOB 4,,PHSOB 4,4561,0,0,0,0,0,0,2024 Titans Second League
,790,32995,PHSOB 4,,,,,,,,,,,,2024 Titans Second League
183,790,32995,Mikky Hudson,3745386,TUKS 5,,TUKS 5,4558,0,0,0,0,0,0,2024 Titans Second League
,790,32995,TUKS 5,,,,,,,,,,,,2024 Titans Second League
184,790,32995,Regan Pruss,3759682,PHSOB 4,,PHSOB 4,4561,0,0,0,0,0,0,2024 Titans Second League
,790,32995,PHSOB 4,,,,,,,,,,,,2024 Titans Second League
185,790,32995,Tiaan Borman,3772082,SINOVILLE 3,,SINOVILLE 3,4556,0,0,0,0,0,0,2024 Titans Second League
,790,32995,SINOVILLE 3,,,,,,,,,,,,2024 Titans Second League
186,790,32995,Andre Schoombee,3772084,SINOVILLE 3,,SINOVILLE 3,4556,0,0,0,0,0,0,2024 Titans Second League
,790,32995,SINOVILLE 3,,,,,,,,,,,,2024 Titans Second League
187,790,32995,Micheal TUT3,3772114,TUT 3,,TUT 3,4559,0,0,0,0,0,0,2024 Titans Second League
,790,32995,TUT 3,,,,,,,,,,,,2024 Titans Second League
188,790,32995,Matthew Kaiser,3772203,CENTURION KAVALIERS 3,,CENTURION KAVALIERS 3,4560,0,0,0,0,0,0,2024 Titans Second League
,790,32995,CENTURION KAVALIERS 3,,,,,,,,,,,,2024 Titans Second League
189,790,32995,Marco Rudolph,3795245,SINOVILLE 4,,SINOVILLE 4,4557,0,0,0,0,0,0,2024 Titans Second League
,790,32995,SINOVILLE 4,,,,,,,,,,,,2024 Titans Second League
190,790,32995,Ian Dorfling,3795252,SINOVILLE 4,,SINOVILLE 4,4557,0,0,0,0,0,0,2024 Titans Second League
,790,32995,SINOVILLE 4,,,,,,,,,,,,2024 Titans Second League
191,790,32995,Jared Fourie,3795661,IRENE VILLAGERS 3,,IRENE VILLAGERS 3,4554,0,0,0,0,0,0,2024 Titans Second League
,790,32995,IRENE VILLAGERS 3,,,,,,,,,,,,2024 Titans Second League
192,790,32995,Francois Viljoen,3912802,CBCOB 3,,CBCOB 3,4552,0,0,0,0,0,0,2024 Titans Second League
,790,32995,CBCOB 3,,,,,,,,,,,,2024 Titans Second League
193,790,32995,Daylan Scheepers,3927336,TUT 3,,TUT 3,4559,0,0,0,0,0,0,2024 Titans Second League
,790,32995,TUT 3,,,,,,,,,,,,2024 Titans Second League
194,790,32995,Kian Hoeuner,3928431,CBCOB 3,,CBCOB 3,4552,0,0,0,0,0,0,2024 Titans Second League
,790,32995,CBCOB 3,,,,,,,,,,,,2024 Titans Second League
195,790,32995,Matthew Thurbon,4024778,IRENE VILLAGERS 3,,IRENE VILLAGERS 3,4554,0,0,0,0,0,0,2024 Titans Second League
,790,32995,IRENE VILLAGERS 3,,,,,,,,,,,,2024 Titans Second League
196,790,32995,Mollie Sinoville,4063613,SINOVILLE 3,,SINOVILLE 3,4556,0,0,0,0,0,0,2024 Titans Second League
,790,32995,SINOVILLE 3,,,,,,,,,,,,2024 Titans Second League
197,790,32995,Brad Goss,4081458,PHSOB 3,,PHSOB 3,4555,0,0,0,0,0,0,2024 Titans Second League
,790,32995,PHSOB 3,,,,,,,,,,,,2024 Titans Second League
198,790,32995,Yatin Koul,4081459,PHSOB 3,,PHSOB 3,4555,0,0,0,0,0,0,2024 Titans Second League
,790,32995,PHSOB 3,,,,,,,,,,,,2024 Titans Second League
199,790,32995,Matt Collett,4081460,PHSOB 3,,PHSOB 3,4555,0,0,0,0,0,0,2024 Titans Second League
,790,32995,PHSOB 3,,,,,,,,,,,,2024 Titans Second League
200,790,32995,Matt Rodgerson,4100183,PHSOB 4,,PHSOB 4,4561,0,0,0,0,0,0,2024 Titans Second League
,790,32995,PHSOB 4,,,,,,,,,,,,2024 Titans Second League
201,790,32995,Lafras Jenkins,4143518,PHSOB 3,,PHSOB 3,4555,0,0,0,0,0,0,2024 Titans Second League
,790,32995,PHSOB 3,,,,,,,,,,,,2024 Titans Second League
202,790,32995,Jock de Jager,4165762,TUKS 5,,TUKS 5,4558,0,0,0,0,0,0,2024 Titans Second League
,790,32995,TUKS 5,,,,,,,,,,,,2024 Titans Second League
203,790,32995,Pieter Oosthuisen,4186402,SINOVILLE 4,,SINOVILLE 4,4557,0,0,0,0,0,0,2024 Titans Second League
,790,32995,SINOVILLE 4,,,,,,,,,,,,2024 Titans Second League
204,790,32995,Dylan Cutting,4576796,HARLEQUINS 3,,HARLEQUINS 3,4553,0,0,0,0,0,0,2024 Titans Second League
,790,32995,HARLEQUINS 3,,,,,,,,,,,,2024 Titans Second League
205,790,32995,David Diemont,4630530,HARLEQUINS 3,,HARLEQUINS 3,4553,0,0,0,0,0,0,2024 Titans Second League
,790,32995,HARLEQUINS 3,,,,,,,,,,,,2024 Titans Second League
206,790,32995,Simon Harding,4655257,IRENE VILLAGERS 3,,IRENE VILLAGERS 3,4554,0,0,0,0,0,0,2024 Titans Second League
,790,32995,IRENE VILLAGERS 3,,,,,,,,,,,,2024 Titans Second League
207,790,32995,Warren Pollard,4655261,IRENE VILLAGERS 3,,IRENE VILLAGERS 3,4554,0,0,0,0,0,0,2024 Titans Second League
,790,32995,IRENE VILLAGERS 3,,,,,,,,,,,,2024 Titans Second League
208,790,32995,Elro Grobeler,4655709,IRENE VILLAGERS 3,,IRENE VILLAGERS 3,4554,0,0,0,0,0,0,2024 Titans Second League
,790,32995,IRENE VILLAGERS 3,,,,,,,,,,,,2024 Titans Second League
209,790,32995,Kasper Botha,4655726,IRENE VILLAGERS 3,,IRENE VILLAGERS 3,4554,0,0,0,0,0,0,2024 Titans Second League
,790,32995,IRENE VILLAGERS 3,,,,,,,,,,,,2024 Titans Second League
210,790,32995,Brian Kershaw,4673539,PHSOB 4,,PHSOB 4,4561,0,0,0,0,0,0,2024 Titans Second League
,790,32995,PHSOB 4,,,,,,,,,,,,2024 Titans Second League
211,790,32995,Stefan van der Linden,4673540,PHSOB 4,,PHSOB 4,4561,0,0,0,0,0,0,2024 Titans Second League
,790,32995,PHSOB 4,,,,,,,,,,,,2024 Titans Second League
212,790,32995,Dylan Howe Dryer,4673541,PHSOB 4,,PHSOB 4,4561,0,0,0,0,0,0,2024 Titans Second League
,790,32995,PHSOB 4,,,,,,,,,,,,2024 Titans Second League
213,790,32995,Burgert Kloppers,4673542,PHSOB 4,,PHSOB 4,4561,0,0,0,0,0,0,2024 Titans Second League
,790,32995,PHSOB 4,,,,,,,,,,,,2024 Titans Second League
214,790,32995,Johan van Antwerpen,4673543,PHSOB 4,,PHSOB 4,4561,0,0,0,0,0,0,2024 Titans Second League
,790,32995,PHSOB 4,,,,,,,,,,,,2024 Titans Second League
215,790,32995,Leon Smith,4673571,TUT 3,,TUT 3,4559,0,0,0,0,0,0,2024 Titans Second League
,790,32995,TUT 3,,,,,,,,,,,,2024 Titans Second League
216,790,32995,Duval Smith,4673572,TUT 3,,TUT 3,4559,0,0,0,0,0,0,2024 Titans Second League
,790,32995,TUT 3,,,,,,,,,,,,2024 Titans Second League
217,790,32995,Ruan Venter,4673574,SINOVILLE 3,,SINOVILLE 3,4556,0,0,0,0,0,0,2024 Titans Second League
,790,32995,SINOVILLE 3,,,,,,,,,,,,2024 Titans Second League
218,790,32995,Rowan Plaatjies,4673819,CBCOB 3,,CBCOB 3,4552,0,0,0,0,0,0,2024 Titans Second League
,790,32995,CBCOB 3,,,,,,,,,,,,2024 Titans Second League
219,790,32995,Frans Steenkamp,4673822,CBCOB 3,,CBCOB 3,4552,0,0,0,0,0,0,2024 Titans Second League
,790,32995,CBCOB 3,,,,,,,,,,,,2024 Titans Second League
220,790,32995,Gerry Gouws,4673823,CBCOB 3,,CBCOB 3,4552,0,0,0,0,0,0,2024 Titans Second League
,790,32995,CBCOB 3,,,,,,,,,,,,2024 Titans Second League
221,790,32995,Reinhardt Engler,4673827,HARLEQUINS 3,,HARLEQUINS 3,4553,0,0,0,0,0,0,2024 Titans Second League
,790,32995,HARLEQUINS 3,,,,,,,,,,,,2024 Titans Second League
222,790,32995,Gerhard Strydom,4688789,PHSOB 3,,PHSOB 3,4555,0,0,0,0,0,0,2024 Titans Second League
,790,32995,PHSOB 3,,,,,,,,,,,,2024 Titans Second League
223,790,32995,Jaco Fourie,4688790,PHSOB 3,,PHSOB 3,4555,0,0,0,0,0,0,2024 Titans Second League
,790,32995,PHSOB 3,,,,,,,,,,,,2024 Titans Second League
224,790,32995,Marko De Cock,4688791,PHSOB 3,,PHSOB 3,4555,0,0,0,0,0,0,2024 Titans Second League
,790,32995,PHSOB 3,,,,,,,,,,,,2024 Titans Second League
225,790,32995,Brian Kershaw,4688792,PHSOB 3,,PHSOB 3,4555,0,0,0,0,0,0,2024 Titans Second League
,790,32995,PHSOB 3,,,,,,,,,,,,2024 Titans Second League
226,790,32995,Johan Van Antwerpen,4688793,PHSOB 3,,PHSOB 3,4555,0,0,0,0,0,0,2024 Titans Second League
,790,32995,PHSOB 3,,,,,,,,,,,,2024 Titans Second League
227,790,32995,JD van Wyk,4688794,SINOVILLE 3,,SINOVILLE 3,4556,0,0,0,0,0,0,2024 Titans Second League
,790,32995,SINOVILLE 3,,,,,,,,,,,,2024 Titans Second League
228,790,32995,Ruan Venter,4688795,SINOVILLE 3,,SINOVILLE 3,4556,0,0,0,0,0,0,2024 Titans Second League
,790,32995,SINOVILLE 3,,,,,,,,,,,,2024 Titans Second League
229,790,32995,Roano Oosthuizen,4691511,TUKS 5,,TUKS 5,4558,0,0,0,0,0,0,2024 Titans Second League
,790,32995,TUKS 5,,,,,,,,,,,,2024 Titans Second League
230,790,32995,Kai Trumplemann,4691512,CBCOB 3,,CBCOB 3,4552,0,0,0,0,0,0,2024 Titans Second League
,790,32995,CBCOB 3,,,,,,,,,,,,2024 Titans Second League
231,790,32995,Reghardt Smit,4691513,CBCOB 3,,CBCOB 3,4552,0,0,0,0,0,0,2024 Titans Second League
,790,32995,CBCOB 3,,,,,,,,,,,,2024 Titans Second League
232,790,32995,Tafadzwa T,4691514,CBCOB 3,,CBCOB 3,4552,0,0,0,0,0,0,2024 Titans Second League
,790,32995,CBCOB 3,,,,,,,,,,,,2024 Titans Second League
233,790,32995,Hanco Kruger,4702785,TUKS 5,,TUKS 5,4558,0,0,0,0,0,0,2024 Titans Second League
,790,32995,TUKS 5,,,,,,,,,,,,2024 Titans Second League
234,790,32995,Enrico B,4702803,SINOVILLE 4,,SINOVILLE 4,4557,0,0,0,0,0,0,2024 Titans Second League
,790,32995,SINOVILLE 4,,,,,,,,,,,,2024 Titans Second League
235,790,32995,Tiaan Du Plessis,4702804,SINOVILLE 4,,SINOVILLE 4,4557,0,0,0,0,0,0,2024 Titans Second League
,790,32995,SINOVILLE 4,,,,,,,,,,,,2024 Titans Second League
236,790,32995,Rox Marule,4702805,SINOVILLE 4,,SINOVILLE 4,4557,0,0,0,0,0,0,2024 Titans Second League
,790,32995,SINOVILLE 4,,,,,,,,,,,,2024 Titans Second League
237,790,32995,Wali Vayani,4702809,IRENE VILLAGERS 3,,IRENE VILLAGERS 3,4554,0,0,0,0,0,0,2024 Titans Second League
,790,32995,IRENE VILLAGERS 3,,,,,,,,,,,,2024 Titans Second League
238,790,32995,Pieter Jansen van rensburg,4704969,SINOVILLE 3,,SINOVILLE 3,4556,0,0,0,0,0,0,2024 Titans Second League
,790,32995,SINOVILLE 3,,,,,,,,,,,,2024 Titans Second League
239,790,32995,Grant S,4704970,SINOVILLE 3,,SINOVILLE 3,4556,0,0,0,0,0,0,2024 Titans Second League
,790,32995,SINOVILLE 3,,,,,,,,,,,,2024 Titans Second League
240,790,32995,Janus Bronkhorst,4704971,CENTURION KAVALIERS 3,,CENTURION KAVALIERS 3,4560,0,0,0,0,0,0,2024 Titans Second League
,790,32995,CENTURION KAVALIERS 3,,,,,,,,,,,,2024 Titans Second League
241,790,32995,Thuto Scheepers,4704972,CENTURION KAVALIERS 3,,CENTURION KAVALIERS 3,4560,0,0,0,0,0,0,2024 Titans Second League
,790,32995,CENTURION KAVALIERS 3,,,,,,,,,,,,2024 Titans Second League
242,790,32995,Lester Joseph,4704973,CENTURION KAVALIERS 3,,CENTURION KAVALIERS 3,4560,0,0,0,0,0,0,2024 Titans Second League
,790,32995,CENTURION KAVALIERS 3,,,,,,,,,,,,2024 Titans Second League
243,790,32995,Pieter Sky,4704975,CENTURION KAVALIERS 3,,CENTURION KAVALIERS 3,4560,0,0,0,0,0,0,2024 Titans Second League
,790,32995,CENTURION KAVALIERS 3,,,,,,,,,,,,2024 Titans Second League
244,790,32995,Sellin de Beer,4715786,PHSOB 3,,PHSOB 3,4555,0,0,0,0,0,0,2024 Titans Second League
,790,32995,PHSOB 3,,,,,,,,,,,,2024 Titans Second League
245,790,32995,Dewald Dummon,4715787,PHSOB 3,,PHSOB 3,4555,0,0,0,0,0,0,2024 Titans Second League
,790,32995,PHSOB 3,,,,,,,,,,,,2024 Titans Second League
246,790,32995,Wehan du Waal,4715788,PHSOB 3,,PHSOB 3,4555,0,0,0,0,0,0,2024 Titans Second League
,790,32995,PHSOB 3,,,,,,,,,,,,2024 Titans Second League
247,790,32995,Tiaan Malan,4715812,SINOVILLE 4,,SINOVILLE 4,4557,0,0,0,0,0,0,2024 Titans Second League
,790,32995,SINOVILLE 4,,,,,,,,,,,,2024 Titans Second League
248,790,32995,Rivan Stoman,4715813,SINOVILLE 4,,SINOVILLE 4,4557,0,0,0,0,0,0,2024 Titans Second League
,790,32995,SINOVILLE 4,,,,,,,,,,,,2024 Titans Second League
249,790,32995,Jaco Van der walt,4715817,SINOVILLE 3,,SINOVILLE 3,4556,0,0,0,0,0,0,2024 Titans Second League
,790,32995,SINOVILLE 3,,,,,,,,,,,,2024 Titans Second League
250,790,32995,Colin Blom,4715818,SINOVILLE 3,,SINOVILLE 3,4556,0,0,0,0,0,0,2024 Titans Second League
,790,32995,SINOVILLE 3,,,,,,,,,,,,2024 Titans Second League
251,790,32995,Ryno Opperman,4715854,IRENE VILLAGERS 3,,IRENE VILLAGERS 3,4554,0,0,0,0,0,0,2024 Titans Second League
,790,32995,IRENE VILLAGERS 3,,,,,,,,,,,,2024 Titans Second League
252,790,32995,Christo Bouwer,4729853,CENTURION KAVALIERS 3,,CENTURION KAVALIERS 3,4560,0,0,0,0,0,0,2024 Titans Second League
,790,32995,CENTURION KAVALIERS 3,,,,,,,,,,,,2024 Titans Second League
253,790,32995,Keenan Huebsch,4729854,CENTURION KAVALIERS 3,,CENTURION KAVALIERS 3,4560,0,0,0,0,0,0,2024 Titans Second League
,790,32995,CENTURION KAVALIERS 3,,,,,,,,,,,,2024 Titans Second League
254,790,32995,Karl Huebsch,4729855,CENTURION KAVALIERS 3,,CENTURION KAVALIERS 3,4560,0,0,0,0,0,0,2024 Titans Second League
,790,32995,CENTURION KAVALIERS 3,,,,,,,,,,,,2024 Titans Second League
255,790,32995,Casey Nicholsan,4729870,HARLEQUINS 3,,HARLEQUINS 3,4553,0,0,0,0,0,0,2024 Titans Second League
,790,32995,HARLEQUINS 3,,,,,,,,,,,,2024 Titans Second League
256,790,32995,Rowan Sweetman,4729871,HARLEQUINS 3,,HARLEQUINS 3,4553,0,0,0,0,0,0,2024 Titans Second League
,790,32995,HARLEQUINS 3,,,,,,,,,,,,2024 Titans Second League
257,790,32995,Patrick Mounton,4729872,HARLEQUINS 3,,HARLEQUINS 3,4553,0,0,0,0,0,0,2024 Titans Second League
,790,32995,HARLEQUINS 3,,,,,,,,,,,,2024 Titans Second League
258,790,32995,Johan Coetzer,4729874,HARLEQUINS 3,,HARLEQUINS 3,4553,0,0,0,0,0,0,2024 Titans Second League
,790,32995,HARLEQUINS 3,,,,,,,,,,,,2024 Titans Second League
259,790,32995,Ian Diemont,4729875,HARLEQUINS 3,,HARLEQUINS 3,4553,0,0,0,0,0,0,2024 Titans Second League
,790,32995,HARLEQUINS 3,,,,,,,,,,,,2024 Titans Second League
260,790,32995,Juan Viljoen,4729877,HARLEQUINS 3,,HARLEQUINS 3,4553,0,0,0,0,0,0,2024 Titans Second League
,790,32995,HARLEQUINS 3,,,,,,,,,,,,2024 Titans Second League
261,790,32995,Rodger Dolwan,4729878,SINOVILLE 4,,SINOVILLE 4,4557,0,0,0,0,0,0,2024 Titans Second League
,790,32995,SINOVILLE 4,,,,,,,,,,,,2024 Titans Second League
262,790,32995,Echardt Stuwig,4729879,SINOVILLE 4,,SINOVILLE 4,4557,0,0,0,0,0,0,2024 Titans Second League
,790,32995,SINOVILLE 4,,,,,,,,,,,,2024 Titans Second League
263,790,32995,Christopher Volschenk,4729880,SINOVILLE 4,,SINOVILLE 4,4557,0,0,0,0,0,0,2024 Titans Second League
,790,32995,SINOVILLE 4,,,,,,,,,,,,2024 Titans Second League
264,790,32995,Jaco Joubert,4729910,IRENE VILLAGERS 3,,IRENE VILLAGERS 3,4554,0,0,0,0,0,0,2024 Titans Second League
,790,32995,IRENE VILLAGERS 3,,,,,,,,,,,,2024 Titans Second League
265,790,32995,Nicolas Pillay,4729911,IRENE VILLAGERS 3,,IRENE VILLAGERS 3,4554,0,0,0,0,0,0,2024 Titans Second League
,790,32995,IRENE VILLAGERS 3,,,,,,,,,,,,2024 Titans Second League
266,790,32995,Chanluke Van Niewenhuizen,4742886,CBCOB 3,,CBCOB 3,4552,0,0,0,0,0,0,2024 Titans Second League
,790,32995,CBCOB 3,,,,,,,,,,,,2024 Titans Second League
267,790,32995,Marc van Der Merwe,4742887,PHSOB 3,,PHSOB 3,4555,0,0,0,0,0,0,2024 Titans Second League
,790,32995,PHSOB 3,,,,,,,,,,,,2024 Titans Second League
268,790,32995,Burgert Kloppers,4742888,PHSOB 3,,PHSOB 3,4555,0,0,0,0,0,0,2024 Titans Second League
,790,32995,PHSOB 3,,,,,,,,,,,,2024 Titans Second League
269,790,32995,Edwin De Waal,4742889,PHSOB 3,,PHSOB 3,4555,0,0,0,0,0,0,2024 Titans Second League
,790,32995,PHSOB 3,,,,,,,,,,,,2024 Titans Second League
270,790,32995,Louwhan Labuschagne,4742890,PHSOB 3,,PHSOB 3,4555,0,0,0,0,0,0,2024 Titans Second League
,790,32995,PHSOB 3,,,,,,,,,,,,2024 Titans Second League
271,790,32995,Michael Stoop,4742891,PHSOB 3,,PHSOB 3,4555,0,0,0,0,0,0,2024 Titans Second League
,790,32995,PHSOB 3,,,,,,,,,,,,2024 Titans Second League
272,790,32995,Tyler Lockhart,4742892,PHSOB 3,,PHSOB 3,4555,0,0,0,0,0,0,2024 Titans Second League
,790,32995,PHSOB 3,,,,,,,,,,,,2024 Titans Second League
273,790,32995,Stefan Van Der Linden,4742893,PHSOB 3,,PHSOB 3,4555,0,0,0,0,0,0,2024 Titans Second League
,790,32995,PHSOB 3,,,,,,,,,,,,2024 Titans Second League
274,790,32995,Haardi Abdul,4756700,HARLEQUINS 3,,HARLEQUINS 3,4553,0,0,0,0,0,0,2024 Titans Second League
,790,32995,HARLEQUINS 3,,,,,,,,,,,,2024 Titans Second League
275,790,32995,Andre Klopper,4756701,IRENE VILLAGERS 3,,IRENE VILLAGERS 3,4554,0,0,0,0,0,0,2024 Titans Second League
,790,32995,IRENE VILLAGERS 3,,,,,,,,,,,,2024 Titans Second League
276,790,32995,Chris Klopper,4756702,IRENE VILLAGERS 3,,IRENE VILLAGERS 3,4554,0,0,0,0,0,0,2024 Titans Second League
,790,32995,IRENE VILLAGERS 3,,,,,,,,,,,,2024 Titans Second League
277,790,32995,Werner Pretorius,4756703,IRENE VILLAGERS 3,,IRENE VILLAGERS 3,4554,0,0,0,0,0,0,2024 Titans Second League
,790,32995,IRENE VILLAGERS 3,,,,,,,,,,,,2024 Titans Second League
278,790,32995,Jaydon Blom,4756761,SINOVILLE 3,,SINOVILLE 3,4556,0,0,0,0,0,0,2024 Titans Second League
,790,32995,SINOVILLE 3,,,,,,,,,,,,2024 Titans Second League
279,790,32995,Clayton Brunsdon,4837526,IRENE VILLAGERS 3,,IRENE VILLAGERS 3,4554,0,0,0,0,0,0,2024 Titans Second League
,790,32995,IRENE VILLAGERS 3,,,,,,,,,,,,2024 Titans Second League
280,790,32995,Barend Pelser,4854733,IRENE VILLAGERS 3,,IRENE VILLAGERS 3,4554,0,0,0,0,0,0,2024 Titans Second League
,790,32995,IRENE VILLAGERS 3,,,,,,,,,,,,2024 Titans Second League
281,790,32995,Shaanthen Thumbiran,4854734,IRENE VILLAGERS 3,,IRENE VILLAGERS 3,4554,0,0,0,0,0,0,2024 Titans Second League
,790,32995,IRENE VILLAGERS 3,,,,,,,,,,,,2024 Titans Second League
282,790,32995,Jayden Potgieter,4854735,CENTURION KAVALIERS 3,,CENTURION KAVALIERS 3,4560,0,0,0,0,0,0,2024 Titans Second League
,790,32995,CENTURION KAVALIERS 3,,,,,,,,,,,,2024 Titans Second League
283,790,32995,Michael Boyjsens,4854736,CENTURION KAVALIERS 3,,CENTURION KAVALIERS 3,4560,0,0,0,0,0,0,2024 Titans Second League
,790,32995,CENTURION KAVALIERS 3,,,,,,,,,,,,2024 Titans Second League
284,790,32995,Pietman Voster,4854737,CENTURION KAVALIERS 3,,CENTURION KAVALIERS 3,4560,0,0,0,0,0,0,2024 Titans Second League
,790,32995,CENTURION KAVALIERS 3,,,,,,,,,,,,2024 Titans Second League
285,790,32995,Nathi Kundhlande,4854738,CENTURION KAVALIERS 3,,CENTURION KAVALIERS 3,4560,0,0,0,0,0,0,2024 Titans Second League
,790,32995,CENTURION KAVALIERS 3,,,,,,,,,,,,2024 Titans Second League
286,790,32995,Hennie Snr Smit,4877006,SINOVILLE 4,,SINOVILLE 4,4557,0,0,0,0,0,0,2024 Titans Second League
,790,32995,SINOVILLE 4,,,,,,,,,,,,2024 Titans Second League
287,790,32995,Dwayne Kruger,4877008,SINOVILLE 4,,SINOVILLE 4,4557,0,0,0,0,0,0,2024 Titans Second League
,790,32995,SINOVILLE 4,,,,,,,,,,,,2024 Titans Second League
288,790,32995,Shaun Kavaliers,4877009,CENTURION KAVALIERS 3,,CENTURION KAVALIERS 3,4560,0,0,0,0,0,0,2024 Titans Second League
,790,32995,CENTURION KAVALIERS 3,,,,,,,,,,,,2024 Titans Second League
289,790,32995,Keppie Kavaliers,4877010,CENTURION KAVALIERS 3,,CENTURION KAVALIERS 3,4560,0,0,0,0,0,0,2024 Titans Second League
,790,32995,CENTURION KAVALIERS 3,,,,,,,,,,,,2024 Titans Second League
290,790,32995,Johan Kavaliers,4877011,CENTURION KAVALIERS 3,,CENTURION KAVALIERS 3,4560,0,0,0,0,0,0,2024 Titans Second League
,790,32995,CENTURION KAVALIERS 3,,,,,,,,,,,,2024 Titans Second League
291,790,32995,Johan Steynberg,4877012,CENTURION KAVALIERS 3,,CENTURION KAVALIERS 3,4560,0,0,0,0,0,0,2024 Titans Second League
,790,32995,CENTURION KAVALIERS 3,,,,,,,,,,,,2024 Titans Second League
292,790,32995,Hennie Snr Smit,4877094,CENTURION KAVALIERS 3,,CENTURION KAVALIERS 3,4560,0,0,0,0,0,0,2024 Titans Second League
,790,32995,CENTURION KAVALIERS 3,,,,,,,,,,,,2024 Titans Second League
293,790,32995,Hennie Snr Smit,4877095,CENTURION KAVALIERS 3,,CENTURION KAVALIERS 3,4560,0,0,0,0,0,0,2024 Titans Second League
,790,32995,CENTURION KAVALIERS 3,,,,,,,,,,,,2024 Titans Second League
294,790,32995,Jayden Smith,4891853,TUT 3,,TUT 3,4559,0,0,0,0,0,0,2024 Titans Second League
,790,32995,TUT 3,,,,,,,,,,,,2024 Titans Second League
295,790,32995,Hendrik Ferreira,4891854,TUT 3,,TUT 3,4559,0,0,0,0,0,0,2024 Titans Second League
,790,32995,TUT 3,,,,,,,,,,,,2024 Titans Second League
296,790,32995,Morati Lefhiedi,4892047,IRENE VILLAGERS 3,,IRENE VILLAGERS 3,4554,0,0,0,0,0,0,2024 Titans Second League
,790,32995,IRENE VILLAGERS 3,,,,,,,,,,,,2024 Titans Second League
297,790,32995,Cj Jordaan,4892048,IRENE VILLAGERS 3,,IRENE VILLAGERS 3,4554,0,0,0,0,0,0,2024 Titans Second League
,790,32995,IRENE VILLAGERS 3,,,,,,,,,,,,2024 Titans Second League
298,790,32995,Mathys Schoeman,4892049,SINOVILLE 4,,SINOVILLE 4,4557,0,0,0,0,0,0,2024 Titans Second League
,790,32995,SINOVILLE 4,,,,,,,,,,,,2024 Titans Second League
299,790,32995,James Van der merwe,4892050,SINOVILLE 4,,SINOVILLE 4,4557,0,0,0,0,0,0,2024 Titans Second League
,790,32995,SINOVILLE 4,,,,,,,,,,,,2024 Titans Second League
300,790,32995,Dante Meyer,4896936,HARLEQUINS 3,,HARLEQUINS 3,4553,0,0,0,0,0,0,2024 Titans Second League
,790,32995,HARLEQUINS 3,,,,,,,,,,,,2024 Titans Second League
301,790,32995,KC Nicolson,4973937,HARLEQUINS 3,,HARLEQUINS 3,4553,0,0,0,0,0,0,2024 Titans Second League
,790,32995,HARLEQUINS 3,,,,,,,,,,,,2024 Titans Second League
302,790,32995,JD Buys,4973938,HARLEQUINS 3,,HARLEQUINS 3,4553,0,0,0,0,0,0,2024 Titans Second League
,790,32995,HARLEQUINS 3,,,,,,,,,,,,2024 Titans Second League
303,790,32995,Khumo Tihocela,4973939,HARLEQUINS 3,,HARLEQUINS 3,4553,0,0,0,0,0,0,2024 Titans Second League
,790,32995,HARLEQUINS 3,,,,,,,,,,,,2024 Titans Second League
304,790,32995,Janu Olivier,4973941,SINOVILLE 3,,SINOVILLE 3,4556,0,0,0,0,0,0,2024 Titans Second League
,790,32995,SINOVILLE 3,,,,,,,,,,,,2024 Titans Second League
305,790,32995,Pieter Barlow,4973942,SINOVILLE 3,,SINOVILLE 3,4556,0,0,0,0,0,0,2024 Titans Second League
,790,32995,SINOVILLE 3,,,,,,,,,,,,2024 Titans Second League
306,790,32995,TK Sinoville,4973943,SINOVILLE 3,,SINOVILLE 3,4556,0,0,0,0,0,0,2024 Titans Second League
,790,32995,SINOVILLE 3,,,,,,,,,,,,2024 Titans Second League
307,790,32995,Werner Jordaan,4973951,SINOVILLE 4,,SINOVILLE 4,4557,0,0,0,0,0,0,2024 Titans Second League
,790,32995,SINOVILLE 4,,,,,,,,,,,,2024 Titans Second League
308,790,32995,Adrian Retief,4973952,SINOVILLE 4,,SINOVILLE 4,4557,0,0,0,0,0,0,2024 Titans Second League
,790,32995,SINOVILLE 4,,,,,,,,,,,,2024 Titans Second League
309,790,32995,Steffan Putter,4973953,SINOVILLE 4,,SINOVILLE 4,4557,0,0,0,0,0,0,2024 Titans Second League
,790,32995,SINOVILLE 4,,,,,,,,,,,,2024 Titans Second League
310,790,32995,Andries Putter,4973954,SINOVILLE 4,,SINOVILLE 4,4557,0,0,0,0,0,0,2024 Titans Second League
,790,32995,SINOVILLE 4,,,,,,,,,,,,2024 Titans Second League
311,790,32995,Enrico Hepburn,4973955,SINOVILLE 4,,SINOVILLE 4,4557,0,0,0,0,0,0,2024 Titans Second League
,790,32995,SINOVILLE 4,,,,,,,,,,,,2024 Titans Second League
312,790,32995,Erich Ackerman,4974003,IRENE VILLAGERS 3,,IRENE VILLAGERS 3,4554,0,0,0,0,0,0,2024 Titans Second League
,790,32995,IRENE VILLAGERS 3,,,,,,,,,,,,2024 Titans Second League
313,790,32995,Werner Jordaan,5000389,SINOVILLE 3,,SINOVILLE 3,4556,0,0,0,0,0,0,2024 Titans Second League
,790,32995,SINOVILLE 3,,,,,,,,,,,,2024 Titans Second League
314,790,32995,Dylan Cutting,5000467,HARLEQUINS 3,,HARLEQUINS 3,4553,0,0,0,0,0,0,2024 Titans Second League
,790,32995,HARLEQUINS 3,,,,,,,,,,,,2024 Titans Second League
315,790,32995,Mike Hartman,5000468,HARLEQUINS 3,,HARLEQUINS 3,4553,0,0,0,0,0,0,2024 Titans Second League
,790,32995,HARLEQUINS 3,,,,,,,,,,,,2024 Titans Second League
316,790,32995,Anton Ehlers,5023417,PHSOB 3,,PHSOB 3,4555,0,0,0,0,0,0,2024 Titans Second League
,790,32995,PHSOB 3,,,,,,,,,,,,2024 Titans Second League
317,790,32995,Francois Mostert,5023418,PHSOB 3,,PHSOB 3,4555,0,0,0,0,0,0,2024 Titans Second League
,790,32995,PHSOB 3,,,,,,,,,,,,2024 Titans Second League
318,790,32995,TK Sinoville,5023453,SINOVILLE 4,,SINOVILLE 4,4557,0,0,0,0,0,0,2024 Titans Second League
,790,32995,SINOVILLE 4,,,,,,,,,,,,2024 Titans Second League
319,790,32995,Navada CBC,5023469,SINOVILLE 4,,SINOVILLE 4,4557,0,0,0,0,0,0,2024 Titans Second League
,790,32995,SINOVILLE 4,,,,,,,,,,,,2024 Titans Second League
320,790,32995,Stefan Ferraira,5023588,SINOVILLE 4,,SINOVILLE 4,4557,0,0,0,0,0,0,2024 Titans Second League
,790,32995,SINOVILLE 4,,,,,,,,,,,,2024 Titans Second League
321,790,32995,Jean Cbc,5023621,SINOVILLE 4,,SINOVILLE 4,4557,0,0,0,0,0,0,2024 Titans Second League
,790,32995,SINOVILLE 4,,,,,,,,,,,,2024 Titans Second League
322,790,32995,Jean Cbc,5023634,SINOVILLE 4,,SINOVILLE 4,4557,0,0,0,0,0,0,2024 Titans Second League
,790,32995,SINOVILLE 4,,,,,,,,,,,,2024 Titans Second League
323,790,32995,Ali Cbc,5023857,SINOVILLE 4,,SINOVILLE 4,4557,0,0,0,0,0,0,2024 Titans Second League
,790,32995,SINOVILLE 4,,,,,,,,,,,,2024 Titans Second League
324,790,32995,Manie De Roubiax,5034370,SINOVILLE 3,,SINOVILLE 3,4556,0,0,0,0,0,0,2024 Titans Second League
,790,32995,SINOVILLE 3,,,,,,,,,,,,2024 Titans Second League
325,790,32995,Marius Swanepoel,5034372,CBCOB 3,,CBCOB 3,4552,0,0,0,0,0,0,2024 Titans Second League
,790,32995,CBCOB 3,,,,,,,,,,,,2024 Titans Second League
326,790,32995,Alaistar Legoabe,5045106,CBCOB 3,,CBCOB 3,4552,0,0,0,0,0,0,2024 Titans Second League
,790,32995,CBCOB 3,,,,,,,,,,,,2024 Titans Second League
327,790,32995,Jp Coetzee,5045107,CBCOB 3,,CBCOB 3,4552,0,0,0,0,0,0,2024 Titans Second League
,790,32995,CBCOB 3,,,,,,,,,,,,2024 Titans Second League
328,790,32995,Aj Jordaan,5045109,CENTURION KAVALIERS 3,,CENTURION KAVALIERS 3,4560,0,0,0,0,0,0,2024 Titans Second League
,790,32995,CENTURION KAVALIERS 3,,,,,,,,,,,,2024 Titans Second League
329,790,32995,Henning Snyman,5045110,CENTURION KAVALIERS 3,,CENTURION KAVALIERS 3,4560,0,0,0,0,0,0,2024 Titans Second League
,790,32995,CENTURION KAVALIERS 3,,,,,,,,,,,,2024 Titans Second League
330,790,32995,Liam Van Wyk,5045111,CENTURION KAVALIERS 3,,CENTURION KAVALIERS 3,4560,0,0,0,0,0,0,2024 Titans Second League
,790,32995,CENTURION KAVALIERS 3,,,,,,,,,,,,2024 Titans Second League
331,790,32995,Janco Harholt,5047115,CENTURION KAVALIERS 3,,CENTURION KAVALIERS 3,4560,0,0,0,0,0,0,2024 Titans Second League
,790,32995,CENTURION KAVALIERS 3,,,,,,,,,,,,2024 Titans Second League
332,790,32995,Shane Henery,5047116,CENTURION KAVALIERS 3,,CENTURION KAVALIERS 3,4560,0,0,0,0,0,0,2024 Titans Second League
,790,32995,CENTURION KAVALIERS 3,,,,,,,,,,,,2024 Titans Second League
333,790,32995,Jonathan White,5047117,CENTURION KAVALIERS 3,,CENTURION KAVALIERS 3,4560,0,0,0,0,0,0,2024 Titans Second League
,790,32995,CENTURION KAVALIERS 3,,,,,,,,,,,,2024 Titans Second League
334,790,32995,Dustyn Du preez,5047118,CENTURION KAVALIERS 3,,CENTURION KAVALIERS 3,4560,0,0,0,0,0,0,2024 Titans Second League
,790,32995,CENTURION KAVALIERS 3,,,,,,,,,,,,2024 Titans Second League
335,790,32995,Keith Slater,5047119,CENTURION KAVALIERS 3,,CENTURION KAVALIERS 3,4560,0,0,0,0,0,0,2024 Titans Second League
,790,32995,CENTURION KAVALIERS 3,,,,,,,,,,,,2024 Titans Second League
336,790,32995,Avea Tamsnqa,5047120,CENTURION KAVALIERS 3,,CENTURION KAVALIERS 3,4560,0,0,0,0,0,0,2024 Titans Second League
,790,32995,CENTURION KAVALIERS 3,,,,,,,,,,,,2024 Titans Second League
337,790,32995,Miles M,5047121,CBCOB 3,,CBCOB 3,4552,0,0,0,0,0,0,2024 Titans Second League
,790,32995,CBCOB 3,,,,,,,,,,,,2024 Titans Second League
1,576,32995,Johanco Faihst,3255252,TUKS 5,,TUKS 5,3304,3,7,0,0,0,10,2023 Titans Second League
,576,32995,TUKS 5,,,,,,,,,,,,2023 Titans Second League
2,576,32995,Bennie Viljoen,3745424,IRENE VILLAGERS 4,,IRENE VILLAGERS 4,3307,8,1,0,0,0,9,2023 Titans Second League
,576,32995,IRENE VILLAGERS 4,,,,,,,,,,,,2023 Titans Second League
3,576,32995,Kyle Kunneke,2985826,IRENE VILLAGERS 3,,IRENE VILLAGERS 3,3299,8,0,1,0,0,9,2023 Titans Second League
,576,32995,IRENE VILLAGERS 3,,,,,,,,,,,,2023 Titans Second League
4,576,32995,Frits Snyman,2936846,TUKS 5,,TUKS 5,3304,0,8,0,0,0,8,2023 Titans Second League
,576,32995,TUKS 5,,,,,,,,,,,,2023 Titans Second League
5,576,32995,Gerhard De Bruin,2936835,TUKS 5,,TUKS 5,3304,7,0,0,1,0,8,2023 Titans Second League
,576,32995,TUKS 5,,,,,,,,,,,,2023 Titans Second League
6,576,32995,Aerton Helena,2936841,TUKS 5,,TUKS 5,3304,7,0,0,0,0,7,2023 Titans Second League
,576,32995,TUKS 5,,,,,,,,,,,,2023 Titans Second League
7,576,32995,Tiaan Engelbrecht,2936837,TUKS 5,,TUKS 5,3304,6,0,0,1,0,7,2023 Titans Second League
,576,32995,TUKS 5,,,,,,,,,,,,2023 Titans Second League
8,576,32995,Matthew Collins,3729933,IRENE VILLAGERS 3,,IRENE VILLAGERS 3,3299,6,0,0,1,0,7,2023 Titans Second League
,576,32995,IRENE VILLAGERS 3,,,,,,,,,,,,2023 Titans Second League
9,576,32995,Henco Murphy,3771718,IRENE VILLAGERS 3,,IRENE VILLAGERS 3,3299,1,5,0,0,1,7,2023 Titans Second League
,576,32995,IRENE VILLAGERS 3,,,,,,,,,,,,2023 Titans Second League
10,576,32995,Justin Van Bassen,2936896,PHSOB 3,,PHSOB 3,3300,2,3,1,0,1,7,2023 Titans Second League
,576,32995,PHSOB 3,,,,,,,,,,,,2023 Titans Second League
11,576,32995,Martin Van Tonder,2840539,TUKS 5,,TUKS 5,3304,6,0,0,0,0,6,2023 Titans Second League
,576,32995,TUKS 5,,,,,,,,,,,,2023 Titans Second League
12,576,32995,Gerhard Swanepoel,3713453,IRENE VILLAGERS 3,,IRENE VILLAGERS 3,3299,3,2,0,1,0,6,2023 Titans Second League
,576,32995,IRENE VILLAGERS 3,,,,,,,,,,,,2023 Titans Second League
13,576,32995,Andro Vosloo,3713342,PHSOB 3,,PHSOB 3,3300,4,0,2,0,0,6,2023 Titans Second League
,576,32995,PHSOB 3,,,,,,,,,,,,2023 Titans Second League
14,576,32995,Christian Strydom,2936847,TUKS 5,,TUKS 5,3304,4,1,0,0,0,5,2023 Titans Second League
,576,32995,TUKS 5,,,,,,,,,,,,2023 Titans Second League
15,576,32995,Niel Coetzee,3018224,TUT 3,,TUT 3,3305,0,5,0,0,0,5,2023 Titans Second League
,576,32995,TUT 3,,,,,,,,,,,,2023 Titans Second League
16,576,32995,Dewald Basson,3018234,TUT 3,,TUT 3,3305,5,0,0,0,0,5,2023 Titans Second League
,576,32995,TUT 3,,,,,,,,,,,,2023 Titans Second League
17,576,32995,Berno Klopper,3180553,SINOVILLE 3,,SINOVILLE 3,3302,4,1,0,0,0,5,2023 Titans Second League
,576,32995,SINOVILLE 3,,,,,,,,,,,,2023 Titans Second League
18,576,32995,Chris van Niekerk,3713451,IRENE VILLAGERS 3,,IRENE VILLAGERS 3,3299,5,0,0,0,0,5,2023 Titans Second League
,576,32995,IRENE VILLAGERS 3,,,,,,,,,,,,2023 Titans Second League
19,576,32995,Donovan du Toit,3713457,TUKS 5,,TUKS 5,3304,5,0,0,0,0,5,2023 Titans Second League
,576,32995,TUKS 5,,,,,,,,,,,,2023 Titans Second League
20,576,32995,Elro Van der Heever,3745425,IRENE VILLAGERS 4,,IRENE VILLAGERS 4,3307,4,1,0,0,0,5,2023 Titans Second League
,576,32995,IRENE VILLAGERS 4,,,,,,,,,,,,2023 Titans Second League
21,576,32995,Jason Weiss,4198489,SINOVILLE 4,,SINOVILLE 4,3303,5,0,0,0,0,5,2023 Titans Second League
,576,32995,SINOVILLE 4,,,,,,,,,,,,2023 Titans Second League
22,576,32995,JP Roets,3031810,SINOVILLE 3,,SINOVILLE 3,3302,4,0,0,0,0,4,2023 Titans Second League
,576,32995,SINOVILLE 3,,,,,,,,,,,,2023 Titans Second League
23,576,32995,Johan Pretorius,3255251,TUKS 5,,TUKS 5,3304,4,0,0,0,0,4,2023 Titans Second League
,576,32995,TUKS 5,,,,,,,,,,,,2023 Titans Second League
24,576,32995,Rigardt Saaiman,3729566,CBCOB 3,,CBCOB 3,3298,4,0,0,0,0,4,2023 Titans Second League
,576,32995,CBCOB 3,,,,,,,,,,,,2023 Titans Second League
25,576,32995,Martin Faber,3795250,SINOVILLE 4,,SINOVILLE 4,3303,4,0,0,0,0,4,2023 Titans Second League
,576,32995,SINOVILLE 4,,,,,,,,,,,,2023 Titans Second League
26,576,32995,Stefan Grobler,3018230,TUT 3,,TUT 3,3305,3,0,1,0,0,4,2023 Titans Second League
,576,32995,TUT 3,,,,,,,,,,,,2023 Titans Second League
27,576,32995,Albert Myburgh,4024779,IRENE VILLAGERS 3,,IRENE VILLAGERS 3,3299,3,0,1,0,0,4,2023 Titans Second League
,576,32995,IRENE VILLAGERS 3,,,,,,,,,,,,2023 Titans Second League
28,576,32995,Steven Meyburgh,2937220,PHSOB 3,,PHSOB 3,3300,3,0,0,0,0,3,2023 Titans Second League
,576,32995,PHSOB 3,,,,,,,,,,,,2023 Titans Second League
29,576,32995,Mohapi Molete,2985827,IRENE VILLAGERS 4,,IRENE VILLAGERS 4,3307,3,0,0,0,0,3,2023 Titans Second League
,576,32995,IRENE VILLAGERS 4,,,,,,,,,,,,2023 Titans Second League
30,576,32995,Ruan Ebersohn,2985830,IRENE VILLAGERS 4,,IRENE VILLAGERS 4,3307,1,2,0,0,0,3,2023 Titans Second League
,576,32995,IRENE VILLAGERS 4,,,,,,,,,,,,2023 Titans Second League
31,576,32995,Christoff  Pompie Helm,2985831,IRENE VILLAGERS 4,,IRENE VILLAGERS 4,3307,0,3,0,0,0,3,2023 Titans Second League
,576,32995,IRENE VILLAGERS 4,,,,,,,,,,,,2023 Titans Second League
32,576,32995,Paul Gouws,3056110,CBCOB 3,,CBCOB 3,3298,3,0,0,0,0,3,2023 Titans Second League
,576,32995,CBCOB 3,,,,,,,,,,,,2023 Titans Second League
33,576,32995,Andre Van wyk,3266939,TUKS 5,,TUKS 5,3304,3,0,0,0,0,3,2023 Titans Second League
,576,32995,TUKS 5,,,,,,,,,,,,2023 Titans Second League
34,576,32995,Barry Van Nieuwenhuize,3713345,TUT 3,,TUT 3,3305,2,1,0,0,0,3,2023 Titans Second League
,576,32995,TUT 3,,,,,,,,,,,,2023 Titans Second League
35,576,32995,Riaan Scheepers,3713347,TUT 3,,TUT 3,3305,3,0,0,0,0,3,2023 Titans Second League
,576,32995,TUT 3,,,,,,,,,,,,2023 Titans Second League
36,576,32995,Elandré van den Berg,3713456,TUKS 5,,TUKS 5,3304,3,0,0,0,0,3,2023 Titans Second League
,576,32995,TUKS 5,,,,,,,,,,,,2023 Titans Second League
37,576,32995,Tyler Miller,3729934,IRENE VILLAGERS 3,,IRENE VILLAGERS 3,3299,3,0,0,0,0,3,2023 Titans Second League
,576,32995,IRENE VILLAGERS 3,,,,,,,,,,,,2023 Titans Second League
38,576,32995,Darren Seale,3759640,SINOVILLE 3,,SINOVILLE 3,3302,0,3,0,0,0,3,2023 Titans Second League
,576,32995,SINOVILLE 3,,,,,,,,,,,,2023 Titans Second League
39,576,32995,Jared Fourie,3783167,IRENE VILLAGERS 4,,IRENE VILLAGERS 4,3307,3,0,0,0,0,3,2023 Titans Second League
,576,32995,IRENE VILLAGERS 4,,,,,,,,,,,,2023 Titans Second League
40,576,32995,Josh Botes,3795663,IRENE VILLAGERS 3,,IRENE VILLAGERS 3,3299,3,0,0,0,0,3,2023 Titans Second League
,576,32995,IRENE VILLAGERS 3,,,,,,,,,,,,2023 Titans Second League
41,576,32995,Rudi Loibner,2935397,CBCOB 3,,CBCOB 3,3298,0,2,0,0,1,3,2023 Titans Second League
,576,32995,CBCOB 3,,,,,,,,,,,,2023 Titans Second League
42,576,32995,Brent Hartley,2985828,IRENE VILLAGERS 4,,IRENE VILLAGERS 4,3307,2,0,0,0,1,3,2023 Titans Second League
,576,32995,IRENE VILLAGERS 4,,,,,,,,,,,,2023 Titans Second League
43,576,32995,Matthew Thurbon,2985834,IRENE VILLAGERS 4,,IRENE VILLAGERS 4,3307,2,0,1,0,0,3,2023 Titans Second League
,576,32995,IRENE VILLAGERS 4,,,,,,,,,,,,2023 Titans Second League
44,576,32995,Christie Klopper,3772083,SINOVILLE 3,,SINOVILLE 3,3302,0,2,0,0,1,3,2023 Titans Second League
,576,32995,SINOVILLE 3,,,,,,,,,,,,2023 Titans Second League
45,576,32995,Willem Sevenster,2049746,CBCOB 3,,CBCOB 3,3298,1,1,0,0,0,2,2023 Titans Second League
,576,32995,CBCOB 3,,,,,,,,,,,,2023 Titans Second League
46,576,32995,Hein Loggenberg,2929078,SINOVILLE 4,,SINOVILLE 4,3303,2,0,0,0,0,2,2023 Titans Second League
,576,32995,SINOVILLE 4,,,,,,,,,,,,2023 Titans Second League
47,576,32995,Tiaan Lotter,2934784,SINOVILLE 3,,SINOVILLE 3,3302,2,0,0,0,0,2,2023 Titans Second League
,576,32995,SINOVILLE 3,,,,,,,,,,,,2023 Titans Second League
48,576,32995,Marius Bornman,2936833,TUKS 5,,TUKS 5,3304,2,0,0,0,0,2,2023 Titans Second League
,576,32995,TUKS 5,,,,,,,,,,,,2023 Titans Second League
49,576,32995,Riccardo Oosthuizen,2936842,TUKS 5,,TUKS 5,3304,2,0,0,0,0,2,2023 Titans Second League
,576,32995,TUKS 5,,,,,,,,,,,,2023 Titans Second League
50,576,32995,Martin Childs-Hurn,2936849,TUKS 5,,TUKS 5,3304,2,0,0,0,0,2,2023 Titans Second League
,576,32995,TUKS 5,,,,,,,,,,,,2023 Titans Second League
51,576,32995,James Twycross,2936917,PHSOB 3,,PHSOB 3,3300,2,0,0,0,0,2,2023 Titans Second League
,576,32995,PHSOB 3,,,,,,,,,,,,2023 Titans Second League
52,576,32995,Heinrich Hamman,2987472,SINOVILLE 4,,SINOVILLE 4,3303,0,2,0,0,0,2,2023 Titans Second League
,576,32995,SINOVILLE 4,,,,,,,,,,,,2023 Titans Second League
53,576,32995,Dylan Kotze,2987579,CBCOB 3,,CBCOB 3,3298,2,0,0,0,0,2,2023 Titans Second League
,576,32995,CBCOB 3,,,,,,,,,,,,2023 Titans Second League
54,576,32995,Louis van Zyl,3003071,CBCOB 3,,CBCOB 3,3298,2,0,0,0,0,2,2023 Titans Second League
,576,32995,CBCOB 3,,,,,,,,,,,,2023 Titans Second League
55,576,32995,Ruan Brenner,3180560,PHSOB 3,,PHSOB 3,3300,1,1,0,0,0,2,2023 Titans Second League
,576,32995,PHSOB 3,,,,,,,,,,,,2023 Titans Second League
56,576,32995,Nico de Bruyn,3180581,TUKS 5,,TUKS 5,3304,2,0,0,0,0,2,2023 Titans Second League
,576,32995,TUKS 5,,,,,,,,,,,,2023 Titans Second League
57,576,32995,Marco Rudolph,3229694,SINOVILLE 3,,SINOVILLE 3,3302,0,2,0,0,0,2,2023 Titans Second League
,576,32995,SINOVILLE 3,,,,,,,,,,,,2023 Titans Second League
58,576,32995,Divan Behrens,3257324,SINOVILLE 3,,SINOVILLE 3,3302,2,0,0,0,0,2,2023 Titans Second League
,576,32995,SINOVILLE 3,,,,,,,,,,,,2023 Titans Second League
59,576,32995,Adriaan Venter,3673677,CBCOB 3,,CBCOB 3,3298,1,1,0,0,0,2,2023 Titans Second League
,576,32995,CBCOB 3,,,,,,,,,,,,2023 Titans Second League
60,576,32995,Marcel Cilliers,3713449,IRENE VILLAGERS 3,,IRENE VILLAGERS 3,3299,2,0,0,0,0,2,2023 Titans Second League
,576,32995,IRENE VILLAGERS 3,,,,,,,,,,,,2023 Titans Second League
61,576,32995,Bennie Viljoen,3713450,IRENE VILLAGERS 3,,IRENE VILLAGERS 3,3299,2,0,0,0,0,2,2023 Titans Second League
,576,32995,IRENE VILLAGERS 3,,,,,,,,,,,,2023 Titans Second League
62,576,32995,Duncan Ackerman,3745419,SINOVILLE 3,,SINOVILLE 3,3302,2,0,0,0,0,2,2023 Titans Second League
,576,32995,SINOVILLE 3,,,,,,,,,,,,2023 Titans Second League
63,576,32995,Jacques Van Rooyen,3745426,IRENE VILLAGERS 4,,IRENE VILLAGERS 4,3307,1,1,0,0,0,2,2023 Titans Second League
,576,32995,IRENE VILLAGERS 4,,,,,,,,,,,,2023 Titans Second League
64,576,32995,Nick Brook,3745432,IRENE VILLAGERS 3,,IRENE VILLAGERS 3,3299,2,0,0,0,0,2,2023 Titans Second League
,576,32995,IRENE VILLAGERS 3,,,,,,,,,,,,2023 Titans Second League
65,576,32995,Etienne Tait,3745434,HARLEQUINS 3,,HARLEQUINS 3,3306,2,0,0,0,0,2,2023 Titans Second League
,576,32995,HARLEQUINS 3,,,,,,,,,,,,2023 Titans Second League
66,576,32995,Niel Alberts,3745436,HARLEQUINS 3,,HARLEQUINS 3,3306,2,0,0,0,0,2,2023 Titans Second League
,576,32995,HARLEQUINS 3,,,,,,,,,,,,2023 Titans Second League
67,576,32995,Micheal TUT3,3772114,TUT 3,,TUT 3,3305,2,0,0,0,0,2,2023 Titans Second League
,576,32995,TUT 3,,,,,,,,,,,,2023 Titans Second League
68,576,32995,Botha Geldenhuis,3795241,IRENE VILLAGERS 4,,IRENE VILLAGERS 4,3307,2,0,0,0,0,2,2023 Titans Second League
,576,32995,IRENE VILLAGERS 4,,,,,,,,,,,,2023 Titans Second League
69,576,32995,Amohelang Sebati,3795244,IRENE VILLAGERS 4,,IRENE VILLAGERS 4,3307,2,0,0,0,0,2,2023 Titans Second League
,576,32995,IRENE VILLAGERS 4,,,,,,,,,,,,2023 Titans Second League
70,576,32995,Jacques Van Rooyen,3795662,IRENE VILLAGERS 3,,IRENE VILLAGERS 3,3299,2,0,0,0,0,2,2023 Titans Second League
,576,32995,IRENE VILLAGERS 3,,,,,,,,,,,,2023 Titans Second League
71,576,32995,Gerhard Scheepers,3927337,IRENE VILLAGERS 4,,IRENE VILLAGERS 4,3307,2,0,0,0,0,2,2023 Titans Second League
,576,32995,IRENE VILLAGERS 4,,,,,,,,,,,,2023 Titans Second League
72,576,32995,Emile Van de Merwe,4063606,IRENE VILLAGERS 4,,IRENE VILLAGERS 4,3307,2,0,0,0,0,2,2023 Titans Second League
,576,32995,IRENE VILLAGERS 4,,,,,,,,,,,,2023 Titans Second League
73,576,32995,Joshua Isaacs,4063607,IRENE VILLAGERS 4,,IRENE VILLAGERS 4,3307,1,1,0,0,0,2,2023 Titans Second League
,576,32995,IRENE VILLAGERS 4,,,,,,,,,,,,2023 Titans Second League
74,576,32995,Trent Hardie,4116169,IRENE VILLAGERS 3,,IRENE VILLAGERS 3,3299,2,0,0,0,0,2,2023 Titans Second League
,576,32995,IRENE VILLAGERS 3,,,,,,,,,,,,2023 Titans Second League
75,576,32995,Sam Wearne,4163812,IRENE VILLAGERS 3,,IRENE VILLAGERS 3,3299,2,0,0,0,0,2,2023 Titans Second League
,576,32995,IRENE VILLAGERS 3,,,,,,,,,,,,2023 Titans Second League
76,576,32995,Mark Bekker,3146406,TUT 3,,TUT 3,3305,1,0,1,0,0,2,2023 Titans Second League
,576,32995,TUT 3,,,,,,,,,,,,2023 Titans Second League
77,576,32995,JP Roets,3195753,SINOVILLE 4,,SINOVILLE 4,3303,1,0,1,0,0,2,2023 Titans Second League
,576,32995,SINOVILLE 4,,,,,,,,,,,,2023 Titans Second League
78,576,32995,Ivan Havenga,3729571,CBCOB 3,,CBCOB 3,3298,1,0,1,0,0,2,2023 Titans Second League
,576,32995,CBCOB 3,,,,,,,,,,,,2023 Titans Second League
79,576,32995,Gunter Geyser,3771717,IRENE VILLAGERS 4,,IRENE VILLAGERS 4,3307,0,0,2,0,0,2,2023 Titans Second League
,576,32995,IRENE VILLAGERS 4,,,,,,,,,,,,2023 Titans Second League
80,576,32995,Tyler Lockhart,4185928,PHSOB 3,,PHSOB 3,3300,0,0,2,0,0,2,2023 Titans Second League
,576,32995,PHSOB 3,,,,,,,,,,,,2023 Titans Second League
81,576,32995,Charl Foxcroft,2097177,TUT 3,,TUT 3,3305,1,0,0,0,0,1,2023 Titans Second League
,576,32995,TUT 3,,,,,,,,,,,,2023 Titans Second League
82,576,32995,Tiaan Lotter,2934784,SINOVILLE 4,,SINOVILLE 4,3303,0,1,0,0,0,1,2023 Titans Second League
,576,32995,SINOVILLE 4,,,,,,,,,,,,2023 Titans Second League
83,576,32995,Oliver Beauclerk,2934812,HARLEQUINS 3,,HARLEQUINS 3,3306,1,0,0,0,0,1,2023 Titans Second League
,576,32995,HARLEQUINS 3,,,,,,,,,,,,2023 Titans Second League
84,576,32995,Ivan Venter,2936845,TUKS 5,,TUKS 5,3304,1,0,0,0,0,1,2023 Titans Second League
,576,32995,TUKS 5,,,,,,,,,,,,2023 Titans Second League
85,576,32995,Emil Rolfes,2936903,PHSOB 3,,PHSOB 3,3300,1,0,0,0,0,1,2023 Titans Second League
,576,32995,PHSOB 3,,,,,,,,,,,,2023 Titans Second League
86,576,32995,Heinrich Bisschoff,2936904,PHSOB 3,,PHSOB 3,3300,0,1,0,0,0,1,2023 Titans Second League
,576,32995,PHSOB 3,,,,,,,,,,,,2023 Titans Second League
87,576,32995,Jade Richter,2936920,PHSOB 3,,PHSOB 3,3300,1,0,0,0,0,1,2023 Titans Second League
,576,32995,PHSOB 3,,,,,,,,,,,,2023 Titans Second League
88,576,32995,Juan Van den berg,2987480,SINOVILLE 3,,SINOVILLE 3,3302,1,0,0,0,0,1,2023 Titans Second League
,576,32995,SINOVILLE 3,,,,,,,,,,,,2023 Titans Second League
89,576,32995,Juan Van den berg,2987480,SINOVILLE 4,,SINOVILLE 4,3303,1,0,0,0,0,1,2023 Titans Second League
,576,32995,SINOVILLE 4,,,,,,,,,,,,2023 Titans Second League
90,576,32995,Stephan Lotter,2990921,SINOVILLE 3,,SINOVILLE 3,3302,1,0,0,0,0,1,2023 Titans Second League
,576,32995,SINOVILLE 3,,,,,,,,,,,,2023 Titans Second League
91,576,32995,Erik Van Deventer,3033825,TUT 3,,TUT 3,3305,1,0,0,0,0,1,2023 Titans Second League
,576,32995,TUT 3,,,,,,,,,,,,2023 Titans Second League
92,576,32995,Gerrald Gouws,3056111,CBCOB 3,,CBCOB 3,3298,1,0,0,0,0,1,2023 Titans Second League
,576,32995,CBCOB 3,,,,,,,,,,,,2023 Titans Second League
93,576,32995,Stanley Fabri,3056139,SINOVILLE 3,,SINOVILLE 3,3302,1,0,0,0,0,1,2023 Titans Second League
,576,32995,SINOVILLE 3,,,,,,,,,,,,2023 Titans Second League
94,576,32995,Stanley Fabri,3056139,SINOVILLE 4,,SINOVILLE 4,3303,1,0,0,0,0,1,2023 Titans Second League
,576,32995,SINOVILLE 4,,,,,,,,,,,,2023 Titans Second League
95,576,32995,Johan Broekman,3069548,CBCOB 3,,CBCOB 3,3298,1,0,0,0,0,1,2023 Titans Second League
,576,32995,CBCOB 3,,,,,,,,,,,,2023 Titans Second League
96,576,32995,Gunter Geyer,3146508,IRENE VILLAGERS 4,,IRENE VILLAGERS 4,3307,1,0,0,0,0,1,2023 Titans Second League
,576,32995,IRENE VILLAGERS 4,,,,,,,,,,,,2023 Titans Second League
97,576,32995,Koketjo Moselenyane,3163476,HARLEQUINS 3,,HARLEQUINS 3,3306,1,0,0,0,0,1,2023 Titans Second League
,576,32995,HARLEQUINS 3,,,,,,,,,,,,2023 Titans Second League
98,576,32995,Devon Almeida,3242449,CBCOB 3,,CBCOB 3,3298,1,0,0,0,0,1,2023 Titans Second League
,576,32995,CBCOB 3,,,,,,,,,,,,2023 Titans Second League
99,576,32995,Lehlohonolo Moshoati,3266899,TUKS 5,,TUKS 5,3304,1,0,0,0,0,1,2023 Titans Second League
,576,32995,TUKS 5,,,,,,,,,,,,2023 Titans Second League
100,576,32995,Davie Fabri,3277437,SINOVILLE 3,,SINOVILLE 3,3302,1,0,0,0,0,1,2023 Titans Second League
,576,32995,SINOVILLE 3,,,,,,,,,,,,2023 Titans Second League
101,576,32995,Keegan Holmwood,3713339,PHSOB 3,,PHSOB 3,3300,1,0,0,0,0,1,2023 Titans Second League
,576,32995,PHSOB 3,,,,,,,,,,,,2023 Titans Second League
102,576,32995,Regan Pruss,3713341,PHSOB 3,,PHSOB 3,3300,1,0,0,0,0,1,2023 Titans Second League
,576,32995,PHSOB 3,,,,,,,,,,,,2023 Titans Second League
103,576,32995,Dirkie Kruger,3713346,TUT 3,,TUT 3,3305,1,0,0,0,0,1,2023 Titans Second League
,576,32995,TUT 3,,,,,,,,,,,,2023 Titans Second League
104,576,32995,Ryan Thurbon,3713447,IRENE VILLAGERS 3,,IRENE VILLAGERS 3,3299,1,0,0,0,0,1,2023 Titans Second League
,576,32995,IRENE VILLAGERS 3,,,,,,,,,,,,2023 Titans Second League
105,576,32995,Ruben van Vuuren,3713452,IRENE VILLAGERS 3,,IRENE VILLAGERS 3,3299,1,0,0,0,0,1,2023 Titans Second League
,576,32995,IRENE VILLAGERS 3,,,,,,,,,,,,2023 Titans Second League
106,576,32995,Hendré van Niekerk,3713455,IRENE VILLAGERS 3,,IRENE VILLAGERS 3,3299,1,0,0,0,0,1,2023 Titans Second League
,576,32995,IRENE VILLAGERS 3,,,,,,,,,,,,2023 Titans Second League
107,576,32995,Francke Botha,3716534,HARLEQUINS 3,,HARLEQUINS 3,3306,1,0,0,0,0,1,2023 Titans Second League
,576,32995,HARLEQUINS 3,,,,,,,,,,,,2023 Titans Second League
108,576,32995,Mandilulane Cbc3,3729567,CBCOB 3,,CBCOB 3,3298,1,0,0,0,0,1,2023 Titans Second League
,576,32995,CBCOB 3,,,,,,,,,,,,2023 Titans Second League
109,576,32995,Ruben Potgieter,3729568,CBCOB 3,,CBCOB 3,3298,1,0,0,0,0,1,2023 Titans Second League
,576,32995,CBCOB 3,,,,,,,,,,,,2023 Titans Second League
110,576,32995,Gerbrant Vivers,3729931,IRENE VILLAGERS 3,,IRENE VILLAGERS 3,3299,0,1,0,0,0,1,2023 Titans Second League
,576,32995,IRENE VILLAGERS 3,,,,,,,,,,,,2023 Titans Second League
111,576,32995,Mikky Hudson,3745386,TUKS 5,,TUKS 5,3304,1,0,0,0,0,1,2023 Titans Second League
,576,32995,TUKS 5,,,,,,,,,,,,2023 Titans Second League
112,576,32995,Reinhardt Hamman,3745388,SINOVILLE 4,,SINOVILLE 4,3303,1,0,0,0,0,1,2023 Titans Second League
,576,32995,SINOVILLE 4,,,,,,,,,,,,2023 Titans Second League
113,576,32995,Quintin Pretorius,3745417,SINOVILLE 3,,SINOVILLE 3,3302,1,0,0,0,0,1,2023 Titans Second League
,576,32995,SINOVILLE 3,,,,,,,,,,,,2023 Titans Second League
114,576,32995,Tiaan Botha,3745420,SINOVILLE 3,,SINOVILLE 3,3302,1,0,0,0,0,1,2023 Titans Second League
,576,32995,SINOVILLE 3,,,,,,,,,,,,2023 Titans Second League
115,576,32995,Zian De Jager,3745433,IRENE VILLAGERS 3,,IRENE VILLAGERS 3,3299,1,0,0,0,0,1,2023 Titans Second League
,576,32995,IRENE VILLAGERS 3,,,,,,,,,,,,2023 Titans Second League
116,576,32995,JJ Lesolang,3772080,PHSOB 3,,PHSOB 3,3300,1,0,0,0,0,1,2023 Titans Second League
,576,32995,PHSOB 3,,,,,,,,,,,,2023 Titans Second League
117,576,32995,Callen Stephen,3782749,PHSOB 3,,PHSOB 3,3300,1,0,0,0,0,1,2023 Titans Second League
,576,32995,PHSOB 3,,,,,,,,,,,,2023 Titans Second League
118,576,32995,Wessel Herbst,3783166,CBCOB 3,,CBCOB 3,3298,1,0,0,0,0,1,2023 Titans Second League
,576,32995,CBCOB 3,,,,,,,,,,,,2023 Titans Second League
119,576,32995,Gerrie Marais,3783169,HARLEQUINS 3,,HARLEQUINS 3,3306,1,0,0,0,0,1,2023 Titans Second League
,576,32995,HARLEQUINS 3,,,,,,,,,,,,2023 Titans Second League
120,576,32995,Logan Claasen,3795243,IRENE VILLAGERS 4,,IRENE VILLAGERS 4,3307,1,0,0,0,0,1,2023 Titans Second League
,576,32995,IRENE VILLAGERS 4,,,,,,,,,,,,2023 Titans Second League
121,576,32995,Ian Dorfling,3795252,SINOVILLE 4,,SINOVILLE 4,3303,1,0,0,0,0,1,2023 Titans Second League
,576,32995,SINOVILLE 4,,,,,,,,,,,,2023 Titans Second League
122,576,32995,Jared Fourie,3795661,IRENE VILLAGERS 3,,IRENE VILLAGERS 3,3299,1,0,0,0,0,1,2023 Titans Second League
,576,32995,IRENE VILLAGERS 3,,,,,,,,,,,,2023 Titans Second League
123,576,32995,Francois Viljoen,3912802,CBCOB 3,,CBCOB 3,3298,1,0,0,0,0,1,2023 Titans Second League
,576,32995,CBCOB 3,,,,,,,,,,,,2023 Titans Second League
124,576,32995,Tristan De Klerk,3912805,IRENE VILLAGERS 3,,IRENE VILLAGERS 3,3299,1,0,0,0,0,1,2023 Titans Second League
,576,32995,IRENE VILLAGERS 3,,,,,,,,,,,,2023 Titans Second League
125,576,32995,Sibusiso Mxube,4024776,IRENE VILLAGERS 3,,IRENE VILLAGERS 3,3299,1,0,0,0,0,1,2023 Titans Second League
,576,32995,IRENE VILLAGERS 3,,,,,,,,,,,,2023 Titans Second League
126,576,32995,Janru Brandt,4063608,IRENE VILLAGERS 4,,IRENE VILLAGERS 4,3307,1,0,0,0,0,1,2023 Titans Second League
,576,32995,IRENE VILLAGERS 4,,,,,,,,,,,,2023 Titans Second League
127,576,32995,Henco Irene,4063609,IRENE VILLAGERS 4,,IRENE VILLAGERS 4,3307,1,0,0,0,0,1,2023 Titans Second League
,576,32995,IRENE VILLAGERS 4,,,,,,,,,,,,2023 Titans Second League
128,576,32995,Brad Goss,4081458,PHSOB 3,,PHSOB 3,3300,1,0,0,0,0,1,2023 Titans Second League
,576,32995,PHSOB 3,,,,,,,,,,,,2023 Titans Second League
129,576,32995,Ryan Seymore,4100168,TUT 3,,TUT 3,3305,1,0,0,0,0,1,2023 Titans Second League
,576,32995,TUT 3,,,,,,,,,,,,2023 Titans Second League
130,576,32995,Josh Joubert,4100288,IRENE VILLAGERS 3,,IRENE VILLAGERS 3,3299,1,0,0,0,0,1,2023 Titans Second League
,576,32995,IRENE VILLAGERS 3,,,,,,,,,,,,2023 Titans Second League
131,576,32995,Joshua Isaac's,4100289,IRENE VILLAGERS 3,,IRENE VILLAGERS 3,3299,0,1,0,0,0,1,2023 Titans Second League
,576,32995,IRENE VILLAGERS 3,,,,,,,,,,,,2023 Titans Second League
132,576,32995,Sieg Dorfling,4143515,CBCOB 3,,CBCOB 3,3298,1,0,0,0,0,1,2023 Titans Second League
,576,32995,CBCOB 3,,,,,,,,,,,,2023 Titans Second League
133,576,32995,Estiaan Blom,4143526,SINOVILLE 3,,SINOVILLE 3,3302,1,0,0,0,0,1,2023 Titans Second League
,576,32995,SINOVILLE 3,,,,,,,,,,,,2023 Titans Second League
134,576,32995,JG Adendorff,4198488,SINOVILLE 4,,SINOVILLE 4,3303,1,0,0,0,0,1,2023 Titans Second League
,576,32995,SINOVILLE 4,,,,,,,,,,,,2023 Titans Second League
135,576,32995,Christo Swanepoel,2936900,PHSOB 3,,PHSOB 3,3300,0,0,1,0,0,1,2023 Titans Second League
,576,32995,PHSOB 3,,,,,,,,,,,,2023 Titans Second League
136,576,32995,Stefan Strydom,2985833,IRENE VILLAGERS 4,,IRENE VILLAGERS 4,3307,0,0,0,0,1,1,2023 Titans Second League
,576,32995,IRENE VILLAGERS 4,,,,,,,,,,,,2023 Titans Second League
137,576,32995,Hendre Du toit,2987477,SINOVILLE 3,,SINOVILLE 3,3302,0,0,0,1,0,1,2023 Titans Second League
,576,32995,SINOVILLE 3,,,,,,,,,,,,2023 Titans Second League
138,576,32995,Donavan Kretschmer,3018251,IRENE VILLAGERS 4,,IRENE VILLAGERS 4,3307,0,0,1,0,0,1,2023 Titans Second League
,576,32995,IRENE VILLAGERS 4,,,,,,,,,,,,2023 Titans Second League
139,576,32995,Justin Reynolds,3713446,IRENE VILLAGERS 3,,IRENE VILLAGERS 3,3299,0,0,0,0,1,1,2023 Titans Second League
,576,32995,IRENE VILLAGERS 3,,,,,,,,,,,,2023 Titans Second League
140,576,32995,Seun Bornman,3759631,SINOVILLE 3,,SINOVILLE 3,3302,0,0,1,0,0,1,2023 Titans Second League
,576,32995,SINOVILLE 3,,,,,,,,,,,,2023 Titans Second League
141,576,32995,Andre Kruyshaar,3772081,SINOVILLE 3,,SINOVILLE 3,3302,0,0,0,1,0,1,2023 Titans Second League
,576,32995,SINOVILLE 3,,,,,,,,,,,,2023 Titans Second League
142,576,32995,Deon Van Huysteen,3795246,SINOVILLE 4,,SINOVILLE 4,3303,0,0,0,0,1,1,2023 Titans Second League
,576,32995,SINOVILLE 4,,,,,,,,,,,,2023 Titans Second League
143,576,32995,Lessego Teffo,4196334,HARLEQUINS 3,,HARLEQUINS 3,3306,0,0,1,0,0,1,2023 Titans Second League
,576,32995,HARLEQUINS 3,,,,,,,,,,,,2023 Titans Second League
144,576,32995,Hendrik Hitge,4198492,SINOVILLE 4,,SINOVILLE 4,3303,0,0,1,0,0,1,2023 Titans Second League
,576,32995,SINOVILLE 4,,,,,,,,,,,,2023 Titans Second League
145,576,32995,Wessel Maree,2449861,TUT 3,,TUT 3,3305,0,0,0,0,0,0,2023 Titans Second League
,576,32995,TUT 3,,,,,,,,,,,,2023 Titans Second League
146,576,32995,Christo Weiss,2588485,SINOVILLE 3,,SINOVILLE 3,3302,0,0,0,0,0,0,2023 Titans Second League
,576,32995,SINOVILLE 3,,,,,,,,,,,,2023 Titans Second League
147,576,32995,Dian Botha,2934759,SINOVILLE 3,,SINOVILLE 3,3302,0,0,0,0,0,0,2023 Titans Second League
,576,32995,SINOVILLE 3,,,,,,,,,,,,2023 Titans Second League
148,576,32995,Zandre Jordaan,2934760,SINOVILLE 3,,SINOVILLE 3,3302,0,0,0,0,0,0,2023 Titans Second League
,576,32995,SINOVILLE 3,,,,,,,,,,,,2023 Titans Second League
149,576,32995,Dries Van der Lith,2934771,SINOVILLE 4,,SINOVILLE 4,3303,0,0,0,0,0,0,2023 Titans Second League
,576,32995,SINOVILLE 4,,,,,,,,,,,,2023 Titans Second League
150,576,32995,Pieter Janse van Rensburg,2934773,SINOVILLE 3,,SINOVILLE 3,3302,0,0,0,0,0,0,2023 Titans Second League
,576,32995,SINOVILLE 3,,,,,,,,,,,,2023 Titans Second League
151,576,32995,Ruan Breytenbach,2936745,SINOVILLE 3,,SINOVILLE 3,3302,0,0,0,0,0,0,2023 Titans Second League
,576,32995,SINOVILLE 3,,,,,,,,,,,,2023 Titans Second League
152,576,32995,Nico Kruger,2936834,TUKS 5,,TUKS 5,3304,0,0,0,0,0,0,2023 Titans Second League
,576,32995,TUKS 5,,,,,,,,,,,,2023 Titans Second League
153,576,32995,Ivan Bekker,2936839,TUKS 5,,TUKS 5,3304,0,0,0,0,0,0,2023 Titans Second League
,576,32995,TUKS 5,,,,,,,,,,,,2023 Titans Second League
154,576,32995,Jaco de Vos,2936844,TUKS 5,,TUKS 5,3304,0,0,0,0,0,0,2023 Titans Second League
,576,32995,TUKS 5,,,,,,,,,,,,2023 Titans Second League
155,576,32995,Eben Botha,2936848,TUKS 5,,TUKS 5,3304,0,0,0,0,0,0,2023 Titans Second League
,576,32995,TUKS 5,,,,,,,,,,,,2023 Titans Second League
156,576,32995,Dian Van der Walt,2936868,CBCOB 3,,CBCOB 3,3298,0,0,0,0,0,0,2023 Titans Second League
,576,32995,CBCOB 3,,,,,,,,,,,,2023 Titans Second League
157,576,32995,Dylan Howe-Dreyer,2936902,PHSOB 3,,PHSOB 3,3300,0,0,0,0,0,0,2023 Titans Second League
,576,32995,PHSOB 3,,,,,,,,,,,,2023 Titans Second League
158,576,32995,Kevin Pretorius,2936906,PHSOB 3,,PHSOB 3,3300,0,0,0,0,0,0,2023 Titans Second League
,576,32995,PHSOB 3,,,,,,,,,,,,2023 Titans Second League
159,576,32995,Michael Stoop,2936908,PHSOB 3,,PHSOB 3,3300,0,0,0,0,0,0,2023 Titans Second League
,576,32995,PHSOB 3,,,,,,,,,,,,2023 Titans Second League
160,576,32995,Matt Rogerson,2936914,PHSOB 3,,PHSOB 3,3300,0,0,0,0,0,0,2023 Titans Second League
,576,32995,PHSOB 3,,,,,,,,,,,,2023 Titans Second League
161,576,32995,Ridhaa Jacobs,2939141,HARLEQUINS 3,,HARLEQUINS 3,3306,0,0,0,0,0,0,2023 Titans Second League
,576,32995,HARLEQUINS 3,,,,,,,,,,,,2023 Titans Second League
162,576,32995,Pieter Roos,2939189,HARLEQUINS 3,,HARLEQUINS 3,3306,0,0,0,0,0,0,2023 Titans Second League
,576,32995,HARLEQUINS 3,,,,,,,,,,,,2023 Titans Second League
163,576,32995,Keaton Steenkamp,2944947,SINOVILLE 3,,SINOVILLE 3,3302,0,0,0,0,0,0,2023 Titans Second League
,576,32995,SINOVILLE 3,,,,,,,,,,,,2023 Titans Second League
164,576,32995,Keaton Steenkamp,2944947,SINOVILLE 4,,SINOVILLE 4,3303,0,0,0,0,0,0,2023 Titans Second League
,576,32995,SINOVILLE 4,,,,,,,,,,,,2023 Titans Second League
165,576,32995,Mulder Kotze,2985832,IRENE VILLAGERS 4,,IRENE VILLAGERS 4,3307,0,0,0,0,0,0,2023 Titans Second League
,576,32995,IRENE VILLAGERS 4,,,,,,,,,,,,2023 Titans Second League
166,576,32995,Stefan Strydom,2985833,IRENE VILLAGERS 3,,IRENE VILLAGERS 3,3299,0,0,0,0,0,0,2023 Titans Second League
,576,32995,IRENE VILLAGERS 3,,,,,,,,,,,,2023 Titans Second League
167,576,32995,Josh Botes,2985840,IRENE VILLAGERS 4,,IRENE VILLAGERS 4,3307,0,0,0,0,0,0,2023 Titans Second League
,576,32995,IRENE VILLAGERS 4,,,,,,,,,,,,2023 Titans Second League
168,576,32995,Zander Jordaan,2987471,SINOVILLE 4,,SINOVILLE 4,3303,0,0,0,0,0,0,2023 Titans Second League
,576,32995,SINOVILLE 4,,,,,,,,,,,,2023 Titans Second League
169,576,32995,Dylan Van wyk,2987473,SINOVILLE 4,,SINOVILLE 4,3303,0,0,0,0,0,0,2023 Titans Second League
,576,32995,SINOVILLE 4,,,,,,,,,,,,2023 Titans Second League
170,576,32995,Charl Prinsloo,3018226,TUT 3,,TUT 3,3305,0,0,0,0,0,0,2023 Titans Second League
,576,32995,TUT 3,,,,,,,,,,,,2023 Titans Second League
171,576,32995,Jeandre Roux,3018228,TUT 3,,TUT 3,3305,0,0,0,0,0,0,2023 Titans Second League
,576,32995,TUT 3,,,,,,,,,,,,2023 Titans Second League
172,576,32995,Gerbrandt Viviers,3018253,IRENE VILLAGERS 4,,IRENE VILLAGERS 4,3307,0,0,0,0,0,0,2023 Titans Second League
,576,32995,IRENE VILLAGERS 4,,,,,,,,,,,,2023 Titans Second League
173,576,32995,Caleb Eckard,3018344,CBCOB 3,,CBCOB 3,3298,0,0,0,0,0,0,2023 Titans Second League
,576,32995,CBCOB 3,,,,,,,,,,,,2023 Titans Second League
174,576,32995,Maans Roubaix,3031813,SINOVILLE 3,,SINOVILLE 3,3302,0,0,0,0,0,0,2023 Titans Second League
,576,32995,SINOVILLE 3,,,,,,,,,,,,2023 Titans Second League
175,576,32995,Pippie Kemm,3033949,PHSOB 3,,PHSOB 3,3300,0,0,0,0,0,0,2023 Titans Second League
,576,32995,PHSOB 3,,,,,,,,,,,,2023 Titans Second League
176,576,32995,Wayne Scott,3056109,CBCOB 3,,CBCOB 3,3298,0,0,0,0,0,0,2023 Titans Second League
,576,32995,CBCOB 3,,,,,,,,,,,,2023 Titans Second League
177,576,32995,Derrick Cremer,3056113,CBCOB 3,,CBCOB 3,3298,0,0,0,0,0,0,2023 Titans Second League
,576,32995,CBCOB 3,,,,,,,,,,,,2023 Titans Second League
178,576,32995,Johan Feuth,3056115,CBCOB 3,,CBCOB 3,3298,0,0,0,0,0,0,2023 Titans Second League
,576,32995,CBCOB 3,,,,,,,,,,,,2023 Titans Second League
179,576,32995,Anton Stassen,3069496,SINOVILLE 4,,SINOVILLE 4,3303,0,0,0,0,0,0,2023 Titans Second League
,576,32995,SINOVILLE 4,,,,,,,,,,,,2023 Titans Second League
180,576,32995,Duan St Arnaud,3145215,PHSOB 3,,PHSOB 3,3300,0,0,0,0,0,0,2023 Titans Second League
,576,32995,PHSOB 3,,,,,,,,,,,,2023 Titans Second League
181,576,32995,Gilan Mellet,3163470,HARLEQUINS 3,,HARLEQUINS 3,3306,0,0,0,0,0,0,2023 Titans Second League
,576,32995,HARLEQUINS 3,,,,,,,,,,,,2023 Titans Second League
182,576,32995,Louan Nel,3163477,HARLEQUINS 3,,HARLEQUINS 3,3306,0,0,0,0,0,0,2023 Titans Second League
,576,32995,HARLEQUINS 3,,,,,,,,,,,,2023 Titans Second League
183,576,32995,Riaan Davel,3163488,SINOVILLE 3,,SINOVILLE 3,3302,0,0,0,0,0,0,2023 Titans Second League
,576,32995,SINOVILLE 3,,,,,,,,,,,,2023 Titans Second League
184,576,32995,Ryan Thorburn,3163540,IRENE VILLAGERS 4,,IRENE VILLAGERS 4,3307,0,0,0,0,0,0,2023 Titans Second League
,576,32995,IRENE VILLAGERS 4,,,,,,,,,,,,2023 Titans Second League
185,576,32995,Christiaan Steyn,3179091,HARLEQUINS 3,,HARLEQUINS 3,3306,0,0,0,0,0,0,2023 Titans Second League
,576,32995,HARLEQUINS 3,,,,,,,,,,,,2023 Titans Second League
186,576,32995,Maritz Bezuidenhout,3180554,SINOVILLE 4,,SINOVILLE 4,3303,0,0,0,0,0,0,2023 Titans Second League
,576,32995,SINOVILLE 4,,,,,,,,,,,,2023 Titans Second League
187,576,32995,Pieter Jansen van Rensburg,3198240,SINOVILLE 4,,SINOVILLE 4,3303,0,0,0,0,0,0,2023 Titans Second League
,576,32995,SINOVILLE 4,,,,,,,,,,,,2023 Titans Second League
188,576,32995,Morgan Potgiter,3198242,SINOVILLE 4,,SINOVILLE 4,3303,0,0,0,0,0,0,2023 Titans Second League
,576,32995,SINOVILLE 4,,,,,,,,,,,,2023 Titans Second League
189,576,32995,JJ Du Toit,3226765,SINOVILLE 3,,SINOVILLE 3,3302,0,0,0,0,0,0,2023 Titans Second League
,576,32995,SINOVILLE 3,,,,,,,,,,,,2023 Titans Second League
190,576,32995,Du Preez Prinsloo,3242451,SINOVILLE 4,,SINOVILLE 4,3303,0,0,0,0,0,0,2023 Titans Second League
,576,32995,SINOVILLE 4,,,,,,,,,,,,2023 Titans Second League
191,576,32995,Maans De Roubaix,3242452,SINOVILLE 4,,SINOVILLE 4,3303,0,0,0,0,0,0,2023 Titans Second League
,576,32995,SINOVILLE 4,,,,,,,,,,,,2023 Titans Second League
192,576,32995,Tihardt Kruger,3242942,TUKS 5,,TUKS 5,3304,0,0,0,0,0,0,2023 Titans Second League
,576,32995,TUKS 5,,,,,,,,,,,,2023 Titans Second League
193,576,32995,Wian van Deventer,3255254,SINOVILLE 4,,SINOVILLE 4,3303,0,0,0,0,0,0,2023 Titans Second League
,576,32995,SINOVILLE 4,,,,,,,,,,,,2023 Titans Second League
194,576,32995,Playa1 Cbc,3255330,CBCOB 3,,CBCOB 3,3298,0,0,0,0,0,0,2023 Titans Second League
,576,32995,CBCOB 3,,,,,,,,,,,,2023 Titans Second League
195,576,32995,Playa2 Cbc,3255331,CBCOB 3,,CBCOB 3,3298,0,0,0,0,0,0,2023 Titans Second League
,576,32995,CBCOB 3,,,,,,,,,,,,2023 Titans Second League
196,576,32995,Wian van Deventer,3257325,SINOVILLE 3,,SINOVILLE 3,3302,0,0,0,0,0,0,2023 Titans Second League
,576,32995,SINOVILLE 3,,,,,,,,,,,,2023 Titans Second League
197,576,32995,Cornel Schnitter,3266896,CBCOB 3,,CBCOB 3,3298,0,0,0,0,0,0,2023 Titans Second League
,576,32995,CBCOB 3,,,,,,,,,,,,2023 Titans Second League
198,576,32995,Stephan Van den berg,3266950,CBCOB 3,,CBCOB 3,3298,0,0,0,0,0,0,2023 Titans Second League
,576,32995,CBCOB 3,,,,,,,,,,,,2023 Titans Second League
199,576,32995,Cornel Cbc3,3266951,CBCOB 3,,CBCOB 3,3298,0,0,0,0,0,0,2023 Titans Second League
,576,32995,CBCOB 3,,,,,,,,,,,,2023 Titans Second League
200,576,32995,Dylan van Wyk,3277436,SINOVILLE 3,,SINOVILLE 3,3302,0,0,0,0,0,0,2023 Titans Second League
,576,32995,SINOVILLE 3,,,,,,,,,,,,2023 Titans Second League
201,576,32995,Luca Bauros,3287441,SINOVILLE 4,,SINOVILLE 4,3303,0,0,0,0,0,0,2023 Titans Second League
,576,32995,SINOVILLE 4,,,,,,,,,,,,2023 Titans Second League
202,576,32995,Luca Bairos,3586611,SINOVILLE 4,,SINOVILLE 4,3303,0,0,0,0,0,0,2023 Titans Second League
,576,32995,SINOVILLE 4,,,,,,,,,,,,2023 Titans Second League
203,576,32995,Travis Joshua,3678955,HARLEQUINS 3,,HARLEQUINS 3,3306,0,0,0,0,0,0,2023 Titans Second League
,576,32995,HARLEQUINS 3,,,,,,,,,,,,2023 Titans Second League
204,576,32995,Alten Du Plessis,3713340,PHSOB 3,,PHSOB 3,3300,0,0,0,0,0,0,2023 Titans Second League
,576,32995,PHSOB 3,,,,,,,,,,,,2023 Titans Second League
205,576,32995,Wessel Marais,3713343,TUT 3,,TUT 3,3305,0,0,0,0,0,0,2023 Titans Second League
,576,32995,TUT 3,,,,,,,,,,,,2023 Titans Second League
206,576,32995,Nico Minnaar,3713344,TUT 3,,TUT 3,3305,0,0,0,0,0,0,2023 Titans Second League
,576,32995,TUT 3,,,,,,,,,,,,2023 Titans Second League
207,576,32995,Divan Cilliers,3713448,IRENE VILLAGERS 3,,IRENE VILLAGERS 3,3299,0,0,0,0,0,0,2023 Titans Second League
,576,32995,IRENE VILLAGERS 3,,,,,,,,,,,,2023 Titans Second League
208,576,32995,Chumani Ngcokovane,3713454,IRENE VILLAGERS 3,,IRENE VILLAGERS 3,3299,0,0,0,0,0,0,2023 Titans Second League
,576,32995,IRENE VILLAGERS 3,,,,,,,,,,,,2023 Titans Second League
209,576,32995,Dillon Kotze,3729565,CBCOB 3,,CBCOB 3,3298,0,0,0,0,0,0,2023 Titans Second League
,576,32995,CBCOB 3,,,,,,,,,,,,2023 Titans Second League
210,576,32995,Gavin Cbc3,3729569,CBCOB 3,,CBCOB 3,3298,0,0,0,0,0,0,2023 Titans Second League
,576,32995,CBCOB 3,,,,,,,,,,,,2023 Titans Second League
211,576,32995,Armin Havenga,3729570,CBCOB 3,,CBCOB 3,3298,0,0,0,0,0,0,2023 Titans Second League
,576,32995,CBCOB 3,,,,,,,,,,,,2023 Titans Second League
212,576,32995,Richard Williams,3729932,IRENE VILLAGERS 3,,IRENE VILLAGERS 3,3299,0,0,0,0,0,0,2023 Titans Second League
,576,32995,IRENE VILLAGERS 3,,,,,,,,,,,,2023 Titans Second League
213,576,32995,Stefan Olivier,3729935,TUT 3,,TUT 3,3305,0,0,0,0,0,0,2023 Titans Second League
,576,32995,TUT 3,,,,,,,,,,,,2023 Titans Second League
214,576,32995,Leon Bender,3730114,CBCOB 3,,CBCOB 3,3298,0,0,0,0,0,0,2023 Titans Second League
,576,32995,CBCOB 3,,,,,,,,,,,,2023 Titans Second League
215,576,32995,Jordan Lewis,3745387,SINOVILLE 4,,SINOVILLE 4,3303,0,0,0,0,0,0,2023 Titans Second League
,576,32995,SINOVILLE 4,,,,,,,,,,,,2023 Titans Second League
216,576,32995,Andre Schoombee,3745389,SINOVILLE 4,,SINOVILLE 4,3303,0,0,0,0,0,0,2023 Titans Second League
,576,32995,SINOVILLE 4,,,,,,,,,,,,2023 Titans Second League
217,576,32995,Danie Kruger,3745390,SINOVILLE 4,,SINOVILLE 4,3303,0,0,0,0,0,0,2023 Titans Second League
,576,32995,SINOVILLE 4,,,,,,,,,,,,2023 Titans Second League
218,576,32995,WJ Knoetze,3745391,SINOVILLE 4,,SINOVILLE 4,3303,0,0,0,0,0,0,2023 Titans Second League
,576,32995,SINOVILLE 4,,,,,,,,,,,,2023 Titans Second League
219,576,32995,Sub Sub,3745392,SINOVILLE 4,,SINOVILLE 4,3303,0,0,0,0,0,0,2023 Titans Second League
,576,32995,SINOVILLE 4,,,,,,,,,,,,2023 Titans Second League
220,576,32995,Niel Britz,3745418,SINOVILLE 3,,SINOVILLE 3,3302,0,0,0,0,0,0,2023 Titans Second League
,576,32995,SINOVILLE 3,,,,,,,,,,,,2023 Titans Second League
221,576,32995,Alton Van der Westhuizen,3745421,SINOVILLE 3,,SINOVILLE 3,3302,0,0,0,0,0,0,2023 Titans Second League
,576,32995,SINOVILLE 3,,,,,,,,,,,,2023 Titans Second League
222,576,32995,Igmar Erasmus,3745422,SINOVILLE 3,,SINOVILLE 3,3302,0,0,0,0,0,0,2023 Titans Second League
,576,32995,SINOVILLE 3,,,,,,,,,,,,2023 Titans Second League
223,576,32995,Michael Coetzer,3745423,SINOVILLE 3,,SINOVILLE 3,3302,0,0,0,0,0,0,2023 Titans Second League
,576,32995,SINOVILLE 3,,,,,,,,,,,,2023 Titans Second League
224,576,32995,Jonathan Barwick,3745435,HARLEQUINS 3,,HARLEQUINS 3,3306,0,0,0,0,0,0,2023 Titans Second League
,576,32995,HARLEQUINS 3,,,,,,,,,,,,2023 Titans Second League
225,576,32995,Donovan Kretschmer,3749171,IRENE VILLAGERS 4,,IRENE VILLAGERS 4,3307,0,0,0,0,0,0,2023 Titans Second League
,576,32995,IRENE VILLAGERS 4,,,,,,,,,,,,2023 Titans Second League
226,576,32995,Lee-John Maans,3759628,TUKS 5,,TUKS 5,3304,0,0,0,0,0,0,2023 Titans Second League
,576,32995,TUKS 5,,,,,,,,,,,,2023 Titans Second League
227,576,32995,Wilnell Strydom,3759629,TUKS 5,,TUKS 5,3304,0,0,0,0,0,0,2023 Titans Second League
,576,32995,TUKS 5,,,,,,,,,,,,2023 Titans Second League
228,576,32995,Ivan Schoeman,3759630,SINOVILLE 3,,SINOVILLE 3,3302,0,0,0,0,0,0,2023 Titans Second League
,576,32995,SINOVILLE 3,,,,,,,,,,,,2023 Titans Second League
229,576,32995,Riaan Labuschagne,3759632,SINOVILLE 3,,SINOVILLE 3,3302,0,0,0,0,0,0,2023 Titans Second League
,576,32995,SINOVILLE 3,,,,,,,,,,,,2023 Titans Second League
230,576,32995,Andries Botha,3759633,SINOVILLE 3,,SINOVILLE 3,3302,0,0,0,0,0,0,2023 Titans Second League
,576,32995,SINOVILLE 3,,,,,,,,,,,,2023 Titans Second League
231,576,32995,Renier Bornman,3759634,SINOVILLE 3,,SINOVILLE 3,3302,0,0,0,0,0,0,2023 Titans Second League
,576,32995,SINOVILLE 3,,,,,,,,,,,,2023 Titans Second League
232,576,32995,Robert Bornman,3759635,SINOVILLE 3,,SINOVILLE 3,3302,0,0,0,0,0,0,2023 Titans Second League
,576,32995,SINOVILLE 3,,,,,,,,,,,,2023 Titans Second League
233,576,32995,Kenny Rothe,3759636,SINOVILLE 3,,SINOVILLE 3,3302,0,0,0,0,0,0,2023 Titans Second League
,576,32995,SINOVILLE 3,,,,,,,,,,,,2023 Titans Second League
234,576,32995,Brandon Van der Merwe,3759637,SINOVILLE 3,,SINOVILLE 3,3302,0,0,0,0,0,0,2023 Titans Second League
,576,32995,SINOVILLE 3,,,,,,,,,,,,2023 Titans Second League
235,576,32995,Nico Labuschagne,3759638,SINOVILLE 3,,SINOVILLE 3,3302,0,0,0,0,0,0,2023 Titans Second League
,576,32995,SINOVILLE 3,,,,,,,,,,,,2023 Titans Second League
236,576,32995,Jaco Ferreira,3759639,SINOVILLE 3,,SINOVILLE 3,3302,0,0,0,0,0,0,2023 Titans Second League
,576,32995,SINOVILLE 3,,,,,,,,,,,,2023 Titans Second League
237,576,32995,Ryan Thurbon,3771716,IRENE VILLAGERS 4,,IRENE VILLAGERS 4,3307,0,0,0,0,0,0,2023 Titans Second League
,576,32995,IRENE VILLAGERS 4,,,,,,,,,,,,2023 Titans Second League
238,576,32995,Juan Van Der Westhuizen,3771719,IRENE VILLAGERS 3,,IRENE VILLAGERS 3,3299,0,0,0,0,0,0,2023 Titans Second League
,576,32995,IRENE VILLAGERS 3,,,,,,,,,,,,2023 Titans Second League
239,576,32995,Tyler Lockhart,3772078,PHSOB 3,,PHSOB 3,3300,0,0,0,0,0,0,2023 Titans Second League
,576,32995,PHSOB 3,,,,,,,,,,,,2023 Titans Second League
240,576,32995,Sheldon Meiring,3772079,PHSOB 3,,PHSOB 3,3300,0,0,0,0,0,0,2023 Titans Second League
,576,32995,PHSOB 3,,,,,,,,,,,,2023 Titans Second League
241,576,32995,Tiaan Borman,3772082,SINOVILLE 3,,SINOVILLE 3,3302,0,0,0,0,0,0,2023 Titans Second League
,576,32995,SINOVILLE 3,,,,,,,,,,,,2023 Titans Second League
242,576,32995,Andre Schoombee,3772084,SINOVILLE 3,,SINOVILLE 3,3302,0,0,0,0,0,0,2023 Titans Second League
,576,32995,SINOVILLE 3,,,,,,,,,,,,2023 Titans Second League
243,576,32995,Andre Schoombee,3772961,SINOVILLE 3,,SINOVILLE 3,3302,0,0,0,0,0,0,2023 Titans Second League
,576,32995,SINOVILLE 3,,,,,,,,,,,,2023 Titans Second League
244,576,32995,Phillip Bester,3782750,PHSOB 3,,PHSOB 3,3300,0,0,0,0,0,0,2023 Titans Second League
,576,32995,PHSOB 3,,,,,,,,,,,,2023 Titans Second League
245,576,32995,Simion Muller,3783164,CBCOB 3,,CBCOB 3,3298,0,0,0,0,0,0,2023 Titans Second League
,576,32995,CBCOB 3,,,,,,,,,,,,2023 Titans Second League
246,576,32995,Jaden Beukes,3783165,CBCOB 3,,CBCOB 3,3298,0,0,0,0,0,0,2023 Titans Second League
,576,32995,CBCOB 3,,,,,,,,,,,,2023 Titans Second League
247,576,32995,Burgert Kloppers,3783168,HARLEQUINS 3,,HARLEQUINS 3,3306,0,0,0,0,0,0,2023 Titans Second League
,576,32995,HARLEQUINS 3,,,,,,,,,,,,2023 Titans Second League
248,576,32995,Joe Vickery,3783170,HARLEQUINS 3,,HARLEQUINS 3,3306,0,0,0,0,0,0,2023 Titans Second League
,576,32995,HARLEQUINS 3,,,,,,,,,,,,2023 Titans Second League
249,576,32995,Travis Joshua,3783171,HARLEQUINS 3,,HARLEQUINS 3,3306,0,0,0,0,0,0,2023 Titans Second League
,576,32995,HARLEQUINS 3,,,,,,,,,,,,2023 Titans Second League
250,576,32995,Stiaan Schmiedeskamp,3783172,HARLEQUINS 3,,HARLEQUINS 3,3306,0,0,0,0,0,0,2023 Titans Second League
,576,32995,HARLEQUINS 3,,,,,,,,,,,,2023 Titans Second League
251,576,32995,Christoff van Rooyen,3783173,HARLEQUINS 3,,HARLEQUINS 3,3306,0,0,0,0,0,0,2023 Titans Second League
,576,32995,HARLEQUINS 3,,,,,,,,,,,,2023 Titans Second League
252,576,32995,Qiyaam Harlequins 3,3783174,HARLEQUINS 3,,HARLEQUINS 3,3306,0,0,0,0,0,0,2023 Titans Second League
,576,32995,HARLEQUINS 3,,,,,,,,,,,,2023 Titans Second League
253,576,32995,Pete Harlequins 3,3783175,HARLEQUINS 3,,HARLEQUINS 3,3306,0,0,0,0,0,0,2023 Titans Second League
,576,32995,HARLEQUINS 3,,,,,,,,,,,,2023 Titans Second League
254,576,32995,Koketjo Moselenyane,3783176,HARLEQUINS 3,,HARLEQUINS 3,3306,0,0,0,0,0,0,2023 Titans Second League
,576,32995,HARLEQUINS 3,,,,,,,,,,,,2023 Titans Second League
255,576,32995,Shafiq Jacobs,3783177,HARLEQUINS 3,,HARLEQUINS 3,3306,0,0,0,0,0,0,2023 Titans Second League
,576,32995,HARLEQUINS 3,,,,,,,,,,,,2023 Titans Second League
256,576,32995,Chumani Ngcokovane,3795242,IRENE VILLAGERS 4,,IRENE VILLAGERS 4,3307,0,0,0,0,0,0,2023 Titans Second League
,576,32995,IRENE VILLAGERS 4,,,,,,,,,,,,2023 Titans Second League
257,576,32995,Marco Rudolph,3795245,SINOVILLE 4,,SINOVILLE 4,3303,0,0,0,0,0,0,2023 Titans Second League
,576,32995,SINOVILLE 4,,,,,,,,,,,,2023 Titans Second League
258,576,32995,Aidan Van der Westhuizen,3795247,SINOVILLE 4,,SINOVILLE 4,3303,0,0,0,0,0,0,2023 Titans Second League
,576,32995,SINOVILLE 4,,,,,,,,,,,,2023 Titans Second League
259,576,32995,Andre Kruyshaar,3795248,SINOVILLE 4,,SINOVILLE 4,3303,0,0,0,0,0,0,2023 Titans Second League
,576,32995,SINOVILLE 4,,,,,,,,,,,,2023 Titans Second League
260,576,32995,Ruan Prinsloo,3795251,SINOVILLE 4,,SINOVILLE 4,3303,0,0,0,0,0,0,2023 Titans Second League
,576,32995,SINOVILLE 4,,,,,,,,,,,,2023 Titans Second League
261,576,32995,Raymond Vd Berg,3795619,CBCOB 3,,CBCOB 3,3298,0,0,0,0,0,0,2023 Titans Second League
,576,32995,CBCOB 3,,,,,,,,,,,,2023 Titans Second League
262,576,32995,HJ A,3795620,CBCOB 3,,CBCOB 3,3298,0,0,0,0,0,0,2023 Titans Second League
,576,32995,CBCOB 3,,,,,,,,,,,,2023 Titans Second League
263,576,32995,Motheo B,3795621,CBCOB 3,,CBCOB 3,3298,0,0,0,0,0,0,2023 Titans Second League
,576,32995,CBCOB 3,,,,,,,,,,,,2023 Titans Second League
264,576,32995,Jan Verwas,3795657,SINOVILLE 3,,SINOVILLE 3,3302,0,0,0,0,0,0,2023 Titans Second League
,576,32995,SINOVILLE 3,,,,,,,,,,,,2023 Titans Second League
265,576,32995,Wian Munnik,3795658,SINOVILLE 3,,SINOVILLE 3,3302,0,0,0,0,0,0,2023 Titans Second League
,576,32995,SINOVILLE 3,,,,,,,,,,,,2023 Titans Second League
266,576,32995,Dieter Munnik,3795659,SINOVILLE 3,,SINOVILLE 3,3302,0,0,0,0,0,0,2023 Titans Second League
,576,32995,SINOVILLE 3,,,,,,,,,,,,2023 Titans Second League
267,576,32995,Ruben Munnik,3795660,SINOVILLE 3,,SINOVILLE 3,3302,0,0,0,0,0,0,2023 Titans Second League
,576,32995,SINOVILLE 3,,,,,,,,,,,,2023 Titans Second League
268,576,32995,Franco Von Mollendorf,3812051,SINOVILLE 3,,SINOVILLE 3,3302,0,0,0,0,0,0,2023 Titans Second League
,576,32995,SINOVILLE 3,,,,,,,,,,,,2023 Titans Second League
269,576,32995,Keldon van Zyl,3812052,SINOVILLE 3,,SINOVILLE 3,3302,0,0,0,0,0,0,2023 Titans Second League
,576,32995,SINOVILLE 3,,,,,,,,,,,,2023 Titans Second League
270,576,32995,Klippies Marais,3812054,SINOVILLE 4,,SINOVILLE 4,3303,0,0,0,0,0,0,2023 Titans Second League
,576,32995,SINOVILLE 4,,,,,,,,,,,,2023 Titans Second League
271,576,32995,Sallas de Jager,3812055,SINOVILLE 4,,SINOVILLE 4,3303,0,0,0,0,0,0,2023 Titans Second League
,576,32995,SINOVILLE 4,,,,,,,,,,,,2023 Titans Second League
272,576,32995,Keagon van Zyl,3812056,SINOVILLE 3,,SINOVILLE 3,3302,0,0,0,0,0,0,2023 Titans Second League
,576,32995,SINOVILLE 3,,,,,,,,,,,,2023 Titans Second League
273,576,32995,Erick Knoesen,3912420,IRENE VILLAGERS 4,,IRENE VILLAGERS 4,3307,0,0,0,0,0,0,2023 Titans Second League
,576,32995,IRENE VILLAGERS 4,,,,,,,,,,,,2023 Titans Second League
274,576,32995,Jason Skinner,3912803,CBCOB 3,,CBCOB 3,3298,0,0,0,0,0,0,2023 Titans Second League
,576,32995,CBCOB 3,,,,,,,,,,,,2023 Titans Second League
275,576,32995,Daylan Scheepers,3927336,TUT 3,,TUT 3,3305,0,0,0,0,0,0,2023 Titans Second League
,576,32995,TUT 3,,,,,,,,,,,,2023 Titans Second League
276,576,32995,Ruan Schoeman,3927338,IRENE VILLAGERS 4,,IRENE VILLAGERS 4,3307,0,0,0,0,0,0,2023 Titans Second League
,576,32995,IRENE VILLAGERS 4,,,,,,,,,,,,2023 Titans Second League
277,576,32995,Kian Hoeuner,3928431,CBCOB 3,,CBCOB 3,3298,0,0,0,0,0,0,2023 Titans Second League
,576,32995,CBCOB 3,,,,,,,,,,,,2023 Titans Second League
278,576,32995,HJ Roux,3928432,CBCOB 3,,CBCOB 3,3298,0,0,0,0,0,0,2023 Titans Second League
,576,32995,CBCOB 3,,,,,,,,,,,,2023 Titans Second League
279,576,32995,Bernard Wentzel,3928433,CBCOB 3,,CBCOB 3,3298,0,0,0,0,0,0,2023 Titans Second League
,576,32995,CBCOB 3,,,,,,,,,,,,2023 Titans Second League
280,576,32995,Hanco Hertzog,3928457,SINOVILLE 3,,SINOVILLE 3,3302,0,0,0,0,0,0,2023 Titans Second League
,576,32995,SINOVILLE 3,,,,,,,,,,,,2023 Titans Second League
281,576,32995,Christo Borman,3928458,SINOVILLE 3,,SINOVILLE 3,3302,0,0,0,0,0,0,2023 Titans Second League
,576,32995,SINOVILLE 3,,,,,,,,,,,,2023 Titans Second League
282,576,32995,Duane Kruger,3928459,SINOVILLE 3,,SINOVILLE 3,3302,0,0,0,0,0,0,2023 Titans Second League
,576,32995,SINOVILLE 3,,,,,,,,,,,,2023 Titans Second League
283,576,32995,Dillan Chatham,3928461,CBCOB 3,,CBCOB 3,3298,0,0,0,0,0,0,2023 Titans Second League
,576,32995,CBCOB 3,,,,,,,,,,,,2023 Titans Second League
284,576,32995,Ruan Ebersohn,4024777,IRENE VILLAGERS 3,,IRENE VILLAGERS 3,3299,0,0,0,0,0,0,2023 Titans Second League
,576,32995,IRENE VILLAGERS 3,,,,,,,,,,,,2023 Titans Second League
285,576,32995,Matthew Thurbon,4024778,IRENE VILLAGERS 3,,IRENE VILLAGERS 3,3299,0,0,0,0,0,0,2023 Titans Second League
,576,32995,IRENE VILLAGERS 3,,,,,,,,,,,,2023 Titans Second League
286,576,32995,Jaco CBC,4046234,CBCOB 3,,CBCOB 3,3298,0,0,0,0,0,0,2023 Titans Second League
,576,32995,CBCOB 3,,,,,,,,,,,,2023 Titans Second League
287,576,32995,Alec CBC,4046235,CBCOB 3,,CBCOB 3,3298,0,0,0,0,0,0,2023 Titans Second League
,576,32995,CBCOB 3,,,,,,,,,,,,2023 Titans Second League
288,576,32995,Ruben Rossouw,4046236,CBCOB 3,,CBCOB 3,3298,0,0,0,0,0,0,2023 Titans Second League
,576,32995,CBCOB 3,,,,,,,,,,,,2023 Titans Second League
289,576,32995,Reghard Lehman,4046237,CBCOB 3,,CBCOB 3,3298,0,0,0,0,0,0,2023 Titans Second League
,576,32995,CBCOB 3,,,,,,,,,,,,2023 Titans Second League
290,576,32995,Marko Liebenberg,4046344,CBCOB 3,,CBCOB 3,3298,0,0,0,0,0,0,2023 Titans Second League
,576,32995,CBCOB 3,,,,,,,,,,,,2023 Titans Second League
291,576,32995,Piet Botha,4063611,SINOVILLE 3,,SINOVILLE 3,3302,0,0,0,0,0,0,2023 Titans Second League
,576,32995,SINOVILLE 3,,,,,,,,,,,,2023 Titans Second League
292,576,32995,Ian Dorfling,4063612,SINOVILLE 3,,SINOVILLE 3,3302,0,0,0,0,0,0,2023 Titans Second League
,576,32995,SINOVILLE 3,,,,,,,,,,,,2023 Titans Second League
293,576,32995,Mollie Sinoville,4063613,SINOVILLE 3,,SINOVILLE 3,3302,0,0,0,0,0,0,2023 Titans Second League
,576,32995,SINOVILLE 3,,,,,,,,,,,,2023 Titans Second League
294,576,32995,Pieter Oosthuizen,4063614,SINOVILLE 3,,SINOVILLE 3,3302,0,0,0,0,0,0,2023 Titans Second League
,576,32995,SINOVILLE 3,,,,,,,,,,,,2023 Titans Second League
295,576,32995,Jeandre Van molledorf,4063992,SINOVILLE 3,,SINOVILLE 3,3302,0,0,0,0,0,0,2023 Titans Second League
,576,32995,SINOVILLE 3,,,,,,,,,,,,2023 Titans Second League
296,576,32995,Danie Schoeman,4081323,SINOVILLE 3,,SINOVILLE 3,3302,0,0,0,0,0,0,2023 Titans Second League
,576,32995,SINOVILLE 3,,,,,,,,,,,,2023 Titans Second League
297,576,32995,Gerrie Viljoen,4081456,IRENE VILLAGERS 4,,IRENE VILLAGERS 4,3307,0,0,0,0,0,0,2023 Titans Second League
,576,32995,IRENE VILLAGERS 4,,,,,,,,,,,,2023 Titans Second League
298,576,32995,Nuzi Ndlovu,4081457,PHSOB 3,,PHSOB 3,3300,0,0,0,0,0,0,2023 Titans Second League
,576,32995,PHSOB 3,,,,,,,,,,,,2023 Titans Second League
299,576,32995,Yatin Koul,4081459,PHSOB 3,,PHSOB 3,3300,0,0,0,0,0,0,2023 Titans Second League
,576,32995,PHSOB 3,,,,,,,,,,,,2023 Titans Second League
300,576,32995,Matt Collett,4081460,PHSOB 3,,PHSOB 3,3300,0,0,0,0,0,0,2023 Titans Second League
,576,32995,PHSOB 3,,,,,,,,,,,,2023 Titans Second League
301,576,32995,Walli Vayani,4081461,PHSOB 3,,PHSOB 3,3300,0,0,0,0,0,0,2023 Titans Second League
,576,32995,PHSOB 3,,,,,,,,,,,,2023 Titans Second League
302,576,32995,Jaco Ventet,4100287,IRENE VILLAGERS 3,,IRENE VILLAGERS 3,3299,0,0,0,0,0,0,2023 Titans Second League
,576,32995,IRENE VILLAGERS 3,,,,,,,,,,,,2023 Titans Second League
303,576,32995,Jaco Joubert,4100290,IRENE VILLAGERS 4,,IRENE VILLAGERS 4,3307,0,0,0,0,0,0,2023 Titans Second League
,576,32995,IRENE VILLAGERS 4,,,,,,,,,,,,2023 Titans Second League
304,576,32995,Clayton Brunsdon,4100291,IRENE VILLAGERS 4,,IRENE VILLAGERS 4,3307,0,0,0,0,0,0,2023 Titans Second League
,576,32995,IRENE VILLAGERS 4,,,,,,,,,,,,2023 Titans Second League
305,576,32995,Keegan Thiele,4116049,HARLEQUINS 3,,HARLEQUINS 3,3306,0,0,0,0,0,0,2023 Titans Second League
,576,32995,HARLEQUINS 3,,,,,,,,,,,,2023 Titans Second League
306,576,32995,Adam Richards,4116050,HARLEQUINS 3,,HARLEQUINS 3,3306,0,0,0,0,0,0,2023 Titans Second League
,576,32995,HARLEQUINS 3,,,,,,,,,,,,2023 Titans Second League
307,576,32995,Neyko Stiglingh,4116051,HARLEQUINS 3,,HARLEQUINS 3,3306,0,0,0,0,0,0,2023 Titans Second League
,576,32995,HARLEQUINS 3,,,,,,,,,,,,2023 Titans Second League
308,576,32995,Steyn Niemand,4116052,HARLEQUINS 3,,HARLEQUINS 3,3306,0,0,0,0,0,0,2023 Titans Second League
,576,32995,HARLEQUINS 3,,,,,,,,,,,,2023 Titans Second League
309,576,32995,Peter Harold,4116053,HARLEQUINS 3,,HARLEQUINS 3,3306,0,0,0,0,0,0,2023 Titans Second League
,576,32995,HARLEQUINS 3,,,,,,,,,,,,2023 Titans Second League
310,576,32995,Pieter Pretorius,4116054,HARLEQUINS 3,,HARLEQUINS 3,3306,0,0,0,0,0,0,2023 Titans Second League
,576,32995,HARLEQUINS 3,,,,,,,,,,,,2023 Titans Second League
311,576,32995,Andre Duvenhage,4116055,HARLEQUINS 3,,HARLEQUINS 3,3306,0,0,0,0,0,0,2023 Titans Second League
,576,32995,HARLEQUINS 3,,,,,,,,,,,,2023 Titans Second League
312,576,32995,Ryan Stringer,4116165,PHSOB 3,,PHSOB 3,3300,0,0,0,0,0,0,2023 Titans Second League
,576,32995,PHSOB 3,,,,,,,,,,,,2023 Titans Second League
313,576,32995,Dewan Bohmer,4116166,PHSOB 3,,PHSOB 3,3300,0,0,0,0,0,0,2023 Titans Second League
,576,32995,PHSOB 3,,,,,,,,,,,,2023 Titans Second League
314,576,32995,Cj Jordaan,4116167,PHSOB 3,,PHSOB 3,3300,0,0,0,0,0,0,2023 Titans Second League
,576,32995,PHSOB 3,,,,,,,,,,,,2023 Titans Second League
315,576,32995,Ab Rasool,4116168,IRENE VILLAGERS 3,,IRENE VILLAGERS 3,3299,0,0,0,0,0,0,2023 Titans Second League
,576,32995,IRENE VILLAGERS 3,,,,,,,,,,,,2023 Titans Second League
316,576,32995,Phillip Weyer,4116170,IRENE VILLAGERS 3,,IRENE VILLAGERS 3,3299,0,0,0,0,0,0,2023 Titans Second League
,576,32995,IRENE VILLAGERS 3,,,,,,,,,,,,2023 Titans Second League
317,576,32995,Papi Cbf,4143516,CBCOB 3,,CBCOB 3,3298,0,0,0,0,0,0,2023 Titans Second League
,576,32995,CBCOB 3,,,,,,,,,,,,2023 Titans Second League
318,576,32995,HR Cbc,4143517,CBCOB 3,,CBCOB 3,3298,0,0,0,0,0,0,2023 Titans Second League
,576,32995,CBCOB 3,,,,,,,,,,,,2023 Titans Second League
319,576,32995,Lafras Jenkins,4143518,PHSOB 3,,PHSOB 3,3300,0,0,0,0,0,0,2023 Titans Second League
,576,32995,PHSOB 3,,,,,,,,,,,,2023 Titans Second League
320,576,32995,Manpreet Singh,4143525,IRENE VILLAGERS 3,,IRENE VILLAGERS 3,3299,0,0,0,0,0,0,2023 Titans Second League
,576,32995,IRENE VILLAGERS 3,,,,,,,,,,,,2023 Titans Second League
321,576,32995,Riley Miller,4143527,SINOVILLE 3,,SINOVILLE 3,3302,0,0,0,0,0,0,2023 Titans Second League
,576,32995,SINOVILLE 3,,,,,,,,,,,,2023 Titans Second League
322,576,32995,Tyler Miller,4163789,IRENE VILLAGERS 4,,IRENE VILLAGERS 4,3307,0,0,0,0,0,0,2023 Titans Second League
,576,32995,IRENE VILLAGERS 4,,,,,,,,,,,,2023 Titans Second League
323,576,32995,Nicolas Conradie,4163790,IRENE VILLAGERS 4,,IRENE VILLAGERS 4,3307,0,0,0,0,0,0,2023 Titans Second League
,576,32995,IRENE VILLAGERS 4,,,,,,,,,,,,2023 Titans Second League
324,576,32995,Jock de Jager,4165762,TUKS 5,,TUKS 5,3304,0,0,0,0,0,0,2023 Titans Second League
,576,32995,TUKS 5,,,,,,,,,,,,2023 Titans Second League
325,576,32995,Hanco Hertzog,4165763,SINOVILLE 4,,SINOVILLE 4,3303,0,0,0,0,0,0,2023 Titans Second League
,576,32995,SINOVILLE 4,,,,,,,,,,,,2023 Titans Second League
326,576,32995,Christo Bornman,4165764,SINOVILLE 4,,SINOVILLE 4,3303,0,0,0,0,0,0,2023 Titans Second League
,576,32995,SINOVILLE 4,,,,,,,,,,,,2023 Titans Second League
327,576,32995,Ruan de Beer,4165765,SINOVILLE 4,,SINOVILLE 4,3303,0,0,0,0,0,0,2023 Titans Second League
,576,32995,SINOVILLE 4,,,,,,,,,,,,2023 Titans Second League
328,576,32995,Rust Niemand,4165766,SINOVILLE 4,,SINOVILLE 4,3303,0,0,0,0,0,0,2023 Titans Second League
,576,32995,SINOVILLE 4,,,,,,,,,,,,2023 Titans Second League
329,576,32995,Ricardo Osthuisen,4165959,SINOVILLE 4,,SINOVILLE 4,3303,0,0,0,0,0,0,2023 Titans Second League
,576,32995,SINOVILLE 4,,,,,,,,,,,,2023 Titans Second League
330,576,32995,Thomas Hobson,4185926,PHSOB 3,,PHSOB 3,3300,0,0,0,0,0,0,2023 Titans Second League
,576,32995,PHSOB 3,,,,,,,,,,,,2023 Titans Second League
331,576,32995,Ryan Houbert,4185927,PHSOB 3,,PHSOB 3,3300,0,0,0,0,0,0,2023 Titans Second League
,576,32995,PHSOB 3,,,,,,,,,,,,2023 Titans Second League
332,576,32995,Dylan Engelbtecht,4186401,SINOVILLE 4,,SINOVILLE 4,3303,0,0,0,0,0,0,2023 Titans Second League
,576,32995,SINOVILLE 4,,,,,,,,,,,,2023 Titans Second League
333,576,32995,Pieter Oosthuisen,4186402,SINOVILLE 4,,SINOVILLE 4,3303,0,0,0,0,0,0,2023 Titans Second League
,576,32995,SINOVILLE 4,,,,,,,,,,,,2023 Titans Second League
334,576,32995,Leon Tut3,4186420,TUT 3,,TUT 3,3305,0,0,0,0,0,0,2023 Titans Second League
,576,32995,TUT 3,,,,,,,,,,,,2023 Titans Second League
335,576,32995,Manie De Roubiax,4186422,SINOVILLE 4,,SINOVILLE 4,3303,0,0,0,0,0,0,2023 Titans Second League
,576,32995,SINOVILLE 4,,,,,,,,,,,,2023 Titans Second League
336,576,32995,Schalk Pelzer,4187737,SINOVILLE 4,,SINOVILLE 4,3303,0,0,0,0,0,0,2023 Titans Second League
,576,32995,SINOVILLE 4,,,,,,,,,,,,2023 Titans Second League
337,576,32995,Eugene Joubert,4187738,SINOVILLE 4,,SINOVILLE 4,3303,0,0,0,0,0,0,2023 Titans Second League
,576,32995,SINOVILLE 4,,,,,,,,,,,,2023 Titans Second League
338,576,32995,Jeandre Joubert,4187739,SINOVILLE 4,,SINOVILLE 4,3303,0,0,0,0,0,0,2023 Titans Second League
,576,32995,SINOVILLE 4,,,,,,,,,,,,2023 Titans Second League
339,576,32995,Jayden Blom,4187740,SINOVILLE 4,,SINOVILLE 4,3303,0,0,0,0,0,0,2023 Titans Second League
,576,32995,SINOVILLE 4,,,,,,,,,,,,2023 Titans Second League
340,576,32995,Ricus Moller,4187741,SINOVILLE 4,,SINOVILLE 4,3303,0,0,0,0,0,0,2023 Titans Second League
,576,32995,SINOVILLE 4,,,,,,,,,,,,2023 Titans Second League
341,576,32995,Lehan Kirchner,4187742,PHSOB 3,,PHSOB 3,3300,0,0,0,0,0,0,2023 Titans Second League
,576,32995,PHSOB 3,,,,,,,,,,,,2023 Titans Second League
342,576,32995,Dylan Kruger,4187743,PHSOB 3,,PHSOB 3,3300,0,0,0,0,0,0,2023 Titans Second League
,576,32995,PHSOB 3,,,,,,,,,,,,2023 Titans Second League
343,576,32995,Marinus Langerman,4196331,HARLEQUINS 3,,HARLEQUINS 3,3306,0,0,0,0,0,0,2023 Titans Second League
,576,32995,HARLEQUINS 3,,,,,,,,,,,,2023 Titans Second League
344,576,32995,Rowan Sweetman,4196332,HARLEQUINS 3,,HARLEQUINS 3,3306,0,0,0,0,0,0,2023 Titans Second League
,576,32995,HARLEQUINS 3,,,,,,,,,,,,2023 Titans Second League
345,576,32995,Theo Van Rooyen,4196333,HARLEQUINS 3,,HARLEQUINS 3,3306,0,0,0,0,0,0,2023 Titans Second League
,576,32995,HARLEQUINS 3,,,,,,,,,,,,2023 Titans Second League
346,576,32995,Ewan Erasmus,4196335,HARLEQUINS 3,,HARLEQUINS 3,3306,0,0,0,0,0,0,2023 Titans Second League
,576,32995,HARLEQUINS 3,,,,,,,,,,,,2023 Titans Second League
347,576,32995,Piet Botha,4198490,SINOVILLE 4,,SINOVILLE 4,3303,0,0,0,0,0,0,2023 Titans Second League
,576,32995,SINOVILLE 4,,,,,,,,,,,,2023 Titans Second League
348,576,32995,Riaan Coetzer,4198491,SINOVILLE 4,,SINOVILLE 4,3303,0,0,0,0,0,0,2023 Titans Second League
,576,32995,SINOVILLE 4,,,,,,,,,,,,2023 Titans Second League
349,576,32995,Mohammed Korowlay,4198493,HARLEQUINS 3,,HARLEQUINS 3,3306,0,0,0,0,0,0,2023 Titans Second League
,576,32995,HARLEQUINS 3,,,,,,,,,,,,2023 Titans Second League
350,576,32995,Sarel Marias,4198494,HARLEQUINS 3,,HARLEQUINS 3,3306,0,0,0,0,0,0,2023 Titans Second League
,576,32995,HARLEQUINS 3,,,,,,,,,,,,2023 Titans Second League
351,576,32995,Gary Joshua,4198495,HARLEQUINS 3,,HARLEQUINS 3,3306,0,0,0,0,0,0,2023 Titans Second League
,576,32995,HARLEQUINS 3,,,,,,,,,,,,2023 Titans Second League
1,18,32995,Christian Strydom,2936847,TUKS 5,,TUKS 5,1860,8,0,2,0,0,10,Titans Second League
,18,32995,TUKS 5,,,,,,,,,,,,Titans Second League
2,18,32995,Willem Sevenster,2049746,CBCOB 3,,CBCOB 3,1196,0,7,0,1,0,8,Titans Second League
,18,32995,CBCOB 3,,,,,,,,,,,,Titans Second League
3,18,32995,Martin Van Tonder,2840539,TUKS 5,,TUKS 5,1860,7,0,1,0,0,8,Titans Second League
,18,32995,TUKS 5,,,,,,,,,,,,Titans Second League
4,18,32995,Justin Fourie,2987524,PHSOB 3,,PHSOB 3,1193,7,0,0,0,0,7,Titans Second League
,18,32995,PHSOB 3,,,,,,,,,,,,Titans Second League
5,18,32995,Uzair Vayani,3018178,PHSOB 3,,PHSOB 3,1193,5,2,0,0,0,7,Titans Second League
,18,32995,PHSOB 3,,,,,,,,,,,,Titans Second League
6,18,32995,Chad Fortman,2936899,PHSOB 3,,PHSOB 3,1193,6,0,0,0,0,6,Titans Second League
,18,32995,PHSOB 3,,,,,,,,,,,,Titans Second League
7,18,32995,Dawie Kruger,2985805,IRENE VILLAGERS 3,,IRENE VILLAGERS 3,1195,4,1,0,0,0,5,Titans Second League
,18,32995,IRENE VILLAGERS 3,,,,,,,,,,,,Titans Second League
8,18,32995,Riaan von Bentheim,3018175,TUKS 5,,TUKS 5,1860,1,4,0,0,0,5,Titans Second League
,18,32995,TUKS 5,,,,,,,,,,,,Titans Second League
9,18,32995,Aerton Helena,2936841,TUKS 5,,TUKS 5,1860,4,0,0,0,0,4,Titans Second League
,18,32995,TUKS 5,,,,,,,,,,,,Titans Second League
10,18,32995,Victor Van Niekerk,2985801,IRENE VILLAGERS 3,,IRENE VILLAGERS 3,1195,2,2,0,0,0,4,Titans Second League
,18,32995,IRENE VILLAGERS 3,,,,,,,,,,,,Titans Second League
11,18,32995,Gunter Geyer,2985804,IRENE VILLAGERS 3,,IRENE VILLAGERS 3,1195,4,0,0,0,0,4,Titans Second League
,18,32995,IRENE VILLAGERS 3,,,,,,,,,,,,Titans Second League
12,18,32995,Noele Saffar,2986862,IRENE VILLAGERS 3,,IRENE VILLAGERS 3,1195,4,0,0,0,0,4,Titans Second League
,18,32995,IRENE VILLAGERS 3,,,,,,,,,,,,Titans Second League
13,18,32995,Louis van Zyl,3003071,CBCOB 3,,CBCOB 3,1196,4,0,0,0,0,4,Titans Second League
,18,32995,CBCOB 3,,,,,,,,,,,,Titans Second League
14,18,32995,Chris Koekemoer,3069547,CBCOB 3,,CBCOB 3,1196,4,0,0,0,0,4,Titans Second League
,18,32995,CBCOB 3,,,,,,,,,,,,Titans Second League
15,18,32995,Devon Almeida,3242449,CBCOB 3,,CBCOB 3,1196,1,3,0,0,0,4,Titans Second League
,18,32995,CBCOB 3,,,,,,,,,,,,Titans Second League
16,18,32995,Tiaan Engelbrecht,2936837,TUKS 5,,TUKS 5,1860,3,0,1,0,0,4,Titans Second League
,18,32995,TUKS 5,,,,,,,,,,,,Titans Second League
17,18,32995,Niel Coetzee,3018224,TUT 3,,TUT 3,1197,1,1,0,0,2,4,Titans Second League
,18,32995,TUT 3,,,,,,,,,,,,Titans Second League
18,18,32995,Gerhard De Bruin,2936835,TUKS 5,,TUKS 5,1860,3,0,0,0,0,3,Titans Second League
,18,32995,TUKS 5,,,,,,,,,,,,Titans Second League
19,18,32995,Matimu Mayayise,2936840,TUKS 5,,TUKS 5,1860,3,0,0,0,0,3,Titans Second League
,18,32995,TUKS 5,,,,,,,,,,,,Titans Second League
20,18,32995,Riccardo Oosthuizen,2936842,TUKS 5,,TUKS 5,1860,3,0,0,0,0,3,Titans Second League
,18,32995,TUKS 5,,,,,,,,,,,,Titans Second League
21,18,32995,Justin Van Bassen,2936896,PHSOB 3,,PHSOB 3,1193,0,3,0,0,0,3,Titans Second League
,18,32995,PHSOB 3,,,,,,,,,,,,Titans Second League
22,18,32995,Christo Swanepoel,2936900,PHSOB 3,,PHSOB 3,1193,3,0,0,0,0,3,Titans Second League
,18,32995,PHSOB 3,,,,,,,,,,,,Titans Second League
23,18,32995,Tyron Denton,2936916,PHSOB 3,,PHSOB 3,1193,3,0,0,0,0,3,Titans Second League
,18,32995,PHSOB 3,,,,,,,,,,,,Titans Second League
24,18,32995,Ryno Joubert,2985794,IRENE VILLAGERS 3,,IRENE VILLAGERS 3,1195,0,3,0,0,0,3,Titans Second League
,18,32995,IRENE VILLAGERS 3,,,,,,,,,,,,Titans Second League
25,18,32995,Donovan Steinberg,2985796,IRENE VILLAGERS 3,,IRENE VILLAGERS 3,1195,3,0,0,0,0,3,Titans Second League
,18,32995,IRENE VILLAGERS 3,,,,,,,,,,,,Titans Second League
26,18,32995,Jean Coetser,3018231,TUT 3,,TUT 3,1197,3,0,0,0,0,3,Titans Second League
,18,32995,TUT 3,,,,,,,,,,,,Titans Second League
27,18,32995,Jacques Erasmus,3056082,SINOVILLE 4,,SINOVILLE 4,1200,3,0,0,0,0,3,Titans Second League
,18,32995,SINOVILLE 4,,,,,,,,,,,,Titans Second League
28,18,32995,Charl Foxcroft,2097177,TUT 3,,TUT 3,1197,2,0,1,0,0,3,Titans Second League
,18,32995,TUT 3,,,,,,,,,,,,Titans Second League
29,18,32995,Stephan Van Der Berg,2987583,CBCOB 3,,CBCOB 3,1196,0,2,0,1,0,3,Titans Second League
,18,32995,CBCOB 3,,,,,,,,,,,,Titans Second League
30,18,32995,Shaun Muirhead,2889022,CBCOB 3,,CBCOB 3,1196,2,0,0,0,0,2,Titans Second League
,18,32995,CBCOB 3,,,,,,,,,,,,Titans Second League
31,18,32995,Hancko Vosser,2936836,TUKS 5,,TUKS 5,1860,0,2,0,0,0,2,Titans Second League
,18,32995,TUKS 5,,,,,,,,,,,,Titans Second League
32,18,32995,Jan Jones,2936838,TUKS 5,,TUKS 5,1860,2,0,0,0,0,2,Titans Second League
,18,32995,TUKS 5,,,,,,,,,,,,Titans Second League
33,18,32995,Frits Snyman,2936846,TUKS 5,,TUKS 5,1860,2,0,0,0,0,2,Titans Second League
,18,32995,TUKS 5,,,,,,,,,,,,Titans Second League
34,18,32995,Eben Botha,2936848,TUKS 5,,TUKS 5,1860,2,0,0,0,0,2,Titans Second League
,18,32995,TUKS 5,,,,,,,,,,,,Titans Second League
35,18,32995,Emil Rolfes,2936903,PHSOB 3,,PHSOB 3,1193,2,0,0,0,0,2,Titans Second League
,18,32995,PHSOB 3,,,,,,,,,,,,Titans Second League
36,18,32995,Ryan Rossouw,2936911,PHSOB 3,,PHSOB 3,1193,0,2,0,0,0,2,Titans Second League
,18,32995,PHSOB 3,,,,,,,,,,,,Titans Second League
37,18,32995,Adriaan Ferreira,2936919,PHSOB 3,,PHSOB 3,1193,2,0,0,0,0,2,Titans Second League
,18,32995,PHSOB 3,,,,,,,,,,,,Titans Second League
38,18,32995,Andre Meintjes IV,2985799,IRENE VILLAGERS 3,,IRENE VILLAGERS 3,1195,2,0,0,0,0,2,Titans Second League
,18,32995,IRENE VILLAGERS 3,,,,,,,,,,,,Titans Second League
39,18,32995,Johan Pansegrouw,2985803,IRENE VILLAGERS 3,,IRENE VILLAGERS 3,1195,2,0,0,0,0,2,Titans Second League
,18,32995,IRENE VILLAGERS 3,,,,,,,,,,,,Titans Second League
40,18,32995,Juan Van den berg,2987480,SINOVILLE 4,,SINOVILLE 4,1200,2,0,0,0,0,2,Titans Second League
,18,32995,SINOVILLE 4,,,,,,,,,,,,Titans Second League
41,18,32995,Kofi Essel-mensah,2987529,TUKS 6,,TUKS 6,1861,2,0,0,0,0,2,Titans Second League
,18,32995,TUKS 6,,,,,,,,,,,,Titans Second League
42,18,32995,Jacques Nel,2987580,CBCOB 3,,CBCOB 3,1196,2,0,0,0,0,2,Titans Second League
,18,32995,CBCOB 3,,,,,,,,,,,,Titans Second League
43,18,32995,Craig Swanepoel,3018225,TUT 3,,TUT 3,1197,2,0,0,0,0,2,Titans Second League
,18,32995,TUT 3,,,,,,,,,,,,Titans Second League
44,18,32995,Barend Huyzer,3018233,TUT 3,,TUT 3,1197,1,1,0,0,0,2,Titans Second League
,18,32995,TUT 3,,,,,,,,,,,,Titans Second League
45,18,32995,Wayne Scott,3056109,CBCOB 3,,CBCOB 3,1196,2,0,0,0,0,2,Titans Second League
,18,32995,CBCOB 3,,,,,,,,,,,,Titans Second League
46,18,32995,Paul Gouws,3056110,CBCOB 3,,CBCOB 3,1196,2,0,0,0,0,2,Titans Second League
,18,32995,CBCOB 3,,,,,,,,,,,,Titans Second League
47,18,32995,Louniel Prins,3056137,SINOVILLE 4,,SINOVILLE 4,1200,0,2,0,0,0,2,Titans Second League
,18,32995,SINOVILLE 4,,,,,,,,,,,,Titans Second League
48,18,32995,Duan St Arnaud,3145215,PHSOB 3,,PHSOB 3,1193,2,0,0,0,0,2,Titans Second League
,18,32995,PHSOB 3,,,,,,,,,,,,Titans Second League
49,18,32995,Berno Klopper,3180553,SINOVILLE 3,,SINOVILLE 3,1194,2,0,0,0,0,2,Titans Second League
,18,32995,SINOVILLE 3,,,,,,,,,,,,Titans Second League
50,18,32995,Berno Klopper,3180553,SINOVILLE 4,,SINOVILLE 4,1200,2,0,0,0,0,2,Titans Second League
,18,32995,SINOVILLE 4,,,,,,,,,,,,Titans Second League
51,18,32995,Jean Caudron,3180555,SINOVILLE 4,,SINOVILLE 4,1200,2,0,0,0,0,2,Titans Second League
,18,32995,SINOVILLE 4,,,,,,,,,,,,Titans Second League
52,18,32995,JJ Du Toit,3226765,SINOVILLE 4,,SINOVILLE 4,1200,2,0,0,0,0,2,Titans Second League
,18,32995,SINOVILLE 4,,,,,,,,,,,,Titans Second League
53,18,32995,Xander Venter,3229695,SINOVILLE 3,,SINOVILLE 3,1194,2,0,0,0,0,2,Titans Second League
,18,32995,SINOVILLE 3,,,,,,,,,,,,Titans Second League
54,18,32995,Playa2 Cbc,3255331,CBCOB 3,,CBCOB 3,1196,2,0,0,0,0,2,Titans Second League
,18,32995,CBCOB 3,,,,,,,,,,,,Titans Second League
55,18,32995,Adriaan Venter,3673677,CBCOB 3,,CBCOB 3,1196,2,0,0,0,0,2,Titans Second League
,18,32995,CBCOB 3,,,,,,,,,,,,Titans Second League
56,18,32995,Tiaan Lotter,2934784,SINOVILLE 4,,SINOVILLE 4,1200,1,0,0,1,0,2,Titans Second League
,18,32995,SINOVILLE 4,,,,,,,,,,,,Titans Second League
57,18,32995,Marius Bornman,2936833,TUKS 5,,TUKS 5,1860,1,0,1,0,0,2,Titans Second League
,18,32995,TUKS 5,,,,,,,,,,,,Titans Second League
58,18,32995,Nico Kruger,2936834,TUKS 5,,TUKS 5,1860,1,0,1,0,0,2,Titans Second League
,18,32995,TUKS 5,,,,,,,,,,,,Titans Second League
59,18,32995,Steven Meyburgh,2937220,PHSOB 3,,PHSOB 3,1193,1,0,1,0,0,2,Titans Second League
,18,32995,PHSOB 3,,,,,,,,,,,,Titans Second League
60,18,32995,Reynier Swart,2985798,IRENE VILLAGERS 3,,IRENE VILLAGERS 3,1195,1,0,0,0,1,2,Titans Second League
,18,32995,IRENE VILLAGERS 3,,,,,,,,,,,,Titans Second League
61,18,32995,Bradley Wright,2985802,IRENE VILLAGERS 3,,IRENE VILLAGERS 3,1195,0,1,0,0,1,2,Titans Second League
,18,32995,IRENE VILLAGERS 3,,,,,,,,,,,,Titans Second League
62,18,32995,Anton Stassen,3069496,SINOVILLE 4,,SINOVILLE 4,1200,1,0,0,1,0,2,Titans Second League
,18,32995,SINOVILLE 4,,,,,,,,,,,,Titans Second League
63,18,32995,Latir Grey-Johnson,3018351,TUKS 6,,TUKS 6,1861,0,0,0,2,0,2,Titans Second League
,18,32995,TUKS 6,,,,,,,,,,,,Titans Second League
64,18,32995,Abbas Mohammad,1082990,POLICE 3,,POLICE 3,1201,1,0,0,0,0,1,Titans Second League
,18,32995,POLICE 3,,,,,,,,,,,,Titans Second League
65,18,32995,Amin Qasim,1439806,POLICE 3,,POLICE 3,1201,1,0,0,0,0,1,Titans Second League
,18,32995,POLICE 3,,,,,,,,,,,,Titans Second League
66,18,32995,Danish Khan,1636074,POLICE 3,,POLICE 3,1201,1,0,0,0,0,1,Titans Second League
,18,32995,POLICE 3,,,,,,,,,,,,Titans Second League
67,18,32995,Ryan Kruger,2698181,SINOVILLE 4,,SINOVILLE 4,1200,1,0,0,0,0,1,Titans Second League
,18,32995,SINOVILLE 4,,,,,,,,,,,,Titans Second League
68,18,32995,Aidan Lakmeeharan,2934847,TUKS 6,,TUKS 6,1861,1,0,0,0,0,1,Titans Second League
,18,32995,TUKS 6,,,,,,,,,,,,Titans Second League
69,18,32995,Rudi Loibner,2935397,CBCOB 3,,CBCOB 3,1196,1,0,0,0,0,1,Titans Second League
,18,32995,CBCOB 3,,,,,,,,,,,,Titans Second League
70,18,32995,Anton Stassen,2936729,SINOVILLE 3,,SINOVILLE 3,1194,0,1,0,0,0,1,Titans Second League
,18,32995,SINOVILLE 3,,,,,,,,,,,,Titans Second League
71,18,32995,Wiehan Nel,2936753,SINOVILLE 3,,SINOVILLE 3,1194,1,0,0,0,0,1,Titans Second League
,18,32995,SINOVILLE 3,,,,,,,,,,,,Titans Second League
72,18,32995,Jaco de Vos,2936844,TUKS 5,,TUKS 5,1860,1,0,0,0,0,1,Titans Second League
,18,32995,TUKS 5,,,,,,,,,,,,Titans Second League
73,18,32995,Erik Hartman,2936852,TUKS 6,,TUKS 6,1861,1,0,0,0,0,1,Titans Second League
,18,32995,TUKS 6,,,,,,,,,,,,Titans Second League
74,18,32995,Joe Vickery,2936854,TUKS 6,,TUKS 6,1861,0,1,0,0,0,1,Titans Second League
,18,32995,TUKS 6,,,,,,,,,,,,Titans Second League
75,18,32995,Kieran Anderson,2936859,TUKS 6,,TUKS 6,1861,1,0,0,0,0,1,Titans Second League
,18,32995,TUKS 6,,,,,,,,,,,,Titans Second League
76,18,32995,Dylan Howe-Dreyer,2936902,PHSOB 3,,PHSOB 3,1193,1,0,0,0,0,1,Titans Second League
,18,32995,PHSOB 3,,,,,,,,,,,,Titans Second League
77,18,32995,Jos Grove,2936905,PHSOB 3,,PHSOB 3,1193,1,0,0,0,0,1,Titans Second League
,18,32995,PHSOB 3,,,,,,,,,,,,Titans Second League
78,18,32995,Michael Boltman,2936907,PHSOB 3,,PHSOB 3,1193,1,0,0,0,0,1,Titans Second League
,18,32995,PHSOB 3,,,,,,,,,,,,Titans Second League
79,18,32995,Pieter Pretorius,2936910,PHSOB 3,,PHSOB 3,1193,1,0,0,0,0,1,Titans Second League
,18,32995,PHSOB 3,,,,,,,,,,,,Titans Second League
80,18,32995,Matt Rogerson,2936914,PHSOB 3,,PHSOB 3,1193,1,0,0,0,0,1,Titans Second League
,18,32995,PHSOB 3,,,,,,,,,,,,Titans Second League
81,18,32995,Keaton Steenkamp,2944947,SINOVILLE 3,,SINOVILLE 3,1194,1,0,0,0,0,1,Titans Second League
,18,32995,SINOVILLE 3,,,,,,,,,,,,Titans Second League
82,18,32995,Keaton Steenkamp,2944947,SINOVILLE 4,,SINOVILLE 4,1200,1,0,0,0,0,1,Titans Second League
,18,32995,SINOVILLE 4,,,,,,,,,,,,Titans Second League
83,18,32995,Manie de Beer,2947307,SINOVILLE 4,,SINOVILLE 4,1200,1,0,0,0,0,1,Titans Second League
,18,32995,SINOVILLE 4,,,,,,,,,,,,Titans Second League
84,18,32995,Muhammad Qasim Muhammad,2973875,POLICE 3,,POLICE 3,1201,0,1,0,0,0,1,Titans Second League
,18,32995,POLICE 3,,,,,,,,,,,,Titans Second League
85,18,32995,Jacques Joubert,2985795,IRENE VILLAGERS 3,,IRENE VILLAGERS 3,1195,1,0,0,0,0,1,Titans Second League
,18,32995,IRENE VILLAGERS 3,,,,,,,,,,,,Titans Second League
86,18,32995,Zander Jordaan,2987471,SINOVILLE 4,,SINOVILLE 4,1200,1,0,0,0,0,1,Titans Second League
,18,32995,SINOVILLE 4,,,,,,,,,,,,Titans Second League
87,18,32995,Wian Nel,2987474,SINOVILLE 4,,SINOVILLE 4,1200,1,0,0,0,0,1,Titans Second League
,18,32995,SINOVILLE 4,,,,,,,,,,,,Titans Second League
88,18,32995,Juan Van den berg,2987480,SINOVILLE 3,,SINOVILLE 3,1194,1,0,0,0,0,1,Titans Second League
,18,32995,SINOVILLE 3,,,,,,,,,,,,Titans Second League
89,18,32995,Conrath Meiring,2987575,CBCOB 3,,CBCOB 3,1196,1,0,0,0,0,1,Titans Second League
,18,32995,CBCOB 3,,,,,,,,,,,,Titans Second League
90,18,32995,Karel Verhoef,2987576,CBCOB 3,,CBCOB 3,1196,1,0,0,0,0,1,Titans Second League
,18,32995,CBCOB 3,,,,,,,,,,,,Titans Second League
91,18,32995,MJ Gouws,2990919,SINOVILLE 3,,SINOVILLE 3,1194,1,0,0,0,0,1,Titans Second League
,18,32995,SINOVILLE 3,,,,,,,,,,,,Titans Second League
92,18,32995,Samashan Naidoo,2990928,TUKS 5,,TUKS 5,1860,1,0,0,0,0,1,Titans Second League
,18,32995,TUKS 5,,,,,,,,,,,,Titans Second League
93,18,32995,Lourens Pieterse,3003046,IRENE VILLAGERS 3,,IRENE VILLAGERS 3,1195,0,1,0,0,0,1,Titans Second League
,18,32995,IRENE VILLAGERS 3,,,,,,,,,,,,Titans Second League
94,18,32995,Bradley Joynt,3015414,IRENE VILLAGERS 3,,IRENE VILLAGERS 3,1195,1,0,0,0,0,1,Titans Second League
,18,32995,IRENE VILLAGERS 3,,,,,,,,,,,,Titans Second League
95,18,32995,Felix le Roux,3018176,PHSOB 3,,PHSOB 3,1193,1,0,0,0,0,1,Titans Second League
,18,32995,PHSOB 3,,,,,,,,,,,,Titans Second League
96,18,32995,Jeandre Roux,3018228,TUT 3,,TUT 3,1197,1,0,0,0,0,1,Titans Second League
,18,32995,TUT 3,,,,,,,,,,,,Titans Second League
97,18,32995,Stefan Grobler,3018230,TUT 3,,TUT 3,1197,1,0,0,0,0,1,Titans Second League
,18,32995,TUT 3,,,,,,,,,,,,Titans Second League
98,18,32995,Dewald Basson,3018234,TUT 3,,TUT 3,1197,0,1,0,0,0,1,Titans Second League
,18,32995,TUT 3,,,,,,,,,,,,Titans Second League
99,18,32995,Bruce Crossey,3018342,CBCOB 3,,CBCOB 3,1196,1,0,0,0,0,1,Titans Second League
,18,32995,CBCOB 3,,,,,,,,,,,,Titans Second League
100,18,32995,Caleb Eckard,3018344,CBCOB 3,,CBCOB 3,1196,1,0,0,0,0,1,Titans Second League
,18,32995,CBCOB 3,,,,,,,,,,,,Titans Second League
101,18,32995,Deon Van Huyssteen,3018345,CBCOB 3,,CBCOB 3,1196,1,0,0,0,0,1,Titans Second League
,18,32995,CBCOB 3,,,,,,,,,,,,Titans Second League
102,18,32995,André Botes,3018347,CBCOB 3,,CBCOB 3,1196,1,0,0,0,0,1,Titans Second League
,18,32995,CBCOB 3,,,,,,,,,,,,Titans Second League
103,18,32995,Bonolo Khuzwayo,3018350,TUKS 6,,TUKS 6,1861,1,0,0,0,0,1,Titans Second League
,18,32995,TUKS 6,,,,,,,,,,,,Titans Second League
104,18,32995,JP Roets,3031810,SINOVILLE 3,,SINOVILLE 3,1194,1,0,0,0,0,1,Titans Second League
,18,32995,SINOVILLE 3,,,,,,,,,,,,Titans Second League
105,18,32995,Johan Feuth,3056115,CBCOB 3,,CBCOB 3,1196,1,0,0,0,0,1,Titans Second League
,18,32995,CBCOB 3,,,,,,,,,,,,Titans Second League
106,18,32995,Ettienne Du Toit,3056134,SINOVILLE 4,,SINOVILLE 4,1200,1,0,0,0,0,1,Titans Second League
,18,32995,SINOVILLE 4,,,,,,,,,,,,Titans Second League
107,18,32995,Stanley Fabri,3056139,SINOVILLE 4,,SINOVILLE 4,1200,1,0,0,0,0,1,Titans Second League
,18,32995,SINOVILLE 4,,,,,,,,,,,,Titans Second League
108,18,32995,Zandre Nel,3056622,SINOVILLE 4,,SINOVILLE 4,1200,1,0,0,0,0,1,Titans Second League
,18,32995,SINOVILLE 4,,,,,,,,,,,,Titans Second League
109,18,32995,Brendan Freiser,3069550,CBCOB 3,,CBCOB 3,1196,1,0,0,0,0,1,Titans Second League
,18,32995,CBCOB 3,,,,,,,,,,,,Titans Second League
110,18,32995,Micheal van der Westhuizen,3069551,CBCOB 3,,CBCOB 3,1196,1,0,0,0,0,1,Titans Second League
,18,32995,CBCOB 3,,,,,,,,,,,,Titans Second League
111,18,32995,James Nelson,3145210,CBCOB 3,,CBCOB 3,1196,1,0,0,0,0,1,Titans Second League
,18,32995,CBCOB 3,,,,,,,,,,,,Titans Second League
112,18,32995,Pieter Smit,3145212,CBCOB 3,,CBCOB 3,1196,1,0,0,0,0,1,Titans Second League
,18,32995,CBCOB 3,,,,,,,,,,,,Titans Second League
113,18,32995,Khumo Tlhoaela,3145213,CBCOB 3,,CBCOB 3,1196,1,0,0,0,0,1,Titans Second League
,18,32995,CBCOB 3,,,,,,,,,,,,Titans Second League
114,18,32995,Mike Brink,3145217,PHSOB 3,,PHSOB 3,1193,1,0,0,0,0,1,Titans Second League
,18,32995,PHSOB 3,,,,,,,,,,,,Titans Second League
115,18,32995,Mark Bekker,3146406,TUT 3,,TUT 3,1197,1,0,0,0,0,1,Titans Second League
,18,32995,TUT 3,,,,,,,,,,,,Titans Second League
116,18,32995,Luca Tuks 6,3163550,TUKS 6,,TUKS 6,1861,1,0,0,0,0,1,Titans Second League
,18,32995,TUKS 6,,,,,,,,,,,,Titans Second League
117,18,32995,Aubery Smit,3180561,PHSOB 3,,PHSOB 3,1193,1,0,0,0,0,1,Titans Second League
,18,32995,PHSOB 3,,,,,,,,,,,,Titans Second League
118,18,32995,Mosleh Uddin,3226767,SINOVILLE 4,,SINOVILLE 4,1200,1,0,0,0,0,1,Titans Second League
,18,32995,SINOVILLE 4,,,,,,,,,,,,Titans Second League
119,18,32995,George Chibweza,3229703,CBCOB 3,,CBCOB 3,1196,1,0,0,0,0,1,Titans Second League
,18,32995,CBCOB 3,,,,,,,,,,,,Titans Second League
120,18,32995,Hossin Rony,3242450,SINOVILLE 4,,SINOVILLE 4,1200,0,1,0,0,0,1,Titans Second League
,18,32995,SINOVILLE 4,,,,,,,,,,,,Titans Second League
121,18,32995,Playa3 Cbc,3255332,CBCOB 3,,CBCOB 3,1196,1,0,0,0,0,1,Titans Second League
,18,32995,CBCOB 3,,,,,,,,,,,,Titans Second League
122,18,32995,Playa4 Cbc,3255333,CBCOB 3,,CBCOB 3,1196,0,1,0,0,0,1,Titans Second League
,18,32995,CBCOB 3,,,,,,,,,,,,Titans Second League
123,18,32995,Eugene Joubert,3257327,SINOVILLE 3,,SINOVILLE 3,1194,1,0,0,0,0,1,Titans Second League
,18,32995,SINOVILLE 3,,,,,,,,,,,,Titans Second League
124,18,32995,Andre Van wyk,3266939,TUKS 5,,TUKS 5,1860,1,0,0,0,0,1,Titans Second League
,18,32995,TUKS 5,,,,,,,,,,,,Titans Second League
125,18,32995,Jorich Van Schalkwyk,3267057,SINOVILLE 4,,SINOVILLE 4,1200,1,0,0,0,0,1,Titans Second League
,18,32995,SINOVILLE 4,,,,,,,,,,,,Titans Second League
126,18,32995,Nicky van Mollendorf,3277375,TUT 3,,TUT 3,1197,1,0,0,0,0,1,Titans Second League
,18,32995,TUT 3,,,,,,,,,,,,Titans Second League
127,18,32995,Jorich van Schalkwyk,3277435,SINOVILLE 3,,SINOVILLE 3,1194,1,0,0,0,0,1,Titans Second League
,18,32995,SINOVILLE 3,,,,,,,,,,,,Titans Second League
128,18,32995,Sean Povey,3277438,SINOVILLE 3,,SINOVILLE 3,1194,1,0,0,0,0,1,Titans Second League
,18,32995,SINOVILLE 3,,,,,,,,,,,,Titans Second League
129,18,32995,Stephen van den Berg,2936843,TUKS 5,,TUKS 5,1860,0,0,0,0,1,1,Titans Second League
,18,32995,TUKS 5,,,,,,,,,,,,Titans Second League
130,18,32995,Hugo Pretorius,2936915,PHSOB 3,,PHSOB 3,1193,0,0,1,0,0,1,Titans Second League
,18,32995,PHSOB 3,,,,,,,,,,,,Titans Second League
131,18,32995,Muhammad Adil Khan,2973879,POLICE 3,,POLICE 3,1201,0,0,1,0,0,1,Titans Second League
,18,32995,POLICE 3,,,,,,,,,,,,Titans Second League
132,18,32995,Humayon Baig Mirza,2973881,POLICE 3,,POLICE 3,1201,0,0,0,0,1,1,Titans Second League
,18,32995,POLICE 3,,,,,,,,,,,,Titans Second League
133,18,32995,JP Goosen,2987481,SINOVILLE 4,,SINOVILLE 4,1200,0,0,0,0,1,1,Titans Second League
,18,32995,SINOVILLE 4,,,,,,,,,,,,Titans Second League
134,18,32995,Dylan Alberts,3018227,TUT 3,,TUT 3,1197,0,0,0,0,1,1,Titans Second League
,18,32995,TUT 3,,,,,,,,,,,,Titans Second League
135,18,32995,Sana ullah Ula,3032044,POLICE 3,,POLICE 3,1201,0,0,1,0,0,1,Titans Second League
,18,32995,POLICE 3,,,,,,,,,,,,Titans Second League
136,18,32995,Pippie Kemm,3033949,PHSOB 3,,PHSOB 3,1193,0,0,1,0,0,1,Titans Second League
,18,32995,PHSOB 3,,,,,,,,,,,,Titans Second League
137,18,32995,Riaan Davel,3163488,SINOVILLE 4,,SINOVILLE 4,1200,0,0,0,0,1,1,Titans Second League
,18,32995,SINOVILLE 4,,,,,,,,,,,,Titans Second League
138,18,32995,Gian Tuks 6,3163548,TUKS 6,,TUKS 6,1861,0,0,1,0,0,1,Titans Second League
,18,32995,TUKS 6,,,,,,,,,,,,Titans Second League
139,18,32995,Wian Munnik,3198244,SINOVILLE 4,,SINOVILLE 4,1200,0,0,1,0,0,1,Titans Second League
,18,32995,SINOVILLE 4,,,,,,,,,,,,Titans Second League
140,18,32995,Playa5 Cbc,3255334,CBCOB 3,,CBCOB 3,1196,0,0,1,0,0,1,Titans Second League
,18,32995,CBCOB 3,,,,,,,,,,,,Titans Second League
141,18,32995,Dian Botha,2934759,SINOVILLE 3,,SINOVILLE 3,1194,0,0,0,0,0,0,Titans Second League
,18,32995,SINOVILLE 3,,,,,,,,,,,,Titans Second League
142,18,32995,Dian Botha,2934759,SINOVILLE 4,,SINOVILLE 4,1200,0,0,0,0,0,0,Titans Second League
,18,32995,SINOVILLE 4,,,,,,,,,,,,Titans Second League
143,18,32995,Dries Van der Lith,2934771,SINOVILLE 3,,SINOVILLE 3,1194,0,0,0,0,0,0,Titans Second League
,18,32995,SINOVILLE 3,,,,,,,,,,,,Titans Second League
144,18,32995,Dries Van der Lith,2934771,SINOVILLE 4,,SINOVILLE 4,1200,0,0,0,0,0,0,Titans Second League
,18,32995,SINOVILLE 4,,,,,,,,,,,,Titans Second League
145,18,32995,Tiaan Lotter,2934784,SINOVILLE 3,,SINOVILLE 3,1194,0,0,0,0,0,0,Titans Second League
,18,32995,SINOVILLE 3,,,,,,,,,,,,Titans Second League
146,18,32995,Jeandre van Molendorff,2936736,SINOVILLE 3,,SINOVILLE 3,1194,0,0,0,0,0,0,Titans Second League
,18,32995,SINOVILLE 3,,,,,,,,,,,,Titans Second League
147,18,32995,Ruan Breytenbach,2936745,SINOVILLE 3,,SINOVILLE 3,1194,0,0,0,0,0,0,Titans Second League
,18,32995,SINOVILLE 3,,,,,,,,,,,,Titans Second League
148,18,32995,Ivan Bekker,2936839,TUKS 5,,TUKS 5,1860,0,0,0,0,0,0,Titans Second League
,18,32995,TUKS 5,,,,,,,,,,,,Titans Second League
149,18,32995,Ivan Venter,2936845,TUKS 5,,TUKS 5,1860,0,0,0,0,0,0,Titans Second League
,18,32995,TUKS 5,,,,,,,,,,,,Titans Second League
150,18,32995,Martin Childs-Hurn,2936849,TUKS 5,,TUKS 5,1860,0,0,0,0,0,0,Titans Second League
,18,32995,TUKS 5,,,,,,,,,,,,Titans Second League
151,18,32995,Andreas De Lange,2936853,TUKS 6,,TUKS 6,1861,0,0,0,0,0,0,Titans Second League
,18,32995,TUKS 6,,,,,,,,,,,,Titans Second League
152,18,32995,Hlomla Henna,2936855,TUKS 6,,TUKS 6,1861,0,0,0,0,0,0,Titans Second League
,18,32995,TUKS 6,,,,,,,,,,,,Titans Second League
153,18,32995,Puseletso Mogofe,2936856,TUKS 6,,TUKS 6,1861,0,0,0,0,0,0,Titans Second League
,18,32995,TUKS 6,,,,,,,,,,,,Titans Second League
154,18,32995,Mawanda Nzimakhwe,2936857,TUKS 6,,TUKS 6,1861,0,0,0,0,0,0,Titans Second League
,18,32995,TUKS 6,,,,,,,,,,,,Titans Second League
155,18,32995,Janko Roets,2936858,TUKS 6,,TUKS 6,1861,0,0,0,0,0,0,Titans Second League
,18,32995,TUKS 6,,,,,,,,,,,,Titans Second League
156,18,32995,Jahnu Parvataneni,2936860,TUKS 6,,TUKS 6,1861,0,0,0,0,0,0,Titans Second League
,18,32995,TUKS 6,,,,,,,,,,,,Titans Second League
157,18,32995,Kutloano Maseko,2936861,TUKS 6,,TUKS 6,1861,0,0,0,0,0,0,Titans Second League
,18,32995,TUKS 6,,,,,,,,,,,,Titans Second League
158,18,32995,Dyllan Tweedy,2936864,TUKS 6,,TUKS 6,1861,0,0,0,0,0,0,Titans Second League
,18,32995,TUKS 6,,,,,,,,,,,,Titans Second League
159,18,32995,Tavish Seebran Ramthol,2936867,TUKS 6,,TUKS 6,1861,0,0,0,0,0,0,Titans Second League
,18,32995,TUKS 6,,,,,,,,,,,,Titans Second League
160,18,32995,Dian Van der Walt,2936868,CBCOB 3,,CBCOB 3,1196,0,0,0,0,0,0,Titans Second League
,18,32995,CBCOB 3,,,,,,,,,,,,Titans Second League
161,18,32995,Dean Dyer,2936901,PHSOB 3,,PHSOB 3,1193,0,0,0,0,0,0,Titans Second League
,18,32995,PHSOB 3,,,,,,,,,,,,Titans Second League
162,18,32995,Kevin Pretorius,2936906,PHSOB 3,,PHSOB 3,1193,0,0,0,0,0,0,Titans Second League
,18,32995,PHSOB 3,,,,,,,,,,,,Titans Second League
163,18,32995,Michael Stoop,2936908,PHSOB 3,,PHSOB 3,1193,0,0,0,0,0,0,Titans Second League
,18,32995,PHSOB 3,,,,,,,,,,,,Titans Second League
164,18,32995,Murray White,2936913,PHSOB 3,,PHSOB 3,1193,0,0,0,0,0,0,Titans Second League
,18,32995,PHSOB 3,,,,,,,,,,,,Titans Second League
165,18,32995,Manie de Beer,2947307,SINOVILLE 3,,SINOVILLE 3,1194,0,0,0,0,0,0,Titans Second League
,18,32995,SINOVILLE 3,,,,,,,,,,,,Titans Second League
166,18,32995,Justin Mostert,2973874,POLICE 3,,POLICE 3,1201,0,0,0,0,0,0,Titans Second League
,18,32995,POLICE 3,,,,,,,,,,,,Titans Second League
167,18,32995,Kashif Ghuman,2973876,POLICE 3,,POLICE 3,1201,0,0,0,0,0,0,Titans Second League
,18,32995,POLICE 3,,,,,,,,,,,,Titans Second League
168,18,32995,Nasir Iqbal,2973877,POLICE 3,,POLICE 3,1201,0,0,0,0,0,0,Titans Second League
,18,32995,POLICE 3,,,,,,,,,,,,Titans Second League
169,18,32995,Waseem Ullah,2973878,POLICE 3,,POLICE 3,1201,0,0,0,0,0,0,Titans Second League
,18,32995,POLICE 3,,,,,,,,,,,,Titans Second League
170,18,32995,Anton Behr,2973880,POLICE 3,,POLICE 3,1201,0,0,0,0,0,0,Titans Second League
,18,32995,POLICE 3,,,,,,,,,,,,Titans Second League
171,18,32995,Hein Smit,2985797,IRENE VILLAGERS 3,,IRENE VILLAGERS 3,1195,0,0,0,0,0,0,Titans Second League
,18,32995,IRENE VILLAGERS 3,,,,,,,,,,,,Titans Second League
172,18,32995,Vernon van de Merwe,2985800,IRENE VILLAGERS 3,,IRENE VILLAGERS 3,1195,0,0,0,0,0,0,Titans Second League
,18,32995,IRENE VILLAGERS 3,,,,,,,,,,,,Titans Second League
173,18,32995,Stefan Strydom,2985833,IRENE VILLAGERS 3,,IRENE VILLAGERS 3,1195,0,0,0,0,0,0,Titans Second League
,18,32995,IRENE VILLAGERS 3,,,,,,,,,,,,Titans Second League
174,18,32995,Heinrich Hamman,2987472,SINOVILLE 4,,SINOVILLE 4,1200,0,0,0,0,0,0,Titans Second League
,18,32995,SINOVILLE 4,,,,,,,,,,,,Titans Second League
175,18,32995,Dylan Van wyk,2987473,SINOVILLE 4,,SINOVILLE 4,1200,0,0,0,0,0,0,Titans Second League
,18,32995,SINOVILLE 4,,,,,,,,,,,,Titans Second League
176,18,32995,Stefan Schutte,2987475,SINOVILLE 4,,SINOVILLE 4,1200,0,0,0,0,0,0,Titans Second League
,18,32995,SINOVILLE 4,,,,,,,,,,,,Titans Second League
177,18,32995,Hendre Du toit,2987477,SINOVILLE 3,,SINOVILLE 3,1194,0,0,0,0,0,0,Titans Second League
,18,32995,SINOVILLE 3,,,,,,,,,,,,Titans Second League
178,18,32995,Hendre Du toit,2987477,SINOVILLE 4,,SINOVILLE 4,1200,0,0,0,0,0,0,Titans Second League
,18,32995,SINOVILLE 4,,,,,,,,,,,,Titans Second League
179,18,32995,Louniel Brits,2987479,SINOVILLE 3,,SINOVILLE 3,1194,0,0,0,0,0,0,Titans Second League
,18,32995,SINOVILLE 3,,,,,,,,,,,,Titans Second League
180,18,32995,Louniel Brits,2987479,SINOVILLE 4,,SINOVILLE 4,1200,0,0,0,0,0,0,Titans Second League
,18,32995,SINOVILLE 4,,,,,,,,,,,,Titans Second League
181,18,32995,Jacques Vosloo,2987525,PHSOB 3,,PHSOB 3,1193,0,0,0,0,0,0,Titans Second League
,18,32995,PHSOB 3,,,,,,,,,,,,Titans Second League
182,18,32995,Tom Dixon,2987526,PHSOB 3,,PHSOB 3,1193,0,0,0,0,0,0,Titans Second League
,18,32995,PHSOB 3,,,,,,,,,,,,Titans Second League
183,18,32995,Varun Cherian,2987527,TUKS 6,,TUKS 6,1861,0,0,0,0,0,0,Titans Second League
,18,32995,TUKS 6,,,,,,,,,,,,Titans Second League
184,18,32995,David Ewen,2987528,TUKS 6,,TUKS 6,1861,0,0,0,0,0,0,Titans Second League
,18,32995,TUKS 6,,,,,,,,,,,,Titans Second League
185,18,32995,Muhammed Moosa,2987530,TUKS 6,,TUKS 6,1861,0,0,0,0,0,0,Titans Second League
,18,32995,TUKS 6,,,,,,,,,,,,Titans Second League
186,18,32995,Tiaan Marais,2987532,TUKS 6,,TUKS 6,1861,0,0,0,0,0,0,Titans Second League
,18,32995,TUKS 6,,,,,,,,,,,,Titans Second League
187,18,32995,Oliver Beauclerk,2987533,TUKS 6,,TUKS 6,1861,0,0,0,0,0,0,Titans Second League
,18,32995,TUKS 6,,,,,,,,,,,,Titans Second League
188,18,32995,Mohammed Arbaz,2987534,TUKS 6,,TUKS 6,1861,0,0,0,0,0,0,Titans Second League
,18,32995,TUKS 6,,,,,,,,,,,,Titans Second League
189,18,32995,Luke Mogagene,2987535,TUKS 6,,TUKS 6,1861,0,0,0,0,0,0,Titans Second League
,18,32995,TUKS 6,,,,,,,,,,,,Titans Second League
190,18,32995,Zian Stoop,2987574,CBCOB 3,,CBCOB 3,1196,0,0,0,0,0,0,Titans Second League
,18,32995,CBCOB 3,,,,,,,,,,,,Titans Second League
191,18,32995,Dylan Kotze,2987579,CBCOB 3,,CBCOB 3,1196,0,0,0,0,0,0,Titans Second League
,18,32995,CBCOB 3,,,,,,,,,,,,Titans Second League
192,18,32995,Jo Veldman,2987581,CBCOB 3,,CBCOB 3,1196,0,0,0,0,0,0,Titans Second League
,18,32995,CBCOB 3,,,,,,,,,,,,Titans Second League
193,18,32995,Matthew Bottham,2987582,CBCOB 3,,CBCOB 3,1196,0,0,0,0,0,0,Titans Second League
,18,32995,CBCOB 3,,,,,,,,,,,,Titans Second League
194,18,32995,Kobus Gouws,2990920,SINOVILLE 3,,SINOVILLE 3,1194,0,0,0,0,0,0,Titans Second League
,18,32995,SINOVILLE 3,,,,,,,,,,,,Titans Second League
195,18,32995,Stephan Lotter,2990921,SINOVILLE 3,,SINOVILLE 3,1194,0,0,0,0,0,0,Titans Second League
,18,32995,SINOVILLE 3,,,,,,,,,,,,Titans Second League
196,18,32995,Wian Munnik,2990925,SINOVILLE 3,,SINOVILLE 3,1194,0,0,0,0,0,0,Titans Second League
,18,32995,SINOVILLE 3,,,,,,,,,,,,Titans Second League
197,18,32995,Royes Auret,3003044,TUKS 5,,TUKS 5,1860,0,0,0,0,0,0,Titans Second League
,18,32995,TUKS 5,,,,,,,,,,,,Titans Second League
198,18,32995,Ethan McMean,3003045,IRENE VILLAGERS 3,,IRENE VILLAGERS 3,1195,0,0,0,0,0,0,Titans Second League
,18,32995,IRENE VILLAGERS 3,,,,,,,,,,,,Titans Second League
199,18,32995,Jason Gillard,3003090,SINOVILLE 3,,SINOVILLE 3,1194,0,0,0,0,0,0,Titans Second League
,18,32995,SINOVILLE 3,,,,,,,,,,,,Titans Second League
200,18,32995,Jason Gillard,3003090,SINOVILLE 4,,SINOVILLE 4,1200,0,0,0,0,0,0,Titans Second League
,18,32995,SINOVILLE 4,,,,,,,,,,,,Titans Second League
201,18,32995,Gerrie Viljoen,3015413,IRENE VILLAGERS 3,,IRENE VILLAGERS 3,1195,0,0,0,0,0,0,Titans Second League
,18,32995,IRENE VILLAGERS 3,,,,,,,,,,,,Titans Second League
202,18,32995,Josh Brady,3018177,PHSOB 3,,PHSOB 3,1193,0,0,0,0,0,0,Titans Second League
,18,32995,PHSOB 3,,,,,,,,,,,,Titans Second League
203,18,32995,Charl Prinsloo,3018226,TUT 3,,TUT 3,1197,0,0,0,0,0,0,Titans Second League
,18,32995,TUT 3,,,,,,,,,,,,Titans Second League
204,18,32995,Jean Bezuidenhout,3018229,TUT 3,,TUT 3,1197,0,0,0,0,0,0,Titans Second League
,18,32995,TUT 3,,,,,,,,,,,,Titans Second League
205,18,32995,David Fourie,3018346,CBCOB 3,,CBCOB 3,1196,0,0,0,0,0,0,Titans Second League
,18,32995,CBCOB 3,,,,,,,,,,,,Titans Second League
206,18,32995,Thoriso Dibatana,3018349,TUKS 6,,TUKS 6,1861,0,0,0,0,0,0,Titans Second League
,18,32995,TUKS 6,,,,,,,,,,,,Titans Second League
207,18,32995,Eddie Ndlovu,3031803,CBCOB 3,,CBCOB 3,1196,0,0,0,0,0,0,Titans Second League
,18,32995,CBCOB 3,,,,,,,,,,,,Titans Second League
208,18,32995,Gregg Gilson,3031804,CBCOB 3,,CBCOB 3,1196,0,0,0,0,0,0,Titans Second League
,18,32995,CBCOB 3,,,,,,,,,,,,Titans Second League
209,18,32995,Zandré Nel,3031806,SINOVILLE 3,,SINOVILLE 3,1194,0,0,0,0,0,0,Titans Second League
,18,32995,SINOVILLE 3,,,,,,,,,,,,Titans Second League
210,18,32995,Francios Botha,3031809,SINOVILLE 3,,SINOVILLE 3,1194,0,0,0,0,0,0,Titans Second League
,18,32995,SINOVILLE 3,,,,,,,,,,,,Titans Second League
211,18,32995,Henco Erasmus,3031812,SINOVILLE 3,,SINOVILLE 3,1194,0,0,0,0,0,0,Titans Second League
,18,32995,SINOVILLE 3,,,,,,,,,,,,Titans Second League
212,18,32995,Maans Roubaix,3031813,SINOVILLE 3,,SINOVILLE 3,1194,0,0,0,0,0,0,Titans Second League
,18,32995,SINOVILLE 3,,,,,,,,,,,,Titans Second League
213,18,32995,Lucky Moshoati,3031823,TUKS 5,,TUKS 5,1860,0,0,0,0,0,0,Titans Second League
,18,32995,TUKS 5,,,,,,,,,,,,Titans Second League
214,18,32995,Stan Skinner,3031824,TUKS 5,,TUKS 5,1860,0,0,0,0,0,0,Titans Second League
,18,32995,TUKS 5,,,,,,,,,,,,Titans Second League
215,18,32995,Erik Van Deventer,3033825,TUT 3,,TUT 3,1197,0,0,0,0,0,0,Titans Second League
,18,32995,TUT 3,,,,,,,,,,,,Titans Second League
216,18,32995,Rihann Van der Merwe,3033826,TUT 3,,TUT 3,1197,0,0,0,0,0,0,Titans Second League
,18,32995,TUT 3,,,,,,,,,,,,Titans Second League
217,18,32995,Zander Vd Mescht,3033948,PHSOB 3,,PHSOB 3,1193,0,0,0,0,0,0,Titans Second League
,18,32995,PHSOB 3,,,,,,,,,,,,Titans Second League
218,18,32995,Evert Grove,3045038,TUKS 5,,TUKS 5,1860,0,0,0,0,0,0,Titans Second League
,18,32995,TUKS 5,,,,,,,,,,,,Titans Second League
219,18,32995,Frikkie Tuks6,3045039,TUKS 6,,TUKS 6,1861,0,0,0,0,0,0,Titans Second League
,18,32995,TUKS 6,,,,,,,,,,,,Titans Second League
220,18,32995,Preston Tuks6,3045040,TUKS 6,,TUKS 6,1861,0,0,0,0,0,0,Titans Second League
,18,32995,TUKS 6,,,,,,,,,,,,Titans Second League
221,18,32995,Jacques Erasmus,3056082,SINOVILLE 3,,SINOVILLE 3,1194,0,0,0,0,0,0,Titans Second League
,18,32995,SINOVILLE 3,,,,,,,,,,,,Titans Second League
222,18,32995,Gerrald Gouws,3056111,CBCOB 3,,CBCOB 3,1196,0,0,0,0,0,0,Titans Second League
,18,32995,CBCOB 3,,,,,,,,,,,,Titans Second League
223,18,32995,Rowan Poole,3056112,CBCOB 3,,CBCOB 3,1196,0,0,0,0,0,0,Titans Second League
,18,32995,CBCOB 3,,,,,,,,,,,,Titans Second League
224,18,32995,Derrick Cremer,3056113,CBCOB 3,,CBCOB 3,1196,0,0,0,0,0,0,Titans Second League
,18,32995,CBCOB 3,,,,,,,,,,,,Titans Second League
225,18,32995,Stephan Stoltz,3056114,CBCOB 3,,CBCOB 3,1196,0,0,0,0,0,0,Titans Second League
,18,32995,CBCOB 3,,,,,,,,,,,,Titans Second League
226,18,32995,Stefan van Staden,3056136,SINOVILLE 4,,SINOVILLE 4,1200,0,0,0,0,0,0,Titans Second League
,18,32995,SINOVILLE 4,,,,,,,,,,,,Titans Second League
227,18,32995,Stanley Fabri,3056139,SINOVILLE 3,,SINOVILLE 3,1194,0,0,0,0,0,0,Titans Second League
,18,32995,SINOVILLE 3,,,,,,,,,,,,Titans Second League
228,18,32995,Nicolai Bester,3056140,SINOVILLE 4,,SINOVILLE 4,1200,0,0,0,0,0,0,Titans Second League
,18,32995,SINOVILLE 4,,,,,,,,,,,,Titans Second League
229,18,32995,Henco Pretorius,3056141,SINOVILLE 4,,SINOVILLE 4,1200,0,0,0,0,0,0,Titans Second League
,18,32995,SINOVILLE 4,,,,,,,,,,,,Titans Second League
230,18,32995,Ruben Munnik,3056142,SINOVILLE 3,,SINOVILLE 3,1194,0,0,0,0,0,0,Titans Second League
,18,32995,SINOVILLE 3,,,,,,,,,,,,Titans Second League
231,18,32995,Ruben Munnik,3056142,SINOVILLE 4,,SINOVILLE 4,1200,0,0,0,0,0,0,Titans Second League
,18,32995,SINOVILLE 4,,,,,,,,,,,,Titans Second League
232,18,32995,Jayden Gordon,3056144,SINOVILLE 4,,SINOVILLE 4,1200,0,0,0,0,0,0,Titans Second League
,18,32995,SINOVILLE 4,,,,,,,,,,,,Titans Second League
233,18,32995,MJ Kruger,3056984,TUKS 5,,TUKS 5,1860,0,0,0,0,0,0,Titans Second League
,18,32995,TUKS 5,,,,,,,,,,,,Titans Second League
234,18,32995,Johan Broekman,3069548,CBCOB 3,,CBCOB 3,1196,0,0,0,0,0,0,Titans Second League
,18,32995,CBCOB 3,,,,,,,,,,,,Titans Second League
235,18,32995,Franco Ferns,3069549,CBCOB 3,,CBCOB 3,1196,0,0,0,0,0,0,Titans Second League
,18,32995,CBCOB 3,,,,,,,,,,,,Titans Second League
236,18,32995,Jonson Cbc,3069787,CBCOB 3,,CBCOB 3,1196,0,0,0,0,0,0,Titans Second League
,18,32995,CBCOB 3,,,,,,,,,,,,Titans Second League
237,18,32995,Marinus Nel,3145211,CBCOB 3,,CBCOB 3,1196,0,0,0,0,0,0,Titans Second League
,18,32995,CBCOB 3,,,,,,,,,,,,Titans Second League
238,18,32995,Eddie Stevens,3145214,PHSOB 3,,PHSOB 3,1193,0,0,0,0,0,0,Titans Second League
,18,32995,PHSOB 3,,,,,,,,,,,,Titans Second League
239,18,32995,Joel Duminy,3145216,PHSOB 3,,PHSOB 3,1193,0,0,0,0,0,0,Titans Second League
,18,32995,PHSOB 3,,,,,,,,,,,,Titans Second League
240,18,32995,Wayne Steyn,3146405,TUT 3,,TUT 3,1197,0,0,0,0,0,0,Titans Second League
,18,32995,TUT 3,,,,,,,,,,,,Titans Second League
241,18,32995,Riaan Davel,3163488,SINOVILLE 3,,SINOVILLE 3,1194,0,0,0,0,0,0,Titans Second League
,18,32995,SINOVILLE 3,,,,,,,,,,,,Titans Second League
242,18,32995,Mlungisi Tuks 6,3163549,TUKS 6,,TUKS 6,1861,0,0,0,0,0,0,Titans Second League
,18,32995,TUKS 6,,,,,,,,,,,,Titans Second League
243,18,32995,Wynand De beer,3163551,IRENE VILLAGERS 3,,IRENE VILLAGERS 3,1195,0,0,0,0,0,0,Titans Second League
,18,32995,IRENE VILLAGERS 3,,,,,,,,,,,,Titans Second League
244,18,32995,Want V deventer,3180548,SINOVILLE 4,,SINOVILLE 4,1200,0,0,0,0,0,0,Titans Second League
,18,32995,SINOVILLE 4,,,,,,,,,,,,Titans Second League
245,18,32995,Marne Weldhagen,3180550,SINOVILLE 4,,SINOVILLE 4,1200,0,0,0,0,0,0,Titans Second League
,18,32995,SINOVILLE 4,,,,,,,,,,,,Titans Second League
246,18,32995,Kai Trimpelmann,3180552,SINOVILLE 4,,SINOVILLE 4,1200,0,0,0,0,0,0,Titans Second League
,18,32995,SINOVILLE 4,,,,,,,,,,,,Titans Second League
247,18,32995,Maritz Bezuidenhout,3180554,SINOVILLE 4,,SINOVILLE 4,1200,0,0,0,0,0,0,Titans Second League
,18,32995,SINOVILLE 4,,,,,,,,,,,,Titans Second League
248,18,32995,Henko Affies,3180556,IRENE VILLAGERS 3,,IRENE VILLAGERS 3,1195,0,0,0,0,0,0,Titans Second League
,18,32995,IRENE VILLAGERS 3,,,,,,,,,,,,Titans Second League
249,18,32995,Juandre Tuks 6,3180558,TUKS 6,,TUKS 6,1861,0,0,0,0,0,0,Titans Second League
,18,32995,TUKS 6,,,,,,,,,,,,Titans Second League
250,18,32995,Ewan Tuks 6,3180559,TUKS 6,,TUKS 6,1861,0,0,0,0,0,0,Titans Second League
,18,32995,TUKS 6,,,,,,,,,,,,Titans Second League
251,18,32995,Ruan Brenner,3180560,PHSOB 3,,PHSOB 3,1193,0,0,0,0,0,0,Titans Second League
,18,32995,PHSOB 3,,,,,,,,,,,,Titans Second League
252,18,32995,Brenden PHSOB 3,3180562,PHSOB 3,,PHSOB 3,1193,0,0,0,0,0,0,Titans Second League
,18,32995,PHSOB 3,,,,,,,,,,,,Titans Second League
253,18,32995,Nico de Bruyn,3180581,TUKS 5,,TUKS 5,1860,0,0,0,0,0,0,Titans Second League
,18,32995,TUKS 5,,,,,,,,,,,,Titans Second League
254,18,32995,Henro Bouwer,3180583,SINOVILLE 3,,SINOVILLE 3,1194,0,0,0,0,0,0,Titans Second League
,18,32995,SINOVILLE 3,,,,,,,,,,,,Titans Second League
255,18,32995,Marnus Swanepoel,3180584,SINOVILLE 3,,SINOVILLE 3,1194,0,0,0,0,0,0,Titans Second League
,18,32995,SINOVILLE 3,,,,,,,,,,,,Titans Second League
256,18,32995,JP Roets,3195753,SINOVILLE 4,,SINOVILLE 4,1200,0,0,0,0,0,0,Titans Second League
,18,32995,SINOVILLE 4,,,,,,,,,,,,Titans Second League
257,18,32995,Pieter Jansen van Rensburg,3198240,SINOVILLE 4,,SINOVILLE 4,1200,0,0,0,0,0,0,Titans Second League
,18,32995,SINOVILLE 4,,,,,,,,,,,,Titans Second League
258,18,32995,Morgan Potgiter,3198242,SINOVILLE 4,,SINOVILLE 4,1200,0,0,0,0,0,0,Titans Second League
,18,32995,SINOVILLE 4,,,,,,,,,,,,Titans Second League
259,18,32995,Theuno Botha,3198243,SINOVILLE 4,,SINOVILLE 4,1200,0,0,0,0,0,0,Titans Second League
,18,32995,SINOVILLE 4,,,,,,,,,,,,Titans Second League
260,18,32995,Byron Slaughter,3226764,SINOVILLE 4,,SINOVILLE 4,1200,0,0,0,0,0,0,Titans Second League
,18,32995,SINOVILLE 4,,,,,,,,,,,,Titans Second League
261,18,32995,JJ Du Toit,3226765,SINOVILLE 3,,SINOVILLE 3,1194,0,0,0,0,0,0,Titans Second League
,18,32995,SINOVILLE 3,,,,,,,,,,,,Titans Second League
262,18,32995,Sean Povey,3226766,SINOVILLE 4,,SINOVILLE 4,1200,0,0,0,0,0,0,Titans Second League
,18,32995,SINOVILLE 4,,,,,,,,,,,,Titans Second League
263,18,32995,Mosleh Uddin,3226767,SINOVILLE 3,,SINOVILLE 3,1194,0,0,0,0,0,0,Titans Second League
,18,32995,SINOVILLE 3,,,,,,,,,,,,Titans Second League
264,18,32995,Rudi Roets,3226769,SINOVILLE 3,,SINOVILLE 3,1194,0,0,0,0,0,0,Titans Second League
,18,32995,SINOVILLE 3,,,,,,,,,,,,Titans Second League
265,18,32995,Rudi Roets,3226769,SINOVILLE 4,,SINOVILLE 4,1200,0,0,0,0,0,0,Titans Second League
,18,32995,SINOVILLE 4,,,,,,,,,,,,Titans Second League
266,18,32995,Michael Du Plessis,3226770,TUKS 6,,TUKS 6,1861,0,0,0,0,0,0,Titans Second League
,18,32995,TUKS 6,,,,,,,,,,,,Titans Second League
267,18,32995,Marco Rudolph,3229694,SINOVILLE 3,,SINOVILLE 3,1194,0,0,0,0,0,0,Titans Second League
,18,32995,SINOVILLE 3,,,,,,,,,,,,Titans Second League
268,18,32995,Jean Coudron,3229696,SINOVILLE 3,,SINOVILLE 3,1194,0,0,0,0,0,0,Titans Second League
,18,32995,SINOVILLE 3,,,,,,,,,,,,Titans Second League
269,18,32995,Hassin Rony,3229698,SINOVILLE 3,,SINOVILLE 3,1194,0,0,0,0,0,0,Titans Second League
,18,32995,SINOVILLE 3,,,,,,,,,,,,Titans Second League
270,18,32995,Maans De Bruin,3229699,SINOVILLE 3,,SINOVILLE 3,1194,0,0,0,0,0,0,Titans Second League
,18,32995,SINOVILLE 3,,,,,,,,,,,,Titans Second League
271,18,32995,Du Preez Prinsloo,3229700,SINOVILLE 3,,SINOVILLE 3,1194,0,0,0,0,0,0,Titans Second League
,18,32995,SINOVILLE 3,,,,,,,,,,,,Titans Second League
272,18,32995,Juan Matta,3229701,SINOVILLE 3,,SINOVILLE 3,1194,0,0,0,0,0,0,Titans Second League
,18,32995,SINOVILLE 3,,,,,,,,,,,,Titans Second League
273,18,32995,Brandon Van Wyk,3231803,SINOVILLE 3,,SINOVILLE 3,1194,0,0,0,0,0,0,Titans Second League
,18,32995,SINOVILLE 3,,,,,,,,,,,,Titans Second League
274,18,32995,Heinrich Odendaal,3242448,CBCOB 3,,CBCOB 3,1196,0,0,0,0,0,0,Titans Second League
,18,32995,CBCOB 3,,,,,,,,,,,,Titans Second League
275,18,32995,Du Preez Prinsloo,3242451,SINOVILLE 4,,SINOVILLE 4,1200,0,0,0,0,0,0,Titans Second League
,18,32995,SINOVILLE 4,,,,,,,,,,,,Titans Second League
276,18,32995,Maans De Roubaix,3242452,SINOVILLE 4,,SINOVILLE 4,1200,0,0,0,0,0,0,Titans Second League
,18,32995,SINOVILLE 4,,,,,,,,,,,,Titans Second League
277,18,32995,Tumelo Sinoville,3242453,SINOVILLE 4,,SINOVILLE 4,1200,0,0,0,0,0,0,Titans Second League
,18,32995,SINOVILLE 4,,,,,,,,,,,,Titans Second League
278,18,32995,Rhys Tuks6,3242941,TUKS 6,,TUKS 6,1861,0,0,0,0,0,0,Titans Second League
,18,32995,TUKS 6,,,,,,,,,,,,Titans Second League
279,18,32995,Tihardt Kruger,3242942,TUKS 5,,TUKS 5,1860,0,0,0,0,0,0,Titans Second League
,18,32995,TUKS 5,,,,,,,,,,,,Titans Second League
280,18,32995,Evan Tuks6,3243675,TUKS 6,,TUKS 6,1861,0,0,0,0,0,0,Titans Second League
,18,32995,TUKS 6,,,,,,,,,,,,Titans Second League
281,18,32995,Johan Pretorius,3255251,TUKS 5,,TUKS 5,1860,0,0,0,0,0,0,Titans Second League
,18,32995,TUKS 5,,,,,,,,,,,,Titans Second League
282,18,32995,Johanco Faihst,3255252,TUKS 5,,TUKS 5,1860,0,0,0,0,0,0,Titans Second League
,18,32995,TUKS 5,,,,,,,,,,,,Titans Second League
283,18,32995,Cecil Chitaka,3255253,TUKS 5,,TUKS 5,1860,0,0,0,0,0,0,Titans Second League
,18,32995,TUKS 5,,,,,,,,,,,,Titans Second League
284,18,32995,Wian van Deventer,3255254,SINOVILLE 4,,SINOVILLE 4,1200,0,0,0,0,0,0,Titans Second League
,18,32995,SINOVILLE 4,,,,,,,,,,,,Titans Second League
285,18,32995,Dieter Sinoville,3255255,SINOVILLE 4,,SINOVILLE 4,1200,0,0,0,0,0,0,Titans Second League
,18,32995,SINOVILLE 4,,,,,,,,,,,,Titans Second League
286,18,32995,Juandre Joubert,3255256,SINOVILLE 4,,SINOVILLE 4,1200,0,0,0,0,0,0,Titans Second League
,18,32995,SINOVILLE 4,,,,,,,,,,,,Titans Second League
287,18,32995,Divan Behrens,3255257,SINOVILLE 4,,SINOVILLE 4,1200,0,0,0,0,0,0,Titans Second League
,18,32995,SINOVILLE 4,,,,,,,,,,,,Titans Second League
288,18,32995,Eddie Robenson,3255311,SINOVILLE 4,,SINOVILLE 4,1200,0,0,0,0,0,0,Titans Second League
,18,32995,SINOVILLE 4,,,,,,,,,,,,Titans Second League
289,18,32995,Tyler Irene,3255327,IRENE VILLAGERS 3,,IRENE VILLAGERS 3,1195,0,0,0,0,0,0,Titans Second League
,18,32995,IRENE VILLAGERS 3,,,,,,,,,,,,Titans Second League
290,18,32995,Botha Irene,3255328,IRENE VILLAGERS 3,,IRENE VILLAGERS 3,1195,0,0,0,0,0,0,Titans Second League
,18,32995,IRENE VILLAGERS 3,,,,,,,,,,,,Titans Second League
291,18,32995,Phillp Irene,3255329,IRENE VILLAGERS 3,,IRENE VILLAGERS 3,1195,0,0,0,0,0,0,Titans Second League
,18,32995,IRENE VILLAGERS 3,,,,,,,,,,,,Titans Second League
292,18,32995,Playa1 Cbc,3255330,CBCOB 3,,CBCOB 3,1196,0,0,0,0,0,0,Titans Second League
,18,32995,CBCOB 3,,,,,,,,,,,,Titans Second League
293,18,32995,Playa6 Cbc,3255335,CBCOB 3,,CBCOB 3,1196,0,0,0,0,0,0,Titans Second League
,18,32995,CBCOB 3,,,,,,,,,,,,Titans Second League
294,18,32995,Playa7 Cbc,3255336,CBCOB 3,,CBCOB 3,1196,0,0,0,0,0,0,Titans Second League
,18,32995,CBCOB 3,,,,,,,,,,,,Titans Second League
295,18,32995,Playa8 Cbc,3255337,CBCOB 3,,CBCOB 3,1196,0,0,0,0,0,0,Titans Second League
,18,32995,CBCOB 3,,,,,,,,,,,,Titans Second League
296,18,32995,Playa9 Cbc,3255338,CBCOB 3,,CBCOB 3,1196,0,0,0,0,0,0,Titans Second League
,18,32995,CBCOB 3,,,,,,,,,,,,Titans Second League
297,18,32995,Playa10 Cbc,3255339,CBCOB 3,,CBCOB 3,1196,0,0,0,0,0,0,Titans Second League
,18,32995,CBCOB 3,,,,,,,,,,,,Titans Second League
298,18,32995,Playa11 Cbc,3255340,CBCOB 3,,CBCOB 3,1196,0,0,0,0,0,0,Titans Second League
,18,32995,CBCOB 3,,,,,,,,,,,,Titans Second League
299,18,32995,Dieter Munnik,3255532,TUKS 5,,TUKS 5,1860,0,0,0,0,0,0,Titans Second League
,18,32995,TUKS 5,,,,,,,,,,,,Titans Second League
300,18,32995,Danie Doubell,3257322,PHSOB 3,,PHSOB 3,1193,0,0,0,0,0,0,Titans Second League
,18,32995,PHSOB 3,,,,,,,,,,,,Titans Second League
301,18,32995,Jaco Brits,3257323,PHSOB 3,,PHSOB 3,1193,0,0,0,0,0,0,Titans Second League
,18,32995,PHSOB 3,,,,,,,,,,,,Titans Second League
302,18,32995,Divan Behrens,3257324,SINOVILLE 3,,SINOVILLE 3,1194,0,0,0,0,0,0,Titans Second League
,18,32995,SINOVILLE 3,,,,,,,,,,,,Titans Second League
303,18,32995,Wian van Deventer,3257325,SINOVILLE 3,,SINOVILLE 3,1194,0,0,0,0,0,0,Titans Second League
,18,32995,SINOVILLE 3,,,,,,,,,,,,Titans Second League
304,18,32995,Charl Prinsloo,3257326,SINOVILLE 3,,SINOVILLE 3,1194,0,0,0,0,0,0,Titans Second League
,18,32995,SINOVILLE 3,,,,,,,,,,,,Titans Second League
305,18,32995,Jeandre Joubert,3257328,SINOVILLE 3,,SINOVILLE 3,1194,0,0,0,0,0,0,Titans Second League
,18,32995,SINOVILLE 3,,,,,,,,,,,,Titans Second League
306,18,32995,Braam Sinoville,3257329,SINOVILLE 3,,SINOVILLE 3,1194,0,0,0,0,0,0,Titans Second League
,18,32995,SINOVILLE 3,,,,,,,,,,,,Titans Second League
307,18,32995,Cornel Schnitter,3266896,CBCOB 3,,CBCOB 3,1196,0,0,0,0,0,0,Titans Second League
,18,32995,CBCOB 3,,,,,,,,,,,,Titans Second League
308,18,32995,Logan Almeida,3266897,CBCOB 3,,CBCOB 3,1196,0,0,0,0,0,0,Titans Second League
,18,32995,CBCOB 3,,,,,,,,,,,,Titans Second League
309,18,32995,Gershwin Reid,3266898,CBCOB 3,,CBCOB 3,1196,0,0,0,0,0,0,Titans Second League
,18,32995,CBCOB 3,,,,,,,,,,,,Titans Second League
310,18,32995,Lehlohonolo Moshoati,3266899,TUKS 5,,TUKS 5,1860,0,0,0,0,0,0,Titans Second League
,18,32995,TUKS 5,,,,,,,,,,,,Titans Second League
311,18,32995,Riaan Von bentheim,3266940,TUKS 5,,TUKS 5,1860,0,0,0,0,0,0,Titans Second League
,18,32995,TUKS 5,,,,,,,,,,,,Titans Second League
312,18,32995,Ivan Bekker,3266941,TUKS 5,,TUKS 5,1860,0,0,0,0,0,0,Titans Second League
,18,32995,TUKS 5,,,,,,,,,,,,Titans Second League
313,18,32995,Willem Cbc3,3266943,CBCOB 3,,CBCOB 3,1196,0,0,0,0,0,0,Titans Second League
,18,32995,CBCOB 3,,,,,,,,,,,,Titans Second League
314,18,32995,Chris Cbc3,3266944,CBCOB 3,,CBCOB 3,1196,0,0,0,0,0,0,Titans Second League
,18,32995,CBCOB 3,,,,,,,,,,,,Titans Second League
315,18,32995,Shaun Muirhead,3266945,CBCOB 3,,CBCOB 3,1196,0,0,0,0,0,0,Titans Second League
,18,32995,CBCOB 3,,,,,,,,,,,,Titans Second League
316,18,32995,Bruce Cbc3,3266947,CBCOB 3,,CBCOB 3,1196,0,0,0,0,0,0,Titans Second League
,18,32995,CBCOB 3,,,,,,,,,,,,Titans Second League
317,18,32995,Devin Cbc3,3266948,CBCOB 3,,CBCOB 3,1196,0,0,0,0,0,0,Titans Second League
,18,32995,CBCOB 3,,,,,,,,,,,,Titans Second League
318,18,32995,Gershwin Reid,3266949,CBCOB 3,,CBCOB 3,1196,0,0,0,0,0,0,Titans Second League
,18,32995,CBCOB 3,,,,,,,,,,,,Titans Second League
319,18,32995,Stephan Van den berg,3266950,CBCOB 3,,CBCOB 3,1196,0,0,0,0,0,0,Titans Second League
,18,32995,CBCOB 3,,,,,,,,,,,,Titans Second League
320,18,32995,Cornel Cbc3,3266951,CBCOB 3,,CBCOB 3,1196,0,0,0,0,0,0,Titans Second League
,18,32995,CBCOB 3,,,,,,,,,,,,Titans Second League
321,18,32995,Logan Almeida,3266952,CBCOB 3,,CBCOB 3,1196,0,0,0,0,0,0,Titans Second League
,18,32995,CBCOB 3,,,,,,,,,,,,Titans Second League
322,18,32995,Michael Cbc3,3266953,CBCOB 3,,CBCOB 3,1196,0,0,0,0,0,0,Titans Second League
,18,32995,CBCOB 3,,,,,,,,,,,,Titans Second League
323,18,32995,Wian Ruthven,3267056,SINOVILLE 4,,SINOVILLE 4,1200,0,0,0,0,0,0,Titans Second League
,18,32995,SINOVILLE 4,,,,,,,,,,,,Titans Second League
324,18,32995,JP Roetz,3267058,SINOVILLE 4,,SINOVILLE 4,1200,0,0,0,0,0,0,Titans Second League
,18,32995,SINOVILLE 4,,,,,,,,,,,,Titans Second League
325,18,32995,Edwin Xx,3267059,TUT 3,,TUT 3,1197,0,0,0,0,0,0,Titans Second League
,18,32995,TUT 3,,,,,,,,,,,,Titans Second League
326,18,32995,Pusoletso Ethan,3277434,TUKS 6,,TUKS 6,1861,0,0,0,0,0,0,Titans Second League
,18,32995,TUKS 6,,,,,,,,,,,,Titans Second League
327,18,32995,Dylan van Wyk,3277436,SINOVILLE 3,,SINOVILLE 3,1194,0,0,0,0,0,0,Titans Second League
,18,32995,SINOVILLE 3,,,,,,,,,,,,Titans Second League
328,18,32995,Davie Fabri,3277437,SINOVILLE 3,,SINOVILLE 3,1194,0,0,0,0,0,0,Titans Second League
,18,32995,SINOVILLE 3,,,,,,,,,,,,Titans Second League
329,18,32995,Byron Slaughter,3277439,SINOVILLE 3,,SINOVILLE 3,1194,0,0,0,0,0,0,Titans Second League
,18,32995,SINOVILLE 3,,,,,,,,,,,,Titans Second League
330,18,32995,Gerhard Lock,3287439,SINOVILLE 4,,SINOVILLE 4,1200,0,0,0,0,0,0,Titans Second League
,18,32995,SINOVILLE 4,,,,,,,,,,,,Titans Second League
331,18,32995,Jacques van Niekerk,3287440,SINOVILLE 4,,SINOVILLE 4,1200,0,0,0,0,0,0,Titans Second League
,18,32995,SINOVILLE 4,,,,,,,,,,,,Titans Second League
332,18,32995,Luca Bauros,3287441,SINOVILLE 4,,SINOVILLE 4,1200,0,0,0,0,0,0,Titans Second League
,18,32995,SINOVILLE 4,,,,,,,,,,,,Titans Second League
333,18,32995,Luke Cannata,3287442,SINOVILLE 4,,SINOVILLE 4,1200,0,0,0,0,0,0,Titans Second League
,18,32995,SINOVILLE 4,,,,,,,,,,,,Titans Second League
334,18,32995,Ruan Breytenbach,3287444,SINOVILLE 4,,SINOVILLE 4,1200,0,0,0,0,0,0,Titans Second League
,18,32995,SINOVILLE 4,,,,,,,,,,,,Titans Second League
335,18,32995,Morgan Potgieter,3287445,SINOVILLE 3,,SINOVILLE 3,1194,0,0,0,0,0,0,Titans Second League
,18,32995,SINOVILLE 3,,,,,,,,,,,,Titans Second League
336,18,32995,Damien Pringle,3287446,SINOVILLE 3,,SINOVILLE 3,1194,0,0,0,0,0,0,Titans Second League
,18,32995,SINOVILLE 3,,,,,,,,,,,,Titans Second League
337,18,32995,Adam Cannata,3599539,SINOVILLE 4,,SINOVILLE 4,1200,0,0,0,0,0,0,Titans Second League
,18,32995,SINOVILLE 4,,,,,,,,,,,,Titans Second League
338,18,32995,Tiaan Dorfling,3693408,IRENE VILLAGERS 3,,IRENE VILLAGERS 3,1195,0,0,0,0,0,0,Titans Second League
,18,32995,IRENE VILLAGERS 3,,,,,,,,,,,,Titans Second League
