SNO,LEAGUE_ID,CLUB_ID,PLAYER,PLAYER_ID,TEAM_IMG,BLANK,TEAM,TEAM_ID,MAT,BATTING_RANK,BOWLING_RANK,FIELDING_RANK,OTHER_RANK,MOM,TOTAL_RANK,League Name
1,949,32995,Brian Kershaw,4688792,PHSOB 3,,PHSOB 3,5428,9,532,463,16,150,6,1161,2025/2026 TITANS SECOND LEAGUE
,949,32995,PHSOB 3,,,,,,,,,,,,,2025/2026 TITANS SECOND LEAGUE
2,949,32995,Christian Strydom,2936847,TUKS 5,,TUKS 5,5430,10,259,438,8,0,0,705,2025/2026 TITANS SECOND LEAGUE
,949,32995,TUKS 5,,,,,,,,,,,,,2025/2026 TITANS SECOND LEAGUE
3,949,32995,Divan Potgieter,4673570,TUT 3,,TUT 3,5431,7,40,578,48,25,1,691,2025/2026 TITANS SECOND LEAGUE
,949,32995,TUT 3,,,,,,,,,,,,,2025/2026 TITANS SECOND LEAGUE
4,949,32995,Tiaan Engelbrecht,2936837,TUKS 5,,TUKS 5,5430,11,126,503,32,25,1,686,2025/2026 TITANS SECOND LEAGUE
,949,32995,TUKS 5,,,,,,,,,,,,,2025/2026 TITANS SECOND LEAGUE
5,949,32995,Waldemar Bodenstein,6299549,IRENE VILLAGERS 3,,IRENE VILLAGERS 3,5427,10,292,315,24,50,2,681,2025/2026 TITANS SECOND LEAGUE
,949,32995,IRENE VILLAGERS 3,,,,,,,,,,,,,2025/2026 TITANS SECOND LEAGUE
6,949,32995,Johan Nel,4655263,TUKS 5,,TUKS 5,5430,10,249,367,8,25,1,649,2025/2026 TITANS SECOND LEAGUE
,949,32995,TUKS 5,,,,,,,,,,,,,2025/2026 TITANS SECOND LEAGUE
7,949,32995,Kyle Kunneke,2985826,IRENE VILLAGERS 3,,IRENE VILLAGERS 3,5427,10,117,411,64,25,1,617,2025/2026 TITANS SECOND LEAGUE
,949,32995,IRENE VILLAGERS 3,,,,,,,,,,,,,2025/2026 TITANS SECOND LEAGUE
8,949,32995,Stefan Strydom,2985833,IRENE VILLAGERS 4,,IRENE VILLAGERS 4,5432,13,570,0,8,0,0,578,2025/2026 TITANS SECOND LEAGUE
,949,32995,IRENE VILLAGERS 4,,,,,,,,,,,,,2025/2026 TITANS SECOND LEAGUE
9,949,32995,Juan Viljoen,4729877,HARLEQUINS 3,,HARLEQUINS 3,5426,11,224,327,14,0,0,565,2025/2026 TITANS SECOND LEAGUE
,949,32995,HARLEQUINS 3,,,,,,,,,,,,,2025/2026 TITANS SECOND LEAGUE
10,949,32995,Martin Van Tonder,2840539,TUKS 5,,TUKS 5,5430,12,122,417,24,0,0,563,2025/2026 TITANS SECOND LEAGUE
,949,32995,TUKS 5,,,,,,,,,,,,,2025/2026 TITANS SECOND LEAGUE
11,949,32995,Brandon Polyblank,6336390,IRENE VILLAGERS 4,,IRENE VILLAGERS 4,5432,9,80,432,36,0,0,548,2025/2026 TITANS SECOND LEAGUE
,949,32995,IRENE VILLAGERS 4,,,,,,,,,,,,,2025/2026 TITANS SECOND LEAGUE
12,949,32995,Burgert Kloppers,4742888,PHSOB 3,,PHSOB 3,5428,8,39,438,30,0,0,507,2025/2026 TITANS SECOND LEAGUE
,949,32995,PHSOB 3,,,,,,,,,,,,,2025/2026 TITANS SECOND LEAGUE
13,949,32995,Janro De Bruin,6299640,CBCOB 3,,CBCOB 3,5425,8,56,388,8,50,2,502,2025/2026 TITANS SECOND LEAGUE
,949,32995,CBCOB 3,,,,,,,,,,,,,2025/2026 TITANS SECOND LEAGUE
14,949,32995,Donovan du Toit,3713457,TUKS 5,,TUKS 5,5430,9,267,110,118,0,0,495,2025/2026 TITANS SECOND LEAGUE
,949,32995,TUKS 5,,,,,,,,,,,,,2025/2026 TITANS SECOND LEAGUE
15,949,32995,Stefan Grobler,3018230,TUT 3,,TUT 3,5431,8,170,279,24,0,0,473,2025/2026 TITANS SECOND LEAGUE
,949,32995,TUT 3,,,,,,,,,,,,,2025/2026 TITANS SECOND LEAGUE
16,949,32995,Rivan Stoman,6352780,SINOVILLE 3,,SINOVILLE 3,5429,4,244,184,16,25,1,469,2025/2026 TITANS SECOND LEAGUE
,949,32995,SINOVILLE 3,,,,,,,,,,,,,2025/2026 TITANS SECOND LEAGUE
17,949,32995,Dewald Basson,3018234,TUT 3,,TUT 3,5431,8,2,413,24,0,0,439,2025/2026 TITANS SECOND LEAGUE
,949,32995,TUT 3,,,,,,,,,,,,,2025/2026 TITANS SECOND LEAGUE
18,949,32995,Werner Pretorius,4756703,IRENE VILLAGERS 3,,IRENE VILLAGERS 3,5427,6,190,206,0,25,1,421,2025/2026 TITANS SECOND LEAGUE
,949,32995,IRENE VILLAGERS 3,,,,,,,,,,,,,2025/2026 TITANS SECOND LEAGUE
19,949,32995,Steven Meyburgh,2937220,PHSOB 3,,PHSOB 3,5428,6,27,357,22,0,0,406,2025/2026 TITANS SECOND LEAGUE
,949,32995,PHSOB 3,,,,,,,,,,,,,2025/2026 TITANS SECOND LEAGUE
20,949,32995,Jacques Van Rooyen,3795662,IRENE VILLAGERS 3,,IRENE VILLAGERS 3,5427,8,35,343,22,0,0,400,2025/2026 TITANS SECOND LEAGUE
,949,32995,IRENE VILLAGERS 3,,,,,,,,,,,,,2025/2026 TITANS SECOND LEAGUE
21,949,32995,Werner Pretorius,4688690,IRENE VILLAGERS 4,,IRENE VILLAGERS 4,5432,3,299,64,8,25,1,396,2025/2026 TITANS SECOND LEAGUE
,949,32995,IRENE VILLAGERS 4,,,,,,,,,,,,,2025/2026 TITANS SECOND LEAGUE
22,949,32995,Alec Jordaan,4715851,CBCOB 3,,CBCOB 3,5425,3,103,245,16,25,1,389,2025/2026 TITANS SECOND LEAGUE
,949,32995,CBCOB 3,,,,,,,,,,,,,2025/2026 TITANS SECOND LEAGUE
23,949,32995,Michael Kershaw,6297242,PHSOB 3,,PHSOB 3,5428,9,286,19,40,25,1,370,2025/2026 TITANS SECOND LEAGUE
,949,32995,PHSOB 3,,,,,,,,,,,,,2025/2026 TITANS SECOND LEAGUE
24,949,32995,Reinhardt Hamann,6371950,TUKS 5,,TUKS 5,5430,5,237,56,42,0,0,335,2025/2026 TITANS SECOND LEAGUE
,949,32995,TUKS 5,,,,,,,,,,,,,2025/2026 TITANS SECOND LEAGUE
25,949,32995,Willem Jacobs,5005715,HARLEQUINS 3,,HARLEQUINS 3,5426,9,45,259,16,0,0,320,2025/2026 TITANS SECOND LEAGUE
,949,32995,HARLEQUINS 3,,,,,,,,,,,,,2025/2026 TITANS SECOND LEAGUE
26,949,32995,Ruan Ebersohn,2985830,IRENE VILLAGERS 4,,IRENE VILLAGERS 4,5432,11,135,151,32,0,0,318,2025/2026 TITANS SECOND LEAGUE
,949,32995,IRENE VILLAGERS 4,,,,,,,,,,,,,2025/2026 TITANS SECOND LEAGUE
27,949,32995,Hendrik Ferreira,4891854,TUT 3,,TUT 3,5431,7,275,23,16,0,0,314,2025/2026 TITANS SECOND LEAGUE
,949,32995,TUT 3,,,,,,,,,,,,,2025/2026 TITANS SECOND LEAGUE
28,949,32995,Stefan Van Der Linden,4742893,PHSOB 3,,PHSOB 3,5428,10,181,0,132,0,0,313,2025/2026 TITANS SECOND LEAGUE
,949,32995,PHSOB 3,,,,,,,,,,,,,2025/2026 TITANS SECOND LEAGUE
29,949,32995,Eugene Botha,4973974,IRENE VILLAGERS 4,,IRENE VILLAGERS 4,5432,7,16,251,44,0,0,311,2025/2026 TITANS SECOND LEAGUE
,949,32995,IRENE VILLAGERS 4,,,,,,,,,,,,,2025/2026 TITANS SECOND LEAGUE
30,949,32995,Eddie Stephen,6299173,HARLEQUINS 3,,HARLEQUINS 3,5426,7,230,42,28,0,0,300,2025/2026 TITANS SECOND LEAGUE
,949,32995,HARLEQUINS 3,,,,,,,,,,,,,2025/2026 TITANS SECOND LEAGUE
31,949,32995,Christoper Bouwer,6407256,PHSOB 3,,PHSOB 3,5428,4,4,257,24,0,0,285,2025/2026 TITANS SECOND LEAGUE
,949,32995,PHSOB 3,,,,,,,,,,,,,2025/2026 TITANS SECOND LEAGUE
32,949,32995,Elgun Boecker,4702810,IRENE VILLAGERS 3,,IRENE VILLAGERS 3,5427,3,48,202,8,25,1,283,2025/2026 TITANS SECOND LEAGUE
,949,32995,IRENE VILLAGERS 3,,,,,,,,,,,,,2025/2026 TITANS SECOND LEAGUE
33,949,32995,Clayton Brunsdon,4100291,IRENE VILLAGERS 4,,IRENE VILLAGERS 4,5432,9,42,202,32,0,0,276,2025/2026 TITANS SECOND LEAGUE
,949,32995,IRENE VILLAGERS 4,,,,,,,,,,,,,2025/2026 TITANS SECOND LEAGUE
34,949,32995,Francke Botha,6390022,HARLEQUINS 3,,HARLEQUINS 3,5426,4,279,-4,0,0,0,275,2025/2026 TITANS SECOND LEAGUE
,949,32995,HARLEQUINS 3,,,,,,,,,,,,,2025/2026 TITANS SECOND LEAGUE
35,949,32995,Henry Cbc,6442337,CBCOB 3,,CBCOB 3,5425,4,133,106,36,0,0,275,2025/2026 TITANS SECOND LEAGUE
,949,32995,CBCOB 3,,,,,,,,,,,,,2025/2026 TITANS SECOND LEAGUE
36,949,32995,Stiaan Heymans,4673670,IRENE VILLAGERS 4,,IRENE VILLAGERS 4,5432,8,7,252,8,0,0,267,2025/2026 TITANS SECOND LEAGUE
,949,32995,IRENE VILLAGERS 4,,,,,,,,,,,,,2025/2026 TITANS SECOND LEAGUE
37,949,32995,Dylan Howe-Dreyer,2936902,PHSOB 3,,PHSOB 3,5428,6,168,52,46,0,0,266,2025/2026 TITANS SECOND LEAGUE
,949,32995,PHSOB 3,,,,,,,,,,,,,2025/2026 TITANS SECOND LEAGUE
38,949,32995,Stefan Olivier,3729935,TUT 3,,TUT 3,5431,6,134,129,0,0,0,263,2025/2026 TITANS SECOND LEAGUE
,949,32995,TUT 3,,,,,,,,,,,,,2025/2026 TITANS SECOND LEAGUE
39,949,32995,Regan Pruss,3713341,PHSOB 3,,PHSOB 3,5428,3,-3,241,20,0,0,258,2025/2026 TITANS SECOND LEAGUE
,949,32995,PHSOB 3,,,,,,,,,,,,,2025/2026 TITANS SECOND LEAGUE
40,949,32995,Andrè Smith,6371951,TUKS 5,,TUKS 5,5430,3,33,183,16,25,1,257,2025/2026 TITANS SECOND LEAGUE
,949,32995,TUKS 5,,,,,,,,,,,,,2025/2026 TITANS SECOND LEAGUE
41,949,32995,Ryno Vermaak,6299554,SINOVILLE 3,,SINOVILLE 3,5429,5,164,63,0,25,1,252,2025/2026 TITANS SECOND LEAGUE
,949,32995,SINOVILLE 3,,,,,,,,,,,,,2025/2026 TITANS SECOND LEAGUE
42,949,32995,Charl Prinsloo,3018226,TUT 3,,TUT 3,5431,7,214,37,0,0,0,251,2025/2026 TITANS SECOND LEAGUE
,949,32995,TUT 3,,,,,,,,,,,,,2025/2026 TITANS SECOND LEAGUE
43,949,32995,Edwin De Waal,4742889,PHSOB 3,,PHSOB 3,5428,4,74,175,0,0,0,249,2025/2026 TITANS SECOND LEAGUE
,949,32995,PHSOB 3,,,,,,,,,,,,,2025/2026 TITANS SECOND LEAGUE
44,949,32995,Emil Rolfes,2936903,PHSOB 3,,PHSOB 3,5428,8,207,32,8,0,0,247,2025/2026 TITANS SECOND LEAGUE
,949,32995,PHSOB 3,,,,,,,,,,,,,2025/2026 TITANS SECOND LEAGUE
45,949,32995,Neil Jansen,4655259,IRENE VILLAGERS 3,,IRENE VILLAGERS 3,5427,4,80,159,8,0,0,247,2025/2026 TITANS SECOND LEAGUE
,949,32995,IRENE VILLAGERS 3,,,,,,,,,,,,,2025/2026 TITANS SECOND LEAGUE
46,949,32995,Nico Kruger,2936834,TUKS 5,,TUKS 5,5430,2,0,207,8,25,1,240,2025/2026 TITANS SECOND LEAGUE
,949,32995,TUKS 5,,,,,,,,,,,,,2025/2026 TITANS SECOND LEAGUE
47,949,32995,Barend Pelser,4854733,IRENE VILLAGERS 3,,IRENE VILLAGERS 3,5427,4,20,209,8,0,0,237,2025/2026 TITANS SECOND LEAGUE
,949,32995,IRENE VILLAGERS 3,,,,,,,,,,,,,2025/2026 TITANS SECOND LEAGUE
48,949,32995,Chris Klopper,4673667,IRENE VILLAGERS 4,,IRENE VILLAGERS 4,5432,4,48,162,0,25,1,235,2025/2026 TITANS SECOND LEAGUE
,949,32995,IRENE VILLAGERS 4,,,,,,,,,,,,,2025/2026 TITANS SECOND LEAGUE
49,949,32995,Ciaron Roundtree,6355841,IRENE VILLAGERS 3,,IRENE VILLAGERS 3,5427,7,211,0,20,0,0,231,2025/2026 TITANS SECOND LEAGUE
,949,32995,IRENE VILLAGERS 3,,,,,,,,,,,,,2025/2026 TITANS SECOND LEAGUE
50,949,32995,Pieter Roos,2939189,HARLEQUINS 3,,HARLEQUINS 3,5426,5,11,202,16,0,0,229,2025/2026 TITANS SECOND LEAGUE
,949,32995,HARLEQUINS 3,,,,,,,,,,,,,2025/2026 TITANS SECOND LEAGUE
51,949,32995,Nicolas Conradie,6552297,IRENE VILLAGERS 3,,IRENE VILLAGERS 3,5427,5,197,0,32,0,0,229,2025/2026 TITANS SECOND LEAGUE
,949,32995,IRENE VILLAGERS 3,,,,,,,,,,,,,2025/2026 TITANS SECOND LEAGUE
52,949,32995,Brent Hartley,2985828,IRENE VILLAGERS 4,,IRENE VILLAGERS 4,5432,12,180,0,48,0,0,228,2025/2026 TITANS SECOND LEAGUE
,949,32995,IRENE VILLAGERS 4,,,,,,,,,,,,,2025/2026 TITANS SECOND LEAGUE
53,949,32995,Joubert Eybers,6390024,PHSOB 3,,PHSOB 3,5428,3,94,134,0,0,0,228,2025/2026 TITANS SECOND LEAGUE
,949,32995,PHSOB 3,,,,,,,,,,,,,2025/2026 TITANS SECOND LEAGUE
54,949,32995,Ulrich Breytenbach,6592628,HARLEQUINS 3,,HARLEQUINS 3,5426,4,60,116,50,0,0,226,2025/2026 TITANS SECOND LEAGUE
,949,32995,HARLEQUINS 3,,,,,,,,,,,,,2025/2026 TITANS SECOND LEAGUE
55,949,32995,Wayne Sadler,6336329,TUKS 5,,TUKS 5,5430,8,165,0,32,25,1,222,2025/2026 TITANS SECOND LEAGUE
,949,32995,TUKS 5,,,,,,,,,,,,,2025/2026 TITANS SECOND LEAGUE
56,949,32995,Neiko Stigling,6299637,TUT 3,,TUT 3,5431,4,74,129,16,0,0,219,2025/2026 TITANS SECOND LEAGUE
,949,32995,TUT 3,,,,,,,,,,,,,2025/2026 TITANS SECOND LEAGUE
57,949,32995,Henco Murphy,3771718,IRENE VILLAGERS 3,,IRENE VILLAGERS 3,5427,8,175,0,38,0,0,213,2025/2026 TITANS SECOND LEAGUE
,949,32995,IRENE VILLAGERS 3,,,,,,,,,,,,,2025/2026 TITANS SECOND LEAGUE
58,949,32995,Callen Stephen,3782749,PHSOB 3,,PHSOB 3,5428,4,131,81,0,0,0,212,2025/2026 TITANS SECOND LEAGUE
,949,32995,PHSOB 3,,,,,,,,,,,,,2025/2026 TITANS SECOND LEAGUE
59,949,32995,André Duvenhage,6336328,PHSOB 3,,PHSOB 3,5428,3,44,158,8,0,0,210,2025/2026 TITANS SECOND LEAGUE
,949,32995,PHSOB 3,,,,,,,,,,,,,2025/2026 TITANS SECOND LEAGUE
60,949,32995,Frits Snyman,2936846,TUKS 5,,TUKS 5,5430,9,166,0,32,0,0,198,2025/2026 TITANS SECOND LEAGUE
,949,32995,TUKS 5,,,,,,,,,,,,,2025/2026 TITANS SECOND LEAGUE
61,949,32995,Ludwig Erasmus,4673573,SINOVILLE 3,,SINOVILLE 3,5429,2,173,0,0,25,1,198,2025/2026 TITANS SECOND LEAGUE
,949,32995,SINOVILLE 3,,,,,,,,,,,,,2025/2026 TITANS SECOND LEAGUE
62,949,32995,Kholi Willows,6299172,HARLEQUINS 3,,HARLEQUINS 3,5426,2,-3,146,28,25,1,196,2025/2026 TITANS SECOND LEAGUE
,949,32995,HARLEQUINS 3,,,,,,,,,,,,,2025/2026 TITANS SECOND LEAGUE
63,949,32995,Logan Weetman,6552359,PHSOB 3,,PHSOB 3,5428,1,143,0,22,25,1,190,2025/2026 TITANS SECOND LEAGUE
,949,32995,PHSOB 3,,,,,,,,,,,,,2025/2026 TITANS SECOND LEAGUE
64,949,32995,Arno Kruger,6336327,PHSOB 3,,PHSOB 3,5428,7,104,54,28,0,0,186,2025/2026 TITANS SECOND LEAGUE
,949,32995,PHSOB 3,,,,,,,,,,,,,2025/2026 TITANS SECOND LEAGUE
65,949,32995,Jeandre Roux,3018228,TUT 3,,TUT 3,5431,5,77,23,60,25,1,185,2025/2026 TITANS SECOND LEAGUE
,949,32995,TUT 3,,,,,,,,,,,,,2025/2026 TITANS SECOND LEAGUE
66,949,32995,Neil Jansen,6299550,IRENE VILLAGERS 3,,IRENE VILLAGERS 3,5427,2,25,119,14,25,1,183,2025/2026 TITANS SECOND LEAGUE
,949,32995,IRENE VILLAGERS 3,,,,,,,,,,,,,2025/2026 TITANS SECOND LEAGUE
67,949,32995,Arno Louw,6352769,SINOVILLE 3,,SINOVILLE 3,5429,5,174,0,8,0,0,182,2025/2026 TITANS SECOND LEAGUE
,949,32995,SINOVILLE 3,,,,,,,,,,,,,2025/2026 TITANS SECOND LEAGUE
68,949,32995,Niel Coetzee,3018224,TUT 3,,TUT 3,5431,8,129,0,52,0,0,181,2025/2026 TITANS SECOND LEAGUE
,949,32995,TUT 3,,,,,,,,,,,,,2025/2026 TITANS SECOND LEAGUE
69,949,32995,David Fourie,3018346,CBCOB 3,,CBCOB 3,5425,3,148,0,8,25,1,181,2025/2026 TITANS SECOND LEAGUE
,949,32995,CBCOB 3,,,,,,,,,,,,,2025/2026 TITANS SECOND LEAGUE
70,949,32995,Christo Weiss,2588485,SINOVILLE 3,,SINOVILLE 3,5429,1,25,127,0,25,1,177,2025/2026 TITANS SECOND LEAGUE
,949,32995,SINOVILLE 3,,,,,,,,,,,,,2025/2026 TITANS SECOND LEAGUE
71,949,32995,Marko De Cock,4688791,PHSOB 3,,PHSOB 3,5428,3,126,2,44,0,0,172,2025/2026 TITANS SECOND LEAGUE
,949,32995,PHSOB 3,,,,,,,,,,,,,2025/2026 TITANS SECOND LEAGUE
72,949,32995,Gary Van Blerk,4673569,TUT 3,,TUT 3,5431,8,74,77,16,0,0,167,2025/2026 TITANS SECOND LEAGUE
,949,32995,TUT 3,,,,,,,,,,,,,2025/2026 TITANS SECOND LEAGUE
73,949,32995,Hayden Van Den Heever,6372013,PHSOB 3,,PHSOB 3,5428,5,122,44,0,0,0,166,2025/2026 TITANS SECOND LEAGUE
,949,32995,PHSOB 3,,,,,,,,,,,,,2025/2026 TITANS SECOND LEAGUE
74,949,32995,Rykers Voges,6299646,CBCOB 3,,CBCOB 3,5425,6,68,0,96,0,0,164,2025/2026 TITANS SECOND LEAGUE
,949,32995,CBCOB 3,,,,,,,,,,,,,2025/2026 TITANS SECOND LEAGUE
75,949,32995,Mark Yafee,6552299,CBCOB 3,,CBCOB 3,5425,4,29,99,32,0,0,160,2025/2026 TITANS SECOND LEAGUE
,949,32995,CBCOB 3,,,,,,,,,,,,,2025/2026 TITANS SECOND LEAGUE
76,949,32995,Ettienne Tait,2939149,HARLEQUINS 3,,HARLEQUINS 3,5426,2,31,103,24,0,0,158,2025/2026 TITANS SECOND LEAGUE
,949,32995,HARLEQUINS 3,,,,,,,,,,,,,2025/2026 TITANS SECOND LEAGUE
77,949,32995,Jaden Beukes,6299645,CBCOB 3,,CBCOB 3,5425,2,45,105,8,0,0,158,2025/2026 TITANS SECOND LEAGUE
,949,32995,CBCOB 3,,,,,,,,,,,,,2025/2026 TITANS SECOND LEAGUE
78,949,32995,Jason Van Loggenberg,6552363,SINOVILLE 3,,SINOVILLE 3,5429,1,80,60,16,0,0,156,2025/2026 TITANS SECOND LEAGUE
,949,32995,SINOVILLE 3,,,,,,,,,,,,,2025/2026 TITANS SECOND LEAGUE
79,949,32995,Henco Murphy,6407257,IRENE VILLAGERS 3,,IRENE VILLAGERS 3,5427,2,131,0,24,0,0,155,2025/2026 TITANS SECOND LEAGUE
,949,32995,IRENE VILLAGERS 3,,,,,,,,,,,,,2025/2026 TITANS SECOND LEAGUE
80,949,32995,Hein Swanepoel,4649924,HARLEQUINS 3,,HARLEQUINS 3,5426,2,48,74,28,0,0,150,2025/2026 TITANS SECOND LEAGUE
,949,32995,HARLEQUINS 3,,,,,,,,,,,,,2025/2026 TITANS SECOND LEAGUE
81,949,32995,Mohapi Molete,2985827,IRENE VILLAGERS 4,,IRENE VILLAGERS 4,5432,6,13,110,24,0,0,147,2025/2026 TITANS SECOND LEAGUE
,949,32995,IRENE VILLAGERS 4,,,,,,,,,,,,,2025/2026 TITANS SECOND LEAGUE
82,949,32995,Tihardt Kruger,3242942,TUKS 5,,TUKS 5,5430,11,130,17,0,0,0,147,2025/2026 TITANS SECOND LEAGUE
,949,32995,TUKS 5,,,,,,,,,,,,,2025/2026 TITANS SECOND LEAGUE
83,949,32995,Lucky Coetzee,6299644,CBCOB 3,,CBCOB 3,5425,1,-3,109,16,25,1,147,2025/2026 TITANS SECOND LEAGUE
,949,32995,CBCOB 3,,,,,,,,,,,,,2025/2026 TITANS SECOND LEAGUE
84,949,32995,Jean Botes,6355844,IRENE VILLAGERS 3,,IRENE VILLAGERS 3,5427,2,17,120,8,0,0,145,2025/2026 TITANS SECOND LEAGUE
,949,32995,IRENE VILLAGERS 3,,,,,,,,,,,,,2025/2026 TITANS SECOND LEAGUE
85,949,32995,Marcel Cronjé,6336326,PHSOB 3,,PHSOB 3,5428,4,47,87,8,0,0,142,2025/2026 TITANS SECOND LEAGUE
,949,32995,PHSOB 3,,,,,,,,,,,,,2025/2026 TITANS SECOND LEAGUE
86,949,32995,Adriaan Venter,3673677,CBCOB 3,,CBCOB 3,5425,3,102,23,16,0,0,141,2025/2026 TITANS SECOND LEAGUE
,949,32995,CBCOB 3,,,,,,,,,,,,,2025/2026 TITANS SECOND LEAGUE
87,949,32995,Christoff  Pompie Helm,2985831,IRENE VILLAGERS 4,,IRENE VILLAGERS 4,5432,7,46,85,8,0,0,139,2025/2026 TITANS SECOND LEAGUE
,949,32995,IRENE VILLAGERS 4,,,,,,,,,,,,,2025/2026 TITANS SECOND LEAGUE
88,949,32995,Altus Cbc,6644492,CBCOB 3,,CBCOB 3,5425,1,0,138,0,0,0,138,2025/2026 TITANS SECOND LEAGUE
,949,32995,CBCOB 3,,,,,,,,,,,,,2025/2026 TITANS SECOND LEAGUE
89,949,32995,Johan Broekman,6570618,IRENE VILLAGERS 3,,IRENE VILLAGERS 3,5427,1,103,0,8,25,1,136,2025/2026 TITANS SECOND LEAGUE
,949,32995,IRENE VILLAGERS 3,,,,,,,,,,,,,2025/2026 TITANS SECOND LEAGUE
90,949,32995,Rohann Rossouw,6355842,IRENE VILLAGERS 3,,IRENE VILLAGERS 3,5427,7,114,0,22,0,0,136,2025/2026 TITANS SECOND LEAGUE
,949,32995,IRENE VILLAGERS 3,,,,,,,,,,,,,2025/2026 TITANS SECOND LEAGUE
91,949,32995,Faf De Villiers,6390021,HARLEQUINS 3,,HARLEQUINS 3,5426,3,134,0,0,0,0,134,2025/2026 TITANS SECOND LEAGUE
,949,32995,HARLEQUINS 3,,,,,,,,,,,,,2025/2026 TITANS SECOND LEAGUE
92,949,32995,Janu Olivier,4973941,SINOVILLE 3,,SINOVILLE 3,5429,2,17,93,24,0,0,134,2025/2026 TITANS SECOND LEAGUE
,949,32995,SINOVILLE 3,,,,,,,,,,,,,2025/2026 TITANS SECOND LEAGUE
93,949,32995,Faf Potgieter,6390079,CBCOB 3,,CBCOB 3,5425,3,18,115,0,0,0,133,2025/2026 TITANS SECOND LEAGUE
,949,32995,CBCOB 3,,,,,,,,,,,,,2025/2026 TITANS SECOND LEAGUE
94,949,32995,Ruan Coetzer,6336357,HARLEQUINS 3,,HARLEQUINS 3,5426,10,69,24,40,0,0,133,2025/2026 TITANS SECOND LEAGUE
,949,32995,HARLEQUINS 3,,,,,,,,,,,,,2025/2026 TITANS SECOND LEAGUE
95,949,32995,Hendre Du toit,2987477,SINOVILLE 3,,SINOVILLE 3,5429,5,24,108,0,0,0,132,2025/2026 TITANS SECOND LEAGUE
,949,32995,SINOVILLE 3,,,,,,,,,,,,,2025/2026 TITANS SECOND LEAGUE
96,949,32995,PJ Van Der Merwe,4854676,IRENE VILLAGERS 4,,IRENE VILLAGERS 4,5432,7,104,12,16,0,0,132,2025/2026 TITANS SECOND LEAGUE
,949,32995,IRENE VILLAGERS 4,,,,,,,,,,,,,2025/2026 TITANS SECOND LEAGUE
97,949,32995,Julian Otto,6352767,SINOVILLE 3,,SINOVILLE 3,5429,4,36,96,0,0,0,132,2025/2026 TITANS SECOND LEAGUE
,949,32995,SINOVILLE 3,,,,,,,,,,,,,2025/2026 TITANS SECOND LEAGUE
98,949,32995,Jacques Van Rooyen,3745426,IRENE VILLAGERS 4,,IRENE VILLAGERS 4,5432,2,2,121,8,0,0,131,2025/2026 TITANS SECOND LEAGUE
,949,32995,IRENE VILLAGERS 4,,,,,,,,,,,,,2025/2026 TITANS SECOND LEAGUE
99,949,32995,Johan Broekman,4756705,IRENE VILLAGERS 3,,IRENE VILLAGERS 3,5427,4,74,37,20,0,0,131,2025/2026 TITANS SECOND LEAGUE
,949,32995,IRENE VILLAGERS 3,,,,,,,,,,,,,2025/2026 TITANS SECOND LEAGUE
100,949,32995,Franco Ferriera,6592583,PHSOB 3,,PHSOB 3,5428,1,9,102,16,0,0,127,2025/2026 TITANS SECOND LEAGUE
,949,32995,PHSOB 3,,,,,,,,,,,,,2025/2026 TITANS SECOND LEAGUE
101,949,32995,Jean Steyn,6592526,TUT 3,,TUT 3,5431,2,21,96,8,0,0,125,2025/2026 TITANS SECOND LEAGUE
,949,32995,TUT 3,,,,,,,,,,,,,2025/2026 TITANS SECOND LEAGUE
102,949,32995,Patrick Mouton,6592627,HARLEQUINS 3,,HARLEQUINS 3,5426,1,126,-4,0,0,0,122,2025/2026 TITANS SECOND LEAGUE
,949,32995,HARLEQUINS 3,,,,,,,,,,,,,2025/2026 TITANS SECOND LEAGUE
103,949,32995,Jason Gillard,3003090,SINOVILLE 3,,SINOVILLE 3,5429,1,36,39,20,25,1,120,2025/2026 TITANS SECOND LEAGUE
,949,32995,SINOVILLE 3,,,,,,,,,,,,,2025/2026 TITANS SECOND LEAGUE
104,949,32995,Willie Kamffer,6299174,HARLEQUINS 3,,HARLEQUINS 3,5426,6,75,37,8,0,0,120,2025/2026 TITANS SECOND LEAGUE
,949,32995,HARLEQUINS 3,,,,,,,,,,,,,2025/2026 TITANS SECOND LEAGUE
105,949,32995,Ruan Venter,4673574,SINOVILLE 3,,SINOVILLE 3,5429,2,-6,108,16,0,0,118,2025/2026 TITANS SECOND LEAGUE
,949,32995,SINOVILLE 3,,,,,,,,,,,,,2025/2026 TITANS SECOND LEAGUE
106,949,32995,Heinrich Klue,6358565,CBCOB 3,,CBCOB 3,5425,1,25,82,8,0,0,115,2025/2026 TITANS SECOND LEAGUE
,949,32995,CBCOB 3,,,,,,,,,,,,,2025/2026 TITANS SECOND LEAGUE
107,949,32995,Kopano Thema,6570617,HARLEQUINS 3,,HARLEQUINS 3,5426,5,109,0,0,0,0,109,2025/2026 TITANS SECOND LEAGUE
,949,32995,HARLEQUINS 3,,,,,,,,,,,,,2025/2026 TITANS SECOND LEAGUE
108,949,32995,Barend Pelser,4874775,IRENE VILLAGERS 4,,IRENE VILLAGERS 4,5432,2,-3,109,0,0,0,106,2025/2026 TITANS SECOND LEAGUE
,949,32995,IRENE VILLAGERS 4,,,,,,,,,,,,,2025/2026 TITANS SECOND LEAGUE
109,949,32995,Jan De Klerk,6654202,IRENE VILLAGERS 3,,IRENE VILLAGERS 3,5427,1,96,0,8,0,0,104,2025/2026 TITANS SECOND LEAGUE
,949,32995,IRENE VILLAGERS 3,,,,,,,,,,,,,2025/2026 TITANS SECOND LEAGUE
110,949,32995,Karel Vd Walt,6355781,HARLEQUINS 3,,HARLEQUINS 3,5426,6,72,17,12,0,0,101,2025/2026 TITANS SECOND LEAGUE
,949,32995,HARLEQUINS 3,,,,,,,,,,,,,2025/2026 TITANS SECOND LEAGUE
111,949,32995,Lee Bukes,6592626,SINOVILLE 3,,SINOVILLE 3,5429,1,0,92,8,0,0,100,2025/2026 TITANS SECOND LEAGUE
,949,32995,SINOVILLE 3,,,,,,,,,,,,,2025/2026 TITANS SECOND LEAGUE
112,949,32995,JD van Wyk,4688794,SINOVILLE 3,,SINOVILLE 3,5429,4,73,27,0,0,0,100,2025/2026 TITANS SECOND LEAGUE
,949,32995,SINOVILLE 3,,,,,,,,,,,,,2025/2026 TITANS SECOND LEAGUE
113,949,32995,Jared Fourie,3795661,IRENE VILLAGERS 3,,IRENE VILLAGERS 3,5427,2,21,78,0,0,0,99,2025/2026 TITANS SECOND LEAGUE
,949,32995,IRENE VILLAGERS 3,,,,,,,,,,,,,2025/2026 TITANS SECOND LEAGUE
114,949,32995,JJ Lesolang,3772080,PHSOB 3,,PHSOB 3,5428,3,95,0,0,0,0,95,2025/2026 TITANS SECOND LEAGUE
,949,32995,PHSOB 3,,,,,,,,,,,,,2025/2026 TITANS SECOND LEAGUE
115,949,32995,Juan Van den berg,2987480,SINOVILLE 3,,SINOVILLE 3,5429,1,11,82,0,0,0,93,2025/2026 TITANS SECOND LEAGUE
,949,32995,SINOVILLE 3,,,,,,,,,,,,,2025/2026 TITANS SECOND LEAGUE
116,949,32995,Andre Van wyk,3266939,TUKS 5,,TUKS 5,5430,8,8,77,8,0,0,93,2025/2026 TITANS SECOND LEAGUE
,949,32995,TUKS 5,,,,,,,,,,,,,2025/2026 TITANS SECOND LEAGUE
117,949,32995,Dewet Lombard,6355780,TUT 3,,TUT 3,5431,2,91,0,0,0,0,91,2025/2026 TITANS SECOND LEAGUE
,949,32995,TUT 3,,,,,,,,,,,,,2025/2026 TITANS SECOND LEAGUE
118,949,32995,Franco Vd Mescht,6629543,CBCOB 3,,CBCOB 3,5425,1,1,82,8,0,0,91,2025/2026 TITANS SECOND LEAGUE
,949,32995,CBCOB 3,,,,,,,,,,,,,2025/2026 TITANS SECOND LEAGUE
119,949,32995,Neil Jansen,4655262,IRENE VILLAGERS 3,,IRENE VILLAGERS 3,5427,2,0,89,0,0,0,89,2025/2026 TITANS SECOND LEAGUE
,949,32995,IRENE VILLAGERS 3,,,,,,,,,,,,,2025/2026 TITANS SECOND LEAGUE
120,949,32995,Stefan Ferreira,6552300,CBCOB 3,,CBCOB 3,5425,2,13,50,0,25,1,88,2025/2026 TITANS SECOND LEAGUE
,949,32995,CBCOB 3,,,,,,,,,,,,,2025/2026 TITANS SECOND LEAGUE
121,949,32995,Tshepo Molite,4892046,IRENE VILLAGERS 3,,IRENE VILLAGERS 3,5427,4,35,37,16,0,0,88,2025/2026 TITANS SECOND LEAGUE
,949,32995,IRENE VILLAGERS 3,,,,,,,,,,,,,2025/2026 TITANS SECOND LEAGUE
122,949,32995,Justin Pretorius,6407259,IRENE VILLAGERS 3,,IRENE VILLAGERS 3,5427,3,46,42,0,0,0,88,2025/2026 TITANS SECOND LEAGUE
,949,32995,IRENE VILLAGERS 3,,,,,,,,,,,,,2025/2026 TITANS SECOND LEAGUE
123,949,32995,Peet Snyman,6299175,HARLEQUINS 3,,HARLEQUINS 3,5426,2,-2,82,8,0,0,88,2025/2026 TITANS SECOND LEAGUE
,949,32995,HARLEQUINS 3,,,,,,,,,,,,,2025/2026 TITANS SECOND LEAGUE
124,949,32995,Matt Collett,4081460,PHSOB 3,,PHSOB 3,5428,2,61,25,0,0,0,86,2025/2026 TITANS SECOND LEAGUE
,949,32995,PHSOB 3,,,,,,,,,,,,,2025/2026 TITANS SECOND LEAGUE
125,949,32995,Lehlohonolo Moshoati,3266899,TUKS 5,,TUKS 5,5430,2,73,-4,16,0,0,85,2025/2026 TITANS SECOND LEAGUE
,949,32995,TUKS 5,,,,,,,,,,,,,2025/2026 TITANS SECOND LEAGUE
126,949,32995,Tiaan Borman,3772082,SINOVILLE 3,,SINOVILLE 3,5429,1,27,50,8,0,0,85,2025/2026 TITANS SECOND LEAGUE
,949,32995,SINOVILLE 3,,,,,,,,,,,,,2025/2026 TITANS SECOND LEAGUE
127,949,32995,Jerry Lesige,6299177,TUKS 5,,TUKS 5,5430,3,20,64,0,0,0,84,2025/2026 TITANS SECOND LEAGUE
,949,32995,TUKS 5,,,,,,,,,,,,,2025/2026 TITANS SECOND LEAGUE
128,949,32995,Joshua Hall,6299551,IRENE VILLAGERS 3,,IRENE VILLAGERS 3,5427,1,0,76,8,0,0,84,2025/2026 TITANS SECOND LEAGUE
,949,32995,IRENE VILLAGERS 3,,,,,,,,,,,,,2025/2026 TITANS SECOND LEAGUE
129,949,32995,Jan Jones,2936838,TUKS 5,,TUKS 5,5430,9,49,0,32,0,0,81,2025/2026 TITANS SECOND LEAGUE
,949,32995,TUKS 5,,,,,,,,,,,,,2025/2026 TITANS SECOND LEAGUE
130,949,32995,Kholisile Khuzwayo,6407265,HARLEQUINS 3,,HARLEQUINS 3,5426,5,6,58,16,0,0,80,2025/2026 TITANS SECOND LEAGUE
,949,32995,HARLEQUINS 3,,,,,,,,,,,,,2025/2026 TITANS SECOND LEAGUE
131,949,32995,Wilhelm Best,6372014,PHSOB 3,,PHSOB 3,5428,2,0,80,0,0,0,80,2025/2026 TITANS SECOND LEAGUE
,949,32995,PHSOB 3,,,,,,,,,,,,,2025/2026 TITANS SECOND LEAGUE
132,949,32995,Dylan Cutting,4576796,HARLEQUINS 3,,HARLEQUINS 3,5426,2,79,0,0,0,0,79,2025/2026 TITANS SECOND LEAGUE
,949,32995,HARLEQUINS 3,,,,,,,,,,,,,2025/2026 TITANS SECOND LEAGUE
133,949,32995,Liam Armstrong,6358571,PHSOB 3,,PHSOB 3,5428,5,78,0,0,0,0,78,2025/2026 TITANS SECOND LEAGUE
,949,32995,PHSOB 3,,,,,,,,,,,,,2025/2026 TITANS SECOND LEAGUE
134,949,32995,Jandre Lotheringen,6629544,CBCOB 3,,CBCOB 3,5425,1,29,29,16,0,0,74,2025/2026 TITANS SECOND LEAGUE
,949,32995,CBCOB 3,,,,,,,,,,,,,2025/2026 TITANS SECOND LEAGUE
135,949,32995,Andre Klopper,6355845,IRENE VILLAGERS 4,,IRENE VILLAGERS 4,5432,2,57,0,16,0,0,73,2025/2026 TITANS SECOND LEAGUE
,949,32995,IRENE VILLAGERS 4,,,,,,,,,,,,,2025/2026 TITANS SECOND LEAGUE
136,949,32995,Tristan Beetge,4658060,IRENE VILLAGERS 4,,IRENE VILLAGERS 4,5432,4,5,66,0,0,0,71,2025/2026 TITANS SECOND LEAGUE
,949,32995,IRENE VILLAGERS 4,,,,,,,,,,,,,2025/2026 TITANS SECOND LEAGUE
137,949,32995,Henk Fick,6352771,SINOVILLE 3,,SINOVILLE 3,5429,3,44,6,20,0,0,70,2025/2026 TITANS SECOND LEAGUE
,949,32995,SINOVILLE 3,,,,,,,,,,,,,2025/2026 TITANS SECOND LEAGUE
138,949,32995,Nico Minnaar,3713344,TUT 3,,TUT 3,5431,1,7,54,8,0,0,69,2025/2026 TITANS SECOND LEAGUE
,949,32995,TUT 3,,,,,,,,,,,,,2025/2026 TITANS SECOND LEAGUE
139,949,32995,Jody Buys,4729873,HARLEQUINS 3,,HARLEQUINS 3,5426,1,5,64,0,0,0,69,2025/2026 TITANS SECOND LEAGUE
,949,32995,HARLEQUINS 3,,,,,,,,,,,,,2025/2026 TITANS SECOND LEAGUE
140,949,32995,Ben Hough,6592585,PHSOB 3,,PHSOB 3,5428,2,-3,62,8,0,0,67,2025/2026 TITANS SECOND LEAGUE
,949,32995,PHSOB 3,,,,,,,,,,,,,2025/2026 TITANS SECOND LEAGUE
141,949,32995,Dewald Van Der Walt,3276817,HARLEQUINS 3,,HARLEQUINS 3,5426,4,5,60,0,0,0,65,2025/2026 TITANS SECOND LEAGUE
,949,32995,HARLEQUINS 3,,,,,,,,,,,,,2025/2026 TITANS SECOND LEAGUE
142,949,32995,Leon Smith,4673571,TUT 3,,TUT 3,5431,6,-8,73,0,0,0,65,2025/2026 TITANS SECOND LEAGUE
,949,32995,TUT 3,,,,,,,,,,,,,2025/2026 TITANS SECOND LEAGUE
143,949,32995,James van der Merwe,5000388,SINOVILLE 3,,SINOVILLE 3,5429,1,1,64,0,0,0,65,2025/2026 TITANS SECOND LEAGUE
,949,32995,SINOVILLE 3,,,,,,,,,,,,,2025/2026 TITANS SECOND LEAGUE
144,949,32995,Matthew Thurbon,4024778,IRENE VILLAGERS 3,,IRENE VILLAGERS 3,5427,3,47,0,16,0,0,63,2025/2026 TITANS SECOND LEAGUE
,949,32995,IRENE VILLAGERS 3,,,,,,,,,,,,,2025/2026 TITANS SECOND LEAGUE
145,949,32995,Senekal Cbc,6442336,CBCOB 3,,CBCOB 3,5425,2,5,50,8,0,0,63,2025/2026 TITANS SECOND LEAGUE
,949,32995,CBCOB 3,,,,,,,,,,,,,2025/2026 TITANS SECOND LEAGUE
146,949,32995,Gerrie Van Rooyen,6592584,PHSOB 3,,PHSOB 3,5428,1,24,39,0,0,0,63,2025/2026 TITANS SECOND LEAGUE
,949,32995,PHSOB 3,,,,,,,,,,,,,2025/2026 TITANS SECOND LEAGUE
147,949,32995,Cj Jordaan,4892048,IRENE VILLAGERS 3,,IRENE VILLAGERS 3,5427,1,0,54,8,0,0,62,2025/2026 TITANS SECOND LEAGUE
,949,32995,IRENE VILLAGERS 3,,,,,,,,,,,,,2025/2026 TITANS SECOND LEAGUE
148,949,32995,Jordan Cbc,6442338,CBCOB 3,,CBCOB 3,5425,1,3,50,8,0,0,61,2025/2026 TITANS SECOND LEAGUE
,949,32995,CBCOB 3,,,,,,,,,,,,,2025/2026 TITANS SECOND LEAGUE
149,949,32995,JD van Wyk,5000390,SINOVILLE 3,,SINOVILLE 3,5429,1,3,50,8,0,0,61,2025/2026 TITANS SECOND LEAGUE
,949,32995,SINOVILLE 3,,,,,,,,,,,,,2025/2026 TITANS SECOND LEAGUE
150,949,32995,Jaco de Vos,2936844,TUKS 5,,TUKS 5,5430,2,5,39,16,0,0,60,2025/2026 TITANS SECOND LEAGUE
,949,32995,TUKS 5,,,,,,,,,,,,,2025/2026 TITANS SECOND LEAGUE
151,949,32995,Dylan Kotze,2987579,CBCOB 3,,CBCOB 3,5425,3,59,0,0,0,0,59,2025/2026 TITANS SECOND LEAGUE
,949,32995,CBCOB 3,,,,,,,,,,,,,2025/2026 TITANS SECOND LEAGUE
152,949,32995,Leon Bender,3730114,CBCOB 3,,CBCOB 3,5425,4,59,0,0,0,0,59,2025/2026 TITANS SECOND LEAGUE
,949,32995,CBCOB 3,,,,,,,,,,,,,2025/2026 TITANS SECOND LEAGUE
153,949,32995,Reghardt Jordaan,6613299,CBCOB 3,,CBCOB 3,5425,1,18,29,12,0,0,59,2025/2026 TITANS SECOND LEAGUE
,949,32995,CBCOB 3,,,,,,,,,,,,,2025/2026 TITANS SECOND LEAGUE
154,949,32995,Henry Van Der Merwe,6389981,TUKS 5,,TUKS 5,5430,2,46,4,8,0,0,58,2025/2026 TITANS SECOND LEAGUE
,949,32995,TUKS 5,,,,,,,,,,,,,2025/2026 TITANS SECOND LEAGUE
155,949,32995,Henre Smith,6613612,IRENE VILLAGERS 3,,IRENE VILLAGERS 3,5427,3,57,0,0,0,0,57,2025/2026 TITANS SECOND LEAGUE
,949,32995,IRENE VILLAGERS 3,,,,,,,,,,,,,2025/2026 TITANS SECOND LEAGUE
156,949,32995,Carvel Pillay,6631981,TUKS 5,,TUKS 5,5430,2,3,54,0,0,0,57,2025/2026 TITANS SECOND LEAGUE
,949,32995,TUKS 5,,,,,,,,,,,,,2025/2026 TITANS SECOND LEAGUE
157,949,32995,Zandre Jordaan,2934760,SINOVILLE 3,,SINOVILLE 3,5429,2,48,0,8,0,0,56,2025/2026 TITANS SECOND LEAGUE
,949,32995,SINOVILLE 3,,,,,,,,,,,,,2025/2026 TITANS SECOND LEAGUE
158,949,32995,Pj Richter,6552362,SINOVILLE 3,,SINOVILLE 3,5429,2,2,54,0,0,0,56,2025/2026 TITANS SECOND LEAGUE
,949,32995,SINOVILLE 3,,,,,,,,,,,,,2025/2026 TITANS SECOND LEAGUE
159,949,32995,Matthew Field,6592582,CBCOB 3,,CBCOB 3,5425,1,8,48,0,0,0,56,2025/2026 TITANS SECOND LEAGUE
,949,32995,CBCOB 3,,,,,,,,,,,,,2025/2026 TITANS SECOND LEAGUE
160,949,32995,Devon Horn,6613295,HARLEQUINS 3,,HARLEQUINS 3,5426,1,6,50,0,0,0,56,2025/2026 TITANS SECOND LEAGUE
,949,32995,HARLEQUINS 3,,,,,,,,,,,,,2025/2026 TITANS SECOND LEAGUE
161,949,32995,PJ McKechnie,3000408,PHSOB 3,,PHSOB 3,5428,3,36,19,0,0,0,55,2025/2026 TITANS SECOND LEAGUE
,949,32995,PHSOB 3,,,,,,,,,,,,,2025/2026 TITANS SECOND LEAGUE
162,949,32995,Dillon Kotze,3729565,CBCOB 3,,CBCOB 3,5425,2,1,54,0,0,0,55,2025/2026 TITANS SECOND LEAGUE
,949,32995,CBCOB 3,,,,,,,,,,,,,2025/2026 TITANS SECOND LEAGUE
163,949,32995,Werner Swart,6592625,SINOVILLE 3,,SINOVILLE 3,5429,1,33,21,0,0,0,54,2025/2026 TITANS SECOND LEAGUE
,949,32995,SINOVILLE 3,,,,,,,,,,,,,2025/2026 TITANS SECOND LEAGUE
164,949,32995,Marco Rudolph,3229694,SINOVILLE 3,,SINOVILLE 3,5429,2,53,0,0,0,0,53,2025/2026 TITANS SECOND LEAGUE
,949,32995,SINOVILLE 3,,,,,,,,,,,,,2025/2026 TITANS SECOND LEAGUE
165,949,32995,Juan Venter,6552360,SINOVILLE 3,,SINOVILLE 3,5429,1,1,50,0,0,0,51,2025/2026 TITANS SECOND LEAGUE
,949,32995,SINOVILLE 3,,,,,,,,,,,,,2025/2026 TITANS SECOND LEAGUE
166,949,32995,Rigardt Saaiman,3729566,CBCOB 3,,CBCOB 3,5425,2,1,49,0,0,0,50,2025/2026 TITANS SECOND LEAGUE
,949,32995,CBCOB 3,,,,,,,,,,,,,2025/2026 TITANS SECOND LEAGUE
167,949,32995,Zandré Nel,3031806,SINOVILLE 3,,SINOVILLE 3,5429,1,0,48,0,0,0,48,2025/2026 TITANS SECOND LEAGUE
,949,32995,SINOVILLE 3,,,,,,,,,,,,,2025/2026 TITANS SECOND LEAGUE
168,949,32995,Eugene Pelzer,6552298,IRENE VILLAGERS 3,,IRENE VILLAGERS 3,5427,1,0,48,0,0,0,48,2025/2026 TITANS SECOND LEAGUE
,949,32995,IRENE VILLAGERS 3,,,,,,,,,,,,,2025/2026 TITANS SECOND LEAGUE
169,949,32995,Puseletso Mogofe,6631979,TUKS 5,,TUKS 5,5430,1,8,39,0,0,0,47,2025/2026 TITANS SECOND LEAGUE
,949,32995,TUKS 5,,,,,,,,,,,,,2025/2026 TITANS SECOND LEAGUE
170,949,32995,Iwann Els,6299552,IRENE VILLAGERS 3,,IRENE VILLAGERS 3,5427,3,47,0,0,0,0,47,2025/2026 TITANS SECOND LEAGUE
,949,32995,IRENE VILLAGERS 3,,,,,,,,,,,,,2025/2026 TITANS SECOND LEAGUE
171,949,32995,Gerno Erasmus,6552364,SINOVILLE 3,,SINOVILLE 3,5429,1,37,0,8,0,0,45,2025/2026 TITANS SECOND LEAGUE
,949,32995,SINOVILLE 3,,,,,,,,,,,,,2025/2026 TITANS SECOND LEAGUE
172,949,32995,Justin Van Bassen,4673824,CBCOB 3,,CBCOB 3,5425,1,45,0,0,0,0,45,2025/2026 TITANS SECOND LEAGUE
,949,32995,CBCOB 3,,,,,,,,,,,,,2025/2026 TITANS SECOND LEAGUE
173,949,32995,Jaco Fourie,4688790,PHSOB 3,,PHSOB 3,5428,1,17,27,0,0,0,44,2025/2026 TITANS SECOND LEAGUE
,949,32995,PHSOB 3,,,,,,,,,,,,,2025/2026 TITANS SECOND LEAGUE
174,949,32995,Gerhard Batt,6299553,SINOVILLE 3,,SINOVILLE 3,5429,3,46,-2,0,0,0,44,2025/2026 TITANS SECOND LEAGUE
,949,32995,SINOVILLE 3,,,,,,,,,,,,,2025/2026 TITANS SECOND LEAGUE
175,949,32995,Altys Cbc,6613298,CBCOB 3,,CBCOB 3,5425,1,4,39,0,0,0,43,2025/2026 TITANS SECOND LEAGUE
,949,32995,CBCOB 3,,,,,,,,,,,,,2025/2026 TITANS SECOND LEAGUE
176,949,32995,Christo Swanepoel,2936900,PHSOB 3,,PHSOB 3,5428,3,50,-18,8,0,0,40,2025/2026 TITANS SECOND LEAGUE
,949,32995,PHSOB 3,,,,,,,,,,,,,2025/2026 TITANS SECOND LEAGUE
177,949,32995,Austin Prins,6590932,IRENE VILLAGERS 4,,IRENE VILLAGERS 4,5432,1,2,37,0,0,0,39,2025/2026 TITANS SECOND LEAGUE
,949,32995,IRENE VILLAGERS 4,,,,,,,,,,,,,2025/2026 TITANS SECOND LEAGUE
178,949,32995,Arno La Cock,6631980,TUKS 5,,TUKS 5,5430,2,1,37,0,0,0,38,2025/2026 TITANS SECOND LEAGUE
,949,32995,TUKS 5,,,,,,,,,,,,,2025/2026 TITANS SECOND LEAGUE
179,949,32995,Nathan Fox,6358570,PHSOB 3,,PHSOB 3,5428,1,28,8,0,0,0,36,2025/2026 TITANS SECOND LEAGUE
,949,32995,PHSOB 3,,,,,,,,,,,,,2025/2026 TITANS SECOND LEAGUE
180,949,32995,Devin Almeida,6299636,TUT 3,,TUT 3,5431,2,9,27,0,0,0,36,2025/2026 TITANS SECOND LEAGUE
,949,32995,TUT 3,,,,,,,,,,,,,2025/2026 TITANS SECOND LEAGUE
181,949,32995,Dimitri Saunders,6552289,HARLEQUINS 3,,HARLEQUINS 3,5426,2,37,-2,0,0,0,35,2025/2026 TITANS SECOND LEAGUE
,949,32995,HARLEQUINS 3,,,,,,,,,,,,,2025/2026 TITANS SECOND LEAGUE
182,949,32995,Fredrik Strydom,6654203,PHSOB 3,,PHSOB 3,5428,1,33,2,0,0,0,35,2025/2026 TITANS SECOND LEAGUE
,949,32995,PHSOB 3,,,,,,,,,,,,,2025/2026 TITANS SECOND LEAGUE
183,949,32995,Paul Liddle,6355783,HARLEQUINS 3,,HARLEQUINS 3,5426,1,35,0,0,0,0,35,2025/2026 TITANS SECOND LEAGUE
,949,32995,HARLEQUINS 3,,,,,,,,,,,,,2025/2026 TITANS SECOND LEAGUE
184,949,32995,Rian Klopper,4769742,IRENE VILLAGERS 4,,IRENE VILLAGERS 4,5432,2,-1,27,8,0,0,34,2025/2026 TITANS SECOND LEAGUE
,949,32995,IRENE VILLAGERS 4,,,,,,,,,,,,,2025/2026 TITANS SECOND LEAGUE
185,949,32995,Henry Knell,6613294,HARLEQUINS 3,,HARLEQUINS 3,5426,1,5,29,0,0,0,34,2025/2026 TITANS SECOND LEAGUE
,949,32995,HARLEQUINS 3,,,,,,,,,,,,,2025/2026 TITANS SECOND LEAGUE
186,949,32995,Matthew Thurbon,2985834,IRENE VILLAGERS 4,,IRENE VILLAGERS 4,5432,4,17,0,16,0,0,33,2025/2026 TITANS SECOND LEAGUE
,949,32995,IRENE VILLAGERS 4,,,,,,,,,,,,,2025/2026 TITANS SECOND LEAGUE
187,949,32995,Gunter Geyer,2985804,IRENE VILLAGERS 3,,IRENE VILLAGERS 3,5427,1,3,29,0,0,0,32,2025/2026 TITANS SECOND LEAGUE
,949,32995,IRENE VILLAGERS 3,,,,,,,,,,,,,2025/2026 TITANS SECOND LEAGUE
188,949,32995,Ricardo Pretorius,6355784,SINOVILLE 3,,SINOVILLE 3,5429,1,-3,27,8,0,0,32,2025/2026 TITANS SECOND LEAGUE
,949,32995,SINOVILLE 3,,,,,,,,,,,,,2025/2026 TITANS SECOND LEAGUE
189,949,32995,Dylan Kotze,6299638,CBCOB 3,,CBCOB 3,5425,2,29,2,0,0,0,31,2025/2026 TITANS SECOND LEAGUE
,949,32995,CBCOB 3,,,,,,,,,,,,,2025/2026 TITANS SECOND LEAGUE
190,949,32995,Ruben Erasmus,6352785,SINOVILLE 3,,SINOVILLE 3,5429,4,25,-2,8,0,0,31,2025/2026 TITANS SECOND LEAGUE
,949,32995,SINOVILLE 3,,,,,,,,,,,,,2025/2026 TITANS SECOND LEAGUE
191,949,32995,Ryan Blyth,6592525,TUKS 5,,TUKS 5,5430,1,2,29,0,0,0,31,2025/2026 TITANS SECOND LEAGUE
,949,32995,TUKS 5,,,,,,,,,,,,,2025/2026 TITANS SECOND LEAGUE
192,949,32995,Christopher Bouwer,6654204,PHSOB 3,,PHSOB 3,5428,1,28,2,0,0,0,30,2025/2026 TITANS SECOND LEAGUE
,949,32995,PHSOB 3,,,,,,,,,,,,,2025/2026 TITANS SECOND LEAGUE
193,949,32995,Ian Dorfling,4063612,SINOVILLE 3,,SINOVILLE 3,5429,3,5,17,8,0,0,30,2025/2026 TITANS SECOND LEAGUE
,949,32995,SINOVILLE 3,,,,,,,,,,,,,2025/2026 TITANS SECOND LEAGUE
194,949,32995,Mbulelo Jimlongoe,6260222,PHSOB 3,,PHSOB 3,5428,1,30,0,0,0,0,30,2025/2026 TITANS SECOND LEAGUE
,949,32995,PHSOB 3,,,,,,,,,,,,,2025/2026 TITANS SECOND LEAGUE
195,949,32995,Jeandre Pfister,6390081,CBCOB 3,,CBCOB 3,5425,1,0,29,0,0,0,29,2025/2026 TITANS SECOND LEAGUE
,949,32995,CBCOB 3,,,,,,,,,,,,,2025/2026 TITANS SECOND LEAGUE
196,949,32995,Rohan Van Der Walt,6299643,CBCOB 3,,CBCOB 3,5425,4,-4,25,8,0,0,29,2025/2026 TITANS SECOND LEAGUE
,949,32995,CBCOB 3,,,,,,,,,,,,,2025/2026 TITANS SECOND LEAGUE
197,949,32995,Josua Marx,6336355,IRENE VILLAGERS 3,,IRENE VILLAGERS 3,5427,2,2,27,0,0,0,29,2025/2026 TITANS SECOND LEAGUE
,949,32995,IRENE VILLAGERS 3,,,,,,,,,,,,,2025/2026 TITANS SECOND LEAGUE
198,949,32995,Gerhard Bezuidenhout,6570586,PHSOB 3,,PHSOB 3,5428,1,0,21,8,0,0,29,2025/2026 TITANS SECOND LEAGUE
,949,32995,PHSOB 3,,,,,,,,,,,,,2025/2026 TITANS SECOND LEAGUE
199,949,32995,Andre Schoombee,3772084,SINOVILLE 3,,SINOVILLE 3,5429,1,1,27,0,0,0,28,2025/2026 TITANS SECOND LEAGUE
,949,32995,SINOVILLE 3,,,,,,,,,,,,,2025/2026 TITANS SECOND LEAGUE
200,949,32995,Owen Louwies,6299641,CBCOB 3,,CBCOB 3,5425,1,28,0,0,0,0,28,2025/2026 TITANS SECOND LEAGUE
,949,32995,CBCOB 3,,,,,,,,,,,,,2025/2026 TITANS SECOND LEAGUE
1,790,32995,Johan Nel,4655263,TUKS 5,,TUKS 5,4558,8,550,120,90,100,4,860,2024 Titans Second League
,790,32995,TUKS 5,,,,,,,,,,,,,2024 Titans Second League
2,790,32995,Tiaan Engelbrecht,2936837,TUKS 5,,TUKS 5,4558,13,268,475,58,50,2,851,2024 Titans Second League
,790,32995,TUKS 5,,,,,,,,,,,,,2024 Titans Second League
3,790,32995,Martin Van Tonder,2840539,TUKS 5,,TUKS 5,4558,13,177,384,32,25,1,618,2024 Titans Second League
,790,32995,TUKS 5,,,,,,,,,,,,,2024 Titans Second League
4,790,32995,Nevada Jacobs,4673820,CBCOB 3,,CBCOB 3,4552,8,14,515,40,25,1,594,2024 Titans Second League
,790,32995,CBCOB 3,,,,,,,,,,,,,2024 Titans Second League
5,790,32995,Christian Strydom,2936847,TUKS 5,,TUKS 5,4558,10,116,405,40,25,1,586,2024 Titans Second League
,790,32995,TUKS 5,,,,,,,,,,,,,2024 Titans Second League
6,790,32995,Rigardt Saaiman,3729566,CBCOB 3,,CBCOB 3,4552,9,84,415,32,25,1,556,2024 Titans Second League
,790,32995,CBCOB 3,,,,,,,,,,,,,2024 Titans Second League
7,790,32995,Donovan du Toit,3713457,TUKS 5,,TUKS 5,4558,11,187,197,74,25,1,483,2024 Titans Second League
,790,32995,TUKS 5,,,,,,,,,,,,,2024 Titans Second League
8,790,32995,Elro Grobeler,4655709,IRENE VILLAGERS 3,,IRENE VILLAGERS 3,4554,5,250,208,0,25,1,483,2024 Titans Second League
,790,32995,IRENE VILLAGERS 3,,,,,,,,,,,,,2024 Titans Second League
9,790,32995,Piet Botha,4063611,SINOVILLE 3,,SINOVILLE 3,4556,4,113,299,36,25,1,473,2024 Titans Second League
,790,32995,SINOVILLE 3,,,,,,,,,,,,,2024 Titans Second League
10,790,32995,Stanley Fabri,3056139,SINOVILLE 4,,SINOVILLE 4,4557,10,120,298,52,0,0,470,2024 Titans Second League
,790,32995,SINOVILLE 4,,,,,,,,,,,,,2024 Titans Second League
11,790,32995,Johan Broekman,4756705,IRENE VILLAGERS 3,,IRENE VILLAGERS 3,4554,7,356,63,20,25,1,464,2024 Titans Second League
,790,32995,IRENE VILLAGERS 3,,,,,,,,,,,,,2024 Titans Second League
12,790,32995,Riccardo Oosthuizen,2936842,TUKS 5,,TUKS 5,4558,10,215,199,30,0,0,444,2024 Titans Second League
,790,32995,TUKS 5,,,,,,,,,,,,,2024 Titans Second League
13,790,32995,Paul Gouws,3056110,CBCOB 3,,CBCOB 3,4552,5,429,-1,16,0,0,444,2024 Titans Second League
,790,32995,CBCOB 3,,,,,,,,,,,,,2024 Titans Second League
14,790,32995,Jacques Van Rooyen,3795662,IRENE VILLAGERS 3,,IRENE VILLAGERS 3,4554,8,60,350,24,0,0,434,2024 Titans Second League
,790,32995,IRENE VILLAGERS 3,,,,,,,,,,,,,2024 Titans Second League
15,790,32995,Elgun Boecker,4702810,IRENE VILLAGERS 3,,IRENE VILLAGERS 3,4554,9,105,301,24,0,0,430,2024 Titans Second League
,790,32995,IRENE VILLAGERS 3,,,,,,,,,,,,,2024 Titans Second League
16,790,32995,Hendre Du toit,2987477,SINOVILLE 3,,SINOVILLE 3,4556,7,140,235,52,0,0,427,2024 Titans Second League
,790,32995,SINOVILLE 3,,,,,,,,,,,,,2024 Titans Second League
17,790,32995,Brian Kershaw,4688792,PHSOB 3,,PHSOB 3,4555,3,107,311,0,0,0,418,2024 Titans Second League
,790,32995,PHSOB 3,,,,,,,,,,,,,2024 Titans Second League
18,790,32995,Franco Schmidt,4673821,CBCOB 3,,CBCOB 3,4552,6,303,86,8,0,0,397,2024 Titans Second League
,790,32995,CBCOB 3,,,,,,,,,,,,,2024 Titans Second League
19,790,32995,Gerhard Swanepoel,3713453,IRENE VILLAGERS 3,,IRENE VILLAGERS 3,4554,7,281,0,76,25,1,382,2024 Titans Second League
,790,32995,IRENE VILLAGERS 3,,,,,,,,,,,,,2024 Titans Second League
20,790,32995,Piet Botha,4198490,SINOVILLE 4,,SINOVILLE 4,4557,3,4,306,16,50,2,376,2024 Titans Second League
,790,32995,SINOVILLE 4,,,,,,,,,,,,,2024 Titans Second League
21,790,32995,Ettienne Tait,2939149,HARLEQUINS 3,,HARLEQUINS 3,4553,3,129,215,0,25,1,369,2024 Titans Second League
,790,32995,HARLEQUINS 3,,,,,,,,,,,,,2024 Titans Second League
22,790,32995,Andre Kruyshaar,3772081,SINOVILLE 3,,SINOVILLE 3,4556,6,171,168,16,0,0,355,2024 Titans Second League
,790,32995,SINOVILLE 3,,,,,,,,,,,,,2024 Titans Second League
23,790,32995,Matt Vd Mescht,4702807,IRENE VILLAGERS 3,,IRENE VILLAGERS 3,4554,4,189,102,24,25,1,340,2024 Titans Second League
,790,32995,IRENE VILLAGERS 3,,,,,,,,,,,,,2024 Titans Second League
24,790,32995,Nico de Bruyn,3180581,TUKS 5,,TUKS 5,4558,9,120,196,24,0,0,340,2024 Titans Second League
,790,32995,TUKS 5,,,,,,,,,,,,,2024 Titans Second League
25,790,32995,Marcel Cilliers,3713449,IRENE VILLAGERS 3,,IRENE VILLAGERS 3,4554,8,291,0,16,25,1,332,2024 Titans Second League
,790,32995,IRENE VILLAGERS 3,,,,,,,,,,,,,2024 Titans Second League
26,790,32995,Elandré van den Berg,3713456,TUKS 5,,TUKS 5,4558,8,-2,312,16,0,0,326,2024 Titans Second League
,790,32995,TUKS 5,,,,,,,,,,,,,2024 Titans Second League
27,790,32995,Nico Minnaar,3713344,TUT 3,,TUT 3,4559,3,30,263,32,0,0,325,2024 Titans Second League
,790,32995,TUT 3,,,,,,,,,,,,,2024 Titans Second League
28,790,32995,Ludwig Erasmus,4673573,SINOVILLE 3,,SINOVILLE 3,4556,7,247,0,68,0,0,315,2024 Titans Second League
,790,32995,SINOVILLE 3,,,,,,,,,,,,,2024 Titans Second League
29,790,32995,Chris Coetzee,3719304,CENTURION KAVALIERS 3,,CENTURION KAVALIERS 3,4560,4,178,124,8,0,0,310,2024 Titans Second League
,790,32995,CENTURION KAVALIERS 3,,,,,,,,,,,,,2024 Titans Second League
30,790,32995,Pieter Roos,2939189,HARLEQUINS 3,,HARLEQUINS 3,4553,8,162,74,36,25,1,297,2024 Titans Second League
,790,32995,HARLEQUINS 3,,,,,,,,,,,,,2024 Titans Second League
31,790,32995,Lehlohonolo Moshoati,3266899,TUKS 5,,TUKS 5,4558,4,142,120,28,0,0,290,2024 Titans Second League
,790,32995,TUKS 5,,,,,,,,,,,,,2024 Titans Second League
32,790,32995,Berno Klopper,3180553,SINOVILLE 3,,SINOVILLE 3,4556,7,215,39,30,0,0,284,2024 Titans Second League
,790,32995,SINOVILLE 3,,,,,,,,,,,,,2024 Titans Second League
33,790,32995,James Van der merwe,4892050,SINOVILLE 4,,SINOVILLE 4,4557,2,52,204,0,25,1,281,2024 Titans Second League
,790,32995,SINOVILLE 4,,,,,,,,,,,,,2024 Titans Second League
34,790,32995,Charl Prinsloo,3018226,TUT 3,,TUT 3,4559,3,238,0,16,25,1,279,2024 Titans Second League
,790,32995,TUT 3,,,,,,,,,,,,,2024 Titans Second League
35,790,32995,Wayne Scott,3056109,CBCOB 3,,CBCOB 3,4552,2,231,0,8,25,1,264,2024 Titans Second League
,790,32995,CBCOB 3,,,,,,,,,,,,,2024 Titans Second League
36,790,32995,Simion Muller,3783164,CBCOB 3,,CBCOB 3,4552,1,159,70,8,25,1,262,2024 Titans Second League
,790,32995,CBCOB 3,,,,,,,,,,,,,2024 Titans Second League
37,790,32995,Divan Potgieter,4673570,TUT 3,,TUT 3,4559,3,-2,252,8,0,0,258,2024 Titans Second League
,790,32995,TUT 3,,,,,,,,,,,,,2024 Titans Second League
38,790,32995,Wendell Plaatjies,4673818,CBCOB 3,,CBCOB 3,4552,7,130,111,12,0,0,253,2024 Titans Second League
,790,32995,CBCOB 3,,,,,,,,,,,,,2024 Titans Second League
39,790,32995,Adriaan Venter,3673677,CBCOB 3,,CBCOB 3,4552,4,230,20,0,0,0,250,2024 Titans Second League
,790,32995,CBCOB 3,,,,,,,,,,,,,2024 Titans Second League
40,790,32995,Jaydwin Venske,3031828,CENTURION KAVALIERS 3,,CENTURION KAVALIERS 3,4560,3,129,111,8,0,0,248,2024 Titans Second League
,790,32995,CENTURION KAVALIERS 3,,,,,,,,,,,,,2024 Titans Second League
41,790,32995,Lessego Teffo,4196334,HARLEQUINS 3,,HARLEQUINS 3,4553,4,208,27,12,0,0,247,2024 Titans Second League
,790,32995,HARLEQUINS 3,,,,,,,,,,,,,2024 Titans Second League
42,790,32995,Gunter Geyer,4655258,IRENE VILLAGERS 3,,IRENE VILLAGERS 3,4554,3,139,95,8,0,0,242,2024 Titans Second League
,790,32995,IRENE VILLAGERS 3,,,,,,,,,,,,,2024 Titans Second League
43,790,32995,David Fourie,3018346,CBCOB 3,,CBCOB 3,4552,6,217,0,24,0,0,241,2024 Titans Second League
,790,32995,CBCOB 3,,,,,,,,,,,,,2024 Titans Second League
44,790,32995,Kai Trumplemann,4691512,CBCOB 3,,CBCOB 3,4552,2,43,195,0,0,0,238,2024 Titans Second League
,790,32995,CBCOB 3,,,,,,,,,,,,,2024 Titans Second League
45,790,32995,Wiehan Nel,2936753,SINOVILLE 3,,SINOVILLE 3,4556,4,154,63,16,0,0,233,2024 Titans Second League
,790,32995,SINOVILLE 3,,,,,,,,,,,,,2024 Titans Second League
46,790,32995,Neil Jansen,4655262,IRENE VILLAGERS 3,,IRENE VILLAGERS 3,4554,3,24,165,40,0,0,229,2024 Titans Second League
,790,32995,IRENE VILLAGERS 3,,,,,,,,,,,,,2024 Titans Second League
47,790,32995,Jaden Beukes,3783165,CBCOB 3,,CBCOB 3,4552,4,22,198,8,0,0,228,2024 Titans Second League
,790,32995,CBCOB 3,,,,,,,,,,,,,2024 Titans Second League
48,790,32995,Dewald Van Der Walt,3276817,HARLEQUINS 3,,HARLEQUINS 3,4553,6,2,225,0,0,0,227,2024 Titans Second League
,790,32995,HARLEQUINS 3,,,,,,,,,,,,,2024 Titans Second League
49,790,32995,James van der Merwe,5000388,SINOVILLE 3,,SINOVILLE 3,4556,1,115,65,20,25,1,225,2024 Titans Second League
,790,32995,SINOVILLE 3,,,,,,,,,,,,,2024 Titans Second League
50,790,32995,Regan Pruss,3713341,PHSOB 3,,PHSOB 3,4555,2,19,201,0,0,0,220,2024 Titans Second League
,790,32995,PHSOB 3,,,,,,,,,,,,,2024 Titans Second League
51,790,32995,Reinhardt Engler,4673827,HARLEQUINS 3,,HARLEQUINS 3,4553,1,164,25,0,25,1,214,2024 Titans Second League
,790,32995,HARLEQUINS 3,,,,,,,,,,,,,2024 Titans Second League
52,790,32995,Luke Cannata,4704974,CENTURION KAVALIERS 3,,CENTURION KAVALIERS 3,4560,3,22,175,16,0,0,213,2024 Titans Second League
,790,32995,CENTURION KAVALIERS 3,,,,,,,,,,,,,2024 Titans Second League
53,790,32995,Cecil Chitaka,3255253,TUKS 5,,TUKS 5,4558,1,95,90,0,25,1,210,2024 Titans Second League
,790,32995,TUKS 5,,,,,,,,,,,,,2024 Titans Second League
54,790,32995,Dewald Basson,3018234,TUT 3,,TUT 3,4559,3,0,177,24,0,0,201,2024 Titans Second League
,790,32995,TUT 3,,,,,,,,,,,,,2024 Titans Second League
55,790,32995,Stefan Strydom,2985833,IRENE VILLAGERS 3,,IRENE VILLAGERS 3,4554,3,197,0,0,0,0,197,2024 Titans Second League
,790,32995,IRENE VILLAGERS 3,,,,,,,,,,,,,2024 Titans Second League
56,790,32995,Stefan Grobler,3018230,TUT 3,,TUT 3,4559,4,77,99,16,0,0,192,2024 Titans Second League
,790,32995,TUT 3,,,,,,,,,,,,,2024 Titans Second League
57,790,32995,Andre Kruyshaar,3795248,SINOVILLE 4,,SINOVILLE 4,4557,5,23,117,52,0,0,192,2024 Titans Second League
,790,32995,SINOVILLE 4,,,,,,,,,,,,,2024 Titans Second League
58,790,32995,Gunter Geyer,2985804,IRENE VILLAGERS 3,,IRENE VILLAGERS 3,4554,2,96,84,8,0,0,188,2024 Titans Second League
,790,32995,IRENE VILLAGERS 3,,,,,,,,,,,,,2024 Titans Second League
59,790,32995,Henre Quins,4878344,HARLEQUINS 3,,HARLEQUINS 3,4553,4,98,79,8,0,0,185,2024 Titans Second League
,790,32995,HARLEQUINS 3,,,,,,,,,,,,,2024 Titans Second League
60,790,32995,Gerhard De Bruin,2936835,TUKS 5,,TUKS 5,4558,5,36,131,16,0,0,183,2024 Titans Second League
,790,32995,TUKS 5,,,,,,,,,,,,,2024 Titans Second League
61,790,32995,Riaan Davel,3163488,SINOVILLE 4,,SINOVILLE 4,4557,2,0,172,8,0,0,180,2024 Titans Second League
,790,32995,SINOVILLE 4,,,,,,,,,,,,,2024 Titans Second League
62,790,32995,Christie Klopper,3772083,SINOVILLE 3,,SINOVILLE 3,4556,4,146,0,8,25,1,179,2024 Titans Second League
,790,32995,SINOVILLE 3,,,,,,,,,,,,,2024 Titans Second League
63,790,32995,Tshepo Molite,4892046,IRENE VILLAGERS 3,,IRENE VILLAGERS 3,4554,1,35,108,36,0,0,179,2024 Titans Second League
,790,32995,IRENE VILLAGERS 3,,,,,,,,,,,,,2024 Titans Second League
64,790,32995,Chris Klopper,4756702,IRENE VILLAGERS 3,,IRENE VILLAGERS 3,4554,3,-1,177,0,0,0,176,2024 Titans Second League
,790,32995,IRENE VILLAGERS 3,,,,,,,,,,,,,2024 Titans Second League
65,790,32995,Riaan Davel,4715815,SINOVILLE 4,,SINOVILLE 4,4557,1,98,42,8,25,1,173,2024 Titans Second League
,790,32995,SINOVILLE 4,,,,,,,,,,,,,2024 Titans Second League
66,790,32995,Hendrik Ferreira,4891854,TUT 3,,TUT 3,4559,2,39,109,0,25,1,173,2024 Titans Second League
,790,32995,TUT 3,,,,,,,,,,,,,2024 Titans Second League
67,790,32995,Ruan Venter,4673574,SINOVILLE 3,,SINOVILLE 3,4556,5,50,113,0,0,0,163,2024 Titans Second League
,790,32995,SINOVILLE 3,,,,,,,,,,,,,2024 Titans Second League
68,790,32995,Ruan Venter,4715814,SINOVILLE 4,,SINOVILLE 4,4557,4,81,70,8,0,0,159,2024 Titans Second League
,790,32995,SINOVILLE 4,,,,,,,,,,,,,2024 Titans Second League
69,790,32995,Thuto Scheepers,4704972,CENTURION KAVALIERS 3,,CENTURION KAVALIERS 3,4560,1,91,67,0,0,0,158,2024 Titans Second League
,790,32995,CENTURION KAVALIERS 3,,,,,,,,,,,,,2024 Titans Second League
70,790,32995,Albert Myburgh,4024779,IRENE VILLAGERS 3,,IRENE VILLAGERS 3,4554,7,91,35,32,0,0,158,2024 Titans Second League
,790,32995,IRENE VILLAGERS 3,,,,,,,,,,,,,2024 Titans Second League
71,790,32995,Andre Van wyk,3266939,TUKS 5,,TUKS 5,4558,10,3,137,16,0,0,156,2024 Titans Second League
,790,32995,TUKS 5,,,,,,,,,,,,,2024 Titans Second League
72,790,32995,Wali Vayani,4702809,IRENE VILLAGERS 3,,IRENE VILLAGERS 3,4554,1,156,0,0,0,0,156,2024 Titans Second League
,790,32995,IRENE VILLAGERS 3,,,,,,,,,,,,,2024 Titans Second League
73,790,32995,Casey Nicholsan,4729870,HARLEQUINS 3,,HARLEQUINS 3,4553,2,150,0,0,0,0,150,2024 Titans Second League
,790,32995,HARLEQUINS 3,,,,,,,,,,,,,2024 Titans Second League
74,790,32995,Tyler Miller,3729934,IRENE VILLAGERS 3,,IRENE VILLAGERS 3,4554,4,61,88,0,0,0,149,2024 Titans Second League
,790,32995,IRENE VILLAGERS 3,,,,,,,,,,,,,2024 Titans Second League
75,790,32995,Justin Van Bassen,4673824,CBCOB 3,,CBCOB 3,4552,4,27,96,24,0,0,147,2024 Titans Second League
,790,32995,CBCOB 3,,,,,,,,,,,,,2024 Titans Second League
76,790,32995,Sellin de Beer,4715786,PHSOB 3,,PHSOB 3,4555,2,51,92,0,0,0,143,2024 Titans Second League
,790,32995,PHSOB 3,,,,,,,,,,,,,2024 Titans Second League
77,790,32995,Shaanthen Thumbiran,4854734,IRENE VILLAGERS 3,,IRENE VILLAGERS 3,4554,4,4,138,0,0,0,142,2024 Titans Second League
,790,32995,IRENE VILLAGERS 3,,,,,,,,,,,,,2024 Titans Second League
78,790,32995,Gerrie Viljoen,3015413,IRENE VILLAGERS 3,,IRENE VILLAGERS 3,4554,2,-1,122,16,0,0,137,2024 Titans Second League
,790,32995,IRENE VILLAGERS 3,,,,,,,,,,,,,2024 Titans Second League
79,790,32995,Johan Feute,4729909,SINOVILLE 3,,SINOVILLE 3,4556,2,53,67,16,0,0,136,2024 Titans Second League
,790,32995,SINOVILLE 3,,,,,,,,,,,,,2024 Titans Second League
80,790,32995,Robert de Villiers,4729852,CENTURION KAVALIERS 3,,CENTURION KAVALIERS 3,4560,3,114,0,20,0,0,134,2024 Titans Second League
,790,32995,CENTURION KAVALIERS 3,,,,,,,,,,,,,2024 Titans Second League
81,790,32995,Dylan van Wyk,3277436,SINOVILLE 3,,SINOVILLE 3,4556,1,7,110,16,0,0,133,2024 Titans Second League
,790,32995,SINOVILLE 3,,,,,,,,,,,,,2024 Titans Second League
82,790,32995,Christo Swanepoel,3299532,PHSOB 4,,PHSOB 4,4561,1,84,40,8,0,0,132,2024 Titans Second League
,790,32995,PHSOB 4,,,,,,,,,,,,,2024 Titans Second League
83,790,32995,Alec Jordaan,4715851,CBCOB 3,,CBCOB 3,4552,4,19,81,32,0,0,132,2024 Titans Second League
,790,32995,CBCOB 3,,,,,,,,,,,,,2024 Titans Second League
84,790,32995,Leon Smith,4673571,TUT 3,,TUT 3,4559,4,60,70,0,0,0,130,2024 Titans Second League
,790,32995,TUT 3,,,,,,,,,,,,,2024 Titans Second League
85,790,32995,Oliver Beaclerk,4729876,HARLEQUINS 3,,HARLEQUINS 3,4553,3,14,94,20,0,0,128,2024 Titans Second League
,790,32995,HARLEQUINS 3,,,,,,,,,,,,,2024 Titans Second League
86,790,32995,Duval Smith,4673572,TUT 3,,TUT 3,4559,3,128,0,0,0,0,128,2024 Titans Second League
,790,32995,TUT 3,,,,,,,,,,,,,2024 Titans Second League
87,790,32995,Ludwig Erasmus,4702802,SINOVILLE 4,,SINOVILLE 4,4557,3,100,0,24,0,0,124,2024 Titans Second League
,790,32995,SINOVILLE 4,,,,,,,,,,,,,2024 Titans Second League
88,790,32995,Jody Buys,4729873,HARLEQUINS 3,,HARLEQUINS 3,4553,5,58,45,20,0,0,123,2024 Titans Second League
,790,32995,HARLEQUINS 3,,,,,,,,,,,,,2024 Titans Second League
89,790,32995,Johanco Faihst,3255252,TUKS 5,,TUKS 5,4558,1,99,22,0,0,0,121,2024 Titans Second League
,790,32995,TUKS 5,,,,,,,,,,,,,2024 Titans Second League
90,790,32995,Francois Mostert,5023418,PHSOB 3,,PHSOB 3,4555,1,49,72,0,0,0,121,2024 Titans Second League
,790,32995,PHSOB 3,,,,,,,,,,,,,2024 Titans Second League
91,790,32995,Nico Kruger,2936834,TUKS 5,,TUKS 5,4558,2,27,93,0,0,0,120,2024 Titans Second League
,790,32995,TUKS 5,,,,,,,,,,,,,2024 Titans Second League
92,790,32995,Travis Joshua,3783171,HARLEQUINS 3,,HARLEQUINS 3,4553,3,14,97,8,0,0,119,2024 Titans Second League
,790,32995,HARLEQUINS 3,,,,,,,,,,,,,2024 Titans Second League
93,790,32995,Ryan Kruger,2698181,SINOVILLE 4,,SINOVILLE 4,4557,2,106,0,12,0,0,118,2024 Titans Second League
,790,32995,SINOVILLE 4,,,,,,,,,,,,,2024 Titans Second League
94,790,32995,Babonke Twetwa,3080703,CENTURION KAVALIERS 3,,CENTURION KAVALIERS 3,4560,4,33,84,0,0,0,117,2024 Titans Second League
,790,32995,CENTURION KAVALIERS 3,,,,,,,,,,,,,2024 Titans Second League
95,790,32995,Jock de Jager,4165762,TUKS 5,,TUKS 5,4558,3,44,73,0,0,0,117,2024 Titans Second League
,790,32995,TUKS 5,,,,,,,,,,,,,2024 Titans Second League
96,790,32995,Tihardt Kruger,3242942,TUKS 5,,TUKS 5,4558,5,39,69,8,0,0,116,2024 Titans Second League
,790,32995,TUKS 5,,,,,,,,,,,,,2024 Titans Second League
97,790,32995,Acelan Pruss,4655260,IRENE VILLAGERS 3,,IRENE VILLAGERS 3,4554,2,28,72,8,0,0,108,2024 Titans Second League
,790,32995,IRENE VILLAGERS 3,,,,,,,,,,,,,2024 Titans Second League
98,790,32995,Benjamin Cronje,4702808,IRENE VILLAGERS 3,,IRENE VILLAGERS 3,4554,2,38,62,8,0,0,108,2024 Titans Second League
,790,32995,IRENE VILLAGERS 3,,,,,,,,,,,,,2024 Titans Second League
99,790,32995,Janu Olivier,4973941,SINOVILLE 3,,SINOVILLE 3,4556,3,1,103,0,0,0,104,2024 Titans Second League
,790,32995,SINOVILLE 3,,,,,,,,,,,,,2024 Titans Second League
100,790,32995,Burgert Kloppers,4742888,PHSOB 3,,PHSOB 3,4555,2,-1,105,0,0,0,104,2024 Titans Second League
,790,32995,PHSOB 3,,,,,,,,,,,,,2024 Titans Second League
101,790,32995,Calyle Stolze,4896935,HARLEQUINS 3,,HARLEQUINS 3,4553,3,30,66,8,0,0,104,2024 Titans Second League
,790,32995,HARLEQUINS 3,,,,,,,,,,,,,2024 Titans Second League
102,790,32995,Steyn Niemand,4116052,HARLEQUINS 3,,HARLEQUINS 3,4553,2,75,0,28,0,0,103,2024 Titans Second League
,790,32995,HARLEQUINS 3,,,,,,,,,,,,,2024 Titans Second League
103,790,32995,Jeandre Roux,3018228,TUT 3,,TUT 3,4559,3,93,0,8,0,0,101,2024 Titans Second League
,790,32995,TUT 3,,,,,,,,,,,,,2024 Titans Second League
104,790,32995,JJ Du Toit,3226765,SINOVILLE 4,,SINOVILLE 4,4557,1,13,80,8,0,0,101,2024 Titans Second League
,790,32995,SINOVILLE 4,,,,,,,,,,,,,2024 Titans Second League
105,790,32995,Matt Collett,4081460,PHSOB 3,,PHSOB 3,4555,1,81,20,0,0,0,101,2024 Titans Second League
,790,32995,PHSOB 3,,,,,,,,,,,,,2024 Titans Second League
106,790,32995,Jayden Potgieter,4854735,CENTURION KAVALIERS 3,,CENTURION KAVALIERS 3,4560,2,94,5,0,0,0,99,2024 Titans Second League
,790,32995,CENTURION KAVALIERS 3,,,,,,,,,,,,,2024 Titans Second League
107,790,32995,David Diemont,4630530,HARLEQUINS 3,,HARLEQUINS 3,4553,1,97,0,0,0,0,97,2024 Titans Second League
,790,32995,HARLEQUINS 3,,,,,,,,,,,,,2024 Titans Second League
108,790,32995,Pieter Oosthuizen,4063614,SINOVILLE 3,,SINOVILLE 3,4556,5,0,88,8,0,0,96,2024 Titans Second League
,790,32995,SINOVILLE 3,,,,,,,,,,,,,2024 Titans Second League
109,790,32995,Divan Cilliers,3713448,IRENE VILLAGERS 3,,IRENE VILLAGERS 3,4554,9,77,2,16,0,0,95,2024 Titans Second League
,790,32995,IRENE VILLAGERS 3,,,,,,,,,,,,,2024 Titans Second League
110,790,32995,Dewald Dummon,4715787,PHSOB 3,,PHSOB 3,4555,1,0,95,0,0,0,95,2024 Titans Second League
,790,32995,PHSOB 3,,,,,,,,,,,,,2024 Titans Second League
111,790,32995,Johan van Antwerpen,4673543,PHSOB 4,,PHSOB 4,4561,1,27,67,0,0,0,94,2024 Titans Second League
,790,32995,PHSOB 4,,,,,,,,,,,,,2024 Titans Second League
112,790,32995,Jaco CBC,4046234,CBCOB 3,,CBCOB 3,4552,1,20,63,8,0,0,91,2024 Titans Second League
,790,32995,CBCOB 3,,,,,,,,,,,,,2024 Titans Second League
113,790,32995,Johan Van Antwerpen,4688793,PHSOB 3,,PHSOB 3,4555,2,91,0,0,0,0,91,2024 Titans Second League
,790,32995,PHSOB 3,,,,,,,,,,,,,2024 Titans Second League
114,790,32995,Stefan Olivier,3729935,TUT 3,,TUT 3,4559,2,82,0,8,0,0,90,2024 Titans Second League
,790,32995,TUT 3,,,,,,,,,,,,,2024 Titans Second League
115,790,32995,Zadian Cbc3,4874626,CBCOB 3,,CBCOB 3,4552,1,54,22,12,0,0,88,2024 Titans Second League
,790,32995,CBCOB 3,,,,,,,,,,,,,2024 Titans Second League
116,790,32995,Pieter Jansen van rensburg,4704969,SINOVILLE 3,,SINOVILLE 3,4556,2,61,27,0,0,0,88,2024 Titans Second League
,790,32995,SINOVILLE 3,,,,,,,,,,,,,2024 Titans Second League
117,790,32995,Mike Hartman,5000468,HARLEQUINS 3,,HARLEQUINS 3,4553,2,63,25,0,0,0,88,2024 Titans Second League
,790,32995,HARLEQUINS 3,,,,,,,,,,,,,2024 Titans Second League
118,790,32995,Marco Rudolph,3229694,SINOVILLE 3,,SINOVILLE 3,4556,1,87,0,0,0,0,87,2024 Titans Second League
,790,32995,SINOVILLE 3,,,,,,,,,,,,,2024 Titans Second League
119,790,32995,Tiaan Borman,3772082,SINOVILLE 3,,SINOVILLE 3,4556,1,20,67,0,0,0,87,2024 Titans Second League
,790,32995,SINOVILLE 3,,,,,,,,,,,,,2024 Titans Second League
120,790,32995,Callen Stephen,3782749,PHSOB 3,,PHSOB 3,4555,3,78,0,8,0,0,86,2024 Titans Second League
,790,32995,PHSOB 3,,,,,,,,,,,,,2024 Titans Second League
121,790,32995,Juan Human,4673828,HARLEQUINS 3,,HARLEQUINS 3,4553,4,66,-4,24,0,0,86,2024 Titans Second League
,790,32995,HARLEQUINS 3,,,,,,,,,,,,,2024 Titans Second League
122,790,32995,Reghardt Smit,4691513,CBCOB 3,,CBCOB 3,4552,1,1,85,0,0,0,86,2024 Titans Second League
,790,32995,CBCOB 3,,,,,,,,,,,,,2024 Titans Second League
123,790,32995,Mathys Schoeman,4892049,SINOVILLE 4,,SINOVILLE 4,4557,1,82,0,0,0,0,82,2024 Titans Second League
,790,32995,SINOVILLE 4,,,,,,,,,,,,,2024 Titans Second League
124,790,32995,Hennie Snr Smit,4877006,SINOVILLE 4,,SINOVILLE 4,4557,1,82,0,0,0,0,82,2024 Titans Second League
,790,32995,SINOVILLE 4,,,,,,,,,,,,,2024 Titans Second League
125,790,32995,JEANDRE Du Bruyn,4891852,TUT 3,,TUT 3,4559,1,1,72,8,0,0,81,2024 Titans Second League
,790,32995,TUT 3,,,,,,,,,,,,,2024 Titans Second League
126,790,32995,Tyler Lockhart,4742892,PHSOB 3,,PHSOB 3,4555,1,14,67,0,0,0,81,2024 Titans Second League
,790,32995,PHSOB 3,,,,,,,,,,,,,2024 Titans Second League
127,790,32995,Yatin Koul,4081459,PHSOB 3,,PHSOB 3,4555,1,31,50,0,0,0,81,2024 Titans Second League
,790,32995,PHSOB 3,,,,,,,,,,,,,2024 Titans Second League
128,790,32995,Brian Kershaw,4673539,PHSOB 4,,PHSOB 4,4561,1,32,48,0,0,0,80,2024 Titans Second League
,790,32995,PHSOB 4,,,,,,,,,,,,,2024 Titans Second League
129,790,32995,Johan Pretorius,3255251,TUKS 5,,TUKS 5,4558,5,75,-1,0,0,0,74,2024 Titans Second League
,790,32995,TUKS 5,,,,,,,,,,,,,2024 Titans Second League
130,790,32995,Wessel Herbst,3783166,CBCOB 3,,CBCOB 3,4552,2,-2,68,8,0,0,74,2024 Titans Second League
,790,32995,CBCOB 3,,,,,,,,,,,,,2024 Titans Second League
131,790,32995,Khumo Tihocela,4973939,HARLEQUINS 3,,HARLEQUINS 3,4553,1,2,72,0,0,0,74,2024 Titans Second League
,790,32995,HARLEQUINS 3,,,,,,,,,,,,,2024 Titans Second League
132,790,32995,Barend Pelser,4854733,IRENE VILLAGERS 3,,IRENE VILLAGERS 3,4554,2,-2,75,0,0,0,73,2024 Titans Second League
,790,32995,IRENE VILLAGERS 3,,,,,,,,,,,,,2024 Titans Second League
133,790,32995,Heinrich Maraldo,3031835,CENTURION KAVALIERS 3,,CENTURION KAVALIERS 3,4560,3,7,66,0,0,0,73,2024 Titans Second League
,790,32995,CENTURION KAVALIERS 3,,,,,,,,,,,,,2024 Titans Second League
134,790,32995,Vuks Bamuza,5000466,HARLEQUINS 3,,HARLEQUINS 3,4553,1,38,27,8,0,0,73,2024 Titans Second League
,790,32995,HARLEQUINS 3,,,,,,,,,,,,,2024 Titans Second League
135,790,32995,Keaton Steenkamp,2944947,SINOVILLE 4,,SINOVILLE 4,4557,1,64,7,0,0,0,71,2024 Titans Second League
,790,32995,SINOVILLE 4,,,,,,,,,,,,,2024 Titans Second League
136,790,32995,Andre Schoombee,3772961,SINOVILLE 3,,SINOVILLE 3,4556,3,5,58,8,0,0,71,2024 Titans Second League
,790,32995,SINOVILLE 3,,,,,,,,,,,,,2024 Titans Second League
137,790,32995,Jaydon Blom,4756761,SINOVILLE 3,,SINOVILLE 3,4556,1,1,70,0,0,0,71,2024 Titans Second League
,790,32995,SINOVILLE 3,,,,,,,,,,,,,2024 Titans Second League
138,790,32995,Ian Diemont,4729875,HARLEQUINS 3,,HARLEQUINS 3,4553,4,71,0,0,0,0,71,2024 Titans Second League
,790,32995,HARLEQUINS 3,,,,,,,,,,,,,2024 Titans Second League
139,790,32995,Steven Meyburgh,2937220,PHSOB 3,,PHSOB 3,4555,2,-4,65,8,0,0,69,2024 Titans Second League
,790,32995,PHSOB 3,,,,,,,,,,,,,2024 Titans Second League
140,790,32995,Frits Snyman,2936846,TUKS 5,,TUKS 5,4558,10,23,0,44,0,0,67,2024 Titans Second League
,790,32995,TUKS 5,,,,,,,,,,,,,2024 Titans Second League
141,790,32995,Hennie Jnr Smit,4877007,SINOVILLE 4,,SINOVILLE 4,4557,1,57,0,8,0,0,65,2024 Titans Second League
,790,32995,SINOVILLE 4,,,,,,,,,,,,,2024 Titans Second League
142,790,32995,Mohapi Molete,4756704,IRENE VILLAGERS 3,,IRENE VILLAGERS 3,4554,3,20,24,20,0,0,64,2024 Titans Second League
,790,32995,IRENE VILLAGERS 3,,,,,,,,,,,,,2024 Titans Second League
143,790,32995,Jd Van wyk,4702806,SINOVILLE 4,,SINOVILLE 4,4557,5,55,0,8,0,0,63,2024 Titans Second League
,790,32995,SINOVILLE 4,,,,,,,,,,,,,2024 Titans Second League
144,790,32995,Hanco Kruger,4702785,TUKS 5,,TUKS 5,4558,2,9,54,0,0,0,63,2024 Titans Second League
,790,32995,TUKS 5,,,,,,,,,,,,,2024 Titans Second League
145,790,32995,Dylan Cutting,4576796,HARLEQUINS 3,,HARLEQUINS 3,4553,3,59,0,0,0,0,59,2024 Titans Second League
,790,32995,HARLEQUINS 3,,,,,,,,,,,,,2024 Titans Second League
146,790,32995,Emil Rolfes,2936903,PHSOB 3,,PHSOB 3,4555,3,59,-1,0,0,0,58,2024 Titans Second League
,790,32995,PHSOB 3,,,,,,,,,,,,,2024 Titans Second League
147,790,32995,Ryan Rossouw,2936911,PHSOB 3,,PHSOB 3,4555,2,58,0,0,0,0,58,2024 Titans Second League
,790,32995,PHSOB 3,,,,,,,,,,,,,2024 Titans Second League
148,790,32995,JP Roetz,3267058,SINOVILLE 4,,SINOVILLE 4,4557,1,0,57,0,0,0,57,2024 Titans Second League
,790,32995,SINOVILLE 4,,,,,,,,,,,,,2024 Titans Second League
149,790,32995,Stephan Van Der Berg,2987583,CBCOB 3,,CBCOB 3,4552,1,-2,50,8,0,0,56,2024 Titans Second League
,790,32995,CBCOB 3,,,,,,,,,,,,,2024 Titans Second League
150,790,32995,Regan Pruss,3759682,PHSOB 4,,PHSOB 4,4561,1,8,48,0,0,0,56,2024 Titans Second League
,790,32995,PHSOB 4,,,,,,,,,,,,,2024 Titans Second League
151,790,32995,Morati Lefhiedi,4892047,IRENE VILLAGERS 3,,IRENE VILLAGERS 3,4554,1,56,0,0,0,0,56,2024 Titans Second League
,790,32995,IRENE VILLAGERS 3,,,,,,,,,,,,,2024 Titans Second League
152,790,32995,Dante Meyer,4896936,HARLEQUINS 3,,HARLEQUINS 3,4553,3,55,0,0,0,0,55,2024 Titans Second League
,790,32995,HARLEQUINS 3,,,,,,,,,,,,,2024 Titans Second League
153,790,32995,Nathan Hall,5045108,CENTURION KAVALIERS 3,,CENTURION KAVALIERS 3,4560,1,-2,48,8,0,0,54,2024 Titans Second League
,790,32995,CENTURION KAVALIERS 3,,,,,,,,,,,,,2024 Titans Second League
154,790,32995,Werner Marneweck,4715784,TUKS 5,,TUKS 5,4558,2,1,45,8,0,0,54,2024 Titans Second League
,790,32995,TUKS 5,,,,,,,,,,,,,2024 Titans Second League
155,790,32995,Wian van Deventer,3257325,SINOVILLE 3,,SINOVILLE 3,4556,1,25,27,0,0,0,52,2024 Titans Second League
,790,32995,SINOVILLE 3,,,,,,,,,,,,,2024 Titans Second League
156,790,32995,Niel Coetzee,3018224,TUT 3,,TUT 3,4559,4,7,0,44,0,0,51,2024 Titans Second League
,790,32995,TUT 3,,,,,,,,,,,,,2024 Titans Second League
157,790,32995,Devin Cbc3,3266948,CBCOB 3,,CBCOB 3,4552,1,50,0,0,0,0,50,2024 Titans Second League
,790,32995,CBCOB 3,,,,,,,,,,,,,2024 Titans Second League
158,790,32995,Lafras Jenkins,4143518,PHSOB 3,,PHSOB 3,4555,1,23,27,0,0,0,50,2024 Titans Second League
,790,32995,PHSOB 3,,,,,,,,,,,,,2024 Titans Second League
159,790,32995,Henning Snyman,5045110,CENTURION KAVALIERS 3,,CENTURION KAVALIERS 3,4560,1,50,0,0,0,0,50,2024 Titans Second League
,790,32995,CENTURION KAVALIERS 3,,,,,,,,,,,,,2024 Titans Second League
160,790,32995,Rudi Loibner,2935397,CBCOB 3,,CBCOB 3,4552,4,25,0,24,0,0,49,2024 Titans Second League
,790,32995,CBCOB 3,,,,,,,,,,,,,2024 Titans Second League
161,790,32995,Jaco Van der walt,4715817,SINOVILLE 3,,SINOVILLE 3,4556,1,1,48,0,0,0,49,2024 Titans Second League
,790,32995,SINOVILLE 3,,,,,,,,,,,,,2024 Titans Second League
162,790,32995,Marko De Cock,4688791,PHSOB 3,,PHSOB 3,4555,1,49,0,0,0,0,49,2024 Titans Second League
,790,32995,PHSOB 3,,,,,,,,,,,,,2024 Titans Second League
163,790,32995,Tiaan Malan,4715812,SINOVILLE 4,,SINOVILLE 4,4557,1,1,48,0,0,0,49,2024 Titans Second League
,790,32995,SINOVILLE 4,,,,,,,,,,,,,2024 Titans Second League
164,790,32995,Justin Fourie,2987524,PHSOB 3,,PHSOB 3,4555,1,3,45,0,0,0,48,2024 Titans Second League
,790,32995,PHSOB 3,,,,,,,,,,,,,2024 Titans Second League
165,790,32995,Mollie Sinoville,4063613,SINOVILLE 3,,SINOVILLE 3,4556,1,-2,48,0,0,0,46,2024 Titans Second League
,790,32995,SINOVILLE 3,,,,,,,,,,,,,2024 Titans Second League
166,790,32995,Patrick Mounton,4729872,HARLEQUINS 3,,HARLEQUINS 3,4553,2,-2,48,0,0,0,46,2024 Titans Second League
,790,32995,HARLEQUINS 3,,,,,,,,,,,,,2024 Titans Second League
167,790,32995,Bennie Viljoen,3713450,IRENE VILLAGERS 3,,IRENE VILLAGERS 3,4554,1,0,45,0,0,0,45,2024 Titans Second League
,790,32995,IRENE VILLAGERS 3,,,,,,,,,,,,,2024 Titans Second League
168,790,32995,Divan Haasbroek,4715852,CBCOB 3,,CBCOB 3,4552,1,0,37,8,0,0,45,2024 Titans Second League
,790,32995,CBCOB 3,,,,,,,,,,,,,2024 Titans Second League
169,790,32995,Matt Rodgerson,4100183,PHSOB 4,,PHSOB 4,4561,1,25,20,0,0,0,45,2024 Titans Second League
,790,32995,PHSOB 4,,,,,,,,,,,,,2024 Titans Second League
170,790,32995,Hanco Hertzog,4165763,SINOVILLE 4,,SINOVILLE 4,4557,2,1,20,24,0,0,45,2024 Titans Second League
,790,32995,SINOVILLE 4,,,,,,,,,,,,,2024 Titans Second League
171,790,32995,Alain Grové,2937228,PHSOB 4,,PHSOB 4,4561,1,44,0,0,0,0,44,2024 Titans Second League
,790,32995,PHSOB 4,,,,,,,,,,,,,2024 Titans Second League
172,790,32995,Wehan du Waal,4715788,PHSOB 3,,PHSOB 3,4555,2,0,44,0,0,0,44,2024 Titans Second League
,790,32995,PHSOB 3,,,,,,,,,,,,,2024 Titans Second League
173,790,32995,Armin Havenga,3729570,CBCOB 3,,CBCOB 3,4552,3,44,0,0,0,0,44,2024 Titans Second League
,790,32995,CBCOB 3,,,,,,,,,,,,,2024 Titans Second League
174,790,32995,Tiaan Borman,4715816,SINOVILLE 4,,SINOVILLE 4,4557,2,12,24,8,0,0,44,2024 Titans Second League
,790,32995,SINOVILLE 4,,,,,,,,,,,,,2024 Titans Second League
175,790,32995,Chad Fortman,2936899,PHSOB 3,,PHSOB 3,4555,2,14,29,0,0,0,43,2024 Titans Second League
,790,32995,PHSOB 3,,,,,,,,,,,,,2024 Titans Second League
176,790,32995,Meshack Gabeni,3180887,CENTURION KAVALIERS 3,,CENTURION KAVALIERS 3,4560,1,-2,45,0,0,0,43,2024 Titans Second League
,790,32995,CENTURION KAVALIERS 3,,,,,,,,,,,,,2024 Titans Second League
177,790,32995,Dylan Van wyk,2987473,SINOVILLE 4,,SINOVILLE 4,4557,1,0,42,0,0,0,42,2024 Titans Second League
,790,32995,SINOVILLE 4,,,,,,,,,,,,,2024 Titans Second League
178,790,32995,Marius Swanepoel,5034372,CBCOB 3,,CBCOB 3,4552,1,0,42,0,0,0,42,2024 Titans Second League
,790,32995,CBCOB 3,,,,,,,,,,,,,2024 Titans Second League
179,790,32995,Jaco Fourie,4688790,PHSOB 3,,PHSOB 3,4555,1,42,-1,0,0,0,41,2024 Titans Second League
,790,32995,PHSOB 3,,,,,,,,,,,,,2024 Titans Second League
180,790,32995,Rivan Stoman,4715813,SINOVILLE 4,,SINOVILLE 4,4557,1,40,0,0,0,0,40,2024 Titans Second League
,790,32995,SINOVILLE 4,,,,,,,,,,,,,2024 Titans Second League
181,790,32995,Gerry Gouws,4673823,CBCOB 3,,CBCOB 3,4552,3,21,19,0,0,0,40,2024 Titans Second League
,790,32995,CBCOB 3,,,,,,,,,,,,,2024 Titans Second League
182,790,32995,JP Roets,3195753,SINOVILLE 4,,SINOVILLE 4,4557,3,3,20,16,0,0,39,2024 Titans Second League
,790,32995,SINOVILLE 4,,,,,,,,,,,,,2024 Titans Second League
183,790,32995,Clinton Da costa,5000469,HARLEQUINS 3,,HARLEQUINS 3,4553,2,-1,32,8,0,0,39,2024 Titans Second League
,790,32995,HARLEQUINS 3,,,,,,,,,,,,,2024 Titans Second League
184,790,32995,Ivan Havenga,3729571,CBCOB 3,,CBCOB 3,4552,4,-2,41,0,0,0,39,2024 Titans Second League
,790,32995,CBCOB 3,,,,,,,,,,,,,2024 Titans Second League
185,790,32995,Nicolas Pillay,4729911,IRENE VILLAGERS 3,,IRENE VILLAGERS 3,4554,1,-1,40,0,0,0,39,2024 Titans Second League
,790,32995,IRENE VILLAGERS 3,,,,,,,,,,,,,2024 Titans Second League
186,790,32995,Hanco Hertzog,3928457,SINOVILLE 3,,SINOVILLE 3,4556,2,11,19,8,0,0,38,2024 Titans Second League
,790,32995,SINOVILLE 3,,,,,,,,,,,,,2024 Titans Second League
187,790,32995,Echardt Stuwig,4729879,SINOVILLE 4,,SINOVILLE 4,4557,1,0,37,0,0,0,37,2024 Titans Second League
,790,32995,SINOVILLE 4,,,,,,,,,,,,,2024 Titans Second League
188,790,32995,Pieter Oosthuisen,4186402,SINOVILLE 4,,SINOVILLE 4,4557,1,15,22,0,0,0,37,2024 Titans Second League
,790,32995,SINOVILLE 4,,,,,,,,,,,,,2024 Titans Second League
189,790,32995,Edwin De Waal,4742889,PHSOB 3,,PHSOB 3,4555,1,14,22,0,0,0,36,2024 Titans Second League
,790,32995,PHSOB 3,,,,,,,,,,,,,2024 Titans Second League
190,790,32995,Daylan Scheepers,3927336,TUT 3,,TUT 3,4559,2,33,0,0,0,0,33,2024 Titans Second League
,790,32995,TUT 3,,,,,,,,,,,,,2024 Titans Second League
191,790,32995,Stefan Van Der Linden,4742893,PHSOB 3,,PHSOB 3,4555,2,33,0,0,0,0,33,2024 Titans Second League
,790,32995,PHSOB 3,,,,,,,,,,,,,2024 Titans Second League
192,790,32995,Gerrald Gouws,3056111,CBCOB 3,,CBCOB 3,4552,2,27,5,0,0,0,32,2024 Titans Second League
,790,32995,CBCOB 3,,,,,,,,,,,,,2024 Titans Second League
193,790,32995,Matthew Kaiser,3772203,CENTURION KAVALIERS 3,,CENTURION KAVALIERS 3,4560,1,32,0,0,0,0,32,2024 Titans Second League
,790,32995,CENTURION KAVALIERS 3,,,,,,,,,,,,,2024 Titans Second League
194,790,32995,Marius Bornman,2936833,TUKS 5,,TUKS 5,4558,6,31,0,0,0,0,31,2024 Titans Second League
,790,32995,TUKS 5,,,,,,,,,,,,,2024 Titans Second League
195,790,32995,Danie Kruger,3745390,SINOVILLE 4,,SINOVILLE 4,4557,1,-2,25,8,0,0,31,2024 Titans Second League
,790,32995,SINOVILLE 4,,,,,,,,,,,,,2024 Titans Second League
196,790,32995,Kyle Klese,4715785,PHSOB 3,,PHSOB 3,4555,1,-5,0,36,0,0,31,2024 Titans Second League
,790,32995,PHSOB 3,,,,,,,,,,,,,2024 Titans Second League
197,790,32995,Lodewyk deJager,3719312,PHSOB 4,,PHSOB 4,4561,1,28,2,0,0,0,30,2024 Titans Second League
,790,32995,PHSOB 4,,,,,,,,,,,,,2024 Titans Second League
198,790,32995,Luke Marshell,4973936,HARLEQUINS 3,,HARLEQUINS 3,4553,2,22,0,8,0,0,30,2024 Titans Second League
,790,32995,HARLEQUINS 3,,,,,,,,,,,,,2024 Titans Second League
199,790,32995,Reinhardt Hamman,3745388,SINOVILLE 4,,SINOVILLE 4,4557,1,22,0,8,0,0,30,2024 Titans Second League
,790,32995,SINOVILLE 4,,,,,,,,,,,,,2024 Titans Second League
200,790,32995,Kian Hoeuner,3928431,CBCOB 3,,CBCOB 3,4552,1,8,22,0,0,0,30,2024 Titans Second League
,790,32995,CBCOB 3,,,,,,,,,,,,,2024 Titans Second League
1,576,32995,Aerton Helena,2936841,TUKS 5,,TUKS 5,3304,11,983,630,70,150,3,1833,2023 Titans Second League
,576,32995,TUKS 5,,,,,,,,,,,,,2023 Titans Second League
2,576,32995,Heinrich Bisschoff,2936904,PHSOB 3,,PHSOB 3,3300,5,1473,0,10,150,3,1633,2023 Titans Second League
,576,32995,PHSOB 3,,,,,,,,,,,,,2023 Titans Second League
3,576,32995,Gerhard De Bruin,2936835,TUKS 5,,TUKS 5,3304,12,405,1030,80,100,2,1615,2023 Titans Second League
,576,32995,TUKS 5,,,,,,,,,,,,,2023 Titans Second League
4,576,32995,Christian Strydom,2936847,TUKS 5,,TUKS 5,3304,13,799,720,50,0,0,1569,2023 Titans Second League
,576,32995,TUKS 5,,,,,,,,,,,,,2023 Titans Second League
5,576,32995,Kyle Kunneke,2985826,IRENE VILLAGERS 3,,IRENE VILLAGERS 3,3299,14,279,1130,100,50,1,1559,2023 Titans Second League
,576,32995,IRENE VILLAGERS 3,,,,,,,,,,,,,2023 Titans Second League
6,576,32995,Tiaan Engelbrecht,2936837,TUKS 5,,TUKS 5,3304,13,521,780,70,0,0,1371,2023 Titans Second League
,576,32995,TUKS 5,,,,,,,,,,,,,2023 Titans Second League
7,576,32995,Reinhardt Hamman,3745388,SINOVILLE 4,,SINOVILLE 4,3303,3,1061,40,10,100,2,1211,2023 Titans Second League
,576,32995,SINOVILLE 4,,,,,,,,,,,,,2023 Titans Second League
8,576,32995,Christoff  Pompie Helm,2985831,IRENE VILLAGERS 4,,IRENE VILLAGERS 4,3307,13,124,980,30,50,1,1184,2023 Titans Second League
,576,32995,IRENE VILLAGERS 4,,,,,,,,,,,,,2023 Titans Second League
9,576,32995,Martin Van Tonder,2840539,TUKS 5,,TUKS 5,3304,16,316,770,60,0,0,1146,2023 Titans Second League
,576,32995,TUKS 5,,,,,,,,,,,,,2023 Titans Second League
10,576,32995,Johanco Faihst,3255252,TUKS 5,,TUKS 5,3304,5,639,250,100,100,2,1089,2023 Titans Second League
,576,32995,TUKS 5,,,,,,,,,,,,,2023 Titans Second League
11,576,32995,Nick Brook,3745432,IRENE VILLAGERS 3,,IRENE VILLAGERS 3,3299,5,894,0,20,50,1,964,2023 Titans Second League
,576,32995,IRENE VILLAGERS 3,,,,,,,,,,,,,2023 Titans Second League
12,576,32995,Stefan Grobler,3018230,TUT 3,,TUT 3,3305,7,635,270,50,0,0,955,2023 Titans Second League
,576,32995,TUT 3,,,,,,,,,,,,,2023 Titans Second League
13,576,32995,Jacques Van Rooyen,3795662,IRENE VILLAGERS 3,,IRENE VILLAGERS 3,3299,8,300,550,20,50,1,920,2023 Titans Second League
,576,32995,IRENE VILLAGERS 3,,,,,,,,,,,,,2023 Titans Second League
14,576,32995,Albert Myburgh,4024779,IRENE VILLAGERS 3,,IRENE VILLAGERS 3,3299,6,33,760,50,50,1,893,2023 Titans Second League
,576,32995,IRENE VILLAGERS 3,,,,,,,,,,,,,2023 Titans Second League
15,576,32995,Gerhard Swanepoel,3713453,IRENE VILLAGERS 3,,IRENE VILLAGERS 3,3299,9,444,340,60,0,0,844,2023 Titans Second League
,576,32995,IRENE VILLAGERS 3,,,,,,,,,,,,,2023 Titans Second League
16,576,32995,Pieter Pretorius,4116054,HARLEQUINS 3,,HARLEQUINS 3,3306,3,522,270,0,50,1,842,2023 Titans Second League
,576,32995,HARLEQUINS 3,,,,,,,,,,,,,2023 Titans Second League
17,576,32995,Riccardo Oosthuizen,2936842,TUKS 5,,TUKS 5,3304,7,662,150,20,0,0,832,2023 Titans Second League
,576,32995,TUKS 5,,,,,,,,,,,,,2023 Titans Second League
18,576,32995,Nico Minnaar,3713344,TUT 3,,TUT 3,3305,5,349,420,0,50,1,819,2023 Titans Second League
,576,32995,TUT 3,,,,,,,,,,,,,2023 Titans Second League
19,576,32995,Steven Meyburgh,2937220,PHSOB 3,,PHSOB 3,3300,6,100,680,30,0,0,810,2023 Titans Second League
,576,32995,PHSOB 3,,,,,,,,,,,,,2023 Titans Second League
20,576,32995,Matthew Thurbon,2985834,IRENE VILLAGERS 4,,IRENE VILLAGERS 4,3307,12,721,-40,40,50,1,771,2023 Titans Second League
,576,32995,IRENE VILLAGERS 4,,,,,,,,,,,,,2023 Titans Second League
21,576,32995,Divan Cilliers,3713448,IRENE VILLAGERS 3,,IRENE VILLAGERS 3,3299,13,729,-20,0,50,1,759,2023 Titans Second League
,576,32995,IRENE VILLAGERS 3,,,,,,,,,,,,,2023 Titans Second League
22,576,32995,Gunter Geyser,3771717,IRENE VILLAGERS 4,,IRENE VILLAGERS 4,3307,2,438,180,40,100,2,758,2023 Titans Second League
,576,32995,IRENE VILLAGERS 4,,,,,,,,,,,,,2023 Titans Second League
23,576,32995,Jason Weiss,4198489,SINOVILLE 4,,SINOVILLE 4,3303,1,597,60,50,50,1,757,2023 Titans Second League
,576,32995,SINOVILLE 4,,,,,,,,,,,,,2023 Titans Second League
24,576,32995,Ruan Ebersohn,2985830,IRENE VILLAGERS 4,,IRENE VILLAGERS 4,3307,11,209,500,30,0,0,739,2023 Titans Second League
,576,32995,IRENE VILLAGERS 4,,,,,,,,,,,,,2023 Titans Second League
25,576,32995,Brad Goss,4081458,PHSOB 3,,PHSOB 3,3300,5,594,120,10,0,0,724,2023 Titans Second League
,576,32995,PHSOB 3,,,,,,,,,,,,,2023 Titans Second League
26,576,32995,Charl Prinsloo,3018226,TUT 3,,TUT 3,3305,5,632,20,0,50,1,702,2023 Titans Second League
,576,32995,TUT 3,,,,,,,,,,,,,2023 Titans Second League
27,576,32995,Quintin Pretorius,3745417,SINOVILLE 3,,SINOVILLE 3,3302,2,549,90,10,50,1,699,2023 Titans Second League
,576,32995,SINOVILLE 3,,,,,,,,,,,,,2023 Titans Second League
28,576,32995,Rigardt Saaiman,3729566,CBCOB 3,,CBCOB 3,3298,7,197,460,40,0,0,697,2023 Titans Second League
,576,32995,CBCOB 3,,,,,,,,,,,,,2023 Titans Second League
29,576,32995,Matthew Collins,3729933,IRENE VILLAGERS 3,,IRENE VILLAGERS 3,3299,8,183,390,70,50,1,693,2023 Titans Second League
,576,32995,IRENE VILLAGERS 3,,,,,,,,,,,,,2023 Titans Second League
30,576,32995,Christo Swanepoel,2936900,PHSOB 3,,PHSOB 3,3300,8,121,510,20,0,0,651,2023 Titans Second League
,576,32995,PHSOB 3,,,,,,,,,,,,,2023 Titans Second League
31,576,32995,Donovan du Toit,3713457,TUKS 5,,TUKS 5,3304,13,157,430,50,0,0,637,2023 Titans Second League
,576,32995,TUKS 5,,,,,,,,,,,,,2023 Titans Second League
32,576,32995,Ruan Brenner,3180560,PHSOB 3,,PHSOB 3,3300,4,356,250,20,0,0,626,2023 Titans Second League
,576,32995,PHSOB 3,,,,,,,,,,,,,2023 Titans Second League
33,576,32995,Justin Van Bassen,2936896,PHSOB 3,,PHSOB 3,3300,9,258,240,90,0,0,588,2023 Titans Second League
,576,32995,PHSOB 3,,,,,,,,,,,,,2023 Titans Second League
34,576,32995,Tiaan Lotter,2934784,SINOVILLE 3,,SINOVILLE 3,3302,6,357,200,30,0,0,587,2023 Titans Second League
,576,32995,SINOVILLE 3,,,,,,,,,,,,,2023 Titans Second League
35,576,32995,Dewald Basson,3018234,TUT 3,,TUT 3,3305,7,97,430,50,0,0,577,2023 Titans Second League
,576,32995,TUT 3,,,,,,,,,,,,,2023 Titans Second League
36,576,32995,Duan St Arnaud,3145215,PHSOB 3,,PHSOB 3,3300,4,503,0,0,50,1,553,2023 Titans Second League
,576,32995,PHSOB 3,,,,,,,,,,,,,2023 Titans Second League
37,576,32995,Marcel Cilliers,3713449,IRENE VILLAGERS 3,,IRENE VILLAGERS 3,3299,13,525,0,20,0,0,545,2023 Titans Second League
,576,32995,IRENE VILLAGERS 3,,,,,,,,,,,,,2023 Titans Second League
38,576,32995,Johan Pretorius,3255251,TUKS 5,,TUKS 5,3304,6,467,-30,40,50,1,527,2023 Titans Second League
,576,32995,TUKS 5,,,,,,,,,,,,,2023 Titans Second League
39,576,32995,Frits Snyman,2936846,TUKS 5,,TUKS 5,3304,11,445,0,80,0,0,525,2023 Titans Second League
,576,32995,TUKS 5,,,,,,,,,,,,,2023 Titans Second League
40,576,32995,Chris van Niekerk,3713451,IRENE VILLAGERS 3,,IRENE VILLAGERS 3,3299,8,58,390,50,0,0,498,2023 Titans Second League
,576,32995,IRENE VILLAGERS 3,,,,,,,,,,,,,2023 Titans Second League
41,576,32995,Henco Murphy,3771718,IRENE VILLAGERS 3,,IRENE VILLAGERS 3,3299,8,416,0,80,0,0,496,2023 Titans Second League
,576,32995,IRENE VILLAGERS 3,,,,,,,,,,,,,2023 Titans Second League
42,576,32995,Jacques Van Rooyen,3745426,IRENE VILLAGERS 4,,IRENE VILLAGERS 4,3307,4,163,240,20,50,1,473,2023 Titans Second League
,576,32995,IRENE VILLAGERS 4,,,,,,,,,,,,,2023 Titans Second League
43,576,32995,Andro Vosloo,3713342,PHSOB 3,,PHSOB 3,3300,5,14,370,80,0,0,464,2023 Titans Second League
,576,32995,PHSOB 3,,,,,,,,,,,,,2023 Titans Second League
44,576,32995,Juan Van den berg,2987480,SINOVILLE 3,,SINOVILLE 3,3302,3,3,420,20,0,0,443,2023 Titans Second League
,576,32995,SINOVILLE 3,,,,,,,,,,,,,2023 Titans Second League
45,576,32995,Adriaan Venter,3673677,CBCOB 3,,CBCOB 3,3298,2,236,120,20,50,1,426,2023 Titans Second League
,576,32995,CBCOB 3,,,,,,,,,,,,,2023 Titans Second League
46,576,32995,JP Roets,3031810,SINOVILLE 3,,SINOVILLE 3,3302,5,3,380,40,0,0,423,2023 Titans Second League
,576,32995,SINOVILLE 3,,,,,,,,,,,,,2023 Titans Second League
47,576,32995,Stefan Strydom,2985833,IRENE VILLAGERS 3,,IRENE VILLAGERS 3,3299,8,249,100,20,50,1,419,2023 Titans Second League
,576,32995,IRENE VILLAGERS 3,,,,,,,,,,,,,2023 Titans Second League
48,576,32995,Bennie Viljoen,3745424,IRENE VILLAGERS 4,,IRENE VILLAGERS 4,3307,3,289,30,90,0,0,409,2023 Titans Second League
,576,32995,IRENE VILLAGERS 4,,,,,,,,,,,,,2023 Titans Second League
49,576,32995,Piet Botha,4063611,SINOVILLE 3,,SINOVILLE 3,3302,2,86,320,0,0,0,406,2023 Titans Second League
,576,32995,SINOVILLE 3,,,,,,,,,,,,,2023 Titans Second League
50,576,32995,Lafras Jenkins,4143518,PHSOB 3,,PHSOB 3,3300,3,147,250,0,0,0,397,2023 Titans Second League
,576,32995,PHSOB 3,,,,,,,,,,,,,2023 Titans Second League
51,576,32995,Jeandre Roux,3018228,TUT 3,,TUT 3,3305,5,326,20,0,50,1,396,2023 Titans Second League
,576,32995,TUT 3,,,,,,,,,,,,,2023 Titans Second League
52,576,32995,Dillon Kotze,3729565,CBCOB 3,,CBCOB 3,3298,2,314,30,0,50,1,394,2023 Titans Second League
,576,32995,CBCOB 3,,,,,,,,,,,,,2023 Titans Second League
53,576,32995,Paul Gouws,3056110,CBCOB 3,,CBCOB 3,3298,3,222,90,30,50,1,392,2023 Titans Second League
,576,32995,CBCOB 3,,,,,,,,,,,,,2023 Titans Second League
54,576,32995,Nico de Bruyn,3180581,TUKS 5,,TUKS 5,3304,12,211,160,20,0,0,391,2023 Titans Second League
,576,32995,TUKS 5,,,,,,,,,,,,,2023 Titans Second League
55,576,32995,Divan Behrens,3257324,SINOVILLE 3,,SINOVILLE 3,3302,1,235,60,20,50,1,365,2023 Titans Second League
,576,32995,SINOVILLE 3,,,,,,,,,,,,,2023 Titans Second League
56,576,32995,Trent Hardie,4116169,IRENE VILLAGERS 3,,IRENE VILLAGERS 3,3299,4,3,290,20,50,1,363,2023 Titans Second League
,576,32995,IRENE VILLAGERS 3,,,,,,,,,,,,,2023 Titans Second League
57,576,32995,Keaton Steenkamp,2944947,SINOVILLE 3,,SINOVILLE 3,3302,6,138,220,0,0,0,358,2023 Titans Second League
,576,32995,SINOVILLE 3,,,,,,,,,,,,,2023 Titans Second League
58,576,32995,Pieter Janse van Rensburg,2934773,SINOVILLE 3,,SINOVILLE 3,3302,1,337,20,0,0,0,357,2023 Titans Second League
,576,32995,SINOVILLE 3,,,,,,,,,,,,,2023 Titans Second League
59,576,32995,Zandre Jordaan,2934760,SINOVILLE 3,,SINOVILLE 3,3302,1,339,0,0,0,0,339,2023 Titans Second League
,576,32995,SINOVILLE 3,,,,,,,,,,,,,2023 Titans Second League
60,576,32995,Regan Pruss,3713341,PHSOB 3,,PHSOB 3,3300,7,17,310,10,0,0,337,2023 Titans Second League
,576,32995,PHSOB 3,,,,,,,,,,,,,2023 Titans Second League
61,576,32995,Lessego Teffo,4196334,HARLEQUINS 3,,HARLEQUINS 3,3306,2,269,40,20,0,0,329,2023 Titans Second League
,576,32995,HARLEQUINS 3,,,,,,,,,,,,,2023 Titans Second League
62,576,32995,Elandré van den Berg,3713456,TUKS 5,,TUKS 5,3304,11,48,250,30,0,0,328,2023 Titans Second League
,576,32995,TUKS 5,,,,,,,,,,,,,2023 Titans Second League
63,576,32995,Pete Harlequins 3,3783175,HARLEQUINS 3,,HARLEQUINS 3,3306,1,325,0,0,0,0,325,2023 Titans Second League
,576,32995,HARLEQUINS 3,,,,,,,,,,,,,2023 Titans Second League
64,576,32995,Ab Rasool,4116168,IRENE VILLAGERS 3,,IRENE VILLAGERS 3,3299,4,296,20,0,0,0,316,2023 Titans Second League
,576,32995,IRENE VILLAGERS 3,,,,,,,,,,,,,2023 Titans Second League
65,576,32995,Pippie Kemm,3033949,PHSOB 3,,PHSOB 3,3300,2,236,80,0,0,0,316,2023 Titans Second League
,576,32995,PHSOB 3,,,,,,,,,,,,,2023 Titans Second League
66,576,32995,Stanley Fabri,3056139,SINOVILLE 4,,SINOVILLE 4,3303,3,84,210,20,0,0,314,2023 Titans Second League
,576,32995,SINOVILLE 4,,,,,,,,,,,,,2023 Titans Second League
67,576,32995,Ruben van Vuuren,3713452,IRENE VILLAGERS 3,,IRENE VILLAGERS 3,3299,3,101,200,10,0,0,311,2023 Titans Second League
,576,32995,IRENE VILLAGERS 3,,,,,,,,,,,,,2023 Titans Second League
68,576,32995,Ivan Havenga,3729571,CBCOB 3,,CBCOB 3,3298,5,73,200,30,0,0,303,2023 Titans Second League
,576,32995,CBCOB 3,,,,,,,,,,,,,2023 Titans Second League
69,576,32995,Berno Klopper,3180553,SINOVILLE 3,,SINOVILLE 3,3302,7,206,40,50,0,0,296,2023 Titans Second League
,576,32995,SINOVILLE 3,,,,,,,,,,,,,2023 Titans Second League
70,576,32995,Tristan De Klerk,3912805,IRENE VILLAGERS 3,,IRENE VILLAGERS 3,3299,5,115,170,10,0,0,295,2023 Titans Second League
,576,32995,IRENE VILLAGERS 3,,,,,,,,,,,,,2023 Titans Second League
71,576,32995,Dylan Kotze,2987579,CBCOB 3,,CBCOB 3,3298,5,115,160,20,0,0,295,2023 Titans Second League
,576,32995,CBCOB 3,,,,,,,,,,,,,2023 Titans Second League
72,576,32995,Rowan Sweetman,4196332,HARLEQUINS 3,,HARLEQUINS 3,3306,2,294,0,0,0,0,294,2023 Titans Second League
,576,32995,HARLEQUINS 3,,,,,,,,,,,,,2023 Titans Second League
73,576,32995,JG Adendorff,4198488,SINOVILLE 4,,SINOVILLE 4,3303,1,264,20,10,0,0,294,2023 Titans Second League
,576,32995,SINOVILLE 4,,,,,,,,,,,,,2023 Titans Second League
74,576,32995,Richard Williams,3729932,IRENE VILLAGERS 3,,IRENE VILLAGERS 3,3299,1,72,220,0,0,0,292,2023 Titans Second League
,576,32995,IRENE VILLAGERS 3,,,,,,,,,,,,,2023 Titans Second League
75,576,32995,Niel Britz,3745418,SINOVILLE 3,,SINOVILLE 3,3302,1,232,60,0,0,0,292,2023 Titans Second League
,576,32995,SINOVILLE 3,,,,,,,,,,,,,2023 Titans Second League
76,576,32995,Louis van Zyl,3003071,CBCOB 3,,CBCOB 3,3298,3,155,110,20,0,0,285,2023 Titans Second League
,576,32995,CBCOB 3,,,,,,,,,,,,,2023 Titans Second League
77,576,32995,Heinrich Hamman,2987472,SINOVILLE 4,,SINOVILLE 4,3303,2,94,170,20,0,0,284,2023 Titans Second League
,576,32995,SINOVILLE 4,,,,,,,,,,,,,2023 Titans Second League
78,576,32995,Mark Bekker,3146406,TUT 3,,TUT 3,3305,7,3,250,30,0,0,283,2023 Titans Second League
,576,32995,TUT 3,,,,,,,,,,,,,2023 Titans Second League
79,576,32995,Clayton Brunsdon,4100291,IRENE VILLAGERS 4,,IRENE VILLAGERS 4,3307,5,72,210,0,0,0,282,2023 Titans Second League
,576,32995,IRENE VILLAGERS 4,,,,,,,,,,,,,2023 Titans Second League
80,576,32995,Callen Stephen,3782749,PHSOB 3,,PHSOB 3,3300,4,216,0,10,50,1,276,2023 Titans Second League
,576,32995,PHSOB 3,,,,,,,,,,,,,2023 Titans Second League
81,576,32995,Jonathan Barwick,3745435,HARLEQUINS 3,,HARLEQUINS 3,3306,1,222,0,0,50,1,272,2023 Titans Second League
,576,32995,HARLEQUINS 3,,,,,,,,,,,,,2023 Titans Second League
82,576,32995,Tyler Lockhart,4185928,PHSOB 3,,PHSOB 3,3300,2,-10,190,40,50,1,270,2023 Titans Second League
,576,32995,PHSOB 3,,,,,,,,,,,,,2023 Titans Second League
83,576,32995,Andre Schoombee,3745389,SINOVILLE 4,,SINOVILLE 4,3303,4,87,180,0,0,0,267,2023 Titans Second League
,576,32995,SINOVILLE 4,,,,,,,,,,,,,2023 Titans Second League
84,576,32995,Jared Fourie,3783167,IRENE VILLAGERS 4,,IRENE VILLAGERS 4,3307,4,33,200,30,0,0,263,2023 Titans Second League
,576,32995,IRENE VILLAGERS 4,,,,,,,,,,,,,2023 Titans Second League
85,576,32995,Francois Viljoen,3912802,CBCOB 3,,CBCOB 3,3298,4,32,170,10,50,1,262,2023 Titans Second League
,576,32995,CBCOB 3,,,,,,,,,,,,,2023 Titans Second League
86,576,32995,Brent Hartley,2985828,IRENE VILLAGERS 4,,IRENE VILLAGERS 4,3307,13,200,0,40,0,0,240,2023 Titans Second League
,576,32995,IRENE VILLAGERS 4,,,,,,,,,,,,,2023 Titans Second League
87,576,32995,Johan Broekman,3069548,CBCOB 3,,CBCOB 3,3298,3,66,160,10,0,0,236,2023 Titans Second League
,576,32995,CBCOB 3,,,,,,,,,,,,,2023 Titans Second League
88,576,32995,Hendre Du toit,2987477,SINOVILLE 3,,SINOVILLE 3,3302,2,75,150,10,0,0,235,2023 Titans Second League
,576,32995,SINOVILLE 3,,,,,,,,,,,,,2023 Titans Second League
89,576,32995,Wessel Marais,3713343,TUT 3,,TUT 3,3305,2,65,170,0,0,0,235,2023 Titans Second League
,576,32995,TUT 3,,,,,,,,,,,,,2023 Titans Second League
90,576,32995,Christoff van Rooyen,3783173,HARLEQUINS 3,,HARLEQUINS 3,3306,1,235,0,0,0,0,235,2023 Titans Second League
,576,32995,HARLEQUINS 3,,,,,,,,,,,,,2023 Titans Second League
91,576,32995,Elro Van der Heever,3745425,IRENE VILLAGERS 4,,IRENE VILLAGERS 4,3307,7,25,160,50,0,0,235,2023 Titans Second League
,576,32995,IRENE VILLAGERS 4,,,,,,,,,,,,,2023 Titans Second League
92,576,32995,Sam Wearne,4163812,IRENE VILLAGERS 3,,IRENE VILLAGERS 3,3299,2,173,40,20,0,0,233,2023 Titans Second League
,576,32995,IRENE VILLAGERS 3,,,,,,,,,,,,,2023 Titans Second League
93,576,32995,Etienne Tait,3745434,HARLEQUINS 3,,HARLEQUINS 3,3306,1,63,140,20,0,0,223,2023 Titans Second League
,576,32995,HARLEQUINS 3,,,,,,,,,,,,,2023 Titans Second League
94,576,32995,Danie Kruger,3745390,SINOVILLE 4,,SINOVILLE 4,3303,2,2,220,0,0,0,222,2023 Titans Second League
,576,32995,SINOVILLE 4,,,,,,,,,,,,,2023 Titans Second League
95,576,32995,Gerbrandt Viviers,3018253,IRENE VILLAGERS 4,,IRENE VILLAGERS 4,3307,4,218,0,0,0,0,218,2023 Titans Second League
,576,32995,IRENE VILLAGERS 4,,,,,,,,,,,,,2023 Titans Second League
96,576,32995,Andre Kruyshaar,3795248,SINOVILLE 4,,SINOVILLE 4,3303,5,-3,220,0,0,0,217,2023 Titans Second League
,576,32995,SINOVILLE 4,,,,,,,,,,,,,2023 Titans Second League
97,576,32995,JP Roets,3195753,SINOVILLE 4,,SINOVILLE 4,3303,4,55,130,30,0,0,215,2023 Titans Second League
,576,32995,SINOVILLE 4,,,,,,,,,,,,,2023 Titans Second League
98,576,32995,Marco Rudolph,3795245,SINOVILLE 4,,SINOVILLE 4,3303,2,190,20,0,0,0,210,2023 Titans Second League
,576,32995,SINOVILLE 4,,,,,,,,,,,,,2023 Titans Second League
99,576,32995,Wessel Herbst,3783166,CBCOB 3,,CBCOB 3,3298,1,7,190,10,0,0,207,2023 Titans Second League
,576,32995,CBCOB 3,,,,,,,,,,,,,2023 Titans Second League
100,576,32995,Willem Sevenster,2049746,CBCOB 3,,CBCOB 3,3298,2,180,0,20,0,0,200,2023 Titans Second League
,576,32995,CBCOB 3,,,,,,,,,,,,,2023 Titans Second League
101,576,32995,Wian van Deventer,3257325,SINOVILLE 3,,SINOVILLE 3,3302,1,89,110,0,0,0,199,2023 Titans Second League
,576,32995,SINOVILLE 3,,,,,,,,,,,,,2023 Titans Second League
102,576,32995,Erik Van Deventer,3033825,TUT 3,,TUT 3,3305,2,79,100,10,0,0,189,2023 Titans Second League
,576,32995,TUT 3,,,,,,,,,,,,,2023 Titans Second League
103,576,32995,Jan Verwas,3795657,SINOVILLE 3,,SINOVILLE 3,3302,3,189,0,0,0,0,189,2023 Titans Second League
,576,32995,SINOVILLE 3,,,,,,,,,,,,,2023 Titans Second League
104,576,32995,Andre Van wyk,3266939,TUKS 5,,TUKS 5,3304,13,-3,160,30,0,0,187,2023 Titans Second League
,576,32995,TUKS 5,,,,,,,,,,,,,2023 Titans Second League
105,576,32995,Leon Bender,3730114,CBCOB 3,,CBCOB 3,3298,4,105,80,0,0,0,185,2023 Titans Second League
,576,32995,CBCOB 3,,,,,,,,,,,,,2023 Titans Second League
106,576,32995,Neyko Stiglingh,4116051,HARLEQUINS 3,,HARLEQUINS 3,3306,1,80,100,0,0,0,180,2023 Titans Second League
,576,32995,HARLEQUINS 3,,,,,,,,,,,,,2023 Titans Second League
107,576,32995,Seun Bornman,3759631,SINOVILLE 3,,SINOVILLE 3,3302,1,70,90,20,0,0,180,2023 Titans Second League
,576,32995,SINOVILLE 3,,,,,,,,,,,,,2023 Titans Second League
108,576,32995,Aidan Van der Westhuizen,3795247,SINOVILLE 4,,SINOVILLE 4,3303,1,49,130,0,0,0,179,2023 Titans Second League
,576,32995,SINOVILLE 4,,,,,,,,,,,,,2023 Titans Second League
109,576,32995,Riaan Scheepers,3713347,TUT 3,,TUT 3,3305,5,7,140,30,0,0,177,2023 Titans Second League
,576,32995,TUT 3,,,,,,,,,,,,,2023 Titans Second League
110,576,32995,Josh Botes,3795663,IRENE VILLAGERS 3,,IRENE VILLAGERS 3,3299,1,6,140,30,0,0,176,2023 Titans Second League
,576,32995,IRENE VILLAGERS 3,,,,,,,,,,,,,2023 Titans Second League
111,576,32995,Pieter Jansen van Rensburg,3198240,SINOVILLE 4,,SINOVILLE 4,3303,1,175,0,0,0,0,175,2023 Titans Second League
,576,32995,SINOVILLE 4,,,,,,,,,,,,,2023 Titans Second League
112,576,32995,Armin Havenga,3729570,CBCOB 3,,CBCOB 3,3298,5,175,0,0,0,0,175,2023 Titans Second League
,576,32995,CBCOB 3,,,,,,,,,,,,,2023 Titans Second League
113,576,32995,Devon Almeida,3242449,CBCOB 3,,CBCOB 3,3298,2,23,140,10,0,0,173,2023 Titans Second League
,576,32995,CBCOB 3,,,,,,,,,,,,,2023 Titans Second League
114,576,32995,Bernard Wentzel,3928433,CBCOB 3,,CBCOB 3,3298,5,42,130,0,0,0,172,2023 Titans Second League
,576,32995,CBCOB 3,,,,,,,,,,,,,2023 Titans Second League
115,576,32995,Dewan Bohmer,4116166,PHSOB 3,,PHSOB 3,3300,4,171,0,0,0,0,171,2023 Titans Second League
,576,32995,PHSOB 3,,,,,,,,,,,,,2023 Titans Second League
116,576,32995,Marius Bornman,2936833,TUKS 5,,TUKS 5,3304,5,150,0,20,0,0,170,2023 Titans Second League
,576,32995,TUKS 5,,,,,,,,,,,,,2023 Titans Second League
117,576,32995,Gerrie Viljoen,4081456,IRENE VILLAGERS 4,,IRENE VILLAGERS 4,3307,1,60,110,0,0,0,170,2023 Titans Second League
,576,32995,IRENE VILLAGERS 4,,,,,,,,,,,,,2023 Titans Second League
118,576,32995,Niel Coetzee,3018224,TUT 3,,TUT 3,3305,7,119,0,50,0,0,169,2023 Titans Second League
,576,32995,TUT 3,,,,,,,,,,,,,2023 Titans Second League
119,576,32995,Travis Joshua,3678955,HARLEQUINS 3,,HARLEQUINS 3,3306,4,88,80,0,0,0,168,2023 Titans Second League
,576,32995,HARLEQUINS 3,,,,,,,,,,,,,2023 Titans Second League
120,576,32995,Donavan Kretschmer,3018251,IRENE VILLAGERS 4,,IRENE VILLAGERS 4,3307,3,47,100,20,0,0,167,2023 Titans Second League
,576,32995,IRENE VILLAGERS 4,,,,,,,,,,,,,2023 Titans Second League
121,576,32995,Ruan Prinsloo,3795251,SINOVILLE 4,,SINOVILLE 4,3303,1,167,0,0,0,0,167,2023 Titans Second League
,576,32995,SINOVILLE 4,,,,,,,,,,,,,2023 Titans Second League
122,576,32995,Leon Tut3,4186420,TUT 3,,TUT 3,3305,1,166,0,0,0,0,166,2023 Titans Second League
,576,32995,TUT 3,,,,,,,,,,,,,2023 Titans Second League
123,576,32995,Micheal TUT3,3772114,TUT 3,,TUT 3,3305,5,-19,160,20,0,0,161,2023 Titans Second League
,576,32995,TUT 3,,,,,,,,,,,,,2023 Titans Second League
124,576,32995,Zian De Jager,3745433,IRENE VILLAGERS 3,,IRENE VILLAGERS 3,3299,1,100,50,10,0,0,160,2023 Titans Second League
,576,32995,IRENE VILLAGERS 3,,,,,,,,,,,,,2023 Titans Second League
125,576,32995,James Twycross,2936917,PHSOB 3,,PHSOB 3,3300,2,38,100,20,0,0,158,2023 Titans Second League
,576,32995,PHSOB 3,,,,,,,,,,,,,2023 Titans Second League
126,576,32995,Bennie Viljoen,3713450,IRENE VILLAGERS 3,,IRENE VILLAGERS 3,3299,4,138,0,20,0,0,158,2023 Titans Second League
,576,32995,IRENE VILLAGERS 3,,,,,,,,,,,,,2023 Titans Second League
127,576,32995,Sheldon Meiring,3772079,PHSOB 3,,PHSOB 3,3300,4,157,0,0,0,0,157,2023 Titans Second League
,576,32995,PHSOB 3,,,,,,,,,,,,,2023 Titans Second League
128,576,32995,Stefan Olivier,3729935,TUT 3,,TUT 3,3305,2,106,50,0,0,0,156,2023 Titans Second League
,576,32995,TUT 3,,,,,,,,,,,,,2023 Titans Second League
129,576,32995,Mohapi Molete,2985827,IRENE VILLAGERS 4,,IRENE VILLAGERS 4,3307,5,3,120,30,0,0,153,2023 Titans Second League
,576,32995,IRENE VILLAGERS 4,,,,,,,,,,,,,2023 Titans Second League
130,576,32995,Louan Nel,3163477,HARLEQUINS 3,,HARLEQUINS 3,3306,2,38,110,0,0,0,148,2023 Titans Second League
,576,32995,HARLEQUINS 3,,,,,,,,,,,,,2023 Titans Second League
131,576,32995,Morgan Potgiter,3198242,SINOVILLE 4,,SINOVILLE 4,3303,1,87,60,0,0,0,147,2023 Titans Second League
,576,32995,SINOVILLE 4,,,,,,,,,,,,,2023 Titans Second League
132,576,32995,Erick Knoesen,3912420,IRENE VILLAGERS 4,,IRENE VILLAGERS 4,3307,4,77,70,0,0,0,147,2023 Titans Second League
,576,32995,IRENE VILLAGERS 4,,,,,,,,,,,,,2023 Titans Second League
133,576,32995,Andre Schoombee,3772961,SINOVILLE 3,,SINOVILLE 3,3302,2,75,70,0,0,0,145,2023 Titans Second League
,576,32995,SINOVILLE 3,,,,,,,,,,,,,2023 Titans Second League
134,576,32995,Botha Geldenhuis,3795241,IRENE VILLAGERS 4,,IRENE VILLAGERS 4,3307,2,2,120,20,0,0,142,2023 Titans Second League
,576,32995,IRENE VILLAGERS 4,,,,,,,,,,,,,2023 Titans Second League
135,576,32995,Ruan Breytenbach,2936745,SINOVILLE 3,,SINOVILLE 3,3302,1,0,140,0,0,0,140,2023 Titans Second League
,576,32995,SINOVILLE 3,,,,,,,,,,,,,2023 Titans Second League
136,576,32995,Lehlohonolo Moshoati,3266899,TUKS 5,,TUKS 5,3304,2,58,70,10,0,0,138,2023 Titans Second League
,576,32995,TUKS 5,,,,,,,,,,,,,2023 Titans Second League
137,576,32995,Tyler Miller,3729934,IRENE VILLAGERS 3,,IRENE VILLAGERS 3,3299,7,5,100,30,0,0,135,2023 Titans Second League
,576,32995,IRENE VILLAGERS 3,,,,,,,,,,,,,2023 Titans Second League
138,576,32995,Martin Childs-Hurn,2936849,TUKS 5,,TUKS 5,3304,6,3,110,20,0,0,133,2023 Titans Second League
,576,32995,TUKS 5,,,,,,,,,,,,,2023 Titans Second League
139,576,32995,Nicolas Conradie,4163790,IRENE VILLAGERS 4,,IRENE VILLAGERS 4,3307,2,130,0,0,0,0,130,2023 Titans Second League
,576,32995,IRENE VILLAGERS 4,,,,,,,,,,,,,2023 Titans Second League
140,576,32995,Papi Cbf,4143516,CBCOB 3,,CBCOB 3,3298,2,140,-10,0,0,0,130,2023 Titans Second League
,576,32995,CBCOB 3,,,,,,,,,,,,,2023 Titans Second League
141,576,32995,Renier Bornman,3759634,SINOVILLE 3,,SINOVILLE 3,3302,1,40,90,0,0,0,130,2023 Titans Second League
,576,32995,SINOVILLE 3,,,,,,,,,,,,,2023 Titans Second League
142,576,32995,Christo Bornman,4165764,SINOVILLE 4,,SINOVILLE 4,3303,1,89,40,0,0,0,129,2023 Titans Second League
,576,32995,SINOVILLE 4,,,,,,,,,,,,,2023 Titans Second League
143,576,32995,Hendré van Niekerk,3713455,IRENE VILLAGERS 3,,IRENE VILLAGERS 3,3299,6,48,70,10,0,0,128,2023 Titans Second League
,576,32995,IRENE VILLAGERS 3,,,,,,,,,,,,,2023 Titans Second League
144,576,32995,Gerhard Scheepers,3927337,IRENE VILLAGERS 4,,IRENE VILLAGERS 4,3307,1,8,100,20,0,0,128,2023 Titans Second League
,576,32995,IRENE VILLAGERS 4,,,,,,,,,,,,,2023 Titans Second League
145,576,32995,Peter Harold,4116053,HARLEQUINS 3,,HARLEQUINS 3,3306,2,127,0,0,0,0,127,2023 Titans Second League
,576,32995,HARLEQUINS 3,,,,,,,,,,,,,2023 Titans Second League
146,576,32995,Jaco de Vos,2936844,TUKS 5,,TUKS 5,3304,1,126,0,0,0,0,126,2023 Titans Second League
,576,32995,TUKS 5,,,,,,,,,,,,,2023 Titans Second League
147,576,32995,Caleb Eckard,3018344,CBCOB 3,,CBCOB 3,3298,1,-6,130,0,0,0,124,2023 Titans Second League
,576,32995,CBCOB 3,,,,,,,,,,,,,2023 Titans Second League
148,576,32995,Yatin Koul,4081459,PHSOB 3,,PHSOB 3,3300,1,121,0,0,0,0,121,2023 Titans Second League
,576,32995,PHSOB 3,,,,,,,,,,,,,2023 Titans Second League
149,576,32995,Ivan Schoeman,3759630,SINOVILLE 3,,SINOVILLE 3,3302,1,91,30,0,0,0,121,2023 Titans Second League
,576,32995,SINOVILLE 3,,,,,,,,,,,,,2023 Titans Second League
150,576,32995,Niel Alberts,3745436,HARLEQUINS 3,,HARLEQUINS 3,3306,1,0,100,20,0,0,120,2023 Titans Second League
,576,32995,HARLEQUINS 3,,,,,,,,,,,,,2023 Titans Second League
151,576,32995,Wian van Deventer,3255254,SINOVILLE 4,,SINOVILLE 4,3303,1,93,20,0,0,0,113,2023 Titans Second League
,576,32995,SINOVILLE 4,,,,,,,,,,,,,2023 Titans Second League
152,576,32995,Gerbrant Vivers,3729931,IRENE VILLAGERS 3,,IRENE VILLAGERS 3,3299,2,103,0,10,0,0,113,2023 Titans Second League
,576,32995,IRENE VILLAGERS 3,,,,,,,,,,,,,2023 Titans Second League
153,576,32995,Maritz Bezuidenhout,3180554,SINOVILLE 4,,SINOVILLE 4,3303,1,71,40,0,0,0,111,2023 Titans Second League
,576,32995,SINOVILLE 4,,,,,,,,,,,,,2023 Titans Second League
154,576,32995,Walli Vayani,4081461,PHSOB 3,,PHSOB 3,3300,2,91,20,0,0,0,111,2023 Titans Second League
,576,32995,PHSOB 3,,,,,,,,,,,,,2023 Titans Second League
155,576,32995,Charl Foxcroft,2097177,TUT 3,,TUT 3,3305,6,40,60,10,0,0,110,2023 Titans Second League
,576,32995,TUT 3,,,,,,,,,,,,,2023 Titans Second League
156,576,32995,Hein Loggenberg,2929078,SINOVILLE 4,,SINOVILLE 4,3303,1,-10,100,20,0,0,110,2023 Titans Second League
,576,32995,SINOVILLE 4,,,,,,,,,,,,,2023 Titans Second League
157,576,32995,Emile Van de Merwe,4063606,IRENE VILLAGERS 4,,IRENE VILLAGERS 4,3307,4,89,0,20,0,0,109,2023 Titans Second League
,576,32995,IRENE VILLAGERS 4,,,,,,,,,,,,,2023 Titans Second League
158,576,32995,Gunter Geyer,3146508,IRENE VILLAGERS 4,,IRENE VILLAGERS 4,3307,3,87,10,10,0,0,107,2023 Titans Second League
,576,32995,IRENE VILLAGERS 4,,,,,,,,,,,,,2023 Titans Second League
159,576,32995,Estiaan Blom,4143526,SINOVILLE 3,,SINOVILLE 3,3302,1,77,20,10,0,0,107,2023 Titans Second League
,576,32995,SINOVILLE 3,,,,,,,,,,,,,2023 Titans Second League
160,576,32995,Ian Dorfling,3795252,SINOVILLE 4,,SINOVILLE 4,3303,5,-16,110,10,0,0,104,2023 Titans Second League
,576,32995,SINOVILLE 4,,,,,,,,,,,,,2023 Titans Second League
161,576,32995,Amohelang Sebati,3795244,IRENE VILLAGERS 4,,IRENE VILLAGERS 4,3307,7,23,60,20,0,0,103,2023 Titans Second League
,576,32995,IRENE VILLAGERS 4,,,,,,,,,,,,,2023 Titans Second League
162,576,32995,Dirkie Kruger,3713346,TUT 3,,TUT 3,3305,2,3,90,10,0,0,103,2023 Titans Second League
,576,32995,TUT 3,,,,,,,,,,,,,2023 Titans Second League
163,576,32995,Jaco CBC,4046234,CBCOB 3,,CBCOB 3,3298,1,93,10,0,0,0,103,2023 Titans Second League
,576,32995,CBCOB 3,,,,,,,,,,,,,2023 Titans Second League
164,576,32995,Joshua Isaacs,4063607,IRENE VILLAGERS 4,,IRENE VILLAGERS 4,3307,6,82,0,20,0,0,102,2023 Titans Second League
,576,32995,IRENE VILLAGERS 4,,,,,,,,,,,,,2023 Titans Second League
165,576,32995,Oliver Beauclerk,2934812,HARLEQUINS 3,,HARLEQUINS 3,3306,1,0,90,10,0,0,100,2023 Titans Second League
,576,32995,HARLEQUINS 3,,,,,,,,,,,,,2023 Titans Second League
166,576,32995,Andre Duvenhage,4116055,HARLEQUINS 3,,HARLEQUINS 3,3306,1,0,100,0,0,0,100,2023 Titans Second League
,576,32995,HARLEQUINS 3,,,,,,,,,,,,,2023 Titans Second League
167,576,32995,Juan Van Der Westhuizen,3771719,IRENE VILLAGERS 3,,IRENE VILLAGERS 3,3299,1,0,100,0,0,0,100,2023 Titans Second League
,576,32995,IRENE VILLAGERS 3,,,,,,,,,,,,,2023 Titans Second League
168,576,32995,Gerrald Gouws,3056111,CBCOB 3,,CBCOB 3,3298,3,84,0,10,0,0,94,2023 Titans Second League
,576,32995,CBCOB 3,,,,,,,,,,,,,2023 Titans Second League
169,576,32995,Manie De Roubiax,4186422,SINOVILLE 4,,SINOVILLE 4,3303,2,93,0,0,0,0,93,2023 Titans Second League
,576,32995,SINOVILLE 4,,,,,,,,,,,,,2023 Titans Second League
170,576,32995,Dillan Chatham,3928461,CBCOB 3,,CBCOB 3,3298,2,3,90,0,0,0,93,2023 Titans Second League
,576,32995,CBCOB 3,,,,,,,,,,,,,2023 Titans Second League
171,576,32995,Raymond Vd Berg,3795619,CBCOB 3,,CBCOB 3,3298,1,2,90,0,0,0,92,2023 Titans Second League
,576,32995,CBCOB 3,,,,,,,,,,,,,2023 Titans Second League
172,576,32995,Keldon van Zyl,3812052,SINOVILLE 3,,SINOVILLE 3,3302,2,52,40,0,0,0,92,2023 Titans Second League
,576,32995,SINOVILLE 3,,,,,,,,,,,,,2023 Titans Second League
173,576,32995,Deon Van Huysteen,3795246,SINOVILLE 4,,SINOVILLE 4,3303,1,70,0,20,0,0,90,2023 Titans Second League
,576,32995,SINOVILLE 4,,,,,,,,,,,,,2023 Titans Second League
174,576,32995,Henco Irene,4063609,IRENE VILLAGERS 4,,IRENE VILLAGERS 4,3307,1,0,80,10,0,0,90,2023 Titans Second League
,576,32995,IRENE VILLAGERS 4,,,,,,,,,,,,,2023 Titans Second League
175,576,32995,Riaan Coetzer,4198491,SINOVILLE 4,,SINOVILLE 4,3303,1,0,90,0,0,0,90,2023 Titans Second League
,576,32995,SINOVILLE 4,,,,,,,,,,,,,2023 Titans Second League
176,576,32995,Justin Reynolds,3713446,IRENE VILLAGERS 3,,IRENE VILLAGERS 3,3299,3,67,0,20,0,0,87,2023 Titans Second League
,576,32995,IRENE VILLAGERS 3,,,,,,,,,,,,,2023 Titans Second League
177,576,32995,Ivan Venter,2936845,TUKS 5,,TUKS 5,3304,2,76,0,10,0,0,86,2023 Titans Second League
,576,32995,TUKS 5,,,,,,,,,,,,,2023 Titans Second League
178,576,32995,Marco Rudolph,3229694,SINOVILLE 3,,SINOVILLE 3,3302,2,64,0,20,0,0,84,2023 Titans Second League
,576,32995,SINOVILLE 3,,,,,,,,,,,,,2023 Titans Second League
179,576,32995,Ruben Rossouw,4046236,CBCOB 3,,CBCOB 3,3298,1,73,10,0,0,0,83,2023 Titans Second League
,576,32995,CBCOB 3,,,,,,,,,,,,,2023 Titans Second League
180,576,32995,Matt Collett,4081460,PHSOB 3,,PHSOB 3,3300,3,82,0,0,0,0,82,2023 Titans Second League
,576,32995,PHSOB 3,,,,,,,,,,,,,2023 Titans Second League
181,576,32995,Tiaan Borman,3772082,SINOVILLE 3,,SINOVILLE 3,3302,2,-9,90,0,0,0,81,2023 Titans Second League
,576,32995,SINOVILLE 3,,,,,,,,,,,,,2023 Titans Second League
182,576,32995,Burgert Kloppers,3783168,HARLEQUINS 3,,HARLEQUINS 3,3306,1,0,80,0,0,0,80,2023 Titans Second League
,576,32995,HARLEQUINS 3,,,,,,,,,,,,,2023 Titans Second League
183,576,32995,Cj Jordaan,4116167,PHSOB 3,,PHSOB 3,3300,2,-10,90,0,0,0,80,2023 Titans Second League
,576,32995,PHSOB 3,,,,,,,,,,,,,2023 Titans Second League
184,576,32995,Ryan Seymore,4100168,TUT 3,,TUT 3,3305,1,-2,70,10,0,0,78,2023 Titans Second League
,576,32995,TUT 3,,,,,,,,,,,,,2023 Titans Second League
185,576,32995,Dian Van der Walt,2936868,CBCOB 3,,CBCOB 3,3298,2,-4,80,0,0,0,76,2023 Titans Second League
,576,32995,CBCOB 3,,,,,,,,,,,,,2023 Titans Second League
186,576,32995,Ryan Thorburn,3163540,IRENE VILLAGERS 4,,IRENE VILLAGERS 4,3307,3,76,0,0,0,0,76,2023 Titans Second League
,576,32995,IRENE VILLAGERS 4,,,,,,,,,,,,,2023 Titans Second League
187,576,32995,Christo Borman,3928458,SINOVILLE 3,,SINOVILLE 3,3302,1,44,30,0,0,0,74,2023 Titans Second League
,576,32995,SINOVILLE 3,,,,,,,,,,,,,2023 Titans Second League
188,576,32995,Alec CBC,4046235,CBCOB 3,,CBCOB 3,3298,1,61,10,0,0,0,71,2023 Titans Second League
,576,32995,CBCOB 3,,,,,,,,,,,,,2023 Titans Second League
189,576,32995,Sibusiso Mxube,4024776,IRENE VILLAGERS 3,,IRENE VILLAGERS 3,3299,1,1,60,10,0,0,71,2023 Titans Second League
,576,32995,IRENE VILLAGERS 3,,,,,,,,,,,,,2023 Titans Second League
190,576,32995,Thomas Hobson,4185926,PHSOB 3,,PHSOB 3,3300,2,71,0,0,0,0,71,2023 Titans Second League
,576,32995,PHSOB 3,,,,,,,,,,,,,2023 Titans Second League
191,576,32995,Josh Joubert,4100288,IRENE VILLAGERS 3,,IRENE VILLAGERS 3,3299,1,0,60,10,0,0,70,2023 Titans Second League
,576,32995,IRENE VILLAGERS 3,,,,,,,,,,,,,2023 Titans Second League
192,576,32995,Hendrik Hitge,4198492,SINOVILLE 4,,SINOVILLE 4,3303,1,0,50,20,0,0,70,2023 Titans Second League
,576,32995,SINOVILLE 4,,,,,,,,,,,,,2023 Titans Second League
193,576,32995,Tyler Miller,4163789,IRENE VILLAGERS 4,,IRENE VILLAGERS 4,3307,1,10,60,0,0,0,70,2023 Titans Second League
,576,32995,IRENE VILLAGERS 4,,,,,,,,,,,,,2023 Titans Second League
194,576,32995,Ruben Potgieter,3729568,CBCOB 3,,CBCOB 3,3298,2,-10,70,10,0,0,70,2023 Titans Second League
,576,32995,CBCOB 3,,,,,,,,,,,,,2023 Titans Second League
195,576,32995,Ruan Ebersohn,4024777,IRENE VILLAGERS 3,,IRENE VILLAGERS 3,3299,2,10,60,0,0,0,70,2023 Titans Second League
,576,32995,IRENE VILLAGERS 3,,,,,,,,,,,,,2023 Titans Second League
196,576,32995,JJ Du Toit,3226765,SINOVILLE 3,,SINOVILLE 3,3302,3,67,0,0,0,0,67,2023 Titans Second League
,576,32995,SINOVILLE 3,,,,,,,,,,,,,2023 Titans Second League
197,576,32995,Jaco Joubert,4100290,IRENE VILLAGERS 4,,IRENE VILLAGERS 4,3307,2,6,60,0,0,0,66,2023 Titans Second League
,576,32995,IRENE VILLAGERS 4,,,,,,,,,,,,,2023 Titans Second League
198,576,32995,Gerrie Marais,3783169,HARLEQUINS 3,,HARLEQUINS 3,3306,3,43,10,10,0,0,63,2023 Titans Second League
,576,32995,HARLEQUINS 3,,,,,,,,,,,,,2023 Titans Second League
199,576,32995,Rudi Loibner,2935397,CBCOB 3,,CBCOB 3,3298,7,22,0,40,0,0,62,2023 Titans Second League
,576,32995,CBCOB 3,,,,,,,,,,,,,2023 Titans Second League
200,576,32995,Jaco Ferreira,3759639,SINOVILLE 3,,SINOVILLE 3,3302,1,2,60,0,0,0,62,2023 Titans Second League
,576,32995,SINOVILLE 3,,,,,,,,,,,,,2023 Titans Second League
1,18,32995,Aerton Helena,2936841,TUKS 5,,TUKS 5,1860,7,1323,380,40,200,4,1943,Titans Second League
,18,32995,TUKS 5,,,,,,,,,,,,,Titans Second League
2,18,32995,Christian Strydom,2936847,TUKS 5,,TUKS 5,1860,12,1364,340,120,0,0,1824,Titans Second League
,18,32995,TUKS 5,,,,,,,,,,,,,Titans Second League
3,18,32995,Uzair Vayani,3018178,PHSOB 3,,PHSOB 3,1193,7,309,560,70,150,3,1089,Titans Second League
,18,32995,PHSOB 3,,,,,,,,,,,,,Titans Second League
4,18,32995,Tiaan Engelbrecht,2936837,TUKS 5,,TUKS 5,1860,10,310,660,50,0,0,1020,Titans Second League
,18,32995,TUKS 5,,,,,,,,,,,,,Titans Second League
5,18,32995,Willem Sevenster,2049746,CBCOB 3,,CBCOB 3,1196,11,854,0,80,0,0,934,Titans Second League
,18,32995,CBCOB 3,,,,,,,,,,,,,Titans Second League
6,18,32995,Donovan Steinberg,2985796,IRENE VILLAGERS 3,,IRENE VILLAGERS 3,1195,7,226,640,30,0,0,896,Titans Second League
,18,32995,IRENE VILLAGERS 3,,,,,,,,,,,,,Titans Second League
7,18,32995,Dawie Kruger,2985805,IRENE VILLAGERS 3,,IRENE VILLAGERS 3,1195,8,572,220,50,50,1,892,Titans Second League
,18,32995,IRENE VILLAGERS 3,,,,,,,,,,,,,Titans Second League
8,18,32995,Shaun Muirhead,2889022,CBCOB 3,,CBCOB 3,1196,10,724,10,20,50,1,804,Titans Second League
,18,32995,CBCOB 3,,,,,,,,,,,,,Titans Second League
9,18,32995,Riccardo Oosthuizen,2936842,TUKS 5,,TUKS 5,1860,7,403,270,30,50,1,753,Titans Second League
,18,32995,TUKS 5,,,,,,,,,,,,,Titans Second League
10,18,32995,Chad Fortman,2936899,PHSOB 3,,PHSOB 3,1193,7,454,180,60,50,1,744,Titans Second League
,18,32995,PHSOB 3,,,,,,,,,,,,,Titans Second League
11,18,32995,Anton Stassen,3069496,SINOVILLE 4,,SINOVILLE 4,1200,3,584,0,20,100,2,704,Titans Second League
,18,32995,SINOVILLE 4,,,,,,,,,,,,,Titans Second League
12,18,32995,Andre Meintjes IV,2985799,IRENE VILLAGERS 3,,IRENE VILLAGERS 3,1195,6,261,350,20,50,1,681,Titans Second League
,18,32995,IRENE VILLAGERS 3,,,,,,,,,,,,,Titans Second League
13,18,32995,Jacques Erasmus,3056082,SINOVILLE 4,,SINOVILLE 4,1200,3,581,0,30,50,1,661,Titans Second League
,18,32995,SINOVILLE 4,,,,,,,,,,,,,Titans Second League
14,18,32995,Chris Koekemoer,3069547,CBCOB 3,,CBCOB 3,1196,7,427,120,40,50,1,637,Titans Second League
,18,32995,CBCOB 3,,,,,,,,,,,,,Titans Second League
15,18,32995,Justin Van Bassen,2936896,PHSOB 3,,PHSOB 3,1193,8,538,0,30,50,1,618,Titans Second League
,18,32995,PHSOB 3,,,,,,,,,,,,,Titans Second League
16,18,32995,Gerhard De Bruin,2936835,TUKS 5,,TUKS 5,1860,13,494,80,30,0,0,604,Titans Second League
,18,32995,TUKS 5,,,,,,,,,,,,,Titans Second League
17,18,32995,Reynier Swart,2985798,IRENE VILLAGERS 3,,IRENE VILLAGERS 3,1195,10,295,260,30,0,0,585,Titans Second League
,18,32995,IRENE VILLAGERS 3,,,,,,,,,,,,,Titans Second League
18,18,32995,Wayne Scott,3056109,CBCOB 3,,CBCOB 3,1196,3,435,80,20,50,1,585,Titans Second League
,18,32995,CBCOB 3,,,,,,,,,,,,,Titans Second League
19,18,32995,Steven Meyburgh,2937220,PHSOB 3,,PHSOB 3,1193,7,39,460,30,50,1,579,Titans Second League
,18,32995,PHSOB 3,,,,,,,,,,,,,Titans Second League
20,18,32995,Jacques Joubert,2985795,IRENE VILLAGERS 3,,IRENE VILLAGERS 3,1195,9,-5,530,10,0,0,535,Titans Second League
,18,32995,IRENE VILLAGERS 3,,,,,,,,,,,,,Titans Second League
21,18,32995,Conrath Meiring,2987575,CBCOB 3,,CBCOB 3,1196,4,511,0,10,0,0,521,Titans Second League
,18,32995,CBCOB 3,,,,,,,,,,,,,Titans Second League
22,18,32995,Louis van Zyl,3003071,CBCOB 3,,CBCOB 3,1196,6,168,260,40,50,1,518,Titans Second League
,18,32995,CBCOB 3,,,,,,,,,,,,,Titans Second League
23,18,32995,Juan Van den berg,2987480,SINOVILLE 3,,SINOVILLE 3,1194,6,-10,490,30,0,0,510,Titans Second League
,18,32995,SINOVILLE 3,,,,,,,,,,,,,Titans Second League
24,18,32995,Justin Fourie,2987524,PHSOB 3,,PHSOB 3,1193,4,52,320,70,50,1,492,Titans Second League
,18,32995,PHSOB 3,,,,,,,,,,,,,Titans Second League
25,18,32995,Stefan Grobler,3018230,TUT 3,,TUT 3,1197,6,332,100,10,50,1,492,Titans Second League
,18,32995,TUT 3,,,,,,,,,,,,,Titans Second League
26,18,32995,Micheal van der Westhuizen,3069551,CBCOB 3,,CBCOB 3,1196,5,0,430,10,50,1,490,Titans Second League
,18,32995,CBCOB 3,,,,,,,,,,,,,Titans Second League
27,18,32995,Christo Swanepoel,2936900,PHSOB 3,,PHSOB 3,1193,8,38,420,30,0,0,488,Titans Second League
,18,32995,PHSOB 3,,,,,,,,,,,,,Titans Second League
28,18,32995,Bradley Joynt,3015414,IRENE VILLAGERS 3,,IRENE VILLAGERS 3,1195,2,416,0,10,50,1,476,Titans Second League
,18,32995,IRENE VILLAGERS 3,,,,,,,,,,,,,Titans Second League
29,18,32995,Dian Botha,2934759,SINOVILLE 4,,SINOVILLE 4,1200,2,313,150,0,0,0,463,Titans Second League
,18,32995,SINOVILLE 4,,,,,,,,,,,,,Titans Second League
30,18,32995,Matt Rogerson,2936914,PHSOB 3,,PHSOB 3,1193,8,362,90,10,0,0,462,Titans Second League
,18,32995,PHSOB 3,,,,,,,,,,,,,Titans Second League
31,18,32995,Luca Tuks 6,3163550,TUKS 6,,TUKS 6,1861,1,379,70,10,0,0,459,Titans Second League
,18,32995,TUKS 6,,,,,,,,,,,,,Titans Second League
32,18,32995,Hein Smit,2985797,IRENE VILLAGERS 3,,IRENE VILLAGERS 3,1195,5,66,370,0,0,0,436,Titans Second League
,18,32995,IRENE VILLAGERS 3,,,,,,,,,,,,,Titans Second League
33,18,32995,Adriaan Ferreira,2936919,PHSOB 3,,PHSOB 3,1193,5,10,400,20,0,0,430,Titans Second League
,18,32995,PHSOB 3,,,,,,,,,,,,,Titans Second League
34,18,32995,Felix le Roux,3018176,PHSOB 3,,PHSOB 3,1193,3,368,0,10,50,1,428,Titans Second League
,18,32995,PHSOB 3,,,,,,,,,,,,,Titans Second League
35,18,32995,Emil Rolfes,2936903,PHSOB 3,,PHSOB 3,1193,3,407,0,20,0,0,427,Titans Second League
,18,32995,PHSOB 3,,,,,,,,,,,,,Titans Second League
36,18,32995,Wiehan Nel,2936753,SINOVILLE 3,,SINOVILLE 3,1194,1,352,0,10,50,1,412,Titans Second League
,18,32995,SINOVILLE 3,,,,,,,,,,,,,Titans Second League
37,18,32995,Devon Almeida,3242449,CBCOB 3,,CBCOB 3,1196,3,2,370,40,0,0,412,Titans Second League
,18,32995,CBCOB 3,,,,,,,,,,,,,Titans Second League
38,18,32995,Dewald Basson,3018234,TUT 3,,TUT 3,1197,6,30,370,10,0,0,410,Titans Second League
,18,32995,TUT 3,,,,,,,,,,,,,Titans Second League
39,18,32995,Gunter Geyer,2985804,IRENE VILLAGERS 3,,IRENE VILLAGERS 3,1195,4,360,0,40,0,0,400,Titans Second League
,18,32995,IRENE VILLAGERS 3,,,,,,,,,,,,,Titans Second League
40,18,32995,Jacques Vosloo,2987525,PHSOB 3,,PHSOB 3,1193,4,399,0,0,0,0,399,Titans Second League
,18,32995,PHSOB 3,,,,,,,,,,,,,Titans Second League
41,18,32995,Victor Van Niekerk,2985801,IRENE VILLAGERS 3,,IRENE VILLAGERS 3,1195,6,-13,320,40,50,1,397,Titans Second League
,18,32995,IRENE VILLAGERS 3,,,,,,,,,,,,,Titans Second League
42,18,32995,Keaton Steenkamp,2944947,SINOVILLE 4,,SINOVILLE 4,1200,8,105,270,20,0,0,395,Titans Second League
,18,32995,SINOVILLE 4,,,,,,,,,,,,,Titans Second League
43,18,32995,Kevin Pretorius,2936906,PHSOB 3,,PHSOB 3,1193,3,386,0,0,0,0,386,Titans Second League
,18,32995,PHSOB 3,,,,,,,,,,,,,Titans Second League
44,18,32995,Martin Van Tonder,2840539,TUKS 5,,TUKS 5,1860,12,85,210,90,0,0,385,Titans Second League
,18,32995,TUKS 5,,,,,,,,,,,,,Titans Second League
45,18,32995,Riaan von Bentheim,3018175,TUKS 5,,TUKS 5,1860,7,335,0,50,0,0,385,Titans Second League
,18,32995,TUKS 5,,,,,,,,,,,,,Titans Second League
46,18,32995,Playa2 Cbc,3255331,CBCOB 3,,CBCOB 3,1196,1,249,60,20,50,1,379,Titans Second League
,18,32995,CBCOB 3,,,,,,,,,,,,,Titans Second League
47,18,32995,Want V deventer,3180548,SINOVILLE 4,,SINOVILLE 4,1200,1,325,-10,0,50,1,365,Titans Second League
,18,32995,SINOVILLE 4,,,,,,,,,,,,,Titans Second League
48,18,32995,Samashan Naidoo,2990928,TUKS 5,,TUKS 5,1860,1,29,320,10,0,0,359,Titans Second League
,18,32995,TUKS 5,,,,,,,,,,,,,Titans Second League
49,18,32995,Charl Prinsloo,3018226,TUT 3,,TUT 3,1197,5,344,0,0,0,0,344,Titans Second League
,18,32995,TUT 3,,,,,,,,,,,,,Titans Second League
50,18,32995,Tiaan Dorfling,3693408,IRENE VILLAGERS 3,,IRENE VILLAGERS 3,1195,2,322,0,0,0,0,322,Titans Second League
,18,32995,IRENE VILLAGERS 3,,,,,,,,,,,,,Titans Second League
51,18,32995,Ryan Kruger,2698181,SINOVILLE 4,,SINOVILLE 4,1200,2,250,60,10,0,0,320,Titans Second League
,18,32995,SINOVILLE 4,,,,,,,,,,,,,Titans Second League
52,18,32995,Bruce Crossey,3018342,CBCOB 3,,CBCOB 3,1196,10,277,30,10,0,0,317,Titans Second League
,18,32995,CBCOB 3,,,,,,,,,,,,,Titans Second League
53,18,32995,David Ewen,2987528,TUKS 6,,TUKS 6,1861,5,293,20,0,0,0,313,Titans Second League
,18,32995,TUKS 6,,,,,,,,,,,,,Titans Second League
54,18,32995,JP Goosen,2987481,SINOVILLE 4,,SINOVILLE 4,1200,2,0,240,20,50,1,310,Titans Second League
,18,32995,SINOVILLE 4,,,,,,,,,,,,,Titans Second League
55,18,32995,Pippie Kemm,3033949,PHSOB 3,,PHSOB 3,1193,4,182,40,20,50,1,292,Titans Second League
,18,32995,PHSOB 3,,,,,,,,,,,,,Titans Second League
56,18,32995,Tiaan Lotter,2934784,SINOVILLE 4,,SINOVILLE 4,1200,3,215,50,20,0,0,285,Titans Second League
,18,32995,SINOVILLE 4,,,,,,,,,,,,,Titans Second League
57,18,32995,Dylan Alberts,3018227,TUT 3,,TUT 3,1197,3,25,240,20,0,0,285,Titans Second League
,18,32995,TUT 3,,,,,,,,,,,,,Titans Second League
58,18,32995,Marius Bornman,2936833,TUKS 5,,TUKS 5,1860,9,222,30,30,0,0,282,Titans Second League
,18,32995,TUKS 5,,,,,,,,,,,,,Titans Second League
59,18,32995,Stanley Fabri,3056139,SINOVILLE 4,,SINOVILLE 4,1200,4,72,200,10,0,0,282,Titans Second League
,18,32995,SINOVILLE 4,,,,,,,,,,,,,Titans Second League
60,18,32995,Kofi Essel-mensah,2987529,TUKS 6,,TUKS 6,1861,6,211,50,20,0,0,281,Titans Second League
,18,32995,TUKS 6,,,,,,,,,,,,,Titans Second League
61,18,32995,Rhys Tuks6,3242941,TUKS 6,,TUKS 6,1861,1,216,0,0,50,1,266,Titans Second League
,18,32995,TUKS 6,,,,,,,,,,,,,Titans Second League
62,18,32995,Barend Huyzer,3018233,TUT 3,,TUT 3,1197,6,44,200,20,0,0,264,Titans Second League
,18,32995,TUT 3,,,,,,,,,,,,,Titans Second League
63,18,32995,Rudi Loibner,2935397,CBCOB 3,,CBCOB 3,1196,2,0,200,10,50,1,260,Titans Second League
,18,32995,CBCOB 3,,,,,,,,,,,,,Titans Second League
64,18,32995,Jos Grove,2936905,PHSOB 3,,PHSOB 3,1193,2,68,180,10,0,0,258,Titans Second League
,18,32995,PHSOB 3,,,,,,,,,,,,,Titans Second League
65,18,32995,Wian Nel,2987474,SINOVILLE 4,,SINOVILLE 4,1200,2,220,20,10,0,0,250,Titans Second League
,18,32995,SINOVILLE 4,,,,,,,,,,,,,Titans Second League
66,18,32995,Vernon van de Merwe,2985800,IRENE VILLAGERS 3,,IRENE VILLAGERS 3,1195,7,240,0,0,0,0,240,Titans Second League
,18,32995,IRENE VILLAGERS 3,,,,,,,,,,,,,Titans Second League
67,18,32995,Karel Verhoef,2987576,CBCOB 3,,CBCOB 3,1196,2,47,180,10,0,0,237,Titans Second League
,18,32995,CBCOB 3,,,,,,,,,,,,,Titans Second League
68,18,32995,Wian Ruthven,3267056,SINOVILLE 4,,SINOVILLE 4,1200,2,180,0,0,50,1,230,Titans Second League
,18,32995,SINOVILLE 4,,,,,,,,,,,,,Titans Second League
69,18,32995,Ryno Joubert,2985794,IRENE VILLAGERS 3,,IRENE VILLAGERS 3,1195,10,196,0,30,0,0,226,Titans Second League
,18,32995,IRENE VILLAGERS 3,,,,,,,,,,,,,Titans Second League
70,18,32995,Dieter Sinoville,3255255,SINOVILLE 4,,SINOVILLE 4,1200,1,224,0,0,0,0,224,Titans Second League
,18,32995,SINOVILLE 4,,,,,,,,,,,,,Titans Second League
71,18,32995,Charl Foxcroft,2097177,TUT 3,,TUT 3,1197,5,81,100,40,0,0,221,Titans Second League
,18,32995,TUT 3,,,,,,,,,,,,,Titans Second League
72,18,32995,Zian Stoop,2987574,CBCOB 3,,CBCOB 3,1196,1,219,0,0,0,0,219,Titans Second League
,18,32995,CBCOB 3,,,,,,,,,,,,,Titans Second League
73,18,32995,André Botes,3018347,CBCOB 3,,CBCOB 3,1196,8,14,190,10,0,0,214,Titans Second League
,18,32995,CBCOB 3,,,,,,,,,,,,,Titans Second League
74,18,32995,Kieran Anderson,2936859,TUKS 6,,TUKS 6,1861,6,212,-10,10,0,0,212,Titans Second League
,18,32995,TUKS 6,,,,,,,,,,,,,Titans Second League
75,18,32995,Ivan Venter,2936845,TUKS 5,,TUKS 5,1860,5,150,60,0,0,0,210,Titans Second League
,18,32995,TUKS 5,,,,,,,,,,,,,Titans Second League
76,18,32995,Andreas De Lange,2936853,TUKS 6,,TUKS 6,1861,4,28,180,0,0,0,208,Titans Second League
,18,32995,TUKS 6,,,,,,,,,,,,,Titans Second League
77,18,32995,Wian van Deventer,3257325,SINOVILLE 3,,SINOVILLE 3,1194,2,96,60,0,50,1,206,Titans Second League
,18,32995,SINOVILLE 3,,,,,,,,,,,,,Titans Second League
78,18,32995,Pieter Pretorius,2936910,PHSOB 3,,PHSOB 3,1193,1,22,170,10,0,0,202,Titans Second League
,18,32995,PHSOB 3,,,,,,,,,,,,,Titans Second League
79,18,32995,Martin Childs-Hurn,2936849,TUKS 5,,TUKS 5,1860,4,56,140,0,0,0,196,Titans Second League
,18,32995,TUKS 5,,,,,,,,,,,,,Titans Second League
80,18,32995,Anton Stassen,2936729,SINOVILLE 3,,SINOVILLE 3,1194,5,173,0,10,0,0,183,Titans Second League
,18,32995,SINOVILLE 3,,,,,,,,,,,,,Titans Second League
81,18,32995,Jacques Nel,2987580,CBCOB 3,,CBCOB 3,1196,5,0,160,20,0,0,180,Titans Second League
,18,32995,CBCOB 3,,,,,,,,,,,,,Titans Second League
82,18,32995,Tyron Denton,2936916,PHSOB 3,,PHSOB 3,1193,4,98,50,30,0,0,178,Titans Second League
,18,32995,PHSOB 3,,,,,,,,,,,,,Titans Second League
83,18,32995,Divan Behrens,3257324,SINOVILLE 3,,SINOVILLE 3,1194,2,47,130,0,0,0,177,Titans Second League
,18,32995,SINOVILLE 3,,,,,,,,,,,,,Titans Second League
84,18,32995,Riaan Davel,3163488,SINOVILLE 4,,SINOVILLE 4,1200,5,26,130,20,0,0,176,Titans Second League
,18,32995,SINOVILLE 4,,,,,,,,,,,,,Titans Second League
85,18,32995,Stefan van Staden,3056136,SINOVILLE 4,,SINOVILLE 4,1200,1,59,110,0,0,0,169,Titans Second League
,18,32995,SINOVILLE 4,,,,,,,,,,,,,Titans Second League
86,18,32995,JP Roets,3195753,SINOVILLE 4,,SINOVILLE 4,1200,3,57,110,0,0,0,167,Titans Second League
,18,32995,SINOVILLE 4,,,,,,,,,,,,,Titans Second League
87,18,32995,Frits Snyman,2936846,TUKS 5,,TUKS 5,1860,8,145,0,20,0,0,165,Titans Second League
,18,32995,TUKS 5,,,,,,,,,,,,,Titans Second League
88,18,32995,Erik Van Deventer,3033825,TUT 3,,TUT 3,1197,4,83,80,0,0,0,163,Titans Second League
,18,32995,TUT 3,,,,,,,,,,,,,Titans Second League
89,18,32995,JP Roets,3031810,SINOVILLE 3,,SINOVILLE 3,1194,6,-9,160,10,0,0,161,Titans Second League
,18,32995,SINOVILLE 3,,,,,,,,,,,,,Titans Second League
90,18,32995,Xander Venter,3229695,SINOVILLE 3,,SINOVILLE 3,1194,1,99,40,20,0,0,159,Titans Second League
,18,32995,SINOVILLE 3,,,,,,,,,,,,,Titans Second League
91,18,32995,Paul Gouws,3056110,CBCOB 3,,CBCOB 3,1196,4,107,30,20,0,0,157,Titans Second League
,18,32995,CBCOB 3,,,,,,,,,,,,,Titans Second League
92,18,32995,Hendre Du toit,2987477,SINOVILLE 4,,SINOVILLE 4,1200,5,46,110,0,0,0,156,Titans Second League
,18,32995,SINOVILLE 4,,,,,,,,,,,,,Titans Second League
93,18,32995,Lourens Pieterse,3003046,IRENE VILLAGERS 3,,IRENE VILLAGERS 3,1195,4,4,140,10,0,0,154,Titans Second League
,18,32995,IRENE VILLAGERS 3,,,,,,,,,,,,,Titans Second League
94,18,32995,Stephan Van Der Berg,2987583,CBCOB 3,,CBCOB 3,1196,2,0,120,30,0,0,150,Titans Second League
,18,32995,CBCOB 3,,,,,,,,,,,,,Titans Second League
95,18,32995,Muhammad Adil Khan,2973879,POLICE 3,,POLICE 3,1201,3,146,-20,20,0,0,146,Titans Second League
,18,32995,POLICE 3,,,,,,,,,,,,,Titans Second League
96,18,32995,Jeandre Roux,3018228,TUT 3,,TUT 3,1197,5,142,-10,10,0,0,142,Titans Second League
,18,32995,TUT 3,,,,,,,,,,,,,Titans Second League
97,18,32995,Khumo Tlhoaela,3145213,CBCOB 3,,CBCOB 3,1196,1,0,130,10,0,0,140,Titans Second League
,18,32995,CBCOB 3,,,,,,,,,,,,,Titans Second League
98,18,32995,Marne Weldhagen,3180550,SINOVILLE 4,,SINOVILLE 4,1200,1,138,0,0,0,0,138,Titans Second League
,18,32995,SINOVILLE 4,,,,,,,,,,,,,Titans Second League
99,18,32995,Niel Coetzee,3018224,TUT 3,,TUT 3,1197,6,72,0,60,0,0,132,Titans Second League
,18,32995,TUT 3,,,,,,,,,,,,,Titans Second League
100,18,32995,Jean Coetser,3018231,TUT 3,,TUT 3,1197,5,52,50,30,0,0,132,Titans Second League
,18,32995,TUT 3,,,,,,,,,,,,,Titans Second League
101,18,32995,Adriaan Venter,3673677,CBCOB 3,,CBCOB 3,1196,6,60,50,20,0,0,130,Titans Second League
,18,32995,CBCOB 3,,,,,,,,,,,,,Titans Second League
102,18,32995,Stephen van den Berg,2936843,TUKS 5,,TUKS 5,1860,4,110,0,20,0,0,130,Titans Second League
,18,32995,TUKS 5,,,,,,,,,,,,,Titans Second League
103,18,32995,James Nelson,3145210,CBCOB 3,,CBCOB 3,1196,1,57,60,10,0,0,127,Titans Second League
,18,32995,CBCOB 3,,,,,,,,,,,,,Titans Second League
104,18,32995,Mark Bekker,3146406,TUT 3,,TUT 3,1197,3,5,110,10,0,0,125,Titans Second League
,18,32995,TUT 3,,,,,,,,,,,,,Titans Second League
105,18,32995,Michael Boltman,2936907,PHSOB 3,,PHSOB 3,1193,4,114,0,10,0,0,124,Titans Second League
,18,32995,PHSOB 3,,,,,,,,,,,,,Titans Second League
106,18,32995,Ruan Brenner,3180560,PHSOB 3,,PHSOB 3,1193,1,94,30,0,0,0,124,Titans Second League
,18,32995,PHSOB 3,,,,,,,,,,,,,Titans Second League
107,18,32995,Duan St Arnaud,3145215,PHSOB 3,,PHSOB 3,1193,3,24,80,20,0,0,124,Titans Second League
,18,32995,PHSOB 3,,,,,,,,,,,,,Titans Second League
108,18,32995,Divan Behrens,3255257,SINOVILLE 4,,SINOVILLE 4,1200,3,123,0,0,0,0,123,Titans Second League
,18,32995,SINOVILLE 4,,,,,,,,,,,,,Titans Second League
109,18,32995,Latir Grey-Johnson,3018351,TUKS 6,,TUKS 6,1861,3,62,40,20,0,0,122,Titans Second League
,18,32995,TUKS 6,,,,,,,,,,,,,Titans Second League
110,18,32995,George Chibweza,3229703,CBCOB 3,,CBCOB 3,1196,3,0,110,10,0,0,120,Titans Second League
,18,32995,CBCOB 3,,,,,,,,,,,,,Titans Second League
111,18,32995,Caleb Eckard,3018344,CBCOB 3,,CBCOB 3,1196,6,-10,120,10,0,0,120,Titans Second League
,18,32995,CBCOB 3,,,,,,,,,,,,,Titans Second League
112,18,32995,Erik Hartman,2936852,TUKS 6,,TUKS 6,1861,4,89,20,10,0,0,119,Titans Second League
,18,32995,TUKS 6,,,,,,,,,,,,,Titans Second League
113,18,32995,Oliver Beauclerk,2987533,TUKS 6,,TUKS 6,1861,1,9,110,0,0,0,119,Titans Second League
,18,32995,TUKS 6,,,,,,,,,,,,,Titans Second League
114,18,32995,Matimu Mayayise,2936840,TUKS 5,,TUKS 5,1860,4,125,-40,30,0,0,115,Titans Second League
,18,32995,TUKS 5,,,,,,,,,,,,,Titans Second League
115,18,32995,MJ Gouws,2990919,SINOVILLE 3,,SINOVILLE 3,1194,2,53,50,10,0,0,113,Titans Second League
,18,32995,SINOVILLE 3,,,,,,,,,,,,,Titans Second League
116,18,32995,Manie de Beer,2947307,SINOVILLE 3,,SINOVILLE 3,1194,2,2,100,10,0,0,112,Titans Second League
,18,32995,SINOVILLE 3,,,,,,,,,,,,,Titans Second League
117,18,32995,Stan Skinner,3031824,TUKS 5,,TUKS 5,1860,1,0,110,0,0,0,110,Titans Second League
,18,32995,TUKS 5,,,,,,,,,,,,,Titans Second League
118,18,32995,Jean Caudron,3180555,SINOVILLE 4,,SINOVILLE 4,1200,5,9,80,20,0,0,109,Titans Second League
,18,32995,SINOVILLE 4,,,,,,,,,,,,,Titans Second League
119,18,32995,Dries Van der Lith,2934771,SINOVILLE 3,,SINOVILLE 3,1194,4,78,30,0,0,0,108,Titans Second League
,18,32995,SINOVILLE 3,,,,,,,,,,,,,Titans Second League
120,18,32995,Jason Gillard,3003090,SINOVILLE 4,,SINOVILLE 4,1200,2,8,100,0,0,0,108,Titans Second League
,18,32995,SINOVILLE 4,,,,,,,,,,,,,Titans Second League
121,18,32995,Andre Van wyk,3266939,TUKS 5,,TUKS 5,1860,12,-3,100,10,0,0,107,Titans Second League
,18,32995,TUKS 5,,,,,,,,,,,,,Titans Second League
122,18,32995,Aidan Lakmeeharan,2934847,TUKS 6,,TUKS 6,1861,6,96,0,10,0,0,106,Titans Second League
,18,32995,TUKS 6,,,,,,,,,,,,,Titans Second League
123,18,32995,Evan Tuks6,3243675,TUKS 6,,TUKS 6,1861,1,100,0,0,0,0,100,Titans Second League
,18,32995,TUKS 6,,,,,,,,,,,,,Titans Second League
124,18,32995,Derrick Cremer,3056113,CBCOB 3,,CBCOB 3,1196,2,95,0,0,0,0,95,Titans Second League
,18,32995,CBCOB 3,,,,,,,,,,,,,Titans Second League
125,18,32995,Gerrie Viljoen,3015413,IRENE VILLAGERS 3,,IRENE VILLAGERS 3,1195,1,73,20,0,0,0,93,Titans Second League
,18,32995,IRENE VILLAGERS 3,,,,,,,,,,,,,Titans Second League
126,18,32995,Hlomla Henna,2936855,TUKS 6,,TUKS 6,1861,7,50,40,0,0,0,90,Titans Second League
,18,32995,TUKS 6,,,,,,,,,,,,,Titans Second League
127,18,32995,Phillp Irene,3255329,IRENE VILLAGERS 3,,IRENE VILLAGERS 3,1195,1,90,0,0,0,0,90,Titans Second League
,18,32995,IRENE VILLAGERS 3,,,,,,,,,,,,,Titans Second League
128,18,32995,Abbas Mohammad,1082990,POLICE 3,,POLICE 3,1201,3,39,40,10,0,0,89,Titans Second League
,18,32995,POLICE 3,,,,,,,,,,,,,Titans Second League
129,18,32995,Dean Dyer,2936901,PHSOB 3,,PHSOB 3,1193,2,89,0,0,0,0,89,Titans Second League
,18,32995,PHSOB 3,,,,,,,,,,,,,Titans Second League
130,18,32995,Ryan Rossouw,2936911,PHSOB 3,,PHSOB 3,1193,3,66,0,20,0,0,86,Titans Second League
,18,32995,PHSOB 3,,,,,,,,,,,,,Titans Second League
131,18,32995,JJ Du Toit,3226765,SINOVILLE 4,,SINOVILLE 4,1200,5,64,0,20,0,0,84,Titans Second League
,18,32995,SINOVILLE 4,,,,,,,,,,,,,Titans Second League
132,18,32995,Wian Munnik,3198244,SINOVILLE 4,,SINOVILLE 4,1200,2,44,20,20,0,0,84,Titans Second League
,18,32995,SINOVILLE 4,,,,,,,,,,,,,Titans Second League
133,18,32995,Playa3 Cbc,3255332,CBCOB 3,,CBCOB 3,1196,1,31,40,10,0,0,81,Titans Second League
,18,32995,CBCOB 3,,,,,,,,,,,,,Titans Second League
134,18,32995,Mosleh Uddin,3226767,SINOVILLE 3,,SINOVILLE 3,1194,2,-10,80,10,0,0,80,Titans Second League
,18,32995,SINOVILLE 3,,,,,,,,,,,,,Titans Second League
135,18,32995,Ettienne Du Toit,3056134,SINOVILLE 4,,SINOVILLE 4,1200,1,40,30,10,0,0,80,Titans Second League
,18,32995,SINOVILLE 4,,,,,,,,,,,,,Titans Second League
136,18,32995,Franco Ferns,3069549,CBCOB 3,,CBCOB 3,1196,1,0,80,0,0,0,80,Titans Second League
,18,32995,CBCOB 3,,,,,,,,,,,,,Titans Second League
137,18,32995,Ivan Bekker,2936839,TUKS 5,,TUKS 5,1860,7,59,20,0,0,0,79,Titans Second League
,18,32995,TUKS 5,,,,,,,,,,,,,Titans Second League
138,18,32995,Johan Pretorius,3255251,TUKS 5,,TUKS 5,1860,2,78,0,0,0,0,78,Titans Second League
,18,32995,TUKS 5,,,,,,,,,,,,,Titans Second League
139,18,32995,Puseletso Mogofe,2936856,TUKS 6,,TUKS 6,1861,4,57,20,0,0,0,77,Titans Second League
,18,32995,TUKS 6,,,,,,,,,,,,,Titans Second League
140,18,32995,Noele Saffar,2986862,IRENE VILLAGERS 3,,IRENE VILLAGERS 3,1195,10,37,0,40,0,0,77,Titans Second League
,18,32995,IRENE VILLAGERS 3,,,,,,,,,,,,,Titans Second League
141,18,32995,Heinrich Odendaal,3242448,CBCOB 3,,CBCOB 3,1196,1,76,0,0,0,0,76,Titans Second League
,18,32995,CBCOB 3,,,,,,,,,,,,,Titans Second League
142,18,32995,Nasir Iqbal,2973877,POLICE 3,,POLICE 3,1201,3,45,30,0,0,0,75,Titans Second League
,18,32995,POLICE 3,,,,,,,,,,,,,Titans Second League
143,18,32995,Stephan Lotter,2990921,SINOVILLE 3,,SINOVILLE 3,1194,1,43,30,0,0,0,73,Titans Second League
,18,32995,SINOVILLE 3,,,,,,,,,,,,,Titans Second League
144,18,32995,Zandre Nel,3056622,SINOVILLE 4,,SINOVILLE 4,1200,1,2,60,10,0,0,72,Titans Second League
,18,32995,SINOVILLE 4,,,,,,,,,,,,,Titans Second League
145,18,32995,Jean Coudron,3229696,SINOVILLE 3,,SINOVILLE 3,1194,2,41,30,0,0,0,71,Titans Second League
,18,32995,SINOVILLE 3,,,,,,,,,,,,,Titans Second League
146,18,32995,Morgan Potgiter,3198242,SINOVILLE 4,,SINOVILLE 4,1200,1,61,10,0,0,0,71,Titans Second League
,18,32995,SINOVILLE 4,,,,,,,,,,,,,Titans Second League
147,18,32995,Gershwin Reid,3266898,CBCOB 3,,CBCOB 3,1196,1,0,70,0,0,0,70,Titans Second League
,18,32995,CBCOB 3,,,,,,,,,,,,,Titans Second League
148,18,32995,Janko Roets,2936858,TUKS 6,,TUKS 6,1861,2,69,0,0,0,0,69,Titans Second League
,18,32995,TUKS 6,,,,,,,,,,,,,Titans Second League
149,18,32995,Varun Cherian,2987527,TUKS 6,,TUKS 6,1861,1,48,20,0,0,0,68,Titans Second League
,18,32995,TUKS 6,,,,,,,,,,,,,Titans Second League
150,18,32995,Charl Prinsloo,3257326,SINOVILLE 3,,SINOVILLE 3,1194,2,68,0,0,0,0,68,Titans Second League
,18,32995,SINOVILLE 3,,,,,,,,,,,,,Titans Second League
151,18,32995,Hancko Vosser,2936836,TUKS 5,,TUKS 5,1860,5,17,30,20,0,0,67,Titans Second League
,18,32995,TUKS 5,,,,,,,,,,,,,Titans Second League
152,18,32995,Muhammed Moosa,2987530,TUKS 6,,TUKS 6,1861,4,47,20,0,0,0,67,Titans Second League
,18,32995,TUKS 6,,,,,,,,,,,,,Titans Second League
153,18,32995,Henko Affies,3180556,IRENE VILLAGERS 3,,IRENE VILLAGERS 3,1195,2,77,-10,0,0,0,67,Titans Second League
,18,32995,IRENE VILLAGERS 3,,,,,,,,,,,,,Titans Second League
154,18,32995,Eddie Stevens,3145214,PHSOB 3,,PHSOB 3,1193,2,66,0,0,0,0,66,Titans Second League
,18,32995,PHSOB 3,,,,,,,,,,,,,Titans Second League
155,18,32995,Berno Klopper,3180553,SINOVILLE 3,,SINOVILLE 3,1194,4,35,-10,40,0,0,65,Titans Second League
,18,32995,SINOVILLE 3,,,,,,,,,,,,,Titans Second League
156,18,32995,Johanco Faihst,3255252,TUKS 5,,TUKS 5,1860,1,65,0,0,0,0,65,Titans Second League
,18,32995,TUKS 5,,,,,,,,,,,,,Titans Second League
157,18,32995,Dylan Kotze,2987579,CBCOB 3,,CBCOB 3,1196,3,2,60,0,0,0,62,Titans Second League
,18,32995,CBCOB 3,,,,,,,,,,,,,Titans Second League
158,18,32995,Josh Brady,3018177,PHSOB 3,,PHSOB 3,1193,1,1,60,0,0,0,61,Titans Second League
,18,32995,PHSOB 3,,,,,,,,,,,,,Titans Second League
159,18,32995,Kobus Gouws,2990920,SINOVILLE 3,,SINOVILLE 3,1194,1,86,-30,0,0,0,56,Titans Second League
,18,32995,SINOVILLE 3,,,,,,,,,,,,,Titans Second League
160,18,32995,Jan Jones,2936838,TUKS 5,,TUKS 5,1860,4,45,-10,20,0,0,55,Titans Second League
,18,32995,TUKS 5,,,,,,,,,,,,,Titans Second League
161,18,32995,Humayon Baig Mirza,2973881,POLICE 3,,POLICE 3,1201,3,5,30,20,0,0,55,Titans Second League
,18,32995,POLICE 3,,,,,,,,,,,,,Titans Second League
162,18,32995,Aubery Smit,3180561,PHSOB 3,,PHSOB 3,1193,1,44,0,10,0,0,54,Titans Second League
,18,32995,PHSOB 3,,,,,,,,,,,,,Titans Second League
163,18,32995,Danish Khan,1636074,POLICE 3,,POLICE 3,1201,3,102,-60,10,0,0,52,Titans Second League
,18,32995,POLICE 3,,,,,,,,,,,,,Titans Second League
164,18,32995,Dyllan Tweedy,2936864,TUKS 6,,TUKS 6,1861,1,52,0,0,0,0,52,Titans Second League
,18,32995,TUKS 6,,,,,,,,,,,,,Titans Second League
165,18,32995,Muhammad Qasim Muhammad,2973875,POLICE 3,,POLICE 3,1201,3,-20,60,10,0,0,50,Titans Second League
,18,32995,POLICE 3,,,,,,,,,,,,,Titans Second League
166,18,32995,JP Roetz,3267058,SINOVILLE 4,,SINOVILLE 4,1200,1,0,50,0,0,0,50,Titans Second League
,18,32995,SINOVILLE 4,,,,,,,,,,,,,Titans Second League
167,18,32995,Zander Jordaan,2987471,SINOVILLE 4,,SINOVILLE 4,1200,2,40,0,10,0,0,50,Titans Second League
,18,32995,SINOVILLE 4,,,,,,,,,,,,,Titans Second League
168,18,32995,Juan Matta,3229701,SINOVILLE 3,,SINOVILLE 3,1194,1,-10,60,0,0,0,50,Titans Second League
,18,32995,SINOVILLE 3,,,,,,,,,,,,,Titans Second League
169,18,32995,Heinrich Hamman,2987472,SINOVILLE 4,,SINOVILLE 4,1200,2,49,0,0,0,0,49,Titans Second League
,18,32995,SINOVILLE 4,,,,,,,,,,,,,Titans Second League
170,18,32995,Jaco de Vos,2936844,TUKS 5,,TUKS 5,1860,1,8,30,10,0,0,48,Titans Second League
,18,32995,TUKS 5,,,,,,,,,,,,,Titans Second League
171,18,32995,Eben Botha,2936848,TUKS 5,,TUKS 5,1860,4,28,0,20,0,0,48,Titans Second League
,18,32995,TUKS 5,,,,,,,,,,,,,Titans Second League
172,18,32995,Michael Du Plessis,3226770,TUKS 6,,TUKS 6,1861,1,44,0,0,0,0,44,Titans Second League
,18,32995,TUKS 6,,,,,,,,,,,,,Titans Second League
173,18,32995,Jorich Van Schalkwyk,3267057,SINOVILLE 4,,SINOVILLE 4,1200,1,34,0,10,0,0,44,Titans Second League
,18,32995,SINOVILLE 4,,,,,,,,,,,,,Titans Second League
174,18,32995,Tumelo Sinoville,3242453,SINOVILLE 4,,SINOVILLE 4,1200,1,3,40,0,0,0,43,Titans Second League
,18,32995,SINOVILLE 4,,,,,,,,,,,,,Titans Second League
175,18,32995,Stefan Strydom,2985833,IRENE VILLAGERS 3,,IRENE VILLAGERS 3,1195,1,43,0,0,0,0,43,Titans Second League
,18,32995,IRENE VILLAGERS 3,,,,,,,,,,,,,Titans Second League
176,18,32995,Stefan Schutte,2987475,SINOVILLE 4,,SINOVILLE 4,1200,2,23,20,0,0,0,43,Titans Second League
,18,32995,SINOVILLE 4,,,,,,,,,,,,,Titans Second League
177,18,32995,Jahnu Parvataneni,2936860,TUKS 6,,TUKS 6,1861,1,42,0,0,0,0,42,Titans Second League
,18,32995,TUKS 6,,,,,,,,,,,,,Titans Second League
178,18,32995,Pieter Jansen van Rensburg,3198240,SINOVILLE 4,,SINOVILLE 4,1200,1,41,0,0,0,0,41,Titans Second League
,18,32995,SINOVILLE 4,,,,,,,,,,,,,Titans Second League
179,18,32995,Joel Duminy,3145216,PHSOB 3,,PHSOB 3,1193,1,41,0,0,0,0,41,Titans Second League
,18,32995,PHSOB 3,,,,,,,,,,,,,Titans Second League
180,18,32995,Jeandre van Molendorff,2936736,SINOVILLE 3,,SINOVILLE 3,1194,1,0,40,0,0,0,40,Titans Second League
,18,32995,SINOVILLE 3,,,,,,,,,,,,,Titans Second League
181,18,32995,Maritz Bezuidenhout,3180554,SINOVILLE 4,,SINOVILLE 4,1200,2,0,40,0,0,0,40,Titans Second League
,18,32995,SINOVILLE 4,,,,,,,,,,,,,Titans Second League
182,18,32995,Joe Vickery,2936854,TUKS 6,,TUKS 6,1861,2,-1,30,10,0,0,39,Titans Second League
,18,32995,TUKS 6,,,,,,,,,,,,,Titans Second League
183,18,32995,Craig Swanepoel,3018225,TUT 3,,TUT 3,1197,5,19,0,20,0,0,39,Titans Second League
,18,32995,TUT 3,,,,,,,,,,,,,Titans Second League
184,18,32995,Dylan Van wyk,2987473,SINOVILLE 4,,SINOVILLE 4,1200,3,23,10,0,0,0,33,Titans Second League
,18,32995,SINOVILLE 4,,,,,,,,,,,,,Titans Second League
185,18,32995,Bonolo Khuzwayo,3018350,TUKS 6,,TUKS 6,1861,1,3,20,10,0,0,33,Titans Second League
,18,32995,TUKS 6,,,,,,,,,,,,,Titans Second League
186,18,32995,Tavish Seebran Ramthol,2936867,TUKS 6,,TUKS 6,1861,1,-8,40,0,0,0,32,Titans Second League
,18,32995,TUKS 6,,,,,,,,,,,,,Titans Second League
187,18,32995,Luke Mogagene,2987535,TUKS 6,,TUKS 6,1861,3,2,30,0,0,0,32,Titans Second League
,18,32995,TUKS 6,,,,,,,,,,,,,Titans Second League
188,18,32995,Jeandre Joubert,3257328,SINOVILLE 3,,SINOVILLE 3,1194,1,1,30,0,0,0,31,Titans Second League
,18,32995,SINOVILLE 3,,,,,,,,,,,,,Titans Second League
189,18,32995,Playa4 Cbc,3255333,CBCOB 3,,CBCOB 3,1196,1,0,20,10,0,0,30,Titans Second League
,18,32995,CBCOB 3,,,,,,,,,,,,,Titans Second League
190,18,32995,Kutloano Maseko,2936861,TUKS 6,,TUKS 6,1861,1,0,30,0,0,0,30,Titans Second League
,18,32995,TUKS 6,,,,,,,,,,,,,Titans Second League
191,18,32995,Braam Sinoville,3257329,SINOVILLE 3,,SINOVILLE 3,1194,1,0,30,0,0,0,30,Titans Second League
,18,32995,SINOVILLE 3,,,,,,,,,,,,,Titans Second League
192,18,32995,Rowan Poole,3056112,CBCOB 3,,CBCOB 3,1196,1,-10,40,0,0,0,30,Titans Second League
,18,32995,CBCOB 3,,,,,,,,,,,,,Titans Second League
193,18,32995,Brendan Freiser,3069550,CBCOB 3,,CBCOB 3,1196,2,0,20,10,0,0,30,Titans Second League
,18,32995,CBCOB 3,,,,,,,,,,,,,Titans Second League
194,18,32995,Pieter Smit,3145212,CBCOB 3,,CBCOB 3,1196,1,0,20,10,0,0,30,Titans Second League
,18,32995,CBCOB 3,,,,,,,,,,,,,Titans Second League
195,18,32995,Michael Stoop,2936908,PHSOB 3,,PHSOB 3,1193,3,-5,30,0,0,0,25,Titans Second League
,18,32995,PHSOB 3,,,,,,,,,,,,,Titans Second League
196,18,32995,Playa1 Cbc,3255330,CBCOB 3,,CBCOB 3,1196,1,5,20,0,0,0,25,Titans Second League
,18,32995,CBCOB 3,,,,,,,,,,,,,Titans Second League
197,18,32995,Henro Bouwer,3180583,SINOVILLE 3,,SINOVILLE 3,1194,1,25,0,0,0,0,25,Titans Second League
,18,32995,SINOVILLE 3,,,,,,,,,,,,,Titans Second League
198,18,32995,Anton Behr,2973880,POLICE 3,,POLICE 3,1201,2,4,20,0,0,0,24,Titans Second League
,18,32995,POLICE 3,,,,,,,,,,,,,Titans Second League
199,18,32995,Murray White,2936913,PHSOB 3,,PHSOB 3,1193,1,23,0,0,0,0,23,Titans Second League
,18,32995,PHSOB 3,,,,,,,,,,,,,Titans Second League
200,18,32995,Deon Van Huyssteen,3018345,CBCOB 3,,CBCOB 3,1196,7,32,-20,10,0,0,22,Titans Second League
,18,32995,CBCOB 3,,,,,,,,,,,,,Titans Second League
