SNO,LEAGUE_ID,CLUB_ID,MATCH_TYPE,DATE,TEAM_ONE,TEAM_ONE_URL,TEAM_ONE_ID,TEAM_ONE_CLUB_ID,TEAM_TWO,TEAM_TWO_URL,TEAM_TWO_ID,TEAM_TWO_CLUB_ID,RESULT,SCORES_SUMMARY_RAW,SCORECARD_URL,POINTS,SCORE_SUMMARY_TEAM_1,SCORE_SUMMARY_TEAM_1_SCORE,SCORE_SUMMARY_TEAM_2,SCORE_SUMMARY_TEAM_2_SCORE,League Name
56,949,32995,League,03/21/2026,SINOVILLE 3,https://cricclubs.com/TitansCricket/viewTeam.do?teamId=5429&clubId=32995,5429,32995,PHSOB 3,https://cricclubs.com/TitansCricket/viewTeam.do?teamId=5428&clubId=32995,5428,32995,Abandoned.,SINOVILLE 3: 0/0(0.0),https://cricclubs.com/TitansCricket/viewScorecard.do?matchId=8795&clubId=32995,2,SINOVILLE 3,0/0(0.0),,,2025/2026 TITANS SECOND LEAGUE
55,949,32995,League,03/07/2026,IRENE VILLAGERS 3,https://cricclubs.com/TitansCricket/viewTeam.do?teamId=5427&clubId=32995,5427,32995,PHSOB 3,https://cricclubs.com/TitansCricket/viewTeam.do?teamId=5428&clubId=32995,5428,32995,IRENE VILLAGERS 3 won by 12 Runs,IRENE VILLAGERS 3: 210/7(40.0) PHSOB 3: 198/10(39.2),https://cricclubs.com/TitansCricket/viewScorecard.do?matchId=8620&clubId=32995,0,IRENE VILLAGERS 3,210/7(40.0),PHSOB 3,198/10(39.2),2025/2026 TITANS SECOND LEAGUE
54,949,32995,League,02/28/2026,SINOVILLE 3,https://cricclubs.com/TitansCricket/viewTeam.do?teamId=5429&clubId=32995,5429,32995,TUT 3,https://cricclubs.com/TitansCricket/viewTeam.do?teamId=5431&clubId=32995,5431,32995,Forfeited. Winner: TUT 3,SINOVILLE 3: 0/0(0.0),https://cricclubs.com/TitansCricket/viewScorecard.do?matchId=8557&clubId=32995,4,SINOVILLE 3,0/0(0.0),,,2025/2026 TITANS SECOND LEAGUE
53,949,32995,League,02/28/2026,HARLEQUINS 3,https://cricclubs.com/TitansCricket/viewTeam.do?teamId=5426&clubId=32995,5426,32995,IRENE VILLAGERS 4,https://cricclubs.com/TitansCricket/viewTeam.do?teamId=5432&clubId=32995,5432,32995,Abandoned.,HARLEQUINS 3: 211/3(32.0),https://cricclubs.com/TitansCricket/viewScorecard.do?matchId=8556&clubId=32995,2,HARLEQUINS 3,211/3(32.0),,,2025/2026 TITANS SECOND LEAGUE
52,949,32995,League,02/28/2026,TUKS 5,https://cricclubs.com/TitansCricket/viewTeam.do?teamId=5430&clubId=32995,5430,32995,CBCOB 3,https://cricclubs.com/TitansCricket/viewTeam.do?teamId=5425&clubId=32995,5425,32995,Abandoned.,TUKS 5: 95/10(25.4) CBCOB 3: 31/4(8.0),https://cricclubs.com/TitansCricket/viewScorecard.do?matchId=8553&clubId=32995,2,TUKS 5,95/10(25.4),CBCOB 3,31/4(8.0),2025/2026 TITANS SECOND LEAGUE
51,949,32995,League,02/21/2026,TUKS 5,https://cricclubs.com/TitansCricket/viewTeam.do?teamId=5430&clubId=32995,5430,32995,SINOVILLE 3,https://cricclubs.com/TitansCricket/viewTeam.do?teamId=5429&clubId=32995,5429,32995,TUKS 5 won by 22 Runs,TUKS 5: 129/10(29.0) SINOVILLE 3: 107/10(26.0),https://cricclubs.com/TitansCricket/viewScorecard.do?matchId=8500&clubId=32995,0,TUKS 5,129/10(29.0),SINOVILLE 3,107/10(26.0),2025/2026 TITANS SECOND LEAGUE
50,949,32995,League,02/21/2026,CBCOB 3,https://cricclubs.com/TitansCricket/viewTeam.do?teamId=5425&clubId=32995,5425,32995,IRENE VILLAGERS 4,https://cricclubs.com/TitansCricket/viewTeam.do?teamId=5432&clubId=32995,5432,32995,CBCOB 3 won by 113 Runs,CBCOB 3: 155/10(30.1) IRENE VILLAGERS 4: 42/10(15.1),https://cricclubs.com/TitansCricket/viewScorecard.do?matchId=8483&clubId=32995,0,CBCOB 3,155/10(30.1),IRENE VILLAGERS 4,42/10(15.1),2025/2026 TITANS SECOND LEAGUE
49,949,32995,League,02/21/2026,IRENE VILLAGERS 3,https://cricclubs.com/TitansCricket/viewTeam.do?teamId=5427&clubId=32995,5427,32995,TUT 3,https://cricclubs.com/TitansCricket/viewTeam.do?teamId=5431&clubId=32995,5431,32995,IRENE VILLAGERS 3 won by 94 Runs,IRENE VILLAGERS 3: 220/8(40.0) TUT 3: 126/10(36.5),https://cricclubs.com/TitansCricket/viewScorecard.do?matchId=8480&clubId=32995,0,IRENE VILLAGERS 3,220/8(40.0),TUT 3,126/10(36.5),2025/2026 TITANS SECOND LEAGUE
48,949,32995,League,02/21/2026,HARLEQUINS 3,https://cricclubs.com/TitansCricket/viewTeam.do?teamId=5426&clubId=32995,5426,32995,PHSOB 3,https://cricclubs.com/TitansCricket/viewTeam.do?teamId=5428&clubId=32995,5428,32995,PHSOB 3 won by 6 Wickets,HARLEQUINS 3: 124/10(22.1) PHSOB 3: 125/4(18.5),https://cricclubs.com/TitansCricket/viewScorecard.do?matchId=8474&clubId=32995,4,HARLEQUINS 3,124/10(22.1),PHSOB 3,125/4(18.5),2025/2026 TITANS SECOND LEAGUE
47,949,32995,League,02/14/2026,IRENE VILLAGERS 4,https://cricclubs.com/TitansCricket/viewTeam.do?teamId=5432&clubId=32995,5432,32995,SINOVILLE 3,https://cricclubs.com/TitansCricket/viewTeam.do?teamId=5429&clubId=32995,5429,32995,Abandoned.,IRENE VILLAGERS 4: 0/0(0.0),https://cricclubs.com/TitansCricket/viewScorecard.do?matchId=8411&clubId=32995,2,IRENE VILLAGERS 4,0/0(0.0),,,2025/2026 TITANS SECOND LEAGUE
46,949,32995,League,02/14/2026,CBCOB 3,https://cricclubs.com/TitansCricket/viewTeam.do?teamId=5425&clubId=32995,5425,32995,HARLEQUINS 3,https://cricclubs.com/TitansCricket/viewTeam.do?teamId=5426&clubId=32995,5426,32995,CBCOB 3 won by 81 Runs,CBCOB 3: 169/10(32.3) HARLEQUINS 3: 88/10(24.3),https://cricclubs.com/TitansCricket/viewScorecard.do?matchId=8398&clubId=32995,0,CBCOB 3,169/10(32.3),HARLEQUINS 3,88/10(24.3),2025/2026 TITANS SECOND LEAGUE
45,949,32995,League,02/14/2026,TUKS 5,https://cricclubs.com/TitansCricket/viewTeam.do?teamId=5430&clubId=32995,5430,32995,IRENE VILLAGERS 3,https://cricclubs.com/TitansCricket/viewTeam.do?teamId=5427&clubId=32995,5427,32995,IRENE VILLAGERS 3 won by 7 Wickets,TUKS 5: 98/10(36.5) IRENE VILLAGERS 3: 101/3(27.5),https://cricclubs.com/TitansCricket/viewScorecard.do?matchId=8392&clubId=32995,4,TUKS 5,98/10(36.5),IRENE VILLAGERS 3,101/3(27.5),2025/2026 TITANS SECOND LEAGUE
44,949,32995,League,02/14/2026,TUT 3,https://cricclubs.com/TitansCricket/viewTeam.do?teamId=5431&clubId=32995,5431,32995,PHSOB 3,https://cricclubs.com/TitansCricket/viewTeam.do?teamId=5428&clubId=32995,5428,32995,Abandoned.,TUT 3: 0/0(0.0),https://cricclubs.com/TitansCricket/viewScorecard.do?matchId=8391&clubId=32995,2,TUT 3,0/0(0.0),,,2025/2026 TITANS SECOND LEAGUE
43,949,32995,League,02/07/2026,HARLEQUINS 3,https://cricclubs.com/TitansCricket/viewTeam.do?teamId=5426&clubId=32995,5426,32995,SINOVILLE 3,https://cricclubs.com/TitansCricket/viewTeam.do?teamId=5429&clubId=32995,5429,32995,SINOVILLE 3 won by 3 Wickets,HARLEQUINS 3: 247/8(40.0) SINOVILLE 3: 248/7(40.0),https://cricclubs.com/TitansCricket/viewScorecard.do?matchId=8318&clubId=32995,4,HARLEQUINS 3,247/8(40.0),SINOVILLE 3,248/7(40.0),2025/2026 TITANS SECOND LEAGUE
42,949,32995,League,02/07/2026,PHSOB 3,https://cricclubs.com/TitansCricket/viewTeam.do?teamId=5428&clubId=32995,5428,32995,CBCOB 3,https://cricclubs.com/TitansCricket/viewTeam.do?teamId=5425&clubId=32995,5425,32995,PHSOB 3 won by 195 Runs,PHSOB 3: 301/9(45.0) CBCOB 3: 106/9(25.1),https://cricclubs.com/TitansCricket/viewScorecard.do?matchId=8313&clubId=32995,0,PHSOB 3,301/9(45.0),CBCOB 3,106/9(25.1),2025/2026 TITANS SECOND LEAGUE
41,949,32995,League,02/07/2026,TUKS 5,https://cricclubs.com/TitansCricket/viewTeam.do?teamId=5430&clubId=32995,5430,32995,TUT 3,https://cricclubs.com/TitansCricket/viewTeam.do?teamId=5431&clubId=32995,5431,32995,TUT 3 won by 8 Wickets,TUKS 5: 168/10(34.4) TUT 3: 169/2(36.1),https://cricclubs.com/TitansCricket/viewScorecard.do?matchId=8311&clubId=32995,4,TUKS 5,168/10(34.4),TUT 3,169/2(36.1),2025/2026 TITANS SECOND LEAGUE
40,949,32995,League,02/07/2026,IRENE VILLAGERS 4,https://cricclubs.com/TitansCricket/viewTeam.do?teamId=5432&clubId=32995,5432,32995,IRENE VILLAGERS 3,https://cricclubs.com/TitansCricket/viewTeam.do?teamId=5427&clubId=32995,5427,32995,IRENE VILLAGERS 3 won by 4 Wickets,IRENE VILLAGERS 4: 175/9(45.0) IRENE VILLAGERS 3: 176/6(30.1),https://cricclubs.com/TitansCricket/viewScorecard.do?matchId=8309&clubId=32995,4,IRENE VILLAGERS 4,175/9(45.0),IRENE VILLAGERS 3,176/6(30.1),2025/2026 TITANS SECOND LEAGUE
39,949,32995,League,01/31/2026,CBCOB 3,https://cricclubs.com/TitansCricket/viewTeam.do?teamId=5425&clubId=32995,5425,32995,SINOVILLE 3,https://cricclubs.com/TitansCricket/viewTeam.do?teamId=5429&clubId=32995,5429,32995,Abandoned.,CBCOB 3: 0/0(0.0),https://cricclubs.com/TitansCricket/viewScorecard.do?matchId=8733&clubId=32995,2,CBCOB 3,0/0(0.0),,,2025/2026 TITANS SECOND LEAGUE
38,949,32995,League,01/31/2026,IRENE VILLAGERS 4,https://cricclubs.com/TitansCricket/viewTeam.do?teamId=5432&clubId=32995,5432,32995,TUT 3,https://cricclubs.com/TitansCricket/viewTeam.do?teamId=5431&clubId=32995,5431,32995,TUT 3 won by 7 Wickets,IRENE VILLAGERS 4: 187/6(40.0) TUT 3: 189/3(29.1),https://cricclubs.com/TitansCricket/viewScorecard.do?matchId=8261&clubId=32995,4,IRENE VILLAGERS 4,187/6(40.0),TUT 3,189/3(29.1),2025/2026 TITANS SECOND LEAGUE
37,949,32995,League,01/31/2026,IRENE VILLAGERS 3,https://cricclubs.com/TitansCricket/viewTeam.do?teamId=5427&clubId=32995,5427,32995,HARLEQUINS 3,https://cricclubs.com/TitansCricket/viewTeam.do?teamId=5426&clubId=32995,5426,32995,IRENE VILLAGERS 3 won by 295 Runs,IRENE VILLAGERS 3: 389/7(45.0) HARLEQUINS 3: 94/10(22.1),https://cricclubs.com/TitansCricket/viewScorecard.do?matchId=8256&clubId=32995,0,IRENE VILLAGERS 3,389/7(45.0),HARLEQUINS 3,94/10(22.1),2025/2026 TITANS SECOND LEAGUE
36,949,32995,League,01/31/2026,TUKS 5,https://cricclubs.com/TitansCricket/viewTeam.do?teamId=5430&clubId=32995,5430,32995,PHSOB 3,https://cricclubs.com/TitansCricket/viewTeam.do?teamId=5428&clubId=32995,5428,32995,PHSOB 3 won by 2 Wickets,TUKS 5: 216/10(39.3) PHSOB 3: 218/8(44.3),https://cricclubs.com/TitansCricket/viewScorecard.do?matchId=8254&clubId=32995,4,TUKS 5,216/10(39.3),PHSOB 3,218/8(44.3),2025/2026 TITANS SECOND LEAGUE
35,949,32995,League,01/24/2026,PHSOB 3,https://cricclubs.com/TitansCricket/viewTeam.do?teamId=5428&clubId=32995,5428,32995,SINOVILLE 3,https://cricclubs.com/TitansCricket/viewTeam.do?teamId=5429&clubId=32995,5429,32995,PHSOB 3 won by 138 Runs,PHSOB 3: 284/9(40.0) SINOVILLE 3: 146/10(24.4),https://cricclubs.com/TitansCricket/viewScorecard.do?matchId=8212&clubId=32995,0,PHSOB 3,284/9(40.0),SINOVILLE 3,146/10(24.4),2025/2026 TITANS SECOND LEAGUE
34,949,32995,League,01/24/2026,IRENE VILLAGERS 4,https://cricclubs.com/TitansCricket/viewTeam.do?teamId=5432&clubId=32995,5432,32995,TUKS 5,https://cricclubs.com/TitansCricket/viewTeam.do?teamId=5430&clubId=32995,5430,32995,TUKS 5 won by 7 Wickets,IRENE VILLAGERS 4: 147/10(27.4) TUKS 5: 150/3(16.5),https://cricclubs.com/TitansCricket/viewScorecard.do?matchId=8210&clubId=32995,4,IRENE VILLAGERS 4,147/10(27.4),TUKS 5,150/3(16.5),2025/2026 TITANS SECOND LEAGUE
33,949,32995,League,01/24/2026,CBCOB 3,https://cricclubs.com/TitansCricket/viewTeam.do?teamId=5425&clubId=32995,5425,32995,IRENE VILLAGERS 3,https://cricclubs.com/TitansCricket/viewTeam.do?teamId=5427&clubId=32995,5427,32995,IRENE VILLAGERS 3 won by 4 Wickets,CBCOB 3: 147/10(32.0) IRENE VILLAGERS 3: 152/6(31.3),https://cricclubs.com/TitansCricket/viewScorecard.do?matchId=8208&clubId=32995,4,CBCOB 3,147/10(32.0),IRENE VILLAGERS 3,152/6(31.3),2025/2026 TITANS SECOND LEAGUE
32,949,32995,League,01/24/2026,HARLEQUINS 3,https://cricclubs.com/TitansCricket/viewTeam.do?teamId=5426&clubId=32995,5426,32995,TUT 3,https://cricclubs.com/TitansCricket/viewTeam.do?teamId=5431&clubId=32995,5431,32995,TUT 3 won by 10 Wickets,HARLEQUINS 3: 83/10(25.2) TUT 3: 84/0(18.3),https://cricclubs.com/TitansCricket/viewScorecard.do?matchId=8207&clubId=32995,4,HARLEQUINS 3,83/10(25.2),TUT 3,84/0(18.3),2025/2026 TITANS SECOND LEAGUE
31,949,32995,League,12/06/2025,IRENE VILLAGERS 4,https://cricclubs.com/TitansCricket/viewTeam.do?teamId=5432&clubId=32995,5432,32995,PHSOB 3,https://cricclubs.com/TitansCricket/viewTeam.do?teamId=5428&clubId=32995,5428,32995,IRENE VILLAGERS 4 won by 38 Runs,IRENE VILLAGERS 4: 256/9(45.0) PHSOB 3: 218/10(38.3),https://cricclubs.com/TitansCricket/viewScorecard.do?matchId=8170&clubId=32995,0,IRENE VILLAGERS 4,256/9(45.0),PHSOB 3,218/10(38.3),2025/2026 TITANS SECOND LEAGUE
30,949,32995,League,12/06/2025,CBCOB 3,https://cricclubs.com/TitansCricket/viewTeam.do?teamId=5425&clubId=32995,5425,32995,SINOVILLE 3,https://cricclubs.com/TitansCricket/viewTeam.do?teamId=5429&clubId=32995,5429,32995,CBCOB 3 won by 22 Runs,CBCOB 3: 177/10(36.5) SINOVILLE 3: 155/10(23.5),https://cricclubs.com/TitansCricket/viewScorecard.do?matchId=8168&clubId=32995,0,CBCOB 3,177/10(36.5),SINOVILLE 3,155/10(23.5),2025/2026 TITANS SECOND LEAGUE
29,949,32995,League,11/29/2025,TUT 3,https://cricclubs.com/TitansCricket/viewTeam.do?teamId=5431&clubId=32995,5431,32995,CBCOB 3,https://cricclubs.com/TitansCricket/viewTeam.do?teamId=5425&clubId=32995,5425,32995,TUT 3 won by 109 Runs,TUT 3: 208/7(40.0) CBCOB 3: 99/10(28.2),https://cricclubs.com/TitansCricket/viewScorecard.do?matchId=8127&clubId=32995,0,TUT 3,208/7(40.0),CBCOB 3,99/10(28.2),2025/2026 TITANS SECOND LEAGUE
28,949,32995,League,11/29/2025,SINOVILLE 3,https://cricclubs.com/TitansCricket/viewTeam.do?teamId=5429&clubId=32995,5429,32995,IRENE VILLAGERS 3,https://cricclubs.com/TitansCricket/viewTeam.do?teamId=5427&clubId=32995,5427,32995,Abandoned.,SINOVILLE 3: 0/0(0.0),https://cricclubs.com/TitansCricket/viewScorecard.do?matchId=8118&clubId=32995,2,SINOVILLE 3,0/0(0.0),,,2025/2026 TITANS SECOND LEAGUE
27,949,32995,League,11/29/2025,HARLEQUINS 3,https://cricclubs.com/TitansCricket/viewTeam.do?teamId=5426&clubId=32995,5426,32995,TUKS 5,https://cricclubs.com/TitansCricket/viewTeam.do?teamId=5430&clubId=32995,5430,32995,HARLEQUINS 3 won by 39 Runs,HARLEQUINS 3: 221/5(40.0) TUKS 5: 182/10(31.2),https://cricclubs.com/TitansCricket/viewScorecard.do?matchId=8102&clubId=32995,0,HARLEQUINS 3,221/5(40.0),TUKS 5,182/10(31.2),2025/2026 TITANS SECOND LEAGUE
26,949,32995,League,11/22/2025,CBCOB 3,https://cricclubs.com/TitansCricket/viewTeam.do?teamId=5425&clubId=32995,5425,32995,TUKS 5,https://cricclubs.com/TitansCricket/viewTeam.do?teamId=5430&clubId=32995,5430,32995,Abandoned.,CBCOB 3: 0/0(0.0),https://cricclubs.com/TitansCricket/viewScorecard.do?matchId=8912&clubId=32995,2,CBCOB 3,0/0(0.0),,,2025/2026 TITANS SECOND LEAGUE
25,949,32995,League,11/22/2025,SINOVILLE 3,https://cricclubs.com/TitansCricket/viewTeam.do?teamId=5429&clubId=32995,5429,32995,TUT 3,https://cricclubs.com/TitansCricket/viewTeam.do?teamId=5431&clubId=32995,5431,32995,TUT 3 won by 7 Wickets,SINOVILLE 3: 150/10(26.4) TUT 3: 155/3(29.2),https://cricclubs.com/TitansCricket/viewScorecard.do?matchId=8035&clubId=32995,4,SINOVILLE 3,150/10(26.4),TUT 3,155/3(29.2),2025/2026 TITANS SECOND LEAGUE
24,949,32995,League,11/22/2025,HARLEQUINS 3,https://cricclubs.com/TitansCricket/viewTeam.do?teamId=5426&clubId=32995,5426,32995,IRENE VILLAGERS 4,https://cricclubs.com/TitansCricket/viewTeam.do?teamId=5432&clubId=32995,5432,32995,HARLEQUINS 3 won by 87 Runs,HARLEQUINS 3: 198/10(39.3) IRENE VILLAGERS 4: 111/4(20.0),https://cricclubs.com/TitansCricket/viewScorecard.do?matchId=8012&clubId=32995,0,HARLEQUINS 3,198/10(39.3),IRENE VILLAGERS 4,111/4(20.0),2025/2026 TITANS SECOND LEAGUE
23,949,32995,League,11/22/2025,IRENE VILLAGERS 3,https://cricclubs.com/TitansCricket/viewTeam.do?teamId=5427&clubId=32995,5427,32995,PHSOB 3,https://cricclubs.com/TitansCricket/viewTeam.do?teamId=5428&clubId=32995,5428,32995,Winner: PHSOB 3,IRENE VILLAGERS 3: 234/10(42.2) PHSOB 3: 114/4(23.0),https://cricclubs.com/TitansCricket/viewScorecard.do?matchId=8011&clubId=32995,4,IRENE VILLAGERS 3,234/10(42.2),PHSOB 3,114/4(23.0),2025/2026 TITANS SECOND LEAGUE
22,949,32995,League,11/15/2025,TUT 3,https://cricclubs.com/TitansCricket/viewTeam.do?teamId=5431&clubId=32995,5431,32995,IRENE VILLAGERS 3,https://cricclubs.com/TitansCricket/viewTeam.do?teamId=5427&clubId=32995,5427,32995,Abandoned.,TUT 3: 0/0(0.0),https://cricclubs.com/TitansCricket/viewScorecard.do?matchId=7967&clubId=32995,2,TUT 3,0/0(0.0),,,2025/2026 TITANS SECOND LEAGUE
21,949,32995,League,11/15/2025,IRENE VILLAGERS 4,https://cricclubs.com/TitansCricket/viewTeam.do?teamId=5432&clubId=32995,5432,32995,CBCOB 3,https://cricclubs.com/TitansCricket/viewTeam.do?teamId=5425&clubId=32995,5425,32995,Abandoned.,IRENE VILLAGERS 4: 32/2(7.5),https://cricclubs.com/TitansCricket/viewScorecard.do?matchId=7901&clubId=32995,2,IRENE VILLAGERS 4,32/2(7.5),,,2025/2026 TITANS SECOND LEAGUE
20,949,32995,League,11/15/2025,HARLEQUINS 3,https://cricclubs.com/TitansCricket/viewTeam.do?teamId=5426&clubId=32995,5426,32995,PHSOB 3,https://cricclubs.com/TitansCricket/viewTeam.do?teamId=5428&clubId=32995,5428,32995,PHSOB 3 won by 5 Wickets,HARLEQUINS 3: 53/10(10.5) PHSOB 3: 55/5(13.4),https://cricclubs.com/TitansCricket/viewScorecard.do?matchId=7898&clubId=32995,4,HARLEQUINS 3,53/10(10.5),PHSOB 3,55/5(13.4),2025/2026 TITANS SECOND LEAGUE
19,949,32995,League,11/15/2025,SINOVILLE 3,https://cricclubs.com/TitansCricket/viewTeam.do?teamId=5429&clubId=32995,5429,32995,TUKS 5,https://cricclubs.com/TitansCricket/viewTeam.do?teamId=5430&clubId=32995,5430,32995,TUKS 5 won by 8 Wickets,SINOVILLE 3: 64/10(18.3) TUKS 5: 67/2(7.2),https://cricclubs.com/TitansCricket/viewScorecard.do?matchId=7896&clubId=32995,4,SINOVILLE 3,64/10(18.3),TUKS 5,67/2(7.2),2025/2026 TITANS SECOND LEAGUE
18,949,32995,League,11/08/2025,CBCOB 3,https://cricclubs.com/TitansCricket/viewTeam.do?teamId=5425&clubId=32995,5425,32995,HARLEQUINS 3,https://cricclubs.com/TitansCricket/viewTeam.do?teamId=5426&clubId=32995,5426,32995,Abandoned.,CBCOB 3: 0/0(0.0),https://cricclubs.com/TitansCricket/viewScorecard.do?matchId=7838&clubId=32995,2,CBCOB 3,0/0(0.0),,,2025/2026 TITANS SECOND LEAGUE
17,949,32995,League,11/08/2025,TUT 3,https://cricclubs.com/TitansCricket/viewTeam.do?teamId=5431&clubId=32995,5431,32995,PHSOB 3,https://cricclubs.com/TitansCricket/viewTeam.do?teamId=5428&clubId=32995,5428,32995,PHSOB 3 won by 4 Wickets,TUT 3: 205/10(40.0) PHSOB 3: 206/6(31.4),https://cricclubs.com/TitansCricket/viewScorecard.do?matchId=7790&clubId=32995,4,TUT 3,205/10(40.0),PHSOB 3,206/6(31.4),2025/2026 TITANS SECOND LEAGUE
16,949,32995,League,11/08/2025,IRENE VILLAGERS 3,https://cricclubs.com/TitansCricket/viewTeam.do?teamId=5427&clubId=32995,5427,32995,TUKS 5,https://cricclubs.com/TitansCricket/viewTeam.do?teamId=5430&clubId=32995,5430,32995,TUKS 5 won by 4 Wickets,IRENE VILLAGERS 3: 143/10(37.2) TUKS 5: 144/6(31.1),https://cricclubs.com/TitansCricket/viewScorecard.do?matchId=7777&clubId=32995,4,IRENE VILLAGERS 3,143/10(37.2),TUKS 5,144/6(31.1),2025/2026 TITANS SECOND LEAGUE
15,949,32995,League,11/08/2025,SINOVILLE 3,https://cricclubs.com/TitansCricket/viewTeam.do?teamId=5429&clubId=32995,5429,32995,IRENE VILLAGERS 4,https://cricclubs.com/TitansCricket/viewTeam.do?teamId=5432&clubId=32995,5432,32995,SINOVILLE 3 won by 4 Runs,SINOVILLE 3: 257/10(39.1) IRENE VILLAGERS 4: 253/8(40.0),https://cricclubs.com/TitansCricket/viewScorecard.do?matchId=7775&clubId=32995,0,SINOVILLE 3,257/10(39.1),IRENE VILLAGERS 4,253/8(40.0),2025/2026 TITANS SECOND LEAGUE
14,949,32995,League,11/01/2025,PHSOB 3,https://cricclubs.com/TitansCricket/viewTeam.do?teamId=5428&clubId=32995,5428,32995,CBCOB 3,https://cricclubs.com/TitansCricket/viewTeam.do?teamId=5425&clubId=32995,5425,32995,CBCOB 3 won by 7 Wickets,PHSOB 3: 232/7(45.0) CBCOB 3: 234/3(36.3),https://cricclubs.com/TitansCricket/viewScorecard.do?matchId=7677&clubId=32995,4,PHSOB 3,232/7(45.0),CBCOB 3,234/3(36.3),2025/2026 TITANS SECOND LEAGUE
13,949,32995,League,11/01/2025,IRENE VILLAGERS 4,https://cricclubs.com/TitansCricket/viewTeam.do?teamId=5432&clubId=32995,5432,32995,IRENE VILLAGERS 3,https://cricclubs.com/TitansCricket/viewTeam.do?teamId=5427&clubId=32995,5427,32995,IRENE VILLAGERS 4 won by 49 Runs,IRENE VILLAGERS 4: 176/8(40.0) IRENE VILLAGERS 3: 127/10(28.2),https://cricclubs.com/TitansCricket/viewScorecard.do?matchId=7654&clubId=32995,0,IRENE VILLAGERS 4,176/8(40.0),IRENE VILLAGERS 3,127/10(28.2),2025/2026 TITANS SECOND LEAGUE
12,949,32995,League,11/01/2025,SINOVILLE 3,https://cricclubs.com/TitansCricket/viewTeam.do?teamId=5429&clubId=32995,5429,32995,HARLEQUINS 3,https://cricclubs.com/TitansCricket/viewTeam.do?teamId=5426&clubId=32995,5426,32995,SINOVILLE 3 won by 165 Runs,SINOVILLE 3: 327/8(40.0) HARLEQUINS 3: 162/10(24.4),https://cricclubs.com/TitansCricket/viewScorecard.do?matchId=7649&clubId=32995,0,SINOVILLE 3,327/8(40.0),HARLEQUINS 3,162/10(24.4),2025/2026 TITANS SECOND LEAGUE
11,949,32995,League,11/01/2025,TUKS 5,https://cricclubs.com/TitansCricket/viewTeam.do?teamId=5430&clubId=32995,5430,32995,TUT 3,https://cricclubs.com/TitansCricket/viewTeam.do?teamId=5431&clubId=32995,5431,32995,TUT 3 won by 4 Wickets,TUKS 5: 229/7(40.0) TUT 3: 230/6(39.0),https://cricclubs.com/TitansCricket/viewScorecard.do?matchId=7648&clubId=32995,4,TUKS 5,229/7(40.0),TUT 3,230/6(39.0),2025/2026 TITANS SECOND LEAGUE
10,949,32995,League,10/25/2025,TUT 3,https://cricclubs.com/TitansCricket/viewTeam.do?teamId=5431&clubId=32995,5431,32995,IRENE VILLAGERS 4,https://cricclubs.com/TitansCricket/viewTeam.do?teamId=5432&clubId=32995,5432,32995,TUT 3 won by 172 Runs,TUT 3: 277/7(40.0) IRENE VILLAGERS 4: 105/10(24.0),https://cricclubs.com/TitansCricket/viewScorecard.do?matchId=7488&clubId=32995,0,TUT 3,277/7(40.0),IRENE VILLAGERS 4,105/10(24.0),2025/2026 TITANS SECOND LEAGUE
9,949,32995,League,10/25/2025,HARLEQUINS 3,https://cricclubs.com/TitansCricket/viewTeam.do?teamId=5426&clubId=32995,5426,32995,IRENE VILLAGERS 3,https://cricclubs.com/TitansCricket/viewTeam.do?teamId=5427&clubId=32995,5427,32995,IRENE VILLAGERS 3 won by 8 Wickets,HARLEQUINS 3: 68/10(17.0) IRENE VILLAGERS 3: 71/2(10.4),https://cricclubs.com/TitansCricket/viewScorecard.do?matchId=7486&clubId=32995,4,HARLEQUINS 3,68/10(17.0),IRENE VILLAGERS 3,71/2(10.4),2025/2026 TITANS SECOND LEAGUE
8,949,32995,League,10/25/2025,PHSOB 3,https://cricclubs.com/TitansCricket/viewTeam.do?teamId=5428&clubId=32995,5428,32995,TUKS 5,https://cricclubs.com/TitansCricket/viewTeam.do?teamId=5430&clubId=32995,5430,32995,PHSOB 3 won by 76 Runs,PHSOB 3: 313/10(44.1) TUKS 5: 237/10(35.0),https://cricclubs.com/TitansCricket/viewScorecard.do?matchId=7484&clubId=32995,0,PHSOB 3,313/10(44.1),TUKS 5,237/10(35.0),2025/2026 TITANS SECOND LEAGUE
7,949,32995,League,10/18/2025,CBCOB 3,https://cricclubs.com/TitansCricket/viewTeam.do?teamId=5425&clubId=32995,5425,32995,IRENE VILLAGERS 3,https://cricclubs.com/TitansCricket/viewTeam.do?teamId=5427&clubId=32995,5427,32995,Abandoned.,CBCOB 3: 0/0(0.0),https://cricclubs.com/TitansCricket/viewScorecard.do?matchId=7452&clubId=32995,2,CBCOB 3,0/0(0.0),,,2025/2026 TITANS SECOND LEAGUE
6,949,32995,League,10/18/2025,TUT 3,https://cricclubs.com/TitansCricket/viewTeam.do?teamId=5431&clubId=32995,5431,32995,HARLEQUINS 3,https://cricclubs.com/TitansCricket/viewTeam.do?teamId=5426&clubId=32995,5426,32995,Abandoned.,TUT 3: 0/0(0.0),https://cricclubs.com/TitansCricket/viewScorecard.do?matchId=7430&clubId=32995,2,TUT 3,0/0(0.0),,,2025/2026 TITANS SECOND LEAGUE
5,949,32995,League,10/18/2025,TUKS 5,https://cricclubs.com/TitansCricket/viewTeam.do?teamId=5430&clubId=32995,5430,32995,IRENE VILLAGERS 4,https://cricclubs.com/TitansCricket/viewTeam.do?teamId=5432&clubId=32995,5432,32995,Abandoned.,TUKS 5: 0/0(0.0),https://cricclubs.com/TitansCricket/viewScorecard.do?matchId=7428&clubId=32995,2,TUKS 5,0/0(0.0),,,2025/2026 TITANS SECOND LEAGUE
4,949,32995,League,10/11/2025,CBCOB 3,https://cricclubs.com/TitansCricket/viewTeam.do?teamId=5425&clubId=32995,5425,32995,TUT 3,https://cricclubs.com/TitansCricket/viewTeam.do?teamId=5431&clubId=32995,5431,32995,CBCOB 3 won by 35 Runs,CBCOB 3: 137/10(34.1) TUT 3: 102/10(23.1),https://cricclubs.com/TitansCricket/viewScorecard.do?matchId=7373&clubId=32995,0,CBCOB 3,137/10(34.1),TUT 3,102/10(23.1),2025/2026 TITANS SECOND LEAGUE
3,949,32995,League,10/11/2025,SINOVILLE 3,https://cricclubs.com/TitansCricket/viewTeam.do?teamId=5429&clubId=32995,5429,32995,IRENE VILLAGERS 3,https://cricclubs.com/TitansCricket/viewTeam.do?teamId=5427&clubId=32995,5427,32995,IRENE VILLAGERS 3 won by 7 Wickets,SINOVILLE 3: 88/10(18.3) IRENE VILLAGERS 3: 90/3(11.4),https://cricclubs.com/TitansCricket/viewScorecard.do?matchId=7368&clubId=32995,4,SINOVILLE 3,88/10(18.3),IRENE VILLAGERS 3,90/3(11.4),2025/2026 TITANS SECOND LEAGUE
2,949,32995,League,10/11/2025,IRENE VILLAGERS 4,https://cricclubs.com/TitansCricket/viewTeam.do?teamId=5432&clubId=32995,5432,32995,PHSOB 3,https://cricclubs.com/TitansCricket/viewTeam.do?teamId=5428&clubId=32995,5428,32995,PHSOB 3 won by 2 Wickets,IRENE VILLAGERS 4: 249/10(40.4) PHSOB 3: 250/8(39.0),https://cricclubs.com/TitansCricket/viewScorecard.do?matchId=7365&clubId=32995,4,IRENE VILLAGERS 4,249/10(40.4),PHSOB 3,250/8(39.0),2025/2026 TITANS SECOND LEAGUE
1,949,32995,League,10/11/2025,HARLEQUINS 3,https://cricclubs.com/TitansCricket/viewTeam.do?teamId=5426&clubId=32995,5426,32995,TUKS 5,https://cricclubs.com/TitansCricket/viewTeam.do?teamId=5430&clubId=32995,5430,32995,HARLEQUINS 3 won by 25 Runs,HARLEQUINS 3: 186/10(39.2) TUKS 5: 161/10(26.1),https://cricclubs.com/TitansCricket/viewScorecard.do?matchId=7359&clubId=32995,0,HARLEQUINS 3,186/10(39.2),TUKS 5,161/10(26.1),2025/2026 TITANS SECOND LEAGUE
90,790,32995,League,03/30/2025,CBCOB 3,https://cricclubs.com/TitansCricket/viewTeam.do?teamId=4552&clubId=32995,4552,32995,CENTURION KAVALIERS 3,https://cricclubs.com/TitansCricket/viewTeam.do?teamId=4560&clubId=32995,4560,32995,CBCOB 3: 227/3 (30.0/45 ov),CBCOB 3: 227/3(30.0) Live,https://cricclubs.com/TitansCricket/viewScorecard.do?matchId=7144&clubId=32995,0,CBCOB 3,227/3(30.0),,,2024 Titans Second League
89,790,32995,League,03/30/2025,SINOVILLE 3,https://cricclubs.com/TitansCricket/viewTeam.do?teamId=4556&clubId=32995,4556,32995,CBCOB 3,https://cricclubs.com/TitansCricket/viewTeam.do?teamId=4552&clubId=32995,4552,32995,Abandoned.,SINOVILLE 3: 0/0(0.0),https://cricclubs.com/TitansCricket/viewScorecard.do?matchId=7116&clubId=32995,2,SINOVILLE 3,0/0(0.0),,,2024 Titans Second League
88,790,32995,League,03/29/2025,CENTURION KAVALIERS 3,https://cricclubs.com/TitansCricket/viewTeam.do?teamId=4560&clubId=32995,4560,32995,CBCOB 3,https://cricclubs.com/TitansCricket/viewTeam.do?teamId=4552&clubId=32995,4552,32995,CBCOB 3 won by 6 Wickets,CENTURION KAVALIERS 3: 63/10(13.3) CBCOB 3: 64/4(11.1),https://cricclubs.com/TitansCricket/viewScorecard.do?matchId=7143&clubId=32995,4,CENTURION KAVALIERS 3,63/10(13.3),CBCOB 3,64/4(11.1),2024 Titans Second League
87,790,32995,League,03/29/2025,CENTURION KAVALIERS 3,https://cricclubs.com/TitansCricket/viewTeam.do?teamId=4560&clubId=32995,4560,32995,SINOVILLE 4,https://cricclubs.com/TitansCricket/viewTeam.do?teamId=4557&clubId=32995,4557,32995,Abandoned. Winner: SINOVILLE 4,CENTURION KAVALIERS 3: 0/0(0.0),https://cricclubs.com/TitansCricket/viewScorecard.do?matchId=7096&clubId=32995,4,CENTURION KAVALIERS 3,0/0(0.0),,,2024 Titans Second League
86,790,32995,League,03/23/2025,CENTURION KAVALIERS 3,https://cricclubs.com/TitansCricket/viewTeam.do?teamId=4560&clubId=32995,4560,32995,PHSOB 3,https://cricclubs.com/TitansCricket/viewTeam.do?teamId=4555&clubId=32995,4555,32995,Abandoned.,CENTURION KAVALIERS 3: 0/0(0.0),https://cricclubs.com/TitansCricket/viewScorecard.do?matchId=7079&clubId=32995,2,CENTURION KAVALIERS 3,0/0(0.0),,,2024 Titans Second League
85,790,32995,League,03/22/2025,SINOVILLE 4,https://cricclubs.com/TitansCricket/viewTeam.do?teamId=4557&clubId=32995,4557,32995,PHSOB 3,https://cricclubs.com/TitansCricket/viewTeam.do?teamId=4555&clubId=32995,4555,32995,Forfeited. Winner: SINOVILLE 4,SINOVILLE 4: 0/0(0.0),https://cricclubs.com/TitansCricket/viewScorecard.do?matchId=7090&clubId=32995,0,SINOVILLE 4,0/0(0.0),,,2024 Titans Second League
84,790,32995,League,03/22/2025,SINOVILLE 3,https://cricclubs.com/TitansCricket/viewTeam.do?teamId=4556&clubId=32995,4556,32995,CBCOB 3,https://cricclubs.com/TitansCricket/viewTeam.do?teamId=4552&clubId=32995,4552,32995,CBCOB 3 won by 5 Wickets,SINOVILLE 3: 162/10(34.4) CBCOB 3: 163/5(21.1),https://cricclubs.com/TitansCricket/viewScorecard.do?matchId=7087&clubId=32995,4,SINOVILLE 3,162/10(34.4),CBCOB 3,163/5(21.1),2024 Titans Second League
83,790,32995,League,03/22/2025,SINOVILLE 4,https://cricclubs.com/TitansCricket/viewTeam.do?teamId=4557&clubId=32995,4557,32995,PHSOB 4,https://cricclubs.com/TitansCricket/viewTeam.do?teamId=4561&clubId=32995,4561,32995,Forfeited. Winner: SINOVILLE 4,SINOVILLE 4: 0/0(0.0),https://cricclubs.com/TitansCricket/viewScorecard.do?matchId=7080&clubId=32995,0,SINOVILLE 4,0/0(0.0),,,2024 Titans Second League
82,790,32995,League,03/16/2025,CENTURION KAVALIERS 3,https://cricclubs.com/TitansCricket/viewTeam.do?teamId=4560&clubId=32995,4560,32995,IRENE VILLAGERS 3,https://cricclubs.com/TitansCricket/viewTeam.do?teamId=4554&clubId=32995,4554,32995,Abandoned. Winner: IRENE VILLAGERS 3,CENTURION KAVALIERS 3: 0/0(0.0),https://cricclubs.com/TitansCricket/viewScorecard.do?matchId=7094&clubId=32995,4,CENTURION KAVALIERS 3,0/0(0.0),,,2024 Titans Second League
81,790,32995,League,03/15/2025,SINOVILLE 4,https://cricclubs.com/TitansCricket/viewTeam.do?teamId=4557&clubId=32995,4557,32995,CBCOB 3,https://cricclubs.com/TitansCricket/viewTeam.do?teamId=4552&clubId=32995,4552,32995,SINOVILLE 4 won by 68 Runs,SINOVILLE 4: 218/9(45.0) CBCOB 3: 150/10(37.4),https://cricclubs.com/TitansCricket/viewScorecard.do?matchId=7037&clubId=32995,0,SINOVILLE 4,218/9(45.0),CBCOB 3,150/10(37.4),2024 Titans Second League
80,790,32995,League,03/15/2025,IRENE VILLAGERS 3,https://cricclubs.com/TitansCricket/viewTeam.do?teamId=4554&clubId=32995,4554,32995,PHSOB 3,https://cricclubs.com/TitansCricket/viewTeam.do?teamId=4555&clubId=32995,4555,32995,PHSOB 3 won by 3 Wickets,IRENE VILLAGERS 3: 166/10(42.1) PHSOB 3: 167/7(23.3),https://cricclubs.com/TitansCricket/viewScorecard.do?matchId=7032&clubId=32995,4,IRENE VILLAGERS 3,166/10(42.1),PHSOB 3,167/7(23.3),2024 Titans Second League
79,790,32995,League,03/15/2025,HARLEQUINS 3,https://cricclubs.com/TitansCricket/viewTeam.do?teamId=4553&clubId=32995,4553,32995,TUKS 5,https://cricclubs.com/TitansCricket/viewTeam.do?teamId=4558&clubId=32995,4558,32995,HARLEQUINS 3 won by 15 Runs,HARLEQUINS 3: 163/10(35.4) TUKS 5: 148/10(36.4),https://cricclubs.com/TitansCricket/viewScorecard.do?matchId=7031&clubId=32995,0,HARLEQUINS 3,163/10(35.4),TUKS 5,148/10(36.4),2024 Titans Second League
78,790,32995,League,03/15/2025,TUT 3,https://cricclubs.com/TitansCricket/viewTeam.do?teamId=4559&clubId=32995,4559,32995,CENTURION KAVALIERS 3,https://cricclubs.com/TitansCricket/viewTeam.do?teamId=4560&clubId=32995,4560,32995,Abandoned. Winner: TUT 3,TUT 3: 0/0(0.0),https://cricclubs.com/TitansCricket/viewScorecard.do?matchId=7029&clubId=32995,0,TUT 3,0/0(0.0),,,2024 Titans Second League
77,790,32995,League,03/15/2025,PHSOB 4,https://cricclubs.com/TitansCricket/viewTeam.do?teamId=4561&clubId=32995,4561,32995,SINOVILLE 3,https://cricclubs.com/TitansCricket/viewTeam.do?teamId=4556&clubId=32995,4556,32995,Forfeited. Winner: SINOVILLE 3,PHSOB 4: 0/0(0.0),https://cricclubs.com/TitansCricket/viewScorecard.do?matchId=6992&clubId=32995,4,PHSOB 4,0/0(0.0),,,2024 Titans Second League
76,790,32995,League,03/08/2025,TUT 3,https://cricclubs.com/TitansCricket/viewTeam.do?teamId=4559&clubId=32995,4559,32995,PHSOB 3,https://cricclubs.com/TitansCricket/viewTeam.do?teamId=4555&clubId=32995,4555,32995,PHSOB 3 won by 8 Wickets,TUT 3: 203/9(45.0) PHSOB 3: 208/2(25.0),https://cricclubs.com/TitansCricket/viewScorecard.do?matchId=7005&clubId=32995,4,TUT 3,203/9(45.0),PHSOB 3,208/2(25.0),2024 Titans Second League
75,790,32995,League,03/08/2025,IRENE VILLAGERS 3,https://cricclubs.com/TitansCricket/viewTeam.do?teamId=4554&clubId=32995,4554,32995,HARLEQUINS 3,https://cricclubs.com/TitansCricket/viewTeam.do?teamId=4553&clubId=32995,4553,32995,IRENE VILLAGERS 3 won by 21 Runs,IRENE VILLAGERS 3: 259/5(45.0) HARLEQUINS 3: 238/9(45.0),https://cricclubs.com/TitansCricket/viewScorecard.do?matchId=6965&clubId=32995,0,IRENE VILLAGERS 3,259/5(45.0),HARLEQUINS 3,238/9(45.0),2024 Titans Second League
74,790,32995,League,03/08/2025,SINOVILLE 3,https://cricclubs.com/TitansCricket/viewTeam.do?teamId=4556&clubId=32995,4556,32995,TUKS 5,https://cricclubs.com/TitansCricket/viewTeam.do?teamId=4558&clubId=32995,4558,32995,SINOVILLE 3 won by 55 Runs,SINOVILLE 3: 252/10(45.0) TUKS 5: 197/10(37.4),https://cricclubs.com/TitansCricket/viewScorecard.do?matchId=6962&clubId=32995,0,SINOVILLE 3,252/10(45.0),TUKS 5,197/10(37.4),2024 Titans Second League
73,790,32995,League,03/08/2025,SINOVILLE 4,https://cricclubs.com/TitansCricket/viewTeam.do?teamId=4557&clubId=32995,4557,32995,PHSOB 4,https://cricclubs.com/TitansCricket/viewTeam.do?teamId=4561&clubId=32995,4561,32995,Forfeited. Winner: SINOVILLE 4,SINOVILLE 4: 0/0(0.0),https://cricclubs.com/TitansCricket/viewScorecard.do?matchId=6960&clubId=32995,0,SINOVILLE 4,0/0(0.0),,,2024 Titans Second League
72,790,32995,League,03/01/2025,PHSOB 3,https://cricclubs.com/TitansCricket/viewTeam.do?teamId=4555&clubId=32995,4555,32995,CBCOB 3,https://cricclubs.com/TitansCricket/viewTeam.do?teamId=4552&clubId=32995,4552,32995,Abandoned.,PHSOB 3: 0/0(0.0),https://cricclubs.com/TitansCricket/viewScorecard.do?matchId=7006&clubId=32995,2,PHSOB 3,0/0(0.0),,,2024 Titans Second League
71,790,32995,League,03/01/2025,CENTURION KAVALIERS 3,https://cricclubs.com/TitansCricket/viewTeam.do?teamId=4560&clubId=32995,4560,32995,PHSOB 4,https://cricclubs.com/TitansCricket/viewTeam.do?teamId=4561&clubId=32995,4561,32995,Forfeited. Winner: CENTURION KAVALIERS 3,CENTURION KAVALIERS 3: 0/0(0.0),https://cricclubs.com/TitansCricket/viewScorecard.do?matchId=6998&clubId=32995,0,CENTURION KAVALIERS 3,0/0(0.0),,,2024 Titans Second League
70,790,32995,League,03/01/2025,IRENE VILLAGERS 3,https://cricclubs.com/TitansCricket/viewTeam.do?teamId=4554&clubId=32995,4554,32995,TUT 3,https://cricclubs.com/TitansCricket/viewTeam.do?teamId=4559&clubId=32995,4559,32995,TUT 3 won by 5 Wickets,IRENE VILLAGERS 3: 99/10(26.2) TUT 3: 100/5(24.2),https://cricclubs.com/TitansCricket/viewScorecard.do?matchId=6879&clubId=32995,4,IRENE VILLAGERS 3,99/10(26.2),TUT 3,100/5(24.2),2024 Titans Second League
69,790,32995,League,03/01/2025,SINOVILLE 4,https://cricclubs.com/TitansCricket/viewTeam.do?teamId=4557&clubId=32995,4557,32995,TUKS 5,https://cricclubs.com/TitansCricket/viewTeam.do?teamId=4558&clubId=32995,4558,32995,TUKS 5 won by 10 Wickets,SINOVILLE 4: 46/10(17.0) TUKS 5: 52/0(5.4),https://cricclubs.com/TitansCricket/viewScorecard.do?matchId=6875&clubId=32995,4,SINOVILLE 4,46/10(17.0),TUKS 5,52/0(5.4),2024 Titans Second League
68,790,32995,League,03/01/2025,HARLEQUINS 3,https://cricclubs.com/TitansCricket/viewTeam.do?teamId=4553&clubId=32995,4553,32995,SINOVILLE 3,https://cricclubs.com/TitansCricket/viewTeam.do?teamId=4556&clubId=32995,4556,32995,HARLEQUINS 3 won by 91 Runs,HARLEQUINS 3: 168/10(33.5) SINOVILLE 3: 77/9(22.0),https://cricclubs.com/TitansCricket/viewScorecard.do?matchId=6874&clubId=32995,0,HARLEQUINS 3,168/10(33.5),SINOVILLE 3,77/9(22.0),2024 Titans Second League
67,790,32995,League,02/22/2025,IRENE VILLAGERS 3,https://cricclubs.com/TitansCricket/viewTeam.do?teamId=4554&clubId=32995,4554,32995,SINOVILLE 3,https://cricclubs.com/TitansCricket/viewTeam.do?teamId=4556&clubId=32995,4556,32995,Abandoned.,IRENE VILLAGERS 3: 0/0(0.0),https://cricclubs.com/TitansCricket/viewScorecard.do?matchId=7013&clubId=32995,2,IRENE VILLAGERS 3,0/0(0.0),,,2024 Titans Second League
66,790,32995,League,02/22/2025,PHSOB 4,https://cricclubs.com/TitansCricket/viewTeam.do?teamId=4561&clubId=32995,4561,32995,PHSOB 3,https://cricclubs.com/TitansCricket/viewTeam.do?teamId=4555&clubId=32995,4555,32995,Abandoned. Winner: PHSOB 3,PHSOB 4: 0/0(0.0),https://cricclubs.com/TitansCricket/viewScorecard.do?matchId=6848&clubId=32995,4,PHSOB 4,0/0(0.0),,,2024 Titans Second League
65,790,32995,League,02/22/2025,TUKS 5,https://cricclubs.com/TitansCricket/viewTeam.do?teamId=4558&clubId=32995,4558,32995,CENTURION KAVALIERS 3,https://cricclubs.com/TitansCricket/viewTeam.do?teamId=4560&clubId=32995,4560,32995,Abandoned.,TUKS 5: 0/0(0.0),https://cricclubs.com/TitansCricket/viewScorecard.do?matchId=6822&clubId=32995,2,TUKS 5,0/0(0.0),,,2024 Titans Second League
64,790,32995,League,02/22/2025,CBCOB 3,https://cricclubs.com/TitansCricket/viewTeam.do?teamId=4552&clubId=32995,4552,32995,TUT 3,https://cricclubs.com/TitansCricket/viewTeam.do?teamId=4559&clubId=32995,4559,32995,Abandoned.,CBCOB 3: 0/0(0.0),https://cricclubs.com/TitansCricket/viewScorecard.do?matchId=6821&clubId=32995,2,CBCOB 3,0/0(0.0),,,2024 Titans Second League
63,790,32995,League,02/22/2025,SINOVILLE 4,https://cricclubs.com/TitansCricket/viewTeam.do?teamId=4557&clubId=32995,4557,32995,HARLEQUINS 3,https://cricclubs.com/TitansCricket/viewTeam.do?teamId=4553&clubId=32995,4553,32995,Abandoned.,SINOVILLE 4: 0/0(0.0),https://cricclubs.com/TitansCricket/viewScorecard.do?matchId=6795&clubId=32995,2,SINOVILLE 4,0/0(0.0),,,2024 Titans Second League
62,790,32995,League,02/15/2025,CBCOB 3,https://cricclubs.com/TitansCricket/viewTeam.do?teamId=4552&clubId=32995,4552,32995,IRENE VILLAGERS 3,https://cricclubs.com/TitansCricket/viewTeam.do?teamId=4554&clubId=32995,4554,32995,Abandoned.,CBCOB 3: 0/0(0.0),https://cricclubs.com/TitansCricket/viewScorecard.do?matchId=6792&clubId=32995,2,CBCOB 3,0/0(0.0),,,2024 Titans Second League
61,790,32995,League,02/15/2025,PHSOB 3,https://cricclubs.com/TitansCricket/viewTeam.do?teamId=4555&clubId=32995,4555,32995,TUKS 5,https://cricclubs.com/TitansCricket/viewTeam.do?teamId=4558&clubId=32995,4558,32995,Abandoned.,PHSOB 3: 0/0(0.0),https://cricclubs.com/TitansCricket/viewScorecard.do?matchId=6784&clubId=32995,2,PHSOB 3,0/0(0.0),,,2024 Titans Second League
60,790,32995,League,02/15/2025,HARLEQUINS 3,https://cricclubs.com/TitansCricket/viewTeam.do?teamId=4553&clubId=32995,4553,32995,CENTURION KAVALIERS 3,https://cricclubs.com/TitansCricket/viewTeam.do?teamId=4560&clubId=32995,4560,32995,HARLEQUINS 3 won by 128 Runs,HARLEQUINS 3: 241/4(33.0) CENTURION KAVALIERS 3: 113/10(29.0),https://cricclubs.com/TitansCricket/viewScorecard.do?matchId=6783&clubId=32995,0,HARLEQUINS 3,241/4(33.0),CENTURION KAVALIERS 3,113/10(29.0),2024 Titans Second League
59,790,32995,League,02/15/2025,SINOVILLE 3,https://cricclubs.com/TitansCricket/viewTeam.do?teamId=4556&clubId=32995,4556,32995,SINOVILLE 4,https://cricclubs.com/TitansCricket/viewTeam.do?teamId=4557&clubId=32995,4557,32995,Abandoned.,SINOVILLE 3: 0/0(0.0),https://cricclubs.com/TitansCricket/viewScorecard.do?matchId=6765&clubId=32995,2,SINOVILLE 3,0/0(0.0),,,2024 Titans Second League
58,790,32995,League,02/15/2025,TUT 3,https://cricclubs.com/TitansCricket/viewTeam.do?teamId=4559&clubId=32995,4559,32995,PHSOB 4,https://cricclubs.com/TitansCricket/viewTeam.do?teamId=4561&clubId=32995,4561,32995,Forfeited. Winner: TUT 3,TUT 3: 0/0(0.0),https://cricclubs.com/TitansCricket/viewScorecard.do?matchId=6724&clubId=32995,0,TUT 3,0/0(0.0),,,2024 Titans Second League
57,790,32995,League,02/09/2025,PHSOB 3,https://cricclubs.com/TitansCricket/viewTeam.do?teamId=4555&clubId=32995,4555,32995,HARLEQUINS 3,https://cricclubs.com/TitansCricket/viewTeam.do?teamId=4553&clubId=32995,4553,32995,PHSOB 3 won by 88 Runs,PHSOB 3: 171/10(27.3) HARLEQUINS 3: 83/10(16.0),https://cricclubs.com/TitansCricket/viewScorecard.do?matchId=6708&clubId=32995,0,PHSOB 3,171/10(27.3),HARLEQUINS 3,83/10(16.0),2024 Titans Second League
56,790,32995,League,02/08/2025,PHSOB 4,https://cricclubs.com/TitansCricket/viewTeam.do?teamId=4561&clubId=32995,4561,32995,CBCOB 3,https://cricclubs.com/TitansCricket/viewTeam.do?teamId=4552&clubId=32995,4552,32995,Forfeited. Winner: CBCOB 3,PHSOB 4: 0/0(0.0),https://cricclubs.com/TitansCricket/viewScorecard.do?matchId=6716&clubId=32995,4,PHSOB 4,0/0(0.0),,,2024 Titans Second League
55,790,32995,League,02/08/2025,CENTURION KAVALIERS 3,https://cricclubs.com/TitansCricket/viewTeam.do?teamId=4560&clubId=32995,4560,32995,SINOVILLE 3,https://cricclubs.com/TitansCricket/viewTeam.do?teamId=4556&clubId=32995,4556,32995,CENTURION KAVALIERS 3 won by 4 Runs,CENTURION KAVALIERS 3: 284/9(45.0) SINOVILLE 3: 280/10(39.0),https://cricclubs.com/TitansCricket/viewScorecard.do?matchId=6706&clubId=32995,0,CENTURION KAVALIERS 3,284/9(45.0),SINOVILLE 3,280/10(39.0),2024 Titans Second League
54,790,32995,League,02/08/2025,SINOVILLE 4,https://cricclubs.com/TitansCricket/viewTeam.do?teamId=4557&clubId=32995,4557,32995,IRENE VILLAGERS 3,https://cricclubs.com/TitansCricket/viewTeam.do?teamId=4554&clubId=32995,4554,32995,SINOVILLE 4 won by 31 Runs,SINOVILLE 4: 218/10(43.3) IRENE VILLAGERS 3: 187/10(41.3),https://cricclubs.com/TitansCricket/viewScorecard.do?matchId=6678&clubId=32995,0,SINOVILLE 4,218/10(43.3),IRENE VILLAGERS 3,187/10(41.3),2024 Titans Second League
53,790,32995,League,02/08/2025,TUKS 5,https://cricclubs.com/TitansCricket/viewTeam.do?teamId=4558&clubId=32995,4558,32995,TUT 3,https://cricclubs.com/TitansCricket/viewTeam.do?teamId=4559&clubId=32995,4559,32995,Abandoned. Winner: TUKS 5,TUKS 5: 228/7(45.0) TUT 3: 197/8(41.0),https://cricclubs.com/TitansCricket/viewScorecard.do?matchId=6674&clubId=32995,0,TUKS 5,228/7(45.0),TUT 3,197/8(41.0),2024 Titans Second League
52,790,32995,League,02/02/2025,CENTURION KAVALIERS 3,https://cricclubs.com/TitansCricket/viewTeam.do?teamId=4560&clubId=32995,4560,32995,SINOVILLE 4,https://cricclubs.com/TitansCricket/viewTeam.do?teamId=4557&clubId=32995,4557,32995,SINOVILLE 4 won by 10 Wickets,CENTURION KAVALIERS 3: 100/10(30.3) SINOVILLE 4: 103/0(11.0),https://cricclubs.com/TitansCricket/viewScorecard.do?matchId=6630&clubId=32995,4,CENTURION KAVALIERS 3,100/10(30.3),SINOVILLE 4,103/0(11.0),2024 Titans Second League
51,790,32995,League,02/01/2025,PHSOB 4,https://cricclubs.com/TitansCricket/viewTeam.do?teamId=4561&clubId=32995,4561,32995,IRENE VILLAGERS 3,https://cricclubs.com/TitansCricket/viewTeam.do?teamId=4554&clubId=32995,4554,32995,Forfeited. Winner: IRENE VILLAGERS 3,PHSOB 4: 0/0(0.0),https://cricclubs.com/TitansCricket/viewScorecard.do?matchId=6640&clubId=32995,4,PHSOB 4,0/0(0.0),,,2024 Titans Second League
50,790,32995,League,02/01/2025,TUT 3,https://cricclubs.com/TitansCricket/viewTeam.do?teamId=4559&clubId=32995,4559,32995,HARLEQUINS 3,https://cricclubs.com/TitansCricket/viewTeam.do?teamId=4553&clubId=32995,4553,32995,HARLEQUINS 3 won by 3 Wickets,TUT 3: 255/9(40.0) HARLEQUINS 3: 258/7(39.5),https://cricclubs.com/TitansCricket/viewScorecard.do?matchId=6633&clubId=32995,4,TUT 3,255/9(40.0),HARLEQUINS 3,258/7(39.5),2024 Titans Second League
49,790,32995,League,02/01/2025,PHSOB 3,https://cricclubs.com/TitansCricket/viewTeam.do?teamId=4555&clubId=32995,4555,32995,SINOVILLE 3,https://cricclubs.com/TitansCricket/viewTeam.do?teamId=4556&clubId=32995,4556,32995,PHSOB 3 won by 220 Runs,PHSOB 3: 327/0(0.0),https://cricclubs.com/TitansCricket/viewScorecard.do?matchId=6632&clubId=32995,0,PHSOB 3,327/0(0.0),,,2024 Titans Second League
48,790,32995,League,02/01/2025,TUKS 5,https://cricclubs.com/TitansCricket/viewTeam.do?teamId=4558&clubId=32995,4558,32995,CBCOB 3,https://cricclubs.com/TitansCricket/viewTeam.do?teamId=4552&clubId=32995,4552,32995,CBCOB 3 won by 6 Wickets,TUKS 5: 183/10(39.0) CBCOB 3: 184/4(26.0),https://cricclubs.com/TitansCricket/viewScorecard.do?matchId=6604&clubId=32995,4,TUKS 5,183/10(39.0),CBCOB 3,184/4(26.0),2024 Titans Second League
47,790,32995,League,01/25/2025,TUKS 5,https://cricclubs.com/TitansCricket/viewTeam.do?teamId=4558&clubId=32995,4558,32995,PHSOB 4,https://cricclubs.com/TitansCricket/viewTeam.do?teamId=4561&clubId=32995,4561,32995,Forfeited. Winner: TUKS 5,TUKS 5: 0/0(0.0),https://cricclubs.com/TitansCricket/viewScorecard.do?matchId=6698&clubId=32995,0,TUKS 5,0/0(0.0),,,2024 Titans Second League
46,790,32995,League,01/25/2025,HARLEQUINS 3,https://cricclubs.com/TitansCricket/viewTeam.do?teamId=4553&clubId=32995,4553,32995,CBCOB 3,https://cricclubs.com/TitansCricket/viewTeam.do?teamId=4552&clubId=32995,4552,32995,HARLEQUINS 3 won by 117 Runs,HARLEQUINS 3: 314/10(45.0) CBCOB 3: 197/8(36.3),https://cricclubs.com/TitansCricket/viewScorecard.do?matchId=6564&clubId=32995,0,HARLEQUINS 3,314/10(45.0),CBCOB 3,197/8(36.3),2024 Titans Second League
45,790,32995,League,01/25/2025,TUT 3,https://cricclubs.com/TitansCricket/viewTeam.do?teamId=4559&clubId=32995,4559,32995,SINOVILLE 3,https://cricclubs.com/TitansCricket/viewTeam.do?teamId=4556&clubId=32995,4556,32995,TUT 3 won by 173 Runs,TUT 3: 377/4(45.0) SINOVILLE 3: 204/10(39.3),https://cricclubs.com/TitansCricket/viewScorecard.do?matchId=6563&clubId=32995,0,TUT 3,377/4(45.0),SINOVILLE 3,204/10(39.3),2024 Titans Second League
44,790,32995,League,01/25/2025,PHSOB 3,https://cricclubs.com/TitansCricket/viewTeam.do?teamId=4555&clubId=32995,4555,32995,SINOVILLE 4,https://cricclubs.com/TitansCricket/viewTeam.do?teamId=4557&clubId=32995,4557,32995,Forfeited. Winner: PHSOB 3,PHSOB 3: 0/0(0.0),https://cricclubs.com/TitansCricket/viewScorecard.do?matchId=6552&clubId=32995,0,PHSOB 3,0/0(0.0),,,2024 Titans Second League
43,790,32995,League,01/25/2025,IRENE VILLAGERS 3,https://cricclubs.com/TitansCricket/viewTeam.do?teamId=4554&clubId=32995,4554,32995,CENTURION KAVALIERS 3,https://cricclubs.com/TitansCricket/viewTeam.do?teamId=4560&clubId=32995,4560,32995,IRENE VILLAGERS 3 won by 126 Runs,IRENE VILLAGERS 3: 272/9(45.0) CENTURION KAVALIERS 3: 146/10(29.2),https://cricclubs.com/TitansCricket/viewScorecard.do?matchId=6547&clubId=32995,0,IRENE VILLAGERS 3,272/9(45.0),CENTURION KAVALIERS 3,146/10(29.2),2024 Titans Second League
42,790,32995,League,01/18/2025,PHSOB 4,https://cricclubs.com/TitansCricket/viewTeam.do?teamId=4561&clubId=32995,4561,32995,HARLEQUINS 3,https://cricclubs.com/TitansCricket/viewTeam.do?teamId=4553&clubId=32995,4553,32995,Forfeited. Winner: HARLEQUINS 3,PHSOB 4: 0/0(0.0),https://cricclubs.com/TitansCricket/viewScorecard.do?matchId=6707&clubId=32995,4,PHSOB 4,0/0(0.0),,,2024 Titans Second League
41,790,32995,League,01/18/2025,IRENE VILLAGERS 3,https://cricclubs.com/TitansCricket/viewTeam.do?teamId=4554&clubId=32995,4554,32995,TUKS 5,https://cricclubs.com/TitansCricket/viewTeam.do?teamId=4558&clubId=32995,4558,32995,IRENE VILLAGERS 3 won by 94 Runs,IRENE VILLAGERS 3: 224/10(39.3) TUKS 5: 130/10(29.1),https://cricclubs.com/TitansCricket/viewScorecard.do?matchId=6499&clubId=32995,0,IRENE VILLAGERS 3,224/10(39.3),TUKS 5,130/10(29.1),2024 Titans Second League
40,790,32995,League,01/18/2025,TUT 3,https://cricclubs.com/TitansCricket/viewTeam.do?teamId=4559&clubId=32995,4559,32995,SINOVILLE 4,https://cricclubs.com/TitansCricket/viewTeam.do?teamId=4557&clubId=32995,4557,32995,Abandoned.,TUT 3: 0/0(0.0),https://cricclubs.com/TitansCricket/viewScorecard.do?matchId=6486&clubId=32995,2,TUT 3,0/0(0.0),,,2024 Titans Second League
39,790,32995,League,01/11/2025,IRENE VILLAGERS 3,https://cricclubs.com/TitansCricket/viewTeam.do?teamId=4554&clubId=32995,4554,32995,PHSOB 3,https://cricclubs.com/TitansCricket/viewTeam.do?teamId=4555&clubId=32995,4555,32995,Abandoned.,IRENE VILLAGERS 3: 0/0(0.0),https://cricclubs.com/TitansCricket/viewScorecard.do?matchId=6641&clubId=32995,2,IRENE VILLAGERS 3,0/0(0.0),,,2024 Titans Second League
38,790,32995,League,01/11/2025,TUT 3,https://cricclubs.com/TitansCricket/viewTeam.do?teamId=4559&clubId=32995,4559,32995,CENTURION KAVALIERS 3,https://cricclubs.com/TitansCricket/viewTeam.do?teamId=4560&clubId=32995,4560,32995,Abandoned.,TUT 3: 0/0(0.0),https://cricclubs.com/TitansCricket/viewScorecard.do?matchId=6479&clubId=32995,2,TUT 3,0/0(0.0),,,2024 Titans Second League
37,790,32995,League,01/11/2025,CBCOB 3,https://cricclubs.com/TitansCricket/viewTeam.do?teamId=4552&clubId=32995,4552,32995,SINOVILLE 4,https://cricclubs.com/TitansCricket/viewTeam.do?teamId=4557&clubId=32995,4557,32995,Abandoned.,CBCOB 3: 0/0(0.0),https://cricclubs.com/TitansCricket/viewScorecard.do?matchId=6477&clubId=32995,2,CBCOB 3,0/0(0.0),,,2024 Titans Second League
36,790,32995,League,01/11/2025,SINOVILLE 3,https://cricclubs.com/TitansCricket/viewTeam.do?teamId=4556&clubId=32995,4556,32995,PHSOB 4,https://cricclubs.com/TitansCricket/viewTeam.do?teamId=4561&clubId=32995,4561,32995,Abandoned.,SINOVILLE 3: 0/0(0.0),https://cricclubs.com/TitansCricket/viewScorecard.do?matchId=6476&clubId=32995,2,SINOVILLE 3,0/0(0.0),,,2024 Titans Second League
35,790,32995,League,01/11/2025,HARLEQUINS 3,https://cricclubs.com/TitansCricket/viewTeam.do?teamId=4553&clubId=32995,4553,32995,TUKS 5,https://cricclubs.com/TitansCricket/viewTeam.do?teamId=4558&clubId=32995,4558,32995,Abandoned.,HARLEQUINS 3: 0/0(0.0),https://cricclubs.com/TitansCricket/viewScorecard.do?matchId=6443&clubId=32995,2,HARLEQUINS 3,0/0(0.0),,,2024 Titans Second League
34,790,32995,League,11/30/2024,TUT 3,https://cricclubs.com/TitansCricket/viewTeam.do?teamId=4559&clubId=32995,4559,32995,PHSOB 3,https://cricclubs.com/TitansCricket/viewTeam.do?teamId=4555&clubId=32995,4555,32995,TUT 3 won by 122 Runs,TUT 3: 267/8(46.0),https://cricclubs.com/TitansCricket/viewScorecard.do?matchId=6382&clubId=32995,0,TUT 3,267/8(46.0),,,2024 Titans Second League
33,790,32995,League,11/30/2024,SINOVILLE 3,https://cricclubs.com/TitansCricket/viewTeam.do?teamId=4556&clubId=32995,4556,32995,TUKS 5,https://cricclubs.com/TitansCricket/viewTeam.do?teamId=4558&clubId=32995,4558,32995,SINOVILLE 3 won by 59 Runs,SINOVILLE 3: 256/9(45.0) TUKS 5: 197/10(34.5),https://cricclubs.com/TitansCricket/viewScorecard.do?matchId=6359&clubId=32995,0,SINOVILLE 3,256/9(45.0),TUKS 5,197/10(34.5),2024 Titans Second League
32,790,32995,League,11/30/2024,IRENE VILLAGERS 3,https://cricclubs.com/TitansCricket/viewTeam.do?teamId=4554&clubId=32995,4554,32995,HARLEQUINS 3,https://cricclubs.com/TitansCricket/viewTeam.do?teamId=4553&clubId=32995,4553,32995,IRENE VILLAGERS 3 won by 55 Runs,IRENE VILLAGERS 3: 218/10(37.5) HARLEQUINS 3: 163/10(32.2),https://cricclubs.com/TitansCricket/viewScorecard.do?matchId=6357&clubId=32995,0,IRENE VILLAGERS 3,218/10(37.5),HARLEQUINS 3,163/10(32.2),2024 Titans Second League
31,790,32995,League,11/23/2024,PHSOB 4,https://cricclubs.com/TitansCricket/viewTeam.do?teamId=4561&clubId=32995,4561,32995,CENTURION KAVALIERS 3,https://cricclubs.com/TitansCricket/viewTeam.do?teamId=4560&clubId=32995,4560,32995,Forfeited. Winner: CENTURION KAVALIERS 3,PHSOB 4: 0/0(0.0),https://cricclubs.com/TitansCricket/viewScorecard.do?matchId=6997&clubId=32995,4,PHSOB 4,0/0(0.0),,,2024 Titans Second League
30,790,32995,League,11/23/2024,TUKS 5,https://cricclubs.com/TitansCricket/viewTeam.do?teamId=4558&clubId=32995,4558,32995,SINOVILLE 4,https://cricclubs.com/TitansCricket/viewTeam.do?teamId=4557&clubId=32995,4557,32995,Forfeited. Winner: TUKS 5,TUKS 5: 0/0(0.0),https://cricclubs.com/TitansCricket/viewScorecard.do?matchId=6700&clubId=32995,0,TUKS 5,0/0(0.0),,,2024 Titans Second League
29,790,32995,League,11/23/2024,IRENE VILLAGERS 3,https://cricclubs.com/TitansCricket/viewTeam.do?teamId=4554&clubId=32995,4554,32995,TUT 3,https://cricclubs.com/TitansCricket/viewTeam.do?teamId=4559&clubId=32995,4559,32995,TUT 3 won by 4 Wickets,IRENE VILLAGERS 3: 206/10(38.4) TUT 3: 207/6(35.5),https://cricclubs.com/TitansCricket/viewScorecard.do?matchId=6333&clubId=32995,4,IRENE VILLAGERS 3,206/10(38.4),TUT 3,207/6(35.5),2024 Titans Second League
28,790,32995,League,11/23/2024,HARLEQUINS 3,https://cricclubs.com/TitansCricket/viewTeam.do?teamId=4553&clubId=32995,4553,32995,SINOVILLE 3,https://cricclubs.com/TitansCricket/viewTeam.do?teamId=4556&clubId=32995,4556,32995,SINOVILLE 3 won by 2 Wickets,HARLEQUINS 3: 251/6(45.0) SINOVILLE 3: 254/8(44.0),https://cricclubs.com/TitansCricket/viewScorecard.do?matchId=6332&clubId=32995,4,HARLEQUINS 3,251/6(45.0),SINOVILLE 3,254/8(44.0),2024 Titans Second League
27,790,32995,League,11/23/2024,CBCOB 3,https://cricclubs.com/TitansCricket/viewTeam.do?teamId=4552&clubId=32995,4552,32995,PHSOB 3,https://cricclubs.com/TitansCricket/viewTeam.do?teamId=4555&clubId=32995,4555,32995,CBCOB 3 won by 64 Runs,CBCOB 3: 195/10(35.1) PHSOB 3: 131/10(38.1),https://cricclubs.com/TitansCricket/viewScorecard.do?matchId=6287&clubId=32995,0,CBCOB 3,195/10(35.1),PHSOB 3,131/10(38.1),2024 Titans Second League
26,790,32995,League,11/16/2024,PHSOB 3,https://cricclubs.com/TitansCricket/viewTeam.do?teamId=4555&clubId=32995,4555,32995,PHSOB 4,https://cricclubs.com/TitansCricket/viewTeam.do?teamId=4561&clubId=32995,4561,32995,Forfeited. Winner: PHSOB 3,PHSOB 3: 0/0(0.0),https://cricclubs.com/TitansCricket/viewScorecard.do?matchId=7078&clubId=32995,0,PHSOB 3,0/0(0.0),,,2024 Titans Second League
25,790,32995,League,11/16/2024,TUT 3,https://cricclubs.com/TitansCricket/viewTeam.do?teamId=4559&clubId=32995,4559,32995,CBCOB 3,https://cricclubs.com/TitansCricket/viewTeam.do?teamId=4552&clubId=32995,4552,32995,Abandoned.,TUT 3: 181/4(41.0),https://cricclubs.com/TitansCricket/viewScorecard.do?matchId=6236&clubId=32995,2,TUT 3,181/4(41.0),,,2024 Titans Second League
24,790,32995,League,11/16/2024,IRENE VILLAGERS 3,https://cricclubs.com/TitansCricket/viewTeam.do?teamId=4554&clubId=32995,4554,32995,SINOVILLE 3,https://cricclubs.com/TitansCricket/viewTeam.do?teamId=4556&clubId=32995,4556,32995,IRENE VILLAGERS 3 won by 91 Runs,IRENE VILLAGERS 3: 245/10(37.2) SINOVILLE 3: 154/10(28.3),https://cricclubs.com/TitansCricket/viewScorecard.do?matchId=6223&clubId=32995,0,IRENE VILLAGERS 3,245/10(37.2),SINOVILLE 3,154/10(28.3),2024 Titans Second League
23,790,32995,League,11/16/2024,HARLEQUINS 3,https://cricclubs.com/TitansCricket/viewTeam.do?teamId=4553&clubId=32995,4553,32995,SINOVILLE 4,https://cricclubs.com/TitansCricket/viewTeam.do?teamId=4557&clubId=32995,4557,32995,Abandoned.,HARLEQUINS 3: 211/5(25.2),https://cricclubs.com/TitansCricket/viewScorecard.do?matchId=6219&clubId=32995,2,HARLEQUINS 3,211/5(25.2),,,2024 Titans Second League
22,790,32995,League,11/16/2024,TUKS 5,https://cricclubs.com/TitansCricket/viewTeam.do?teamId=4558&clubId=32995,4558,32995,CENTURION KAVALIERS 3,https://cricclubs.com/TitansCricket/viewTeam.do?teamId=4560&clubId=32995,4560,32995,TUKS 5 won by 43 Runs,TUKS 5: 240/5(31.0) CENTURION KAVALIERS 3: 197/8(31.0),https://cricclubs.com/TitansCricket/viewScorecard.do?matchId=6217&clubId=32995,0,TUKS 5,240/5(31.0),CENTURION KAVALIERS 3,197/8(31.0),2024 Titans Second League
21,790,32995,League,11/09/2024,HARLEQUINS 3,https://cricclubs.com/TitansCricket/viewTeam.do?teamId=4553&clubId=32995,4553,32995,CENTURION KAVALIERS 3,https://cricclubs.com/TitansCricket/viewTeam.do?teamId=4560&clubId=32995,4560,32995,Forfeited. Winner: HARLEQUINS 3,HARLEQUINS 3: 0/0(0.0),https://cricclubs.com/TitansCricket/viewScorecard.do?matchId=6168&clubId=32995,0,HARLEQUINS 3,0/0(0.0),,,2024 Titans Second League
20,790,32995,League,11/09/2024,TUT 3,https://cricclubs.com/TitansCricket/viewTeam.do?teamId=4559&clubId=32995,4559,32995,PHSOB 4,https://cricclubs.com/TitansCricket/viewTeam.do?teamId=4561&clubId=32995,4561,32995,TUT 3 won by 133 Runs,TUT 3: 283/8(35.0) PHSOB 4: 150/10(20.3),https://cricclubs.com/TitansCricket/viewScorecard.do?matchId=6153&clubId=32995,0,TUT 3,283/8(35.0),PHSOB 4,150/10(20.3),2024 Titans Second League
19,790,32995,League,11/09/2024,CBCOB 3,https://cricclubs.com/TitansCricket/viewTeam.do?teamId=4552&clubId=32995,4552,32995,IRENE VILLAGERS 3,https://cricclubs.com/TitansCricket/viewTeam.do?teamId=4554&clubId=32995,4554,32995,CBCOB 3 won by 155 Runs,CBCOB 3: 296/5(45.0) IRENE VILLAGERS 3: 141/9(28.5),https://cricclubs.com/TitansCricket/viewScorecard.do?matchId=6140&clubId=32995,0,CBCOB 3,296/5(45.0),IRENE VILLAGERS 3,141/9(28.5),2024 Titans Second League
18,790,32995,League,11/09/2024,SINOVILLE 4,https://cricclubs.com/TitansCricket/viewTeam.do?teamId=4557&clubId=32995,4557,32995,SINOVILLE 3,https://cricclubs.com/TitansCricket/viewTeam.do?teamId=4556&clubId=32995,4556,32995,SINOVILLE 4 won by 124 Runs,SINOVILLE 4: 250/10(45.0) SINOVILLE 3: 126/10(27.2),https://cricclubs.com/TitansCricket/viewScorecard.do?matchId=6135&clubId=32995,0,SINOVILLE 4,250/10(45.0),SINOVILLE 3,126/10(27.2),2024 Titans Second League
17,790,32995,League,11/09/2024,TUKS 5,https://cricclubs.com/TitansCricket/viewTeam.do?teamId=4558&clubId=32995,4558,32995,PHSOB 3,https://cricclubs.com/TitansCricket/viewTeam.do?teamId=4555&clubId=32995,4555,32995,PHSOB 3 won by 6 Wickets,TUKS 5: 120/10(37.2) PHSOB 3: 121/4(26.3),https://cricclubs.com/TitansCricket/viewScorecard.do?matchId=6133&clubId=32995,4,TUKS 5,120/10(37.2),PHSOB 3,121/4(26.3),2024 Titans Second League
16,790,32995,League,11/03/2024,SINOVILLE 3,https://cricclubs.com/TitansCricket/viewTeam.do?teamId=4556&clubId=32995,4556,32995,CENTURION KAVALIERS 3,https://cricclubs.com/TitansCricket/viewTeam.do?teamId=4560&clubId=32995,4560,32995,SINOVILLE 3 won by 26 Runs,SINOVILLE 3: 242/10(42.0) CENTURION KAVALIERS 3: 216/8(36.5),https://cricclubs.com/TitansCricket/viewScorecard.do?matchId=6071&clubId=32995,0,SINOVILLE 3,242/10(42.0),CENTURION KAVALIERS 3,216/8(36.5),2024 Titans Second League
15,790,32995,League,11/02/2024,PHSOB 3,https://cricclubs.com/TitansCricket/viewTeam.do?teamId=4555&clubId=32995,4555,32995,HARLEQUINS 3,https://cricclubs.com/TitansCricket/viewTeam.do?teamId=4553&clubId=32995,4553,32995,PHSOB 3 won by 42 Runs,PHSOB 3: 245/10(44.0) HARLEQUINS 3: 203/10(40.1),https://cricclubs.com/TitansCricket/viewScorecard.do?matchId=6082&clubId=32995,0,PHSOB 3,245/10(44.0),HARLEQUINS 3,203/10(40.1),2024 Titans Second League
14,790,32995,League,11/02/2024,PHSOB 4,https://cricclubs.com/TitansCricket/viewTeam.do?teamId=4561&clubId=32995,4561,32995,CBCOB 3,https://cricclubs.com/TitansCricket/viewTeam.do?teamId=4552&clubId=32995,4552,32995,CBCOB 3 won by 9 Wickets,PHSOB 4: 197/9(30.0) CBCOB 3: 199/1(22.2),https://cricclubs.com/TitansCricket/viewScorecard.do?matchId=6069&clubId=32995,4,PHSOB 4,197/9(30.0),CBCOB 3,199/1(22.2),2024 Titans Second League
13,790,32995,League,11/02/2024,IRENE VILLAGERS 3,https://cricclubs.com/TitansCricket/viewTeam.do?teamId=4554&clubId=32995,4554,32995,SINOVILLE 4,https://cricclubs.com/TitansCricket/viewTeam.do?teamId=4557&clubId=32995,4557,32995,IRENE VILLAGERS 3 won by 149 Runs,IRENE VILLAGERS 3: 323/4(45.0) SINOVILLE 4: 174/10(31.3),https://cricclubs.com/TitansCricket/viewScorecard.do?matchId=6050&clubId=32995,0,IRENE VILLAGERS 3,323/4(45.0),SINOVILLE 4,174/10(31.3),2024 Titans Second League
12,790,32995,League,11/02/2024,TUT 3,https://cricclubs.com/TitansCricket/viewTeam.do?teamId=4559&clubId=32995,4559,32995,TUKS 5,https://cricclubs.com/TitansCricket/viewTeam.do?teamId=4558&clubId=32995,4558,32995,TUT 3 won by 205 Runs,TUT 3: 323/7(45.0) TUKS 5: 118/10(30.1),https://cricclubs.com/TitansCricket/viewScorecard.do?matchId=6045&clubId=32995,0,TUT 3,323/7(45.0),TUKS 5,118/10(30.1),2024 Titans Second League
11,790,32995,League,10/27/2024,TUKS 5,https://cricclubs.com/TitansCricket/viewTeam.do?teamId=4558&clubId=32995,4558,32995,CBCOB 3,https://cricclubs.com/TitansCricket/viewTeam.do?teamId=4552&clubId=32995,4552,32995,TUKS 5 won by 43 Runs,TUKS 5: 238/10(42.2) CBCOB 3: 195/10(39.3),https://cricclubs.com/TitansCricket/viewScorecard.do?matchId=5971&clubId=32995,0,TUKS 5,238/10(42.2),CBCOB 3,195/10(39.3),2024 Titans Second League
10,790,32995,League,10/26/2024,HARLEQUINS 3,https://cricclubs.com/TitansCricket/viewTeam.do?teamId=4553&clubId=32995,4553,32995,TUT 3,https://cricclubs.com/TitansCricket/viewTeam.do?teamId=4559&clubId=32995,4559,32995,HARLEQUINS 3 won by 31 Runs,HARLEQUINS 3: 157/10(36.1) TUT 3: 126/10(34.3),https://cricclubs.com/TitansCricket/viewScorecard.do?matchId=5983&clubId=32995,0,HARLEQUINS 3,157/10(36.1),TUT 3,126/10(34.3),2024 Titans Second League
9,790,32995,League,10/26/2024,PHSOB 4,https://cricclubs.com/TitansCricket/viewTeam.do?teamId=4561&clubId=32995,4561,32995,IRENE VILLAGERS 3,https://cricclubs.com/TitansCricket/viewTeam.do?teamId=4554&clubId=32995,4554,32995,IRENE VILLAGERS 3 won by 5 Wickets,PHSOB 4: 87/10(27.0) IRENE VILLAGERS 3: 88/5(9.4),https://cricclubs.com/TitansCricket/viewScorecard.do?matchId=5965&clubId=32995,4,PHSOB 4,87/10(27.0),IRENE VILLAGERS 3,88/5(9.4),2024 Titans Second League
8,790,32995,League,10/26/2024,PHSOB 3,https://cricclubs.com/TitansCricket/viewTeam.do?teamId=4555&clubId=32995,4555,32995,SINOVILLE 3,https://cricclubs.com/TitansCricket/viewTeam.do?teamId=4556&clubId=32995,4556,32995,SINOVILLE 3 won by 5 Wickets,PHSOB 3: 236/9(45.0) SINOVILLE 3: 237/5(41.0),https://cricclubs.com/TitansCricket/viewScorecard.do?matchId=5957&clubId=32995,4,PHSOB 3,236/9(45.0),SINOVILLE 3,237/5(41.0),2024 Titans Second League
7,790,32995,League,10/19/2024,CBCOB 3,https://cricclubs.com/TitansCricket/viewTeam.do?teamId=4552&clubId=32995,4552,32995,HARLEQUINS 3,https://cricclubs.com/TitansCricket/viewTeam.do?teamId=4553&clubId=32995,4553,32995,HARLEQUINS 3 won by 5 Wickets,CBCOB 3: 269/4(35.0) HARLEQUINS 3: 273/5(32.0),https://cricclubs.com/TitansCricket/viewScorecard.do?matchId=5874&clubId=32995,4,CBCOB 3,269/4(35.0),HARLEQUINS 3,273/5(32.0),2024 Titans Second League
6,790,32995,League,10/19/2024,SINOVILLE 3,https://cricclubs.com/TitansCricket/viewTeam.do?teamId=4556&clubId=32995,4556,32995,TUT 3,https://cricclubs.com/TitansCricket/viewTeam.do?teamId=4559&clubId=32995,4559,32995,TUT 3 won by 4 Wickets,SINOVILLE 3: 127/10(36.0) TUT 3: 128/6(24.2),https://cricclubs.com/TitansCricket/viewScorecard.do?matchId=5856&clubId=32995,4,SINOVILLE 3,127/10(36.0),TUT 3,128/6(24.2),2024 Titans Second League
5,790,32995,League,10/19/2024,TUKS 5,https://cricclubs.com/TitansCricket/viewTeam.do?teamId=4558&clubId=32995,4558,32995,PHSOB 4,https://cricclubs.com/TitansCricket/viewTeam.do?teamId=4561&clubId=32995,4561,32995,TUKS 5 won by 24 Runs,TUKS 5: 272/10(41.4) PHSOB 4: 248/8(45.0),https://cricclubs.com/TitansCricket/viewScorecard.do?matchId=5852&clubId=32995,0,TUKS 5,272/10(41.4),PHSOB 4,248/8(45.0),2024 Titans Second League
4,790,32995,League,10/12/2024,PHSOB 3,https://cricclubs.com/TitansCricket/viewTeam.do?teamId=4555&clubId=32995,4555,32995,CENTURION KAVALIERS 3,https://cricclubs.com/TitansCricket/viewTeam.do?teamId=4560&clubId=32995,4560,32995,Winner: PHSOB 3,PHSOB 3: 0/0(0.0),https://cricclubs.com/TitansCricket/viewScorecard.do?matchId=6480&clubId=32995,0,PHSOB 3,0/0(0.0),,,2024 Titans Second League
3,790,32995,League,10/12/2024,HARLEQUINS 3,https://cricclubs.com/TitansCricket/viewTeam.do?teamId=4553&clubId=32995,4553,32995,PHSOB 4,https://cricclubs.com/TitansCricket/viewTeam.do?teamId=4561&clubId=32995,4561,32995,HARLEQUINS 3 won by 140 Runs,HARLEQUINS 3: 266/10(43.1) PHSOB 4: 126/10(31.1),https://cricclubs.com/TitansCricket/viewScorecard.do?matchId=5701&clubId=32995,0,HARLEQUINS 3,266/10(43.1),PHSOB 4,126/10(31.1),2024 Titans Second League
2,790,32995,League,10/12/2024,TUT 3,https://cricclubs.com/TitansCricket/viewTeam.do?teamId=4559&clubId=32995,4559,32995,SINOVILLE 4,https://cricclubs.com/TitansCricket/viewTeam.do?teamId=4557&clubId=32995,4557,32995,TUT 3 won by 69 Runs,TUT 3: 260/5(40.0) SINOVILLE 4: 191/10(38.2),https://cricclubs.com/TitansCricket/viewScorecard.do?matchId=5675&clubId=32995,0,TUT 3,260/5(40.0),SINOVILLE 4,191/10(38.2),2024 Titans Second League
1,790,32995,League,10/12/2024,IRENE VILLAGERS 3,https://cricclubs.com/TitansCricket/viewTeam.do?teamId=4554&clubId=32995,4554,32995,TUKS 5,https://cricclubs.com/TitansCricket/viewTeam.do?teamId=4558&clubId=32995,4558,32995,IRENE VILLAGERS 3 won by 65 Runs,IRENE VILLAGERS 3: 225/9(45.0) TUKS 5: 160/10(33.2),https://cricclubs.com/TitansCricket/viewScorecard.do?matchId=5661&clubId=32995,0,IRENE VILLAGERS 3,225/9(45.0),TUKS 5,160/10(33.2),2024 Titans Second League
72,576,32995,League,04/07/2024,SINOVILLE 3,https://cricclubs.com/TitansCricket/viewTeam.do?teamId=3302&clubId=32995,3302,32995,SINOVILLE 4,https://cricclubs.com/TitansCricket/viewTeam.do?teamId=3303&clubId=32995,3303,32995,Abandoned.,SINOVILLE 3: 0/0(0.0),https://cricclubs.com/TitansCricket/viewScorecard.do?matchId=5042&clubId=32995,2,SINOVILLE 3,0/0(0.0),,,2023 Titans Second League
71,576,32995,League,04/06/2024,CBCOB 3,https://cricclubs.com/TitansCricket/viewTeam.do?teamId=3298&clubId=32995,3298,32995,SINOVILLE 4,https://cricclubs.com/TitansCricket/viewTeam.do?teamId=3303&clubId=32995,3303,32995,SINOVILLE 4 won by 8 Wickets,CBCOB 3: 131/10(29.0) SINOVILLE 4: 133/2(16.0),https://cricclubs.com/TitansCricket/viewScorecard.do?matchId=5043&clubId=32995,4,CBCOB 3,131/10(29.0),SINOVILLE 4,133/2(16.0),2023 Titans Second League
70,576,32995,League,03/31/2024,HARLEQUINS 3,https://cricclubs.com/TitansCricket/viewTeam.do?teamId=3306&clubId=32995,3306,32995,SINOVILLE 4,https://cricclubs.com/TitansCricket/viewTeam.do?teamId=3303&clubId=32995,3303,32995,SINOVILLE 4 won by 9 Wickets,HARLEQUINS 3: 264/8(45.0) SINOVILLE 4: 265/1(21.5),https://cricclubs.com/TitansCricket/viewScorecard.do?matchId=4935&clubId=32995,4,HARLEQUINS 3,264/8(45.0),SINOVILLE 4,265/1(21.5),2023 Titans Second League
69,576,32995,League,03/30/2024,HARLEQUINS 3,https://cricclubs.com/TitansCricket/viewTeam.do?teamId=3306&clubId=32995,3306,32995,IRENE VILLAGERS 4,https://cricclubs.com/TitansCricket/viewTeam.do?teamId=3307&clubId=32995,3307,32995,HARLEQUINS 3 won by 100 Runs,HARLEQUINS 3: 276/7(45.0) IRENE VILLAGERS 4: 176/10(34.0),https://cricclubs.com/TitansCricket/viewScorecard.do?matchId=4934&clubId=32995,0,HARLEQUINS 3,276/7(45.0),IRENE VILLAGERS 4,176/10(34.0),2023 Titans Second League
68,576,32995,League,03/24/2024,SINOVILLE 4,https://cricclubs.com/TitansCricket/viewTeam.do?teamId=3303&clubId=32995,3303,32995,PHSOB 3,https://cricclubs.com/TitansCricket/viewTeam.do?teamId=3300&clubId=32995,3300,32995,PHSOB 3 won by 6 Wickets,SINOVILLE 4: 162/10(30.0) PHSOB 3: 164/4(16.3),https://cricclubs.com/TitansCricket/viewScorecard.do?matchId=4916&clubId=32995,4,SINOVILLE 4,162/10(30.0),PHSOB 3,164/4(16.3),2023 Titans Second League
67,576,32995,League,03/23/2024,CBCOB 3,https://cricclubs.com/TitansCricket/viewTeam.do?teamId=3298&clubId=32995,3298,32995,SINOVILLE 3,https://cricclubs.com/TitansCricket/viewTeam.do?teamId=3302&clubId=32995,3302,32995,Forfeited. Winner: CBCOB 3,CBCOB 3: 0/0(0.0),https://cricclubs.com/TitansCricket/viewScorecard.do?matchId=4933&clubId=32995,0,CBCOB 3,0/0(0.0),,,2023 Titans Second League
66,576,32995,League,03/23/2024,IRENE VILLAGERS 4,https://cricclubs.com/TitansCricket/viewTeam.do?teamId=3307&clubId=32995,3307,32995,TUT 3,https://cricclubs.com/TitansCricket/viewTeam.do?teamId=3305&clubId=32995,3305,32995,TUT 3 won by 2 Wickets,IRENE VILLAGERS 4: 222/9(40.0) TUT 3: 224/8(39.1),https://cricclubs.com/TitansCricket/viewScorecard.do?matchId=4911&clubId=32995,4,IRENE VILLAGERS 4,222/9(40.0),TUT 3,224/8(39.1),2023 Titans Second League
65,576,32995,League,03/23/2024,IRENE VILLAGERS 3,https://cricclubs.com/TitansCricket/viewTeam.do?teamId=3299&clubId=32995,3299,32995,SINOVILLE 4,https://cricclubs.com/TitansCricket/viewTeam.do?teamId=3303&clubId=32995,3303,32995,IRENE VILLAGERS 3 won by 45 Runs,IRENE VILLAGERS 3: 226/9(45.0) SINOVILLE 4: 181/9(45.0),https://cricclubs.com/TitansCricket/viewScorecard.do?matchId=4910&clubId=32995,0,IRENE VILLAGERS 3,226/9(45.0),SINOVILLE 4,181/9(45.0),2023 Titans Second League
64,576,32995,League,03/23/2024,PHSOB 3,https://cricclubs.com/TitansCricket/viewTeam.do?teamId=3300&clubId=32995,3300,32995,TUKS 5,https://cricclubs.com/TitansCricket/viewTeam.do?teamId=3304&clubId=32995,3304,32995,TUKS 5 won by 2 Wickets,PHSOB 3: 103/10(36.4) TUKS 5: 105/8(23.0),https://cricclubs.com/TitansCricket/viewScorecard.do?matchId=4906&clubId=32995,4,PHSOB 3,103/10(36.4),TUKS 5,105/8(23.0),2023 Titans Second League
63,576,32995,League,03/17/2024,SINOVILLE 4,https://cricclubs.com/TitansCricket/viewTeam.do?teamId=3303&clubId=32995,3303,32995,TUKS 5,https://cricclubs.com/TitansCricket/viewTeam.do?teamId=3304&clubId=32995,3304,32995,SINOVILLE 4 won by 14 Runs,SINOVILLE 4: 297/6(45.0) TUKS 5: 283/10(41.1),https://cricclubs.com/TitansCricket/viewScorecard.do?matchId=4811&clubId=32995,0,SINOVILLE 4,297/6(45.0),TUKS 5,283/10(41.1),2023 Titans Second League
62,576,32995,League,03/16/2024,SINOVILLE 3,https://cricclubs.com/TitansCricket/viewTeam.do?teamId=3302&clubId=32995,3302,32995,HARLEQUINS 3,https://cricclubs.com/TitansCricket/viewTeam.do?teamId=3306&clubId=32995,3306,32995,HARLEQUINS 3 won by 2 Wickets,SINOVILLE 3: 121/10(34.4) HARLEQUINS 3: 122/8(31.2),https://cricclubs.com/TitansCricket/viewScorecard.do?matchId=4830&clubId=32995,4,SINOVILLE 3,121/10(34.4),HARLEQUINS 3,122/8(31.2),2023 Titans Second League
61,576,32995,League,03/16/2024,IRENE VILLAGERS 3,https://cricclubs.com/TitansCricket/viewTeam.do?teamId=3299&clubId=32995,3299,32995,CBCOB 3,https://cricclubs.com/TitansCricket/viewTeam.do?teamId=3298&clubId=32995,3298,32995,IRENE VILLAGERS 3 won by 38 Runs,IRENE VILLAGERS 3: 203/10(38.2) CBCOB 3: 165/10(38.2),https://cricclubs.com/TitansCricket/viewScorecard.do?matchId=4800&clubId=32995,0,IRENE VILLAGERS 3,203/10(38.2),CBCOB 3,165/10(38.2),2023 Titans Second League
60,576,32995,League,03/16/2024,IRENE VILLAGERS 4,https://cricclubs.com/TitansCricket/viewTeam.do?teamId=3307&clubId=32995,3307,32995,TUKS 5,https://cricclubs.com/TitansCricket/viewTeam.do?teamId=3304&clubId=32995,3304,32995,IRENE VILLAGERS 4 won by 60 Runs,IRENE VILLAGERS 4: 203/10(44.4) TUKS 5: 143/10(32.0),https://cricclubs.com/TitansCricket/viewScorecard.do?matchId=4798&clubId=32995,0,IRENE VILLAGERS 4,203/10(44.4),TUKS 5,143/10(32.0),2023 Titans Second League
59,576,32995,League,03/16/2024,PHSOB 3,https://cricclubs.com/TitansCricket/viewTeam.do?teamId=3300&clubId=32995,3300,32995,SINOVILLE 4,https://cricclubs.com/TitansCricket/viewTeam.do?teamId=3303&clubId=32995,3303,32995,Forfeited. Winner: PHSOB 3,PHSOB 3: 0/0(45.0) SINOVILLE 4: 0/0(45.0),https://cricclubs.com/TitansCricket/viewScorecard.do?matchId=4775&clubId=32995,0,PHSOB 3,0/0(45.0),SINOVILLE 4,0/0(45.0),2023 Titans Second League
58,576,32995,League,03/09/2024,IRENE VILLAGERS 4,https://cricclubs.com/TitansCricket/viewTeam.do?teamId=3307&clubId=32995,3307,32995,SINOVILLE 4,https://cricclubs.com/TitansCricket/viewTeam.do?teamId=3303&clubId=32995,3303,32995,Winner: IRENE VILLAGERS 4,IRENE VILLAGERS 4: 0/0(0.0),https://cricclubs.com/TitansCricket/viewScorecard.do?matchId=5040&clubId=32995,0,IRENE VILLAGERS 4,0/0(0.0),,,2023 Titans Second League
57,576,32995,League,03/09/2024,TUT 3,https://cricclubs.com/TitansCricket/viewTeam.do?teamId=3305&clubId=32995,3305,32995,HARLEQUINS 3,https://cricclubs.com/TitansCricket/viewTeam.do?teamId=3306&clubId=32995,3306,32995,HARLEQUINS 3 won by 6 Wickets,TUT 3: 219/6(40.0) HARLEQUINS 3: 221/4(36.0),https://cricclubs.com/TitansCricket/viewScorecard.do?matchId=4738&clubId=32995,4,TUT 3,219/6(40.0),HARLEQUINS 3,221/4(36.0),2023 Titans Second League
56,576,32995,League,03/09/2024,IRENE VILLAGERS 3,https://cricclubs.com/TitansCricket/viewTeam.do?teamId=3299&clubId=32995,3299,32995,SINOVILLE 3,https://cricclubs.com/TitansCricket/viewTeam.do?teamId=3302&clubId=32995,3302,32995,IRENE VILLAGERS 3 won by 128 Runs,IRENE VILLAGERS 3: 224/10(41.2) SINOVILLE 3: 96/10(22.1),https://cricclubs.com/TitansCricket/viewScorecard.do?matchId=4723&clubId=32995,0,IRENE VILLAGERS 3,224/10(41.2),SINOVILLE 3,96/10(22.1),2023 Titans Second League
55,576,32995,League,03/09/2024,PHSOB 3,https://cricclubs.com/TitansCricket/viewTeam.do?teamId=3300&clubId=32995,3300,32995,CBCOB 3,https://cricclubs.com/TitansCricket/viewTeam.do?teamId=3298&clubId=32995,3298,32995,PHSOB 3 won by 224 Runs,PHSOB 3: 342/7(45.0) CBCOB 3: 118/10(27.5),https://cricclubs.com/TitansCricket/viewScorecard.do?matchId=4721&clubId=32995,0,PHSOB 3,342/7(45.0),CBCOB 3,118/10(27.5),2023 Titans Second League
54,576,32995,League,03/02/2024,SINOVILLE 3,https://cricclubs.com/TitansCricket/viewTeam.do?teamId=3302&clubId=32995,3302,32995,TUT 3,https://cricclubs.com/TitansCricket/viewTeam.do?teamId=3305&clubId=32995,3305,32995,Forfeited. Winner: TUT 3,SINOVILLE 3: 0/0(0.0),https://cricclubs.com/TitansCricket/viewScorecard.do?matchId=5041&clubId=32995,4,SINOVILLE 3,0/0(0.0),,,2023 Titans Second League
53,576,32995,League,03/02/2024,PHSOB 3,https://cricclubs.com/TitansCricket/viewTeam.do?teamId=3300&clubId=32995,3300,32995,IRENE VILLAGERS 3,https://cricclubs.com/TitansCricket/viewTeam.do?teamId=3299&clubId=32995,3299,32995,IRENE VILLAGERS 3 won by 7 Wickets,PHSOB 3: 133/10(25.3) IRENE VILLAGERS 3: 139/3(17.3),https://cricclubs.com/TitansCricket/viewScorecard.do?matchId=4644&clubId=32995,4,PHSOB 3,133/10(25.3),IRENE VILLAGERS 3,139/3(17.3),2023 Titans Second League
52,576,32995,League,03/02/2024,CBCOB 3,https://cricclubs.com/TitansCricket/viewTeam.do?teamId=3298&clubId=32995,3298,32995,IRENE VILLAGERS 4,https://cricclubs.com/TitansCricket/viewTeam.do?teamId=3307&clubId=32995,3307,32995,CBCOB 3 won by 51 Runs,CBCOB 3: 223/10(36.4) IRENE VILLAGERS 4: 172/10(35.3),https://cricclubs.com/TitansCricket/viewScorecard.do?matchId=4640&clubId=32995,0,CBCOB 3,223/10(36.4),IRENE VILLAGERS 4,172/10(35.3),2023 Titans Second League
51,576,32995,League,03/02/2024,TUKS 5,https://cricclubs.com/TitansCricket/viewTeam.do?teamId=3304&clubId=32995,3304,32995,HARLEQUINS 3,https://cricclubs.com/TitansCricket/viewTeam.do?teamId=3306&clubId=32995,3306,32995,HARLEQUINS 3 won by 4 Wickets,TUKS 5: 145/10(36.3) HARLEQUINS 3: 146/6(26.3),https://cricclubs.com/TitansCricket/viewScorecard.do?matchId=4638&clubId=32995,4,TUKS 5,145/10(36.3),HARLEQUINS 3,146/6(26.3),2023 Titans Second League
50,576,32995,League,02/25/2024,PHSOB 3,https://cricclubs.com/TitansCricket/viewTeam.do?teamId=3300&clubId=32995,3300,32995,SINOVILLE 3,https://cricclubs.com/TitansCricket/viewTeam.do?teamId=3302&clubId=32995,3302,32995,PHSOB 3 won by 121 Runs,PHSOB 3: 275/7(45.0) SINOVILLE 3: 154/10(35.0),https://cricclubs.com/TitansCricket/viewScorecard.do?matchId=4594&clubId=32995,0,PHSOB 3,275/7(45.0),SINOVILLE 3,154/10(35.0),2023 Titans Second League
49,576,32995,League,02/24/2024,IRENE VILLAGERS 4,https://cricclubs.com/TitansCricket/viewTeam.do?teamId=3307&clubId=32995,3307,32995,IRENE VILLAGERS 3,https://cricclubs.com/TitansCricket/viewTeam.do?teamId=3299&clubId=32995,3299,32995,IRENE VILLAGERS 3 won by 9 Wickets,IRENE VILLAGERS 4: 80/10(25.2) IRENE VILLAGERS 3: 81/1(11.1),https://cricclubs.com/TitansCricket/viewScorecard.do?matchId=4561&clubId=32995,4,IRENE VILLAGERS 4,80/10(25.2),IRENE VILLAGERS 3,81/1(11.1),2023 Titans Second League
48,576,32995,League,02/24/2024,TUT 3,https://cricclubs.com/TitansCricket/viewTeam.do?teamId=3305&clubId=32995,3305,32995,TUKS 5,https://cricclubs.com/TitansCricket/viewTeam.do?teamId=3304&clubId=32995,3304,32995,TUKS 5 won by 4 Wickets,TUT 3: 243/8(45.0) TUKS 5: 244/6(43.1),https://cricclubs.com/TitansCricket/viewScorecard.do?matchId=4553&clubId=32995,4,TUT 3,243/8(45.0),TUKS 5,244/6(43.1),2023 Titans Second League
47,576,32995,League,02/17/2024,HARLEQUINS 3,https://cricclubs.com/TitansCricket/viewTeam.do?teamId=3306&clubId=32995,3306,32995,CBCOB 3,https://cricclubs.com/TitansCricket/viewTeam.do?teamId=3298&clubId=32995,3298,32995,HARLEQUINS 3 won by 54 Runs,HARLEQUINS 3: 288/6(45.0) CBCOB 3: 234/9(45.0),https://cricclubs.com/TitansCricket/viewScorecard.do?matchId=4506&clubId=32995,0,HARLEQUINS 3,288/6(45.0),CBCOB 3,234/9(45.0),2023 Titans Second League
46,576,32995,League,02/17/2024,PHSOB 3,https://cricclubs.com/TitansCricket/viewTeam.do?teamId=3300&clubId=32995,3300,32995,IRENE VILLAGERS 4,https://cricclubs.com/TitansCricket/viewTeam.do?teamId=3307&clubId=32995,3307,32995,PHSOB 3 won by 140 Runs,PHSOB 3: 301/6(40.0) IRENE VILLAGERS 4: 161/10(28.0),https://cricclubs.com/TitansCricket/viewScorecard.do?matchId=4487&clubId=32995,0,PHSOB 3,301/6(40.0),IRENE VILLAGERS 4,161/10(28.0),2023 Titans Second League
45,576,32995,League,02/17/2024,TUKS 5,https://cricclubs.com/TitansCricket/viewTeam.do?teamId=3304&clubId=32995,3304,32995,SINOVILLE 3,https://cricclubs.com/TitansCricket/viewTeam.do?teamId=3302&clubId=32995,3302,32995,SINOVILLE 3 won by 4 Wickets,TUKS 5: 168/10(40.1) SINOVILLE 3: 173/6(39.4),https://cricclubs.com/TitansCricket/viewScorecard.do?matchId=4470&clubId=32995,4,TUKS 5,168/10(40.1),SINOVILLE 3,173/6(39.4),2023 Titans Second League
44,576,32995,League,02/17/2024,SINOVILLE 4,https://cricclubs.com/TitansCricket/viewTeam.do?teamId=3303&clubId=32995,3303,32995,TUT 3,https://cricclubs.com/TitansCricket/viewTeam.do?teamId=3305&clubId=32995,3305,32995,Forfeited. Winner: TUT 3,SINOVILLE 4: 0/0(0.0),https://cricclubs.com/TitansCricket/viewScorecard.do?matchId=4442&clubId=32995,4,SINOVILLE 4,0/0(0.0),,,2023 Titans Second League
43,576,32995,League,02/10/2024,CBCOB 3,https://cricclubs.com/TitansCricket/viewTeam.do?teamId=3298&clubId=32995,3298,32995,TUT 3,https://cricclubs.com/TitansCricket/viewTeam.do?teamId=3305&clubId=32995,3305,32995,CBCOB 3 won by 72 Runs,CBCOB 3: 236/10(42.1) TUT 3: 164/10(39.5),https://cricclubs.com/TitansCricket/viewScorecard.do?matchId=4528&clubId=32995,0,CBCOB 3,236/10(42.1),TUT 3,164/10(39.5),2023 Titans Second League
42,576,32995,League,02/10/2024,HARLEQUINS 3,https://cricclubs.com/TitansCricket/viewTeam.do?teamId=3306&clubId=32995,3306,32995,IRENE VILLAGERS 3,https://cricclubs.com/TitansCricket/viewTeam.do?teamId=3299&clubId=32995,3299,32995,Abandoned.,HARLEQUINS 3: 0/0(0.0),https://cricclubs.com/TitansCricket/viewScorecard.do?matchId=4424&clubId=32995,2,HARLEQUINS 3,0/0(0.0),,,2023 Titans Second League
41,576,32995,League,02/10/2024,SINOVILLE 3,https://cricclubs.com/TitansCricket/viewTeam.do?teamId=3302&clubId=32995,3302,32995,IRENE VILLAGERS 4,https://cricclubs.com/TitansCricket/viewTeam.do?teamId=3307&clubId=32995,3307,32995,IRENE VILLAGERS 4 won by 3 Wickets,SINOVILLE 3: 162/10(44.2) IRENE VILLAGERS 4: 163/7(33.1),https://cricclubs.com/TitansCricket/viewScorecard.do?matchId=4386&clubId=32995,4,SINOVILLE 3,162/10(44.2),IRENE VILLAGERS 4,163/7(33.1),2023 Titans Second League
40,576,32995,League,02/03/2024,PHSOB 3,https://cricclubs.com/TitansCricket/viewTeam.do?teamId=3300&clubId=32995,3300,32995,HARLEQUINS 3,https://cricclubs.com/TitansCricket/viewTeam.do?teamId=3306&clubId=32995,3306,32995,PHSOB 3 won by 45 Runs (D/L),PHSOB 3: 411/5(45.0) HARLEQUINS 3: 309/6(37.0),https://cricclubs.com/TitansCricket/viewScorecard.do?matchId=4327&clubId=32995,0,PHSOB 3,411/5(45.0),HARLEQUINS 3,309/6(37.0),2023 Titans Second League
39,576,32995,League,02/03/2024,IRENE VILLAGERS 3,https://cricclubs.com/TitansCricket/viewTeam.do?teamId=3299&clubId=32995,3299,32995,TUT 3,https://cricclubs.com/TitansCricket/viewTeam.do?teamId=3305&clubId=32995,3305,32995,TUT 3 won by 2 Wickets,IRENE VILLAGERS 3: 244/8(45.0) TUT 3: 245/8(43.3),https://cricclubs.com/TitansCricket/viewScorecard.do?matchId=4300&clubId=32995,4,IRENE VILLAGERS 3,244/8(45.0),TUT 3,245/8(43.3),2023 Titans Second League
38,576,32995,League,02/03/2024,CBCOB 3,https://cricclubs.com/TitansCricket/viewTeam.do?teamId=3298&clubId=32995,3298,32995,TUKS 5,https://cricclubs.com/TitansCricket/viewTeam.do?teamId=3304&clubId=32995,3304,32995,TUKS 5 won by 5 Wickets,CBCOB 3: 202/10(43.1) TUKS 5: 206/5(41.1),https://cricclubs.com/TitansCricket/viewScorecard.do?matchId=4299&clubId=32995,4,CBCOB 3,202/10(43.1),TUKS 5,206/5(41.1),2023 Titans Second League
37,576,32995,League,01/27/2024,PHSOB 3,https://cricclubs.com/TitansCricket/viewTeam.do?teamId=3300&clubId=32995,3300,32995,TUT 3,https://cricclubs.com/TitansCricket/viewTeam.do?teamId=3305&clubId=32995,3305,32995,TUT 3 won by 10 Wickets,PHSOB 3: 118/10(33.2) TUT 3: 121/0(17.4),https://cricclubs.com/TitansCricket/viewScorecard.do?matchId=4254&clubId=32995,4,PHSOB 3,118/10(33.2),TUT 3,121/0(17.4),2023 Titans Second League
36,576,32995,League,01/27/2024,TUKS 5,https://cricclubs.com/TitansCricket/viewTeam.do?teamId=3304&clubId=32995,3304,32995,IRENE VILLAGERS 3,https://cricclubs.com/TitansCricket/viewTeam.do?teamId=3299&clubId=32995,3299,32995,Abandoned. Winner: IRENE VILLAGERS 3,TUKS 5: 157/10(45.0) IRENE VILLAGERS 3: 136/6(29.2),https://cricclubs.com/TitansCricket/viewScorecard.do?matchId=4242&clubId=32995,4,TUKS 5,157/10(45.0),IRENE VILLAGERS 3,136/6(29.2),2023 Titans Second League
35,576,32995,League,01/21/2024,PHSOB 3,https://cricclubs.com/TitansCricket/viewTeam.do?teamId=3300&clubId=32995,3300,32995,TUKS 5,https://cricclubs.com/TitansCricket/viewTeam.do?teamId=3304&clubId=32995,3304,32995,PHSOB 3 won by 62 Runs,PHSOB 3: 226/10(45.0) TUKS 5: 164/10(42.2),https://cricclubs.com/TitansCricket/viewScorecard.do?matchId=4174&clubId=32995,0,PHSOB 3,226/10(45.0),TUKS 5,164/10(42.2),2023 Titans Second League
34,576,32995,League,01/20/2024,IRENE VILLAGERS 3,https://cricclubs.com/TitansCricket/viewTeam.do?teamId=3299&clubId=32995,3299,32995,SINOVILLE 4,https://cricclubs.com/TitansCricket/viewTeam.do?teamId=3303&clubId=32995,3303,32995,Forfeited. Winner: IRENE VILLAGERS 3,IRENE VILLAGERS 3: 0/0(0.0),https://cricclubs.com/TitansCricket/viewScorecard.do?matchId=4495&clubId=32995,0,IRENE VILLAGERS 3,0/0(0.0),,,2023 Titans Second League
33,576,32995,League,01/20/2024,CBCOB 3,https://cricclubs.com/TitansCricket/viewTeam.do?teamId=3298&clubId=32995,3298,32995,SINOVILLE 3,https://cricclubs.com/TitansCricket/viewTeam.do?teamId=3302&clubId=32995,3302,32995,SINOVILLE 3 won by 4 Wickets,CBCOB 3: 141/6(17.0) SINOVILLE 3: 144/6(17.0),https://cricclubs.com/TitansCricket/viewScorecard.do?matchId=4173&clubId=32995,4,CBCOB 3,141/6(17.0),SINOVILLE 3,144/6(17.0),2023 Titans Second League
32,576,32995,League,01/20/2024,IRENE VILLAGERS 4,https://cricclubs.com/TitansCricket/viewTeam.do?teamId=3307&clubId=32995,3307,32995,TUT 3,https://cricclubs.com/TitansCricket/viewTeam.do?teamId=3305&clubId=32995,3305,32995,TUT 3 won by 5 Wickets,IRENE VILLAGERS 4: 125/10(27.0) TUT 3: 129/5(24.3),https://cricclubs.com/TitansCricket/viewScorecard.do?matchId=4158&clubId=32995,4,IRENE VILLAGERS 4,125/10(27.0),TUT 3,129/5(24.3),2023 Titans Second League
31,576,32995,League,01/13/2024,HARLEQUINS 3,https://cricclubs.com/TitansCricket/viewTeam.do?teamId=3306&clubId=32995,3306,32995,SINOVILLE 3,https://cricclubs.com/TitansCricket/viewTeam.do?teamId=3302&clubId=32995,3302,32995,Abandoned.,HARLEQUINS 3: 0/0(0.0),https://cricclubs.com/TitansCricket/viewScorecard.do?matchId=4137&clubId=32995,2,HARLEQUINS 3,0/0(0.0),,,2023 Titans Second League
30,576,32995,League,01/13/2024,IRENE VILLAGERS 3,https://cricclubs.com/TitansCricket/viewTeam.do?teamId=3299&clubId=32995,3299,32995,CBCOB 3,https://cricclubs.com/TitansCricket/viewTeam.do?teamId=3298&clubId=32995,3298,32995,Abandoned.,IRENE VILLAGERS 3: 241/8(41.3),https://cricclubs.com/TitansCricket/viewScorecard.do?matchId=4126&clubId=32995,2,IRENE VILLAGERS 3,241/8(41.3),,,2023 Titans Second League
29,576,32995,League,01/13/2024,TUKS 5,https://cricclubs.com/TitansCricket/viewTeam.do?teamId=3304&clubId=32995,3304,32995,IRENE VILLAGERS 4,https://cricclubs.com/TitansCricket/viewTeam.do?teamId=3307&clubId=32995,3307,32995,Abandoned.,TUKS 5: 320/7(45.0) IRENE VILLAGERS 4: 50/5(16.0),https://cricclubs.com/TitansCricket/viewScorecard.do?matchId=4122&clubId=32995,2,TUKS 5,320/7(45.0),IRENE VILLAGERS 4,50/5(16.0),2023 Titans Second League
28,576,32995,League,12/02/2023,SINOVILLE 3,https://cricclubs.com/TitansCricket/viewTeam.do?teamId=3302&clubId=32995,3302,32995,SINOVILLE 4,https://cricclubs.com/TitansCricket/viewTeam.do?teamId=3303&clubId=32995,3303,32995,SINOVILLE 3 won by 163 Runs,SINOVILLE 3: 321/7(43.4) SINOVILLE 4: 158/10(26.5),https://cricclubs.com/TitansCricket/viewScorecard.do?matchId=4003&clubId=32995,0,SINOVILLE 3,321/7(43.4),SINOVILLE 4,158/10(26.5),2023 Titans Second League
27,576,32995,League,11/25/2023,TUT 3,https://cricclubs.com/TitansCricket/viewTeam.do?teamId=3305&clubId=32995,3305,32995,HARLEQUINS 3,https://cricclubs.com/TitansCricket/viewTeam.do?teamId=3306&clubId=32995,3306,32995,HARLEQUINS 3 won by 3 Wickets,TUT 3: 213/10(42.0) HARLEQUINS 3: 214/7(30.2),https://cricclubs.com/TitansCricket/viewScorecard.do?matchId=3944&clubId=32995,4,TUT 3,213/10(42.0),HARLEQUINS 3,214/7(30.2),2023 Titans Second League
26,576,32995,League,11/25/2023,SINOVILLE 3,https://cricclubs.com/TitansCricket/viewTeam.do?teamId=3302&clubId=32995,3302,32995,IRENE VILLAGERS 3,https://cricclubs.com/TitansCricket/viewTeam.do?teamId=3299&clubId=32995,3299,32995,SINOVILLE 3 won by 3 Runs,SINOVILLE 3: 225/10(39.4) IRENE VILLAGERS 3: 222/10(40.5),https://cricclubs.com/TitansCricket/viewScorecard.do?matchId=3906&clubId=32995,0,SINOVILLE 3,225/10(39.4),IRENE VILLAGERS 3,222/10(40.5),2023 Titans Second League
25,576,32995,League,11/25/2023,CBCOB 3,https://cricclubs.com/TitansCricket/viewTeam.do?teamId=3298&clubId=32995,3298,32995,PHSOB 3,https://cricclubs.com/TitansCricket/viewTeam.do?teamId=3300&clubId=32995,3300,32995,PHSOB 3 won by 8 Wickets,CBCOB 3: 159/10(33.5) PHSOB 3: 161/2(26.3),https://cricclubs.com/TitansCricket/viewScorecard.do?matchId=3901&clubId=32995,4,CBCOB 3,159/10(33.5),PHSOB 3,161/2(26.3),2023 Titans Second League
24,576,32995,League,11/25/2023,SINOVILLE 4,https://cricclubs.com/TitansCricket/viewTeam.do?teamId=3303&clubId=32995,3303,32995,IRENE VILLAGERS 4,https://cricclubs.com/TitansCricket/viewTeam.do?teamId=3307&clubId=32995,3307,32995,SINOVILLE 4 won by 48 Runs,SINOVILLE 4: 199/10(36.3) IRENE VILLAGERS 4: 151/10(38.1),https://cricclubs.com/TitansCricket/viewScorecard.do?matchId=3892&clubId=32995,0,SINOVILLE 4,199/10(36.3),IRENE VILLAGERS 4,151/10(38.1),2023 Titans Second League
23,576,32995,League,11/18/2023,SINOVILLE 3,https://cricclubs.com/TitansCricket/viewTeam.do?teamId=3302&clubId=32995,3302,32995,TUT 3,https://cricclubs.com/TitansCricket/viewTeam.do?teamId=3305&clubId=32995,3305,32995,TUT 3 won by 1 Run (D/L),SINOVILLE 3: 183/10(36.0) TUT 3: 112/6(20.0),https://cricclubs.com/TitansCricket/viewScorecard.do?matchId=3834&clubId=32995,4,SINOVILLE 3,183/10(36.0),TUT 3,112/6(20.0),2023 Titans Second League
22,576,32995,League,11/18/2023,HARLEQUINS 3,https://cricclubs.com/TitansCricket/viewTeam.do?teamId=3306&clubId=32995,3306,32995,TUKS 5,https://cricclubs.com/TitansCricket/viewTeam.do?teamId=3304&clubId=32995,3304,32995,Winner: TUKS 5,HARLEQUINS 3: 275/4(45.0) TUKS 5: 215/4(31.0),https://cricclubs.com/TitansCricket/viewScorecard.do?matchId=3807&clubId=32995,4,HARLEQUINS 3,275/4(45.0),TUKS 5,215/4(31.0),2023 Titans Second League
21,576,32995,League,11/18/2023,CBCOB 3,https://cricclubs.com/TitansCricket/viewTeam.do?teamId=3298&clubId=32995,3298,32995,IRENE VILLAGERS 4,https://cricclubs.com/TitansCricket/viewTeam.do?teamId=3307&clubId=32995,3307,32995,CBCOB 3 won by 33 Runs,CBCOB 3: 161/10(27.3) IRENE VILLAGERS 4: 128/9(34.3),https://cricclubs.com/TitansCricket/viewScorecard.do?matchId=3806&clubId=32995,0,CBCOB 3,161/10(27.3),IRENE VILLAGERS 4,128/9(34.3),2023 Titans Second League
20,576,32995,League,11/18/2023,PHSOB 3,https://cricclubs.com/TitansCricket/viewTeam.do?teamId=3300&clubId=32995,3300,32995,IRENE VILLAGERS 3,https://cricclubs.com/TitansCricket/viewTeam.do?teamId=3299&clubId=32995,3299,32995,IRENE VILLAGERS 3 won by 7 Wickets (D/L),PHSOB 3: 237/8(44.0) IRENE VILLAGERS 3: 142/3(22.0),https://cricclubs.com/TitansCricket/viewScorecard.do?matchId=3795&clubId=32995,4,PHSOB 3,237/8(44.0),IRENE VILLAGERS 3,142/3(22.0),2023 Titans Second League
19,576,32995,League,11/11/2023,HARLEQUINS 3,https://cricclubs.com/TitansCricket/viewTeam.do?teamId=3306&clubId=32995,3306,32995,SINOVILLE 4,https://cricclubs.com/TitansCricket/viewTeam.do?teamId=3303&clubId=32995,3303,32995,HARLEQUINS 3 won by 157 Runs,HARLEQUINS 3: 264/10(39.5) SINOVILLE 4: 107/10(23.3),https://cricclubs.com/TitansCricket/viewScorecard.do?matchId=3746&clubId=32995,0,HARLEQUINS 3,264/10(39.5),SINOVILLE 4,107/10(23.3),2023 Titans Second League
18,576,32995,League,11/11/2023,TUT 3,https://cricclubs.com/TitansCricket/viewTeam.do?teamId=3305&clubId=32995,3305,32995,TUKS 5,https://cricclubs.com/TitansCricket/viewTeam.do?teamId=3304&clubId=32995,3304,32995,TUKS 5 won by 8 Wickets,TUT 3: 135/10(36.5) TUKS 5: 136/2(19.2),https://cricclubs.com/TitansCricket/viewScorecard.do?matchId=3691&clubId=32995,4,TUT 3,135/10(36.5),TUKS 5,136/2(19.2),2023 Titans Second League
17,576,32995,League,11/11/2023,PHSOB 3,https://cricclubs.com/TitansCricket/viewTeam.do?teamId=3300&clubId=32995,3300,32995,SINOVILLE 3,https://cricclubs.com/TitansCricket/viewTeam.do?teamId=3302&clubId=32995,3302,32995,PHSOB 3 won by 121 Runs,PHSOB 3: 306/10(43.4) SINOVILLE 3: 185/10(24.2),https://cricclubs.com/TitansCricket/viewScorecard.do?matchId=3689&clubId=32995,0,PHSOB 3,306/10(43.4),SINOVILLE 3,185/10(24.2),2023 Titans Second League
16,576,32995,League,11/11/2023,IRENE VILLAGERS 4,https://cricclubs.com/TitansCricket/viewTeam.do?teamId=3307&clubId=32995,3307,32995,IRENE VILLAGERS 3,https://cricclubs.com/TitansCricket/viewTeam.do?teamId=3299&clubId=32995,3299,32995,IRENE VILLAGERS 3 won by 4 Wickets,IRENE VILLAGERS 4: 201/10(39.0) IRENE VILLAGERS 3: 202/6(33.5),https://cricclubs.com/TitansCricket/viewScorecard.do?matchId=3683&clubId=32995,4,IRENE VILLAGERS 4,201/10(39.0),IRENE VILLAGERS 3,202/6(33.5),2023 Titans Second League
15,576,32995,League,11/04/2023,IRENE VILLAGERS 4,https://cricclubs.com/TitansCricket/viewTeam.do?teamId=3307&clubId=32995,3307,32995,PHSOB 3,https://cricclubs.com/TitansCricket/viewTeam.do?teamId=3300&clubId=32995,3300,32995,IRENE VILLAGERS 4 won by 80 Runs,IRENE VILLAGERS 4: 339/8(45.0) PHSOB 3: 259/10(38.1),https://cricclubs.com/TitansCricket/viewScorecard.do?matchId=3625&clubId=32995,0,IRENE VILLAGERS 4,339/8(45.0),PHSOB 3,259/10(38.1),2023 Titans Second League
14,576,32995,League,11/04/2023,CBCOB 3,https://cricclubs.com/TitansCricket/viewTeam.do?teamId=3298&clubId=32995,3298,32995,HARLEQUINS 3,https://cricclubs.com/TitansCricket/viewTeam.do?teamId=3306&clubId=32995,3306,32995,CBCOB 3 won by 19 Runs,CBCOB 3: 218/9(45.0) HARLEQUINS 3: 199/10(39.2),https://cricclubs.com/TitansCricket/viewScorecard.do?matchId=3620&clubId=32995,0,CBCOB 3,218/9(45.0),HARLEQUINS 3,199/10(39.2),2023 Titans Second League
13,576,32995,League,11/04/2023,SINOVILLE 4,https://cricclubs.com/TitansCricket/viewTeam.do?teamId=3303&clubId=32995,3303,32995,TUT 3,https://cricclubs.com/TitansCricket/viewTeam.do?teamId=3305&clubId=32995,3305,32995,TUT 3 won by 6 Wickets,SINOVILLE 4: 225/9(45.0) TUT 3: 226/4(18.3),https://cricclubs.com/TitansCricket/viewScorecard.do?matchId=3604&clubId=32995,4,SINOVILLE 4,225/9(45.0),TUT 3,226/4(18.3),2023 Titans Second League
12,576,32995,League,11/04/2023,SINOVILLE 3,https://cricclubs.com/TitansCricket/viewTeam.do?teamId=3302&clubId=32995,3302,32995,TUKS 5,https://cricclubs.com/TitansCricket/viewTeam.do?teamId=3304&clubId=32995,3304,32995,SINOVILLE 3 won by 7 Runs,SINOVILLE 3: 159/10(30.1) TUKS 5: 152/10(33.5),https://cricclubs.com/TitansCricket/viewScorecard.do?matchId=3581&clubId=32995,0,SINOVILLE 3,159/10(30.1),TUKS 5,152/10(33.5),2023 Titans Second League
11,576,32995,League,10/28/2023,CBCOB 3,https://cricclubs.com/TitansCricket/viewTeam.do?teamId=3298&clubId=32995,3298,32995,TUT 3,https://cricclubs.com/TitansCricket/viewTeam.do?teamId=3305&clubId=32995,3305,32995,TUT 3 won by 7 Wickets,CBCOB 3: 209/10(45.0) TUT 3: 150/3(35.0),https://cricclubs.com/TitansCricket/viewScorecard.do?matchId=3448&clubId=32995,4,CBCOB 3,209/10(45.0),TUT 3,150/3(35.0),2023 Titans Second League
10,576,32995,League,10/28/2023,IRENE VILLAGERS 3,https://cricclubs.com/TitansCricket/viewTeam.do?teamId=3299&clubId=32995,3299,32995,HARLEQUINS 3,https://cricclubs.com/TitansCricket/viewTeam.do?teamId=3306&clubId=32995,3306,32995,HARLEQUINS 3 won by 3 Wickets,IRENE VILLAGERS 3: 154/10(30.5) HARLEQUINS 3: 155/7(32.3),https://cricclubs.com/TitansCricket/viewScorecard.do?matchId=3428&clubId=32995,4,IRENE VILLAGERS 3,154/10(30.5),HARLEQUINS 3,155/7(32.3),2023 Titans Second League
9,576,32995,League,10/28/2023,IRENE VILLAGERS 4,https://cricclubs.com/TitansCricket/viewTeam.do?teamId=3307&clubId=32995,3307,32995,SINOVILLE 3,https://cricclubs.com/TitansCricket/viewTeam.do?teamId=3302&clubId=32995,3302,32995,SINOVILLE 3 won by 4 Wickets,IRENE VILLAGERS 4: 210/8(40.0) SINOVILLE 3: 211/6(24.1),https://cricclubs.com/TitansCricket/viewScorecard.do?matchId=3426&clubId=32995,4,IRENE VILLAGERS 4,210/8(40.0),SINOVILLE 3,211/6(24.1),2023 Titans Second League
8,576,32995,League,10/28/2023,SINOVILLE 4,https://cricclubs.com/TitansCricket/viewTeam.do?teamId=3303&clubId=32995,3303,32995,TUKS 5,https://cricclubs.com/TitansCricket/viewTeam.do?teamId=3304&clubId=32995,3304,32995,SINOVILLE 4 won by 112 Runs,SINOVILLE 4: 270/9(42.0) TUKS 5: 158/10(28.0),https://cricclubs.com/TitansCricket/viewScorecard.do?matchId=3425&clubId=32995,0,SINOVILLE 4,270/9(42.0),TUKS 5,158/10(28.0),2023 Titans Second League
7,576,32995,League,10/21/2023,PHSOB 3,https://cricclubs.com/TitansCricket/viewTeam.do?teamId=3300&clubId=32995,3300,32995,HARLEQUINS 3,https://cricclubs.com/TitansCricket/viewTeam.do?teamId=3306&clubId=32995,3306,32995,PHSOB 3 won by 88 Runs,PHSOB 3: 296/9(45.0) HARLEQUINS 3: 208/10(45.0),https://cricclubs.com/TitansCricket/viewScorecard.do?matchId=3327&clubId=32995,0,PHSOB 3,296/9(45.0),HARLEQUINS 3,208/10(45.0),2023 Titans Second League
6,576,32995,League,10/21/2023,IRENE VILLAGERS 3,https://cricclubs.com/TitansCricket/viewTeam.do?teamId=3299&clubId=32995,3299,32995,TUT 3,https://cricclubs.com/TitansCricket/viewTeam.do?teamId=3305&clubId=32995,3305,32995,IRENE VILLAGERS 3 won by 50 Runs,IRENE VILLAGERS 3: 195/10(38.1) TUT 3: 145/10(32.1),https://cricclubs.com/TitansCricket/viewScorecard.do?matchId=3281&clubId=32995,0,IRENE VILLAGERS 3,195/10(38.1),TUT 3,145/10(32.1),2023 Titans Second League
5,576,32995,League,10/21/2023,TUKS 5,https://cricclubs.com/TitansCricket/viewTeam.do?teamId=3304&clubId=32995,3304,32995,CBCOB 3,https://cricclubs.com/TitansCricket/viewTeam.do?teamId=3298&clubId=32995,3298,32995,CBCOB 3 won by 8 Wickets,TUKS 5: 193/10(41.4) CBCOB 3: 197/2(36.2),https://cricclubs.com/TitansCricket/viewScorecard.do?matchId=3278&clubId=32995,4,TUKS 5,193/10(41.4),CBCOB 3,197/2(36.2),2023 Titans Second League
4,576,32995,League,10/14/2023,SINOVILLE 4,https://cricclubs.com/TitansCricket/viewTeam.do?teamId=3303&clubId=32995,3303,32995,CBCOB 3,https://cricclubs.com/TitansCricket/viewTeam.do?teamId=3298&clubId=32995,3298,32995,SINOVILLE 4 won by 34 Runs,SINOVILLE 4: 283/9(45.0) CBCOB 3: 249/10(44.0),https://cricclubs.com/TitansCricket/viewScorecard.do?matchId=3210&clubId=32995,0,SINOVILLE 4,283/9(45.0),CBCOB 3,249/10(44.0),2023 Titans Second League
3,576,32995,League,10/14/2023,HARLEQUINS 3,https://cricclubs.com/TitansCricket/viewTeam.do?teamId=3306&clubId=32995,3306,32995,IRENE VILLAGERS 4,https://cricclubs.com/TitansCricket/viewTeam.do?teamId=3307&clubId=32995,3307,32995,HARLEQUINS 3 won by 67 Runs,HARLEQUINS 3: 252/7(40.0) IRENE VILLAGERS 4: 185/10(35.4),https://cricclubs.com/TitansCricket/viewScorecard.do?matchId=3202&clubId=32995,0,HARLEQUINS 3,252/7(40.0),IRENE VILLAGERS 4,185/10(35.4),2023 Titans Second League
2,576,32995,League,10/14/2023,TUKS 5,https://cricclubs.com/TitansCricket/viewTeam.do?teamId=3304&clubId=32995,3304,32995,IRENE VILLAGERS 3,https://cricclubs.com/TitansCricket/viewTeam.do?teamId=3299&clubId=32995,3299,32995,IRENE VILLAGERS 3 won by 4 Wickets,TUKS 5: 91/10(18.5) IRENE VILLAGERS 3: 95/6(15.4),https://cricclubs.com/TitansCricket/viewScorecard.do?matchId=3157&clubId=32995,4,TUKS 5,91/10(18.5),IRENE VILLAGERS 3,95/6(15.4),2023 Titans Second League
1,576,32995,League,10/14/2023,PHSOB 3,https://cricclubs.com/TitansCricket/viewTeam.do?teamId=3300&clubId=32995,3300,32995,TUT 3,https://cricclubs.com/TitansCricket/viewTeam.do?teamId=3305&clubId=32995,3305,32995,TUT 3 won by 4 Wickets,PHSOB 3: 145/10(39.2) TUT 3: 147/6(24.2),https://cricclubs.com/TitansCricket/viewScorecard.do?matchId=3155&clubId=32995,4,PHSOB 3,145/10(39.2),TUT 3,147/6(24.2),2023 Titans Second League
90,18,32995,League,03/25/2023,IRENE VILLAGERS 3,https://cricclubs.com/TitansCricket/viewTeam.do?teamId=1195&clubId=32995,1195,32995,TUKS 6,https://cricclubs.com/TitansCricket/viewTeam.do?teamId=1861&clubId=32995,1861,32995,Abandoned.,IRENE VILLAGERS 3: 0/0(0.0),https://cricclubs.com/TitansCricket/viewScorecard.do?matchId=2327&clubId=32995,2,IRENE VILLAGERS 3,0/0(0.0),,,Titans Second League
89,18,32995,League,03/25/2023,CBCOB 3,https://cricclubs.com/TitansCricket/viewTeam.do?teamId=1196&clubId=32995,1196,32995,TUT 3,https://cricclubs.com/TitansCricket/viewTeam.do?teamId=1197&clubId=32995,1197,32995,Abandoned.,CBCOB 3: 40/1(4.0),https://cricclubs.com/TitansCricket/viewScorecard.do?matchId=2320&clubId=32995,2,CBCOB 3,40/1(4.0),,,Titans Second League
88,18,32995,League,03/25/2023,SINOVILLE 3,https://cricclubs.com/TitansCricket/viewTeam.do?teamId=1194&clubId=32995,1194,32995,SINOVILLE 4,https://cricclubs.com/TitansCricket/viewTeam.do?teamId=1200&clubId=32995,1200,32995,Abandoned.,SINOVILLE 3: 0/0(0.0),https://cricclubs.com/TitansCricket/viewScorecard.do?matchId=2313&clubId=32995,2,SINOVILLE 3,0/0(0.0),,,Titans Second League
87,18,32995,League,03/25/2023,PHSOB 3,https://cricclubs.com/TitansCricket/viewTeam.do?teamId=1193&clubId=32995,1193,32995,POLICE 3,https://cricclubs.com/TitansCricket/viewTeam.do?teamId=1201&clubId=32995,1201,32995,Forfeited. Winner: PHSOB 3,PHSOB 3: 0/0(20.0) POLICE 3: 0/0(20.0),https://cricclubs.com/TitansCricket/viewScorecard.do?matchId=2250&clubId=32995,0,PHSOB 3,0/0(20.0),POLICE 3,0/0(20.0),Titans Second League
86,18,32995,League,03/25/2023,TUKS 5,https://cricclubs.com/TitansCricket/viewTeam.do?teamId=1860&clubId=32995,1860,32995,REFILWE 1,https://cricclubs.com/TitansCricket/viewTeam.do?teamId=1192&clubId=32995,1192,32995,Forfeited. Winner: TUKS 5,TUKS 5: 0/0(0.0),https://cricclubs.com/TitansCricket/viewScorecard.do?matchId=2132&clubId=32995,0,TUKS 5,0/0(0.0),,,Titans Second League
85,18,32995,League,03/18/2023,REFILWE 1,https://cricclubs.com/TitansCricket/viewTeam.do?teamId=1192&clubId=32995,1192,32995,SINOVILLE 4,https://cricclubs.com/TitansCricket/viewTeam.do?teamId=1200&clubId=32995,1200,32995,Abandoned.,REFILWE 1: 0/0(0.0),https://cricclubs.com/TitansCricket/viewScorecard.do?matchId=2364&clubId=32995,0,REFILWE 1,0/0(0.0),,,Titans Second League
84,18,32995,League,03/18/2023,IRENE VILLAGERS 3,https://cricclubs.com/TitansCricket/viewTeam.do?teamId=1195&clubId=32995,1195,32995,POLICE 3,https://cricclubs.com/TitansCricket/viewTeam.do?teamId=1201&clubId=32995,1201,32995,Abandoned.,IRENE VILLAGERS 3: 0/0(0.0),https://cricclubs.com/TitansCricket/viewScorecard.do?matchId=2363&clubId=32995,0,IRENE VILLAGERS 3,0/0(0.0),,,Titans Second League
83,18,32995,League,03/18/2023,TUKS 6,https://cricclubs.com/TitansCricket/viewTeam.do?teamId=1861&clubId=32995,1861,32995,SINOVILLE 3,https://cricclubs.com/TitansCricket/viewTeam.do?teamId=1194&clubId=32995,1194,32995,SINOVILLE 3 won by 10 Wickets,TUKS 6: 24/6(9.3) SINOVILLE 3: 26/0(3.1),https://cricclubs.com/TitansCricket/viewScorecard.do?matchId=2230&clubId=32995,4,TUKS 6,24/6(9.3),SINOVILLE 3,26/0(3.1),Titans Second League
82,18,32995,League,03/18/2023,TUKS 5,https://cricclubs.com/TitansCricket/viewTeam.do?teamId=1860&clubId=32995,1860,32995,TUT 3,https://cricclubs.com/TitansCricket/viewTeam.do?teamId=1197&clubId=32995,1197,32995,TUT 3 won by 7 Wickets,TUKS 5: 119/6(20.0) TUT 3: 125/3(17.3),https://cricclubs.com/TitansCricket/viewScorecard.do?matchId=2226&clubId=32995,4,TUKS 5,119/6(20.0),TUT 3,125/3(17.3),Titans Second League
81,18,32995,League,03/18/2023,PHSOB 3,https://cricclubs.com/TitansCricket/viewTeam.do?teamId=1193&clubId=32995,1193,32995,CBCOB 3,https://cricclubs.com/TitansCricket/viewTeam.do?teamId=1196&clubId=32995,1196,32995,PHSOB 3 won by 60 Runs,PHSOB 3: 191/5(20.0) CBCOB 3: 131/10(18.1),https://cricclubs.com/TitansCricket/viewScorecard.do?matchId=2224&clubId=32995,0,PHSOB 3,191/5(20.0),CBCOB 3,131/10(18.1),Titans Second League
80,18,32995,League,03/11/2023,TUKS 6,https://cricclubs.com/TitansCricket/viewTeam.do?teamId=1861&clubId=32995,1861,32995,REFILWE 1,https://cricclubs.com/TitansCricket/viewTeam.do?teamId=1192&clubId=32995,1192,32995,Forfeited. Winner: TUKS 6,TUKS 6: 0/0(0.0),https://cricclubs.com/TitansCricket/viewScorecard.do?matchId=2133&clubId=32995,0,TUKS 6,0/0(0.0),,,Titans Second League
79,18,32995,League,03/11/2023,TUT 3,https://cricclubs.com/TitansCricket/viewTeam.do?teamId=1197&clubId=32995,1197,32995,SINOVILLE 4,https://cricclubs.com/TitansCricket/viewTeam.do?teamId=1200&clubId=32995,1200,32995,SINOVILLE 4 won by 9 Wickets,TUT 3: 105/8(20.0) SINOVILLE 4: 106/1(13.1),https://cricclubs.com/TitansCricket/viewScorecard.do?matchId=2104&clubId=32995,4,TUT 3,105/8(20.0),SINOVILLE 4,106/1(13.1),Titans Second League
78,18,32995,League,03/11/2023,IRENE VILLAGERS 3,https://cricclubs.com/TitansCricket/viewTeam.do?teamId=1195&clubId=32995,1195,32995,PHSOB 3,https://cricclubs.com/TitansCricket/viewTeam.do?teamId=1193&clubId=32995,1193,32995,PHSOB 3 won by 5 Wickets,IRENE VILLAGERS 3: 98/4(20.0) PHSOB 3: 101/5(19.0),https://cricclubs.com/TitansCricket/viewScorecard.do?matchId=2101&clubId=32995,4,IRENE VILLAGERS 3,98/4(20.0),PHSOB 3,101/5(19.0),Titans Second League
77,18,32995,League,03/11/2023,TUKS 5,https://cricclubs.com/TitansCricket/viewTeam.do?teamId=1860&clubId=32995,1860,32995,CBCOB 3,https://cricclubs.com/TitansCricket/viewTeam.do?teamId=1196&clubId=32995,1196,32995,CBCOB 3 won by 9 Wickets,TUKS 5: 120/8(20.0) CBCOB 3: 121/1(13.2),https://cricclubs.com/TitansCricket/viewScorecard.do?matchId=2099&clubId=32995,4,TUKS 5,120/8(20.0),CBCOB 3,121/1(13.2),Titans Second League
76,18,32995,League,03/11/2023,POLICE 3,https://cricclubs.com/TitansCricket/viewTeam.do?teamId=1201&clubId=32995,1201,32995,SINOVILLE 3,https://cricclubs.com/TitansCricket/viewTeam.do?teamId=1194&clubId=32995,1194,32995,Forfeited. Winner: SINOVILLE 3,POLICE 3: 0/0(0.0),https://cricclubs.com/TitansCricket/viewScorecard.do?matchId=2077&clubId=32995,4,POLICE 3,0/0(0.0),,,Titans Second League
75,18,32995,League,03/05/2023,PHSOB 3,https://cricclubs.com/TitansCricket/viewTeam.do?teamId=1193&clubId=32995,1193,32995,SINOVILLE 3,https://cricclubs.com/TitansCricket/viewTeam.do?teamId=1194&clubId=32995,1194,32995,PHSOB 3 won by 11 Runs,PHSOB 3: 135/6(20.0) SINOVILLE 3: 124/8(20.0),https://cricclubs.com/TitansCricket/viewScorecard.do?matchId=2009&clubId=32995,0,PHSOB 3,135/6(20.0),SINOVILLE 3,124/8(20.0),Titans Second League
74,18,32995,League,03/04/2023,REFILWE 1,https://cricclubs.com/TitansCricket/viewTeam.do?teamId=1192&clubId=32995,1192,32995,POLICE 3,https://cricclubs.com/TitansCricket/viewTeam.do?teamId=1201&clubId=32995,1201,32995,Abandoned.,REFILWE 1: 0/0(0.0),https://cricclubs.com/TitansCricket/viewScorecard.do?matchId=2365&clubId=32995,0,REFILWE 1,0/0(0.0),,,Titans Second League
73,18,32995,League,03/04/2023,TUKS 6,https://cricclubs.com/TitansCricket/viewTeam.do?teamId=1861&clubId=32995,1861,32995,TUT 3,https://cricclubs.com/TitansCricket/viewTeam.do?teamId=1197&clubId=32995,1197,32995,TUT 3 won by 8 Wickets,TUKS 6: 88/10(18.3) TUT 3: 89/2(16.0),https://cricclubs.com/TitansCricket/viewScorecard.do?matchId=2028&clubId=32995,4,TUKS 6,88/10(18.3),TUT 3,89/2(16.0),Titans Second League
72,18,32995,League,03/04/2023,IRENE VILLAGERS 3,https://cricclubs.com/TitansCricket/viewTeam.do?teamId=1195&clubId=32995,1195,32995,CBCOB 3,https://cricclubs.com/TitansCricket/viewTeam.do?teamId=1196&clubId=32995,1196,32995,CBCOB 3 won by 9 Wickets,IRENE VILLAGERS 3: 107/5(20.0) CBCOB 3: 109/1(16.4),https://cricclubs.com/TitansCricket/viewScorecard.do?matchId=1998&clubId=32995,4,IRENE VILLAGERS 3,107/5(20.0),CBCOB 3,109/1(16.4),Titans Second League
71,18,32995,League,03/04/2023,TUKS 5,https://cricclubs.com/TitansCricket/viewTeam.do?teamId=1860&clubId=32995,1860,32995,SINOVILLE 4,https://cricclubs.com/TitansCricket/viewTeam.do?teamId=1200&clubId=32995,1200,32995,TUKS 5 won by 53 Runs,TUKS 5: 178/5(20.1) SINOVILLE 4: 125/4(20.0),https://cricclubs.com/TitansCricket/viewScorecard.do?matchId=1986&clubId=32995,0,TUKS 5,178/5(20.1),SINOVILLE 4,125/4(20.0),Titans Second League
70,18,32995,League,02/25/2023,SINOVILLE 3,https://cricclubs.com/TitansCricket/viewTeam.do?teamId=1194&clubId=32995,1194,32995,IRENE VILLAGERS 3,https://cricclubs.com/TitansCricket/viewTeam.do?teamId=1195&clubId=32995,1195,32995,Abandoned.,SINOVILLE 3: 0/0(0.0),https://cricclubs.com/TitansCricket/viewScorecard.do?matchId=2366&clubId=32995,0,SINOVILLE 3,0/0(0.0),,,Titans Second League
69,18,32995,League,02/25/2023,TUKS 5,https://cricclubs.com/TitansCricket/viewTeam.do?teamId=1860&clubId=32995,1860,32995,TUKS 6,https://cricclubs.com/TitansCricket/viewTeam.do?teamId=1861&clubId=32995,1861,32995,TUKS 6 won by 4 Wickets,TUKS 5: 175/5(20.0) TUKS 6: 177/6(19.5),https://cricclubs.com/TitansCricket/viewScorecard.do?matchId=1914&clubId=32995,4,TUKS 5,175/5(20.0),TUKS 6,177/6(19.5),Titans Second League
68,18,32995,League,02/25/2023,SINOVILLE 4,https://cricclubs.com/TitansCricket/viewTeam.do?teamId=1200&clubId=32995,1200,32995,CBCOB 3,https://cricclubs.com/TitansCricket/viewTeam.do?teamId=1196&clubId=32995,1196,32995,CBCOB 3 won by 9 Wickets,SINOVILLE 4: 124/8(20.0) CBCOB 3: 125/1(12.2),https://cricclubs.com/TitansCricket/viewScorecard.do?matchId=1910&clubId=32995,4,SINOVILLE 4,124/8(20.0),CBCOB 3,125/1(12.2),Titans Second League
67,18,32995,League,02/25/2023,TUT 3,https://cricclubs.com/TitansCricket/viewTeam.do?teamId=1197&clubId=32995,1197,32995,POLICE 3,https://cricclubs.com/TitansCricket/viewTeam.do?teamId=1201&clubId=32995,1201,32995,Forfeited. Winner: TUT 3,TUT 3: 0/0(0.0),https://cricclubs.com/TitansCricket/viewScorecard.do?matchId=1893&clubId=32995,0,TUT 3,0/0(0.0),,,Titans Second League
66,18,32995,League,02/25/2023,REFILWE 1,https://cricclubs.com/TitansCricket/viewTeam.do?teamId=1192&clubId=32995,1192,32995,PHSOB 3,https://cricclubs.com/TitansCricket/viewTeam.do?teamId=1193&clubId=32995,1193,32995,Forfeited. Winner: PHSOB 3,REFILWE 1: 0/0(20.0) PHSOB 3: 0/0(20.0),https://cricclubs.com/TitansCricket/viewScorecard.do?matchId=1881&clubId=32995,4,REFILWE 1,0/0(20.0),PHSOB 3,0/0(20.0),Titans Second League
65,18,32995,League,02/19/2023,PHSOB 3,https://cricclubs.com/TitansCricket/viewTeam.do?teamId=1193&clubId=32995,1193,32995,TUT 3,https://cricclubs.com/TitansCricket/viewTeam.do?teamId=1197&clubId=32995,1197,32995,PHSOB 3 won by 30 Runs,PHSOB 3: 148/4(20.0) TUT 3: 118/7(20.0),https://cricclubs.com/TitansCricket/viewScorecard.do?matchId=1873&clubId=32995,0,PHSOB 3,148/4(20.0),TUT 3,118/7(20.0),Titans Second League
64,18,32995,League,02/19/2023,SINOVILLE 3,https://cricclubs.com/TitansCricket/viewTeam.do?teamId=1194&clubId=32995,1194,32995,CBCOB 3,https://cricclubs.com/TitansCricket/viewTeam.do?teamId=1196&clubId=32995,1196,32995,CBCOB 3 won by 4 Wickets,SINOVILLE 3: 116/10(17.4) CBCOB 3: 117/6(18.3),https://cricclubs.com/TitansCricket/viewScorecard.do?matchId=1861&clubId=32995,4,SINOVILLE 3,116/10(17.4),CBCOB 3,117/6(18.3),Titans Second League
63,18,32995,League,02/18/2023,IRENE VILLAGERS 3,https://cricclubs.com/TitansCricket/viewTeam.do?teamId=1195&clubId=32995,1195,32995,REFILWE 1,https://cricclubs.com/TitansCricket/viewTeam.do?teamId=1192&clubId=32995,1192,32995,Abandoned.,IRENE VILLAGERS 3: 0/0(0.0),https://cricclubs.com/TitansCricket/viewScorecard.do?matchId=2367&clubId=32995,0,IRENE VILLAGERS 3,0/0(0.0),,,Titans Second League
62,18,32995,League,02/18/2023,POLICE 3,https://cricclubs.com/TitansCricket/viewTeam.do?teamId=1201&clubId=32995,1201,32995,TUKS 5,https://cricclubs.com/TitansCricket/viewTeam.do?teamId=1860&clubId=32995,1860,32995,Forfeited. Winner: TUKS 5,POLICE 3: 0/0(0.0),https://cricclubs.com/TitansCricket/viewScorecard.do?matchId=2131&clubId=32995,4,POLICE 3,0/0(0.0),,,Titans Second League
61,18,32995,League,02/18/2023,TUKS 6,https://cricclubs.com/TitansCricket/viewTeam.do?teamId=1861&clubId=32995,1861,32995,SINOVILLE 4,https://cricclubs.com/TitansCricket/viewTeam.do?teamId=1200&clubId=32995,1200,32995,SINOVILLE 4 won by 10 Wickets,TUKS 6: 106/9(20.0) SINOVILLE 4: 107/0(6.4),https://cricclubs.com/TitansCricket/viewScorecard.do?matchId=1839&clubId=32995,4,TUKS 6,106/9(20.0),SINOVILLE 4,107/0(6.4),Titans Second League
60,18,32995,League,02/12/2023,PHSOB 3,https://cricclubs.com/TitansCricket/viewTeam.do?teamId=1193&clubId=32995,1193,32995,TUKS 5,https://cricclubs.com/TitansCricket/viewTeam.do?teamId=1860&clubId=32995,1860,32995,Abandoned.,PHSOB 3: 0/0(20.0) TUKS 5: 0/0(20.0),https://cricclubs.com/TitansCricket/viewScorecard.do?matchId=1734&clubId=32995,2,PHSOB 3,0/0(20.0),TUKS 5,0/0(20.0),Titans Second League
59,18,32995,League,02/11/2023,TUKS 6,https://cricclubs.com/TitansCricket/viewTeam.do?teamId=1861&clubId=32995,1861,32995,CBCOB 3,https://cricclubs.com/TitansCricket/viewTeam.do?teamId=1196&clubId=32995,1196,32995,Abandoned.,TUKS 6: 0/0(20.0) CBCOB 3: 0/0(20.0),https://cricclubs.com/TitansCricket/viewScorecard.do?matchId=1757&clubId=32995,2,TUKS 6,0/0(20.0),CBCOB 3,0/0(20.0),Titans Second League
58,18,32995,League,02/11/2023,TUT 3,https://cricclubs.com/TitansCricket/viewTeam.do?teamId=1197&clubId=32995,1197,32995,IRENE VILLAGERS 3,https://cricclubs.com/TitansCricket/viewTeam.do?teamId=1195&clubId=32995,1195,32995,Abandoned.,TUT 3: 0/0(0.0),https://cricclubs.com/TitansCricket/viewScorecard.do?matchId=1738&clubId=32995,2,TUT 3,0/0(0.0),,,Titans Second League
57,18,32995,League,02/11/2023,SINOVILLE 4,https://cricclubs.com/TitansCricket/viewTeam.do?teamId=1200&clubId=32995,1200,32995,POLICE 3,https://cricclubs.com/TitansCricket/viewTeam.do?teamId=1201&clubId=32995,1201,32995,Abandoned.,SINOVILLE 4: 0/0(0.0),https://cricclubs.com/TitansCricket/viewScorecard.do?matchId=1699&clubId=32995,2,SINOVILLE 4,0/0(0.0),,,Titans Second League
56,18,32995,League,02/11/2023,REFILWE 1,https://cricclubs.com/TitansCricket/viewTeam.do?teamId=1192&clubId=32995,1192,32995,SINOVILLE 3,https://cricclubs.com/TitansCricket/viewTeam.do?teamId=1194&clubId=32995,1194,32995,Forfeited. Winner: SINOVILLE 3,REFILWE 1: 0/0(0.0),https://cricclubs.com/TitansCricket/viewScorecard.do?matchId=1689&clubId=32995,4,REFILWE 1,0/0(0.0),,,Titans Second League
55,18,32995,League,02/05/2023,SINOVILLE 4,https://cricclubs.com/TitansCricket/viewTeam.do?teamId=1200&clubId=32995,1200,32995,PHSOB 3,https://cricclubs.com/TitansCricket/viewTeam.do?teamId=1193&clubId=32995,1193,32995,SINOVILLE 4 won by 3 Runs,SINOVILLE 4: 164/6(20.0) PHSOB 3: 161/7(20.0),https://cricclubs.com/TitansCricket/viewScorecard.do?matchId=1651&clubId=32995,0,SINOVILLE 4,164/6(20.0),PHSOB 3,161/7(20.0),Titans Second League
54,18,32995,League,02/04/2023,POLICE 3,https://cricclubs.com/TitansCricket/viewTeam.do?teamId=1201&clubId=32995,1201,32995,TUKS 6,https://cricclubs.com/TitansCricket/viewTeam.do?teamId=1861&clubId=32995,1861,32995,Abandoned.,POLICE 3: 0/0(20.0) TUKS 6: 0/0(20.0),https://cricclubs.com/TitansCricket/viewScorecard.do?matchId=1758&clubId=32995,2,POLICE 3,0/0(20.0),TUKS 6,0/0(20.0),Titans Second League
53,18,32995,League,02/04/2023,CBCOB 3,https://cricclubs.com/TitansCricket/viewTeam.do?teamId=1196&clubId=32995,1196,32995,REFILWE 1,https://cricclubs.com/TitansCricket/viewTeam.do?teamId=1192&clubId=32995,1192,32995,Forfeited. Winner: CBCOB 3,CBCOB 3: 0/0(0.0),https://cricclubs.com/TitansCricket/viewScorecard.do?matchId=1646&clubId=32995,0,CBCOB 3,0/0(0.0),,,Titans Second League
52,18,32995,League,02/04/2023,TUT 3,https://cricclubs.com/TitansCricket/viewTeam.do?teamId=1197&clubId=32995,1197,32995,SINOVILLE 3,https://cricclubs.com/TitansCricket/viewTeam.do?teamId=1194&clubId=32995,1194,32995,Forfeited. Winner: TUT 3,TUT 3: 0/0(0.0),https://cricclubs.com/TitansCricket/viewScorecard.do?matchId=1644&clubId=32995,0,TUT 3,0/0(0.0),,,Titans Second League
51,18,32995,League,02/04/2023,IRENE VILLAGERS 3,https://cricclubs.com/TitansCricket/viewTeam.do?teamId=1195&clubId=32995,1195,32995,TUKS 5,https://cricclubs.com/TitansCricket/viewTeam.do?teamId=1860&clubId=32995,1860,32995,IRENE VILLAGERS 3 won by 81 Runs,IRENE VILLAGERS 3: 144/7(20.0) TUKS 5: 63/10(15.5),https://cricclubs.com/TitansCricket/viewScorecard.do?matchId=1624&clubId=32995,0,IRENE VILLAGERS 3,144/7(20.0),TUKS 5,63/10(15.5),Titans Second League
50,18,32995,League,01/28/2023,POLICE 3,https://cricclubs.com/TitansCricket/viewTeam.do?teamId=1201&clubId=32995,1201,32995,CBCOB 3,https://cricclubs.com/TitansCricket/viewTeam.do?teamId=1196&clubId=32995,1196,32995,Forfeited. Winner: CBCOB 3,POLICE 3: 0/0(0.0),https://cricclubs.com/TitansCricket/viewScorecard.do?matchId=2025&clubId=32995,4,POLICE 3,0/0(0.0),,,Titans Second League
49,18,32995,League,01/28/2023,TUKS 5,https://cricclubs.com/TitansCricket/viewTeam.do?teamId=1860&clubId=32995,1860,32995,SINOVILLE 3,https://cricclubs.com/TitansCricket/viewTeam.do?teamId=1194&clubId=32995,1194,32995,SINOVILLE 3 won by 6 Wickets,TUKS 5: 137/8(20.0) SINOVILLE 3: 138/4(16.5),https://cricclubs.com/TitansCricket/viewScorecard.do?matchId=1530&clubId=32995,4,TUKS 5,137/8(20.0),SINOVILLE 3,138/4(16.5),Titans Second League
48,18,32995,League,01/28/2023,TUKS 6,https://cricclubs.com/TitansCricket/viewTeam.do?teamId=1861&clubId=32995,1861,32995,PHSOB 3,https://cricclubs.com/TitansCricket/viewTeam.do?teamId=1193&clubId=32995,1193,32995,PHSOB 3 won by 7 Wickets,TUKS 6: 131/8(20.0) PHSOB 3: 136/3(18.3),https://cricclubs.com/TitansCricket/viewScorecard.do?matchId=1528&clubId=32995,4,TUKS 6,131/8(20.0),PHSOB 3,136/3(18.3),Titans Second League
47,18,32995,League,01/28/2023,SINOVILLE 4,https://cricclubs.com/TitansCricket/viewTeam.do?teamId=1200&clubId=32995,1200,32995,IRENE VILLAGERS 3,https://cricclubs.com/TitansCricket/viewTeam.do?teamId=1195&clubId=32995,1195,32995,SINOVILLE 4 won by 64 Runs,SINOVILLE 4: 228/2(20.0) IRENE VILLAGERS 3: 164/7(20.0),https://cricclubs.com/TitansCricket/viewScorecard.do?matchId=1527&clubId=32995,0,SINOVILLE 4,228/2(20.0),IRENE VILLAGERS 3,164/7(20.0),Titans Second League
46,18,32995,League,01/28/2023,TUT 3,https://cricclubs.com/TitansCricket/viewTeam.do?teamId=1197&clubId=32995,1197,32995,REFILWE 1,https://cricclubs.com/TitansCricket/viewTeam.do?teamId=1192&clubId=32995,1192,32995,Forfeited. Winner: TUT 3,TUT 3: 0/0(0.0),https://cricclubs.com/TitansCricket/viewScorecard.do?matchId=1496&clubId=32995,0,TUT 3,0/0(0.0),,,Titans Second League
45,18,32995,League,01/22/2023,SINOVILLE 3,https://cricclubs.com/TitansCricket/viewTeam.do?teamId=1194&clubId=32995,1194,32995,SINOVILLE 4,https://cricclubs.com/TitansCricket/viewTeam.do?teamId=1200&clubId=32995,1200,32995,Winner: SINOVILLE 4,SINOVILLE 3: 189/10(29.0) SINOVILLE 4: 199/10(24.2),https://cricclubs.com/TitansCricket/viewScorecard.do?matchId=1690&clubId=32995,4,SINOVILLE 3,189/10(29.0),SINOVILLE 4,199/10(24.2),Titans Second League
44,18,32995,League,01/21/2023,REFILWE 1,https://cricclubs.com/TitansCricket/viewTeam.do?teamId=1192&clubId=32995,1192,32995,TUKS 5,https://cricclubs.com/TitansCricket/viewTeam.do?teamId=1860&clubId=32995,1860,32995,Abandoned.,REFILWE 1: 0/0(20.0) TUKS 5: 0/0(20.0),https://cricclubs.com/TitansCricket/viewScorecard.do?matchId=1760&clubId=32995,2,REFILWE 1,0/0(20.0),TUKS 5,0/0(20.0),Titans Second League
43,18,32995,League,01/21/2023,CBCOB 3,https://cricclubs.com/TitansCricket/viewTeam.do?teamId=1196&clubId=32995,1196,32995,TUT 3,https://cricclubs.com/TitansCricket/viewTeam.do?teamId=1197&clubId=32995,1197,32995,TUT 3 won by 2 Wickets,CBCOB 3: 184/10(42.3) TUT 3: 185/8(43.3),https://cricclubs.com/TitansCricket/viewScorecard.do?matchId=1436&clubId=32995,4,CBCOB 3,184/10(42.3),TUT 3,185/8(43.3),Titans Second League
42,18,32995,League,01/21/2023,IRENE VILLAGERS 3,https://cricclubs.com/TitansCricket/viewTeam.do?teamId=1195&clubId=32995,1195,32995,TUKS 6,https://cricclubs.com/TitansCricket/viewTeam.do?teamId=1861&clubId=32995,1861,32995,IRENE VILLAGERS 3 won by 70 Runs,IRENE VILLAGERS 3: 231/10(43.1) TUKS 6: 161/9(28.0),https://cricclubs.com/TitansCricket/viewScorecard.do?matchId=1429&clubId=32995,0,IRENE VILLAGERS 3,231/10(43.1),TUKS 6,161/9(28.0),Titans Second League
41,18,32995,League,01/21/2023,POLICE 3,https://cricclubs.com/TitansCricket/viewTeam.do?teamId=1201&clubId=32995,1201,32995,PHSOB 3,https://cricclubs.com/TitansCricket/viewTeam.do?teamId=1193&clubId=32995,1193,32995,Forfeited. Winner: PHSOB 3,POLICE 3: 0/0(45.0) PHSOB 3: 0/0(45.0),https://cricclubs.com/TitansCricket/viewScorecard.do?matchId=1405&clubId=32995,4,POLICE 3,0/0(45.0),PHSOB 3,0/0(45.0),Titans Second League
40,18,32995,League,01/15/2023,SINOVILLE 3,https://cricclubs.com/TitansCricket/viewTeam.do?teamId=1194&clubId=32995,1194,32995,TUKS 6,https://cricclubs.com/TitansCricket/viewTeam.do?teamId=1861&clubId=32995,1861,32995,Forfeited. Winner: SINOVILLE 3,SINOVILLE 3: 0/0(20.0) TUKS 6: 0/0(20.0),https://cricclubs.com/TitansCricket/viewScorecard.do?matchId=1761&clubId=32995,0,SINOVILLE 3,0/0(20.0),TUKS 6,0/0(20.0),Titans Second League
39,18,32995,League,01/14/2023,SINOVILLE 4,https://cricclubs.com/TitansCricket/viewTeam.do?teamId=1200&clubId=32995,1200,32995,REFILWE 1,https://cricclubs.com/TitansCricket/viewTeam.do?teamId=1192&clubId=32995,1192,32995,Abandoned. Winner: SINOVILLE 4,SINOVILLE 4: 0/0(20.0) REFILWE 1: 0/0(20.0),https://cricclubs.com/TitansCricket/viewScorecard.do?matchId=1763&clubId=32995,0,SINOVILLE 4,0/0(20.0),REFILWE 1,0/0(20.0),Titans Second League
38,18,32995,League,01/14/2023,POLICE 3,https://cricclubs.com/TitansCricket/viewTeam.do?teamId=1201&clubId=32995,1201,32995,IRENE VILLAGERS 3,https://cricclubs.com/TitansCricket/viewTeam.do?teamId=1195&clubId=32995,1195,32995,Abandoned.,POLICE 3: 0/0(20.0) IRENE VILLAGERS 3: 0/0(20.0),https://cricclubs.com/TitansCricket/viewScorecard.do?matchId=1762&clubId=32995,2,POLICE 3,0/0(20.0),IRENE VILLAGERS 3,0/0(20.0),Titans Second League
37,18,32995,League,01/14/2023,TUT 3,https://cricclubs.com/TitansCricket/viewTeam.do?teamId=1197&clubId=32995,1197,32995,TUKS 5,https://cricclubs.com/TitansCricket/viewTeam.do?teamId=1860&clubId=32995,1860,32995,TUKS 5 won by 2 Wickets,TUT 3: 158/9(45.0) TUKS 5: 159/8(34.3),https://cricclubs.com/TitansCricket/viewScorecard.do?matchId=1360&clubId=32995,4,TUT 3,158/9(45.0),TUKS 5,159/8(34.3),Titans Second League
36,18,32995,League,01/14/2023,PHSOB 3,https://cricclubs.com/TitansCricket/viewTeam.do?teamId=1193&clubId=32995,1193,32995,CBCOB 3,https://cricclubs.com/TitansCricket/viewTeam.do?teamId=1196&clubId=32995,1196,32995,CBCOB 3 won by 6 Wickets,PHSOB 3: 99/10(32.3) CBCOB 3: 100/4(16.1),https://cricclubs.com/TitansCricket/viewScorecard.do?matchId=1351&clubId=32995,4,PHSOB 3,99/10(32.3),CBCOB 3,100/4(16.1),Titans Second League
35,18,32995,League,11/27/2022,PHSOB 3,https://cricclubs.com/TitansCricket/viewTeam.do?teamId=1193&clubId=32995,1193,32995,IRENE VILLAGERS 3,https://cricclubs.com/TitansCricket/viewTeam.do?teamId=1195&clubId=32995,1195,32995,PHSOB 3 won by 142 Runs,PHSOB 3: 251/10(35.4) IRENE VILLAGERS 3: 109/10(24.0),https://cricclubs.com/TitansCricket/viewScorecard.do?matchId=1159&clubId=32995,0,PHSOB 3,251/10(35.4),IRENE VILLAGERS 3,109/10(24.0),Titans Second League
34,18,32995,League,11/26/2022,REFILWE 1,https://cricclubs.com/TitansCricket/viewTeam.do?teamId=1192&clubId=32995,1192,32995,TUKS 6,https://cricclubs.com/TitansCricket/viewTeam.do?teamId=1861&clubId=32995,1861,32995,Abandoned.,REFILWE 1: 0/0(20.0) TUKS 6: 0/0(20.0),https://cricclubs.com/TitansCricket/viewScorecard.do?matchId=1765&clubId=32995,2,REFILWE 1,0/0(20.0),TUKS 6,0/0(20.0),Titans Second League
33,18,32995,League,11/26/2022,SINOVILLE 3,https://cricclubs.com/TitansCricket/viewTeam.do?teamId=1194&clubId=32995,1194,32995,POLICE 3,https://cricclubs.com/TitansCricket/viewTeam.do?teamId=1201&clubId=32995,1201,32995,Winner: SINOVILLE 3,SINOVILLE 3: 0/0(20.0) POLICE 3: 0/0(20.0),https://cricclubs.com/TitansCricket/viewScorecard.do?matchId=1764&clubId=32995,0,SINOVILLE 3,0/0(20.0),POLICE 3,0/0(20.0),Titans Second League
32,18,32995,League,11/26/2022,TUT 3,https://cricclubs.com/TitansCricket/viewTeam.do?teamId=1197&clubId=32995,1197,32995,SINOVILLE 4,https://cricclubs.com/TitansCricket/viewTeam.do?teamId=1200&clubId=32995,1200,32995,Abandoned.,TUT 3: 106/4(27.0),https://cricclubs.com/TitansCricket/viewScorecard.do?matchId=1157&clubId=32995,2,TUT 3,106/4(27.0),,,Titans Second League
31,18,32995,League,11/26/2022,TUKS 5,https://cricclubs.com/TitansCricket/viewTeam.do?teamId=1860&clubId=32995,1860,32995,CBCOB 3,https://cricclubs.com/TitansCricket/viewTeam.do?teamId=1196&clubId=32995,1196,32995,Abandoned.,TUKS 5: 128/3(23.0),https://cricclubs.com/TitansCricket/viewScorecard.do?matchId=1141&clubId=32995,2,TUKS 5,128/3(23.0),,,Titans Second League
30,18,32995,League,11/19/2022,TUKS 6,https://cricclubs.com/TitansCricket/viewTeam.do?teamId=1861&clubId=32995,1861,32995,TUT 3,https://cricclubs.com/TitansCricket/viewTeam.do?teamId=1197&clubId=32995,1197,32995,Abandoned.,TUKS 6: 0/0(20.0) TUT 3: 0/0(20.0),https://cricclubs.com/TitansCricket/viewScorecard.do?matchId=1766&clubId=32995,2,TUKS 6,0/0(20.0),TUT 3,0/0(20.0),Titans Second League
29,18,32995,League,11/19/2022,SINOVILLE 3,https://cricclubs.com/TitansCricket/viewTeam.do?teamId=1194&clubId=32995,1194,32995,PHSOB 3,https://cricclubs.com/TitansCricket/viewTeam.do?teamId=1193&clubId=32995,1193,32995,Abandoned.,SINOVILLE 3: 0/0(0.0),https://cricclubs.com/TitansCricket/viewScorecard.do?matchId=1053&clubId=32995,2,SINOVILLE 3,0/0(0.0),,,Titans Second League
28,18,32995,League,11/19/2022,POLICE 3,https://cricclubs.com/TitansCricket/viewTeam.do?teamId=1201&clubId=32995,1201,32995,REFILWE 1,https://cricclubs.com/TitansCricket/viewTeam.do?teamId=1192&clubId=32995,1192,32995,Forfeited. Winner: POLICE 3,POLICE 3: 0/0(0.0),https://cricclubs.com/TitansCricket/viewScorecard.do?matchId=1051&clubId=32995,0,POLICE 3,0/0(0.0),,,Titans Second League
27,18,32995,League,11/19/2022,SINOVILLE 4,https://cricclubs.com/TitansCricket/viewTeam.do?teamId=1200&clubId=32995,1200,32995,TUKS 5,https://cricclubs.com/TitansCricket/viewTeam.do?teamId=1860&clubId=32995,1860,32995,SINOVILLE 4 won by 67 Runs,SINOVILLE 4: 227/10(44.2) TUKS 5: 160/10(34.5),https://cricclubs.com/TitansCricket/viewScorecard.do?matchId=1040&clubId=32995,0,SINOVILLE 4,227/10(44.2),TUKS 5,160/10(34.5),Titans Second League
26,18,32995,League,11/19/2022,IRENE VILLAGERS 3,https://cricclubs.com/TitansCricket/viewTeam.do?teamId=1195&clubId=32995,1195,32995,CBCOB 3,https://cricclubs.com/TitansCricket/viewTeam.do?teamId=1196&clubId=32995,1196,32995,IRENE VILLAGERS 3 won by 170 Runs,IRENE VILLAGERS 3: 360/8(45.0) CBCOB 3: 190/10(36.5),https://cricclubs.com/TitansCricket/viewScorecard.do?matchId=1037&clubId=32995,0,IRENE VILLAGERS 3,360/8(45.0),CBCOB 3,190/10(36.5),Titans Second League
25,18,32995,League,11/12/2022,IRENE VILLAGERS 3,https://cricclubs.com/TitansCricket/viewTeam.do?teamId=1195&clubId=32995,1195,32995,SINOVILLE 3,https://cricclubs.com/TitansCricket/viewTeam.do?teamId=1194&clubId=32995,1194,32995,Abandoned.,IRENE VILLAGERS 3: 0/0(0.0),https://cricclubs.com/TitansCricket/viewScorecard.do?matchId=1767&clubId=32995,2,IRENE VILLAGERS 3,0/0(0.0),,,Titans Second League
24,18,32995,League,11/12/2022,PHSOB 3,https://cricclubs.com/TitansCricket/viewTeam.do?teamId=1193&clubId=32995,1193,32995,REFILWE 1,https://cricclubs.com/TitansCricket/viewTeam.do?teamId=1192&clubId=32995,1192,32995,Forfeited. Winner: PHSOB 3,PHSOB 3: 0/0(45.0) REFILWE 1: 0/0(45.0),https://cricclubs.com/TitansCricket/viewScorecard.do?matchId=1140&clubId=32995,0,PHSOB 3,0/0(45.0),REFILWE 1,0/0(45.0),Titans Second League
23,18,32995,League,11/12/2022,TUKS 5,https://cricclubs.com/TitansCricket/viewTeam.do?teamId=1860&clubId=32995,1860,32995,TUKS 6,https://cricclubs.com/TitansCricket/viewTeam.do?teamId=1861&clubId=32995,1861,32995,TUKS 5 won by 102 Runs,TUKS 5: 244/6(30.0) TUKS 6: 142/7(30.0),https://cricclubs.com/TitansCricket/viewScorecard.do?matchId=923&clubId=32995,0,TUKS 5,244/6(30.0),TUKS 6,142/7(30.0),Titans Second League
22,18,32995,League,11/12/2022,SINOVILLE 4,https://cricclubs.com/TitansCricket/viewTeam.do?teamId=1200&clubId=32995,1200,32995,CBCOB 3,https://cricclubs.com/TitansCricket/viewTeam.do?teamId=1196&clubId=32995,1196,32995,Abandoned.,SINOVILLE 4: 0/0(0.0),https://cricclubs.com/TitansCricket/viewScorecard.do?matchId=921&clubId=32995,2,SINOVILLE 4,0/0(0.0),,,Titans Second League
21,18,32995,League,11/12/2022,POLICE 3,https://cricclubs.com/TitansCricket/viewTeam.do?teamId=1201&clubId=32995,1201,32995,TUT 3,https://cricclubs.com/TitansCricket/viewTeam.do?teamId=1197&clubId=32995,1197,32995,Forfeited. Winner: TUT 3,POLICE 3: 0/0(0.0),https://cricclubs.com/TitansCricket/viewScorecard.do?matchId=909&clubId=32995,4,POLICE 3,0/0(0.0),,,Titans Second League
20,18,32995,League,11/06/2022,PHSOB 3,https://cricclubs.com/TitansCricket/viewTeam.do?teamId=1193&clubId=32995,1193,32995,TUT 3,https://cricclubs.com/TitansCricket/viewTeam.do?teamId=1197&clubId=32995,1197,32995,PHSOB 3 won by 173 Runs,PHSOB 3: 273/10(41.2) TUT 3: 100/10(31.0),https://cricclubs.com/TitansCricket/viewScorecard.do?matchId=848&clubId=32995,0,PHSOB 3,273/10(41.2),TUT 3,100/10(31.0),Titans Second League
19,18,32995,League,11/05/2022,TUKS 6,https://cricclubs.com/TitansCricket/viewTeam.do?teamId=1861&clubId=32995,1861,32995,SINOVILLE 4,https://cricclubs.com/TitansCricket/viewTeam.do?teamId=1200&clubId=32995,1200,32995,Forfeited. Winner: TUKS 6,TUKS 6: 0/0(20.0) SINOVILLE 4: 0/0(20.0),https://cricclubs.com/TitansCricket/viewScorecard.do?matchId=1769&clubId=32995,0,TUKS 6,0/0(20.0),SINOVILLE 4,0/0(20.0),Titans Second League
18,18,32995,League,11/05/2022,REFILWE 1,https://cricclubs.com/TitansCricket/viewTeam.do?teamId=1192&clubId=32995,1192,32995,IRENE VILLAGERS 3,https://cricclubs.com/TitansCricket/viewTeam.do?teamId=1195&clubId=32995,1195,32995,Abandoned.,REFILWE 1: 0/0(20.0) IRENE VILLAGERS 3: 0/0(20.0),https://cricclubs.com/TitansCricket/viewScorecard.do?matchId=1768&clubId=32995,2,REFILWE 1,0/0(20.0),IRENE VILLAGERS 3,0/0(20.0),Titans Second League
17,18,32995,League,11/05/2022,TUKS 5,https://cricclubs.com/TitansCricket/viewTeam.do?teamId=1860&clubId=32995,1860,32995,POLICE 3,https://cricclubs.com/TitansCricket/viewTeam.do?teamId=1201&clubId=32995,1201,32995,TUKS 5 won by 291 Runs,TUKS 5: 444/6(45.0) POLICE 3: 153/10(26.4),https://cricclubs.com/TitansCricket/viewScorecard.do?matchId=830&clubId=32995,0,TUKS 5,444/6(45.0),POLICE 3,153/10(26.4),Titans Second League
16,18,32995,League,11/05/2022,SINOVILLE 3,https://cricclubs.com/TitansCricket/viewTeam.do?teamId=1194&clubId=32995,1194,32995,CBCOB 3,https://cricclubs.com/TitansCricket/viewTeam.do?teamId=1196&clubId=32995,1196,32995,CBCOB 3 won by 3 Wickets,SINOVILLE 3: 204/10(39.5) CBCOB 3: 205/7(32.2),https://cricclubs.com/TitansCricket/viewScorecard.do?matchId=827&clubId=32995,4,SINOVILLE 3,204/10(39.5),CBCOB 3,205/7(32.2),Titans Second League
15,18,32995,League,10/29/2022,POLICE 3,https://cricclubs.com/TitansCricket/viewTeam.do?teamId=1201&clubId=32995,1201,32995,SINOVILLE 4,https://cricclubs.com/TitansCricket/viewTeam.do?teamId=1200&clubId=32995,1200,32995,Forfeited. Winner: SINOVILLE 4,POLICE 3: 0/0(20.0) SINOVILLE 4: 0/0(20.0),https://cricclubs.com/TitansCricket/viewScorecard.do?matchId=1771&clubId=32995,4,POLICE 3,0/0(20.0),SINOVILLE 4,0/0(20.0),Titans Second League
14,18,32995,League,10/29/2022,SINOVILLE 3,https://cricclubs.com/TitansCricket/viewTeam.do?teamId=1194&clubId=32995,1194,32995,REFILWE 1,https://cricclubs.com/TitansCricket/viewTeam.do?teamId=1192&clubId=32995,1192,32995,Forfeited. Winner: SINOVILLE 3,SINOVILLE 3: 0/0(0.0),https://cricclubs.com/TitansCricket/viewScorecard.do?matchId=1770&clubId=32995,0,SINOVILLE 3,0/0(0.0),,,Titans Second League
13,18,32995,League,10/29/2022,TUKS 6,https://cricclubs.com/TitansCricket/viewTeam.do?teamId=1861&clubId=32995,1861,32995,CBCOB 3,https://cricclubs.com/TitansCricket/viewTeam.do?teamId=1196&clubId=32995,1196,32995,CBCOB 3 won by 7 Wickets,TUKS 6: 126/9(24.5) CBCOB 3: 130/3(16.1),https://cricclubs.com/TitansCricket/viewScorecard.do?matchId=726&clubId=32995,4,TUKS 6,126/9(24.5),CBCOB 3,130/3(16.1),Titans Second League
12,18,32995,League,10/29/2022,TUT 3,https://cricclubs.com/TitansCricket/viewTeam.do?teamId=1197&clubId=32995,1197,32995,IRENE VILLAGERS 3,https://cricclubs.com/TitansCricket/viewTeam.do?teamId=1195&clubId=32995,1195,32995,TUT 3 won by 7 Runs,TUT 3: 178/10(42.3) IRENE VILLAGERS 3: 171/10(42.0),https://cricclubs.com/TitansCricket/viewScorecard.do?matchId=719&clubId=32995,0,TUT 3,178/10(42.3),IRENE VILLAGERS 3,171/10(42.0),Titans Second League
11,18,32995,League,10/29/2022,PHSOB 3,https://cricclubs.com/TitansCricket/viewTeam.do?teamId=1193&clubId=32995,1193,32995,TUKS 5,https://cricclubs.com/TitansCricket/viewTeam.do?teamId=1860&clubId=32995,1860,32995,PHSOB 3 won by 123 Runs,PHSOB 3: 303/8(45.0) TUKS 5: 180/10(36.5),https://cricclubs.com/TitansCricket/viewScorecard.do?matchId=713&clubId=32995,0,PHSOB 3,303/8(45.0),TUKS 5,180/10(36.5),Titans Second League
10,18,32995,League,10/23/2022,SINOVILLE 3,https://cricclubs.com/TitansCricket/viewTeam.do?teamId=1194&clubId=32995,1194,32995,TUT 3,https://cricclubs.com/TitansCricket/viewTeam.do?teamId=1197&clubId=32995,1197,32995,Abandoned.,SINOVILLE 3: 0/0(0.0),https://cricclubs.com/TitansCricket/viewScorecard.do?matchId=1772&clubId=32995,2,SINOVILLE 3,0/0(0.0),,,Titans Second League
9,18,32995,League,10/22/2022,TUKS 6,https://cricclubs.com/TitansCricket/viewTeam.do?teamId=1861&clubId=32995,1861,32995,POLICE 3,https://cricclubs.com/TitansCricket/viewTeam.do?teamId=1201&clubId=32995,1201,32995,Abandoned.,TUKS 6: 92/2(17.1),https://cricclubs.com/TitansCricket/viewScorecard.do?matchId=633&clubId=32995,2,TUKS 6,92/2(17.1),,,Titans Second League
8,18,32995,League,10/22/2022,TUKS 5,https://cricclubs.com/TitansCricket/viewTeam.do?teamId=1860&clubId=32995,1860,32995,IRENE VILLAGERS 3,https://cricclubs.com/TitansCricket/viewTeam.do?teamId=1195&clubId=32995,1195,32995,Abandoned.,TUKS 5: 93/5(21.3),https://cricclubs.com/TitansCricket/viewScorecard.do?matchId=623&clubId=32995,2,TUKS 5,93/5(21.3),,,Titans Second League
7,18,32995,League,10/16/2022,SINOVILLE 3,https://cricclubs.com/TitansCricket/viewTeam.do?teamId=1194&clubId=32995,1194,32995,TUKS 5,https://cricclubs.com/TitansCricket/viewTeam.do?teamId=1860&clubId=32995,1860,32995,SINOVILLE 3 won by 44 Runs,SINOVILLE 3: 311/10(36.1) TUKS 5: 267/10(41.2),https://cricclubs.com/TitansCricket/viewScorecard.do?matchId=479&clubId=32995,0,SINOVILLE 3,311/10(36.1),TUKS 5,267/10(41.2),Titans Second League
6,18,32995,League,10/15/2022,REFILWE 1,https://cricclubs.com/TitansCricket/viewTeam.do?teamId=1192&clubId=32995,1192,32995,TUT 3,https://cricclubs.com/TitansCricket/viewTeam.do?teamId=1197&clubId=32995,1197,32995,TUT 3 won by 8 Wickets,REFILWE 1: 83/10(25.4) TUT 3: 84/2(6.3),https://cricclubs.com/TitansCricket/viewScorecard.do?matchId=521&clubId=32995,4,REFILWE 1,83/10(25.4),TUT 3,84/2(6.3),Titans Second League
5,18,32995,League,10/15/2022,CBCOB 3,https://cricclubs.com/TitansCricket/viewTeam.do?teamId=1196&clubId=32995,1196,32995,POLICE 3,https://cricclubs.com/TitansCricket/viewTeam.do?teamId=1201&clubId=32995,1201,32995,CBCOB 3 won by 449 Runs,CBCOB 3: 528/6(45.0) POLICE 3: 79/8(27.0),https://cricclubs.com/TitansCricket/viewScorecard.do?matchId=470&clubId=32995,0,CBCOB 3,528/6(45.0),POLICE 3,79/8(27.0),Titans Second League
4,18,32995,League,10/15/2022,TUKS 6,https://cricclubs.com/TitansCricket/viewTeam.do?teamId=1861&clubId=32995,1861,32995,PHSOB 3,https://cricclubs.com/TitansCricket/viewTeam.do?teamId=1193&clubId=32995,1193,32995,PHSOB 3 won by 7 Wickets,TUKS 6: 76/10(13.1) PHSOB 3: 80/3(11.1),https://cricclubs.com/TitansCricket/viewScorecard.do?matchId=465&clubId=32995,4,TUKS 6,76/10(13.1),PHSOB 3,80/3(11.1),Titans Second League
3,18,32995,League,10/15/2022,IRENE VILLAGERS 3,https://cricclubs.com/TitansCricket/viewTeam.do?teamId=1195&clubId=32995,1195,32995,SINOVILLE 4,https://cricclubs.com/TitansCricket/viewTeam.do?teamId=1200&clubId=32995,1200,32995,SINOVILLE 4 won by 3 Wickets,IRENE VILLAGERS 3: 190/10(45.0) SINOVILLE 4: 194/7(30.4),https://cricclubs.com/TitansCricket/viewScorecard.do?matchId=463&clubId=32995,4,IRENE VILLAGERS 3,190/10(45.0),SINOVILLE 4,194/7(30.4),Titans Second League
2,18,32995,League,10/22/2021,REFILWE 1,https://cricclubs.com/TitansCricket/viewTeam.do?teamId=1192&clubId=32995,1192,32995,CBCOB 3,https://cricclubs.com/TitansCricket/viewTeam.do?teamId=1196&clubId=32995,1196,32995,Forfeited. Winner: CBCOB 3,REFILWE 1: 0/0(0.0),https://cricclubs.com/TitansCricket/viewScorecard.do?matchId=1245&clubId=32995,4,REFILWE 1,0/0(0.0),,,Titans Second League
1,18,32995,League,10/22/2021,SINOVILLE 4,https://cricclubs.com/TitansCricket/viewTeam.do?teamId=1200&clubId=32995,1200,32995,PHSOB 3,https://cricclubs.com/TitansCricket/viewTeam.do?teamId=1193&clubId=32995,1193,32995,PHSOB 3 won by 1 Wicket,SINOVILLE 4: 125/10(26.0) PHSOB 3: 126/9(25.0),https://cricclubs.com/TitansCricket/viewScorecard.do?matchId=675&clubId=32995,4,SINOVILLE 4,125/10(26.0),PHSOB 3,126/9(25.0),Titans Second League
